{
"type": "FeatureCollection",
"name": "retrogression_parallel_grouped_-_default_2000m_streams_subset_5",
"crs": { "type": "name", "properties": { "name": "urn:ogc:def:crs:EPSG::25833" } },
"features": [
{ "type": "Feature", "properties": { "id": 1, "slope": 1 }, "geometry": { "type": "Polygon", "coordinates": [ [ [ 255550.219786902889609, 7041392.524823925457895 ], [ 255550.219786902889609, 7041387.521633335389197 ], [ 255545.216596312937327, 7041387.521633335389197 ], [ 255545.216596312937327, 7041382.518442745320499 ], [ 255540.213405722985044, 7041382.518442745320499 ], [ 255540.213405722985044, 7041377.515252155251801 ], [ 255535.210215133032762, 7041377.515252155251801 ], [ 255535.210215133032762, 7041372.512061565183103 ], [ 255530.207024543080479, 7041372.512061565183103 ], [ 255530.207024543080479, 7041367.508870975114405 ], [ 255525.2038339531573, 7041367.508870975114405 ], [ 255525.2038339531573, 7041362.50568038597703 ], [ 255520.200643363205018, 7041362.50568038597703 ], [ 255520.200643363205018, 7041357.502489795908332 ], [ 255515.197452773252735, 7041357.502489795908332 ], [ 255515.197452773252735, 7041352.499299205839634 ], [ 255510.194262183300452, 7041352.499299205839634 ], [ 255510.194262183300452, 7041347.496108615770936 ], [ 255505.19107159334817, 7041347.496108615770936 ], [ 255505.19107159334817, 7041342.492918025702238 ], [ 255485.178309233568143, 7041342.492918025702238 ], [ 255485.178309233568143, 7041347.496108615770936 ], [ 255470.168737463740399, 7041347.496108615770936 ], [ 255470.168737463740399, 7041342.492918025702238 ], [ 255465.165546873788116, 7041342.492918025702238 ], [ 255465.165546873788116, 7041347.496108615770936 ], [ 255460.162356283835834, 7041347.496108615770936 ], [ 255460.162356283835834, 7041352.499299205839634 ], [ 255430.143212744151242, 7041352.499299205839634 ], [ 255430.143212744151242, 7041347.496108615770936 ], [ 255405.127259794418933, 7041347.496108615770936 ], [ 255405.127259794418933, 7041342.492918025702238 ], [ 255395.120878614514368, 7041342.492918025702238 ], [ 255395.120878614514368, 7041337.48972743563354 ], [ 255390.117688024591189, 7041337.48972743563354 ], [ 255390.117688024591189, 7041327.483346256427467 ], [ 255385.114497434638906, 7041327.483346256427467 ], [ 255385.114497434638906, 7041307.470583896152675 ], [ 255380.111306844686624, 7041307.470583896152675 ], [ 255380.111306844686624, 7041302.467393306083977 ], [ 255375.108116254734341, 7041302.467393306083977 ], [ 255375.108116254734341, 7041292.461012125946581 ], [ 255370.104925664782058, 7041292.461012125946581 ], [ 255370.104925664782058, 7041287.457821536809206 ], [ 255360.098544484906597, 7041287.457821536809206 ], [ 255360.098544484906597, 7041282.454630946740508 ], [ 255355.095353894954314, 7041282.454630946740508 ], [ 255355.095353894954314, 7041277.45144035667181 ], [ 255350.092163305002032, 7041277.45144035667181 ], [ 255350.092163305002032, 7041272.448249766603112 ], [ 255345.088972715049749, 7041272.448249766603112 ], [ 255345.088972715049749, 7041262.441868586465716 ], [ 255340.085782125097467, 7041262.441868586465716 ], [ 255340.085782125097467, 7041252.435487406328321 ], [ 255335.082591535174288, 7041252.435487406328321 ], [ 255335.082591535174288, 7041242.429106227122247 ], [ 255330.079400945222005, 7041242.429106227122247 ], [ 255330.079400945222005, 7041232.422725046984851 ], [ 255325.076210355269723, 7041232.422725046984851 ], [ 255325.076210355269723, 7041222.416343866847456 ], [ 255320.07301976531744, 7041222.416343866847456 ], [ 255320.07301976531744, 7041207.406772097572684 ], [ 255315.069829175365157, 7041207.406772097572684 ], [ 255315.069829175365157, 7041197.400390917435288 ], [ 255310.066638585412875, 7041197.400390917435288 ], [ 255310.066638585412875, 7041182.390819147229195 ], [ 255305.063447995489696, 7041182.390819147229195 ], [ 255305.063447995489696, 7041177.387628557160497 ], [ 255300.060257405537413, 7041177.387628557160497 ], [ 255300.060257405537413, 7041172.384437968023121 ], [ 255295.057066815585131, 7041172.384437968023121 ], [ 255295.057066815585131, 7041167.381247377954423 ], [ 255290.053876225632848, 7041167.381247377954423 ], [ 255290.053876225632848, 7041162.378056787885725 ], [ 255285.050685635680566, 7041162.378056787885725 ], [ 255285.050685635680566, 7041152.37167560774833 ], [ 255280.047495045757387, 7041152.37167560774833 ], [ 255280.047495045757387, 7040717.094094282016158 ], [ 255285.050685635680566, 7040717.094094282016158 ], [ 255285.050685635680566, 7040707.087713102810085 ], [ 255290.053876225632848, 7040707.087713102810085 ], [ 255290.053876225632848, 7040702.084522512741387 ], [ 255295.057066815585131, 7040702.084522512741387 ], [ 255295.057066815585131, 7040697.081331922672689 ], [ 255300.060257405537413, 7040697.081331922672689 ], [ 255300.060257405537413, 7040692.078141332603991 ], [ 255315.069829175365157, 7040692.078141332603991 ], [ 255315.069829175365157, 7040687.074950742535293 ], [ 255330.079400945222005, 7040687.074950742535293 ], [ 255330.079400945222005, 7040682.071760152466595 ], [ 255355.095353894954314, 7040682.071760152466595 ], [ 255355.095353894954314, 7040677.06856956332922 ], [ 255365.101735074829776, 7040677.06856956332922 ], [ 255365.101735074829776, 7040672.065378973260522 ], [ 255375.108116254734341, 7040672.065378973260522 ], [ 255375.108116254734341, 7040667.062188383191824 ], [ 255390.117688024591189, 7040667.062188383191824 ], [ 255390.117688024591189, 7040662.058997793123126 ], [ 255400.12406920446665, 7040662.058997793123126 ], [ 255400.12406920446665, 7040657.055807203054428 ], [ 255410.130450384371215, 7040657.055807203054428 ], [ 255410.130450384371215, 7040652.05261661298573 ], [ 255415.133640974323498, 7040652.05261661298573 ], [ 255415.133640974323498, 7040647.049426022917032 ], [ 255425.140022154198959, 7040647.049426022917032 ], [ 255425.140022154198959, 7040642.046235432848334 ], [ 255435.146403334103525, 7040642.046235432848334 ], [ 255435.146403334103525, 7040637.043044843710959 ], [ 255445.15278451400809, 7040637.043044843710959 ], [ 255445.15278451400809, 7040632.039854253642261 ], [ 255450.155975103931269, 7040632.039854253642261 ], [ 255450.155975103931269, 7040627.036663663573563 ], [ 255460.162356283835834, 7040627.036663663573563 ], [ 255460.162356283835834, 7040622.033473073504865 ], [ 255465.165546873788116, 7040622.033473073504865 ], [ 255465.165546873788116, 7040617.030282483436167 ], [ 255470.168737463740399, 7040617.030282483436167 ], [ 255470.168737463740399, 7040612.027091893367469 ], [ 255475.171928053663578, 7040612.027091893367469 ], [ 255475.171928053663578, 7040607.023901303298771 ], [ 255485.178309233568143, 7040607.023901303298771 ], [ 255485.178309233568143, 7040602.020710713230073 ], [ 255490.181499823520426, 7040602.020710713230073 ], [ 255490.181499823520426, 7040597.017520124092698 ], [ 255495.184690413472708, 7040597.017520124092698 ], [ 255495.184690413472708, 7040592.014329534024 ], [ 255500.187881003424991, 7040592.014329534024 ], [ 255500.187881003424991, 7040587.011138943955302 ], [ 255505.19107159334817, 7040587.011138943955302 ], [ 255505.19107159334817, 7040582.007948353886604 ], [ 255515.197452773252735, 7040582.007948353886604 ], [ 255515.197452773252735, 7040577.004757763817906 ], [ 255520.200643363205018, 7040577.004757763817906 ], [ 255520.200643363205018, 7040572.001567173749208 ], [ 255525.2038339531573, 7040572.001567173749208 ], [ 255525.2038339531573, 7040566.998376583680511 ], [ 255530.207024543080479, 7040566.998376583680511 ], [ 255530.207024543080479, 7040561.995185994543135 ], [ 255540.213405722985044, 7040561.995185994543135 ], [ 255540.213405722985044, 7040551.988804814405739 ], [ 255545.216596312937327, 7040551.988804814405739 ], [ 255545.216596312937327, 7040546.985614224337041 ], [ 255550.219786902889609, 7040546.985614224337041 ], [ 255550.219786902889609, 7040541.982423634268343 ], [ 255555.222977492841892, 7040541.982423634268343 ], [ 255555.222977492841892, 7040536.979233044199646 ], [ 255560.226168082765071, 7040536.979233044199646 ], [ 255560.226168082765071, 7040531.976042454130948 ], [ 255565.229358672717353, 7040531.976042454130948 ], [ 255565.229358672717353, 7040526.97285186406225 ], [ 255580.238930442574201, 7040526.97285186406225 ], [ 255580.238930442574201, 7040521.969661274924874 ], [ 255585.24212103249738, 7040521.969661274924874 ], [ 255585.24212103249738, 7040516.966470684856176 ], [ 255590.245311622449663, 7040516.966470684856176 ], [ 255590.245311622449663, 7040511.963280094787478 ], [ 255595.248502212401945, 7040511.963280094787478 ], [ 255595.248502212401945, 7040506.960089504718781 ], [ 255600.251692802354228, 7040506.960089504718781 ], [ 255600.251692802354228, 7040496.953708324581385 ], [ 255605.25488339230651, 7040496.953708324581385 ], [ 255605.25488339230651, 7040491.950517734512687 ], [ 255625.267645752086537, 7040491.950517734512687 ], [ 255625.267645752086537, 7040486.947327144443989 ], [ 255635.274026931991102, 7040486.947327144443989 ], [ 255635.274026931991102, 7040491.950517734512687 ], [ 255670.296361061598873, 7040491.950517734512687 ], [ 255670.296361061598873, 7040486.947327144443989 ], [ 255755.350601090700366, 7040486.947327144443989 ], [ 255755.350601090700366, 7040481.944136555306613 ], [ 255760.353791680652648, 7040481.944136555306613 ], [ 255760.353791680652648, 7040476.940945965237916 ], [ 255765.356982270604931, 7040476.940945965237916 ], [ 255765.356982270604931, 7040471.937755375169218 ], [ 255770.360172860557213, 7040471.937755375169218 ], [ 255770.360172860557213, 7040466.93456478510052 ], [ 255815.388888170069549, 7040466.93456478510052 ], [ 255815.388888170069549, 7040471.937755375169218 ], [ 255825.395269349974114, 7040471.937755375169218 ], [ 255825.395269349974114, 7040476.940945965237916 ], [ 255835.401650529849576, 7040476.940945965237916 ], [ 255835.401650529849576, 7040481.944136555306613 ], [ 255845.408031709754141, 7040481.944136555306613 ], [ 255845.408031709754141, 7040486.947327144443989 ], [ 255855.414412889658706, 7040486.947327144443989 ], [ 255855.414412889658706, 7040491.950517734512687 ], [ 255870.42398465948645, 7040491.950517734512687 ], [ 255870.42398465948645, 7040496.953708324581385 ], [ 255880.430365839391015, 7040496.953708324581385 ], [ 255880.430365839391015, 7040501.956898914650083 ], [ 255900.443128199171042, 7040501.956898914650083 ], [ 255900.443128199171042, 7040506.960089504718781 ], [ 255915.452699968998786, 7040506.960089504718781 ], [ 255915.452699968998786, 7040511.963280094787478 ], [ 255925.459081148903351, 7040511.963280094787478 ], [ 255925.459081148903351, 7040516.966470684856176 ], [ 255930.462271738855634, 7040516.966470684856176 ], [ 255930.462271738855634, 7040521.969661274924874 ], [ 255940.468652918760199, 7040521.969661274924874 ], [ 255940.468652918760199, 7040526.97285186406225 ], [ 255945.471843508683378, 7040526.97285186406225 ], [ 255945.471843508683378, 7040531.976042454130948 ], [ 255955.478224688587943, 7040531.976042454130948 ], [ 255955.478224688587943, 7040536.979233044199646 ], [ 255965.484605868492508, 7040536.979233044199646 ], [ 255965.484605868492508, 7040541.982423634268343 ], [ 255955.478224688587943, 7040541.982423634268343 ], [ 255955.478224688587943, 7040546.985614224337041 ], [ 255965.484605868492508, 7040546.985614224337041 ], [ 255965.484605868492508, 7040551.988804814405739 ], [ 255980.494177638320252, 7040551.988804814405739 ], [ 255980.494177638320252, 7040556.991995404474437 ], [ 256000.506939998100279, 7040556.991995404474437 ], [ 256000.506939998100279, 7040561.995185994543135 ], [ 256005.510130588052562, 7040561.995185994543135 ], [ 256005.510130588052562, 7040566.998376583680511 ], [ 256040.532464717689436, 7040566.998376583680511 ], [ 256040.532464717689436, 7040572.001567173749208 ], [ 256050.538845897594001, 7040572.001567173749208 ], [ 256050.538845897594001, 7040566.998376583680511 ], [ 256055.54203648751718, 7040566.998376583680511 ], [ 256055.54203648751718, 7040551.988804814405739 ], [ 256060.545227077469463, 7040551.988804814405739 ], [ 256060.545227077469463, 7040546.985614224337041 ], [ 256070.551608257374028, 7040546.985614224337041 ], [ 256070.551608257374028, 7040541.982423634268343 ], [ 256075.55479884732631, 7040541.982423634268343 ], [ 256075.55479884732631, 7040536.979233044199646 ], [ 256080.557989437249489, 7040536.979233044199646 ], [ 256080.557989437249489, 7040531.976042454130948 ], [ 256105.573942387010902, 7040531.976042454130948 ], [ 256105.573942387010902, 7040526.97285186406225 ], [ 256125.586704746790929, 7040526.97285186406225 ], [ 256125.586704746790929, 7040531.976042454130948 ], [ 256135.59308592666639, 7040531.976042454130948 ], [ 256135.59308592666639, 7040541.982423634268343 ], [ 256140.596276516618673, 7040541.982423634268343 ], [ 256140.596276516618673, 7040546.985614224337041 ], [ 256145.599467106570955, 7040546.985614224337041 ], [ 256145.599467106570955, 7040551.988804814405739 ], [ 256155.605848286475521, 7040551.988804814405739 ], [ 256155.605848286475521, 7040556.991995404474437 ], [ 256160.609038876427803, 7040556.991995404474437 ], [ 256160.609038876427803, 7040561.995185994543135 ], [ 256165.612229466350982, 7040561.995185994543135 ], [ 256165.612229466350982, 7040572.001567173749208 ], [ 256170.615420056303265, 7040572.001567173749208 ], [ 256170.615420056303265, 7040582.007948353886604 ], [ 256175.618610646255547, 7040582.007948353886604 ], [ 256175.618610646255547, 7040592.014329534024 ], [ 256180.62180123620783, 7040592.014329534024 ], [ 256180.62180123620783, 7040607.023901303298771 ], [ 256185.624991826160112, 7040607.023901303298771 ], [ 256185.624991826160112, 7040612.027091893367469 ], [ 256190.628182416083291, 7040612.027091893367469 ], [ 256190.628182416083291, 7040627.036663663573563 ], [ 256195.631373006035574, 7040627.036663663573563 ], [ 256195.631373006035574, 7040637.043044843710959 ], [ 256200.634563595987856, 7040637.043044843710959 ], [ 256200.634563595987856, 7040642.046235432848334 ], [ 256205.637754185940139, 7040642.046235432848334 ], [ 256205.637754185940139, 7040652.05261661298573 ], [ 256210.640944775892422, 7040652.05261661298573 ], [ 256210.640944775892422, 7040657.055807203054428 ], [ 256215.644135365844704, 7040657.055807203054428 ], [ 256215.644135365844704, 7040662.058997793123126 ], [ 256220.647325955767883, 7040662.058997793123126 ], [ 256220.647325955767883, 7040667.062188383191824 ], [ 256225.650516545720166, 7040667.062188383191824 ], [ 256225.650516545720166, 7040672.065378973260522 ], [ 256230.653707135672448, 7040672.065378973260522 ], [ 256230.653707135672448, 7040682.071760152466595 ], [ 256235.656897725624731, 7040682.071760152466595 ], [ 256235.656897725624731, 7040687.074950742535293 ], [ 256240.660088315577013, 7040687.074950742535293 ], [ 256240.660088315577013, 7040692.078141332603991 ], [ 256245.663278905500192, 7040692.078141332603991 ], [ 256245.663278905500192, 7040697.081331922672689 ], [ 256250.666469495452475, 7040697.081331922672689 ], [ 256250.666469495452475, 7040707.087713102810085 ], [ 256255.669660085404757, 7040707.087713102810085 ], [ 256255.669660085404757, 7040712.090903692878783 ], [ 256260.67285067535704, 7040712.090903692878783 ], [ 256260.67285067535704, 7040727.100475462153554 ], [ 256265.676041265309323, 7040727.100475462153554 ], [ 256265.676041265309323, 7040737.10685664229095 ], [ 256270.679231855261605, 7040737.10685664229095 ], [ 256270.679231855261605, 7040757.119619001634419 ], [ 256275.682422445184784, 7040757.119619001634419 ], [ 256275.682422445184784, 7040767.126000181771815 ], [ 256280.685613035137067, 7040767.126000181771815 ], [ 256280.685613035137067, 7040777.132381361909211 ], [ 256285.688803625089349, 7040777.132381361909211 ], [ 256285.688803625089349, 7040792.141953132115304 ], [ 256290.691994215041632, 7040792.141953132115304 ], [ 256290.691994215041632, 7040807.151524901390076 ], [ 256295.695184804993914, 7040807.151524901390076 ], [ 256295.695184804993914, 7040827.164287261664867 ], [ 256300.698375394917093, 7040827.164287261664867 ], [ 256300.698375394917093, 7040857.183430801145732 ], [ 256305.701565984869376, 7040857.183430801145732 ], [ 256305.701565984869376, 7040882.199383750557899 ], [ 256310.704756574821658, 7040882.199383750557899 ], [ 256310.704756574821658, 7040907.215336700901389 ], [ 256315.707947164773941, 7040907.215336700901389 ], [ 256315.707947164773941, 7040937.234480240382254 ], [ 256320.711137754726224, 7040937.234480240382254 ], [ 256320.711137754726224, 7040967.253623779863119 ], [ 256325.714328344678506, 7040967.253623779863119 ], [ 256325.714328344678506, 7040987.266386139206588 ], [ 256330.717518934601685, 7040987.266386139206588 ], [ 256330.717518934601685, 7041002.275957909412682 ], [ 256335.720709524553968, 7041002.275957909412682 ], [ 256335.720709524553968, 7041022.288720269687474 ], [ 256340.72390011450625, 7041022.288720269687474 ], [ 256340.72390011450625, 7041037.298292038962245 ], [ 256345.727090704458533, 7041037.298292038962245 ], [ 256345.727090704458533, 7041057.311054399237037 ], [ 256350.730281294410815, 7041057.311054399237037 ], [ 256350.730281294410815, 7041077.323816758580506 ], [ 256355.733471884333994, 7041077.323816758580506 ], [ 256355.733471884333994, 7041132.35891324840486 ], [ 256360.736662474286277, 7041132.35891324840486 ], [ 256360.736662474286277, 7041142.365294427610934 ], [ 256355.733471884333994, 7041142.365294427610934 ], [ 256355.733471884333994, 7041162.378056787885725 ], [ 256345.727090704458533, 7041162.378056787885725 ], [ 256345.727090704458533, 7041167.381247377954423 ], [ 256340.72390011450625, 7041167.381247377954423 ], [ 256340.72390011450625, 7041172.384437968023121 ], [ 256330.717518934601685, 7041172.384437968023121 ], [ 256330.717518934601685, 7041177.387628557160497 ], [ 256325.714328344678506, 7041177.387628557160497 ], [ 256325.714328344678506, 7041197.400390917435288 ], [ 256330.717518934601685, 7041197.400390917435288 ], [ 256330.717518934601685, 7041202.403581507503986 ], [ 256325.714328344678506, 7041202.403581507503986 ], [ 256325.714328344678506, 7041207.406772097572684 ], [ 256315.707947164773941, 7041207.406772097572684 ], [ 256315.707947164773941, 7041217.413153276778758 ], [ 256310.704756574821658, 7041217.413153276778758 ], [ 256310.704756574821658, 7041237.425915637053549 ], [ 256305.701565984869376, 7041237.425915637053549 ], [ 256305.701565984869376, 7041242.429106227122247 ], [ 256300.698375394917093, 7041242.429106227122247 ], [ 256300.698375394917093, 7041247.432296817190945 ], [ 256295.695184804993914, 7041247.432296817190945 ], [ 256295.695184804993914, 7041252.435487406328321 ], [ 256290.691994215041632, 7041252.435487406328321 ], [ 256290.691994215041632, 7041257.438677996397018 ], [ 256285.688803625089349, 7041257.438677996397018 ], [ 256285.688803625089349, 7041262.441868586465716 ], [ 256280.685613035137067, 7041262.441868586465716 ], [ 256280.685613035137067, 7041267.445059176534414 ], [ 256270.679231855261605, 7041267.445059176534414 ], [ 256270.679231855261605, 7041277.45144035667181 ], [ 256260.67285067535704, 7041277.45144035667181 ], [ 256260.67285067535704, 7041282.454630946740508 ], [ 256255.669660085404757, 7041282.454630946740508 ], [ 256255.669660085404757, 7041292.461012125946581 ], [ 256245.663278905500192, 7041292.461012125946581 ], [ 256245.663278905500192, 7041297.464202716015279 ], [ 256235.656897725624731, 7041297.464202716015279 ], [ 256235.656897725624731, 7041302.467393306083977 ], [ 256230.653707135672448, 7041302.467393306083977 ], [ 256230.653707135672448, 7041307.470583896152675 ], [ 256220.647325955767883, 7041307.470583896152675 ], [ 256220.647325955767883, 7041317.476965076290071 ], [ 256215.644135365844704, 7041317.476965076290071 ], [ 256215.644135365844704, 7041322.480155666358769 ], [ 256210.640944775892422, 7041322.480155666358769 ], [ 256210.640944775892422, 7041327.483346256427467 ], [ 256205.637754185940139, 7041327.483346256427467 ], [ 256205.637754185940139, 7041332.486536845564842 ], [ 256200.634563595987856, 7041332.486536845564842 ], [ 256200.634563595987856, 7041337.48972743563354 ], [ 256195.631373006035574, 7041337.48972743563354 ], [ 256195.631373006035574, 7041347.496108615770936 ], [ 256185.624991826160112, 7041347.496108615770936 ], [ 256185.624991826160112, 7041352.499299205839634 ], [ 256180.62180123620783, 7041352.499299205839634 ], [ 256180.62180123620783, 7041357.502489795908332 ], [ 256165.612229466350982, 7041357.502489795908332 ], [ 256165.612229466350982, 7041362.50568038597703 ], [ 256145.599467106570955, 7041362.50568038597703 ], [ 256145.599467106570955, 7041367.508870975114405 ], [ 256125.586704746790929, 7041367.508870975114405 ], [ 256125.586704746790929, 7041372.512061565183103 ], [ 256090.564370617154054, 7041372.512061565183103 ], [ 256090.564370617154054, 7041377.515252155251801 ], [ 256080.557989437249489, 7041377.515252155251801 ], [ 256080.557989437249489, 7041382.518442745320499 ], [ 256065.548417667421745, 7041382.518442745320499 ], [ 256065.548417667421745, 7041377.515252155251801 ], [ 256060.545227077469463, 7041377.515252155251801 ], [ 256060.545227077469463, 7041382.518442745320499 ], [ 256050.538845897594001, 7041382.518442745320499 ], [ 256050.538845897594001, 7041377.515252155251801 ], [ 256040.532464717689436, 7041377.515252155251801 ], [ 256040.532464717689436, 7041382.518442745320499 ], [ 255980.494177638320252, 7041382.518442745320499 ], [ 255980.494177638320252, 7041377.515252155251801 ], [ 255945.471843508683378, 7041377.515252155251801 ], [ 255945.471843508683378, 7041372.512061565183103 ], [ 255920.455890558951069, 7041372.512061565183103 ], [ 255920.455890558951069, 7041367.508870975114405 ], [ 255900.443128199171042, 7041367.508870975114405 ], [ 255900.443128199171042, 7041362.50568038597703 ], [ 255890.436747019266477, 7041362.50568038597703 ], [ 255890.436747019266477, 7041357.502489795908332 ], [ 255880.430365839391015, 7041357.502489795908332 ], [ 255880.430365839391015, 7041352.499299205839634 ], [ 255870.42398465948645, 7041352.499299205839634 ], [ 255870.42398465948645, 7041347.496108615770936 ], [ 255860.417603479581885, 7041347.496108615770936 ], [ 255860.417603479581885, 7041342.492918025702238 ], [ 255850.411222299706424, 7041342.492918025702238 ], [ 255850.411222299706424, 7041337.48972743563354 ], [ 255835.401650529849576, 7041337.48972743563354 ], [ 255835.401650529849576, 7041332.486536845564842 ], [ 255830.398459939926397, 7041332.486536845564842 ], [ 255830.398459939926397, 7041327.483346256427467 ], [ 255815.388888170069549, 7041327.483346256427467 ], [ 255815.388888170069549, 7041322.480155666358769 ], [ 255805.382506990164984, 7041322.480155666358769 ], [ 255805.382506990164984, 7041317.476965076290071 ], [ 255795.376125810289523, 7041317.476965076290071 ], [ 255795.376125810289523, 7041312.473774486221373 ], [ 255775.363363450509496, 7041312.473774486221373 ], [ 255775.363363450509496, 7041302.467393306083977 ], [ 255770.360172860557213, 7041302.467393306083977 ], [ 255770.360172860557213, 7041292.461012125946581 ], [ 255760.353791680652648, 7041292.461012125946581 ], [ 255760.353791680652648, 7041297.464202716015279 ], [ 255755.350601090700366, 7041297.464202716015279 ], [ 255755.350601090700366, 7041302.467393306083977 ], [ 255750.347410500748083, 7041302.467393306083977 ], [ 255750.347410500748083, 7041307.470583896152675 ], [ 255690.309123421408003, 7041307.470583896152675 ], [ 255690.309123421408003, 7041312.473774486221373 ], [ 255680.302742241503438, 7041312.473774486221373 ], [ 255680.302742241503438, 7041327.483346256427467 ], [ 255670.296361061598873, 7041327.483346256427467 ], [ 255670.296361061598873, 7041332.486536845564842 ], [ 255635.274026931991102, 7041332.486536845564842 ], [ 255635.274026931991102, 7041327.483346256427467 ], [ 255625.267645752086537, 7041327.483346256427467 ], [ 255625.267645752086537, 7041332.486536845564842 ], [ 255620.264455162134254, 7041332.486536845564842 ], [ 255620.264455162134254, 7041337.48972743563354 ], [ 255615.261264572181972, 7041337.48972743563354 ], [ 255615.261264572181972, 7041342.492918025702238 ], [ 255610.258073982258793, 7041342.492918025702238 ], [ 255610.258073982258793, 7041347.496108615770936 ], [ 255605.25488339230651, 7041347.496108615770936 ], [ 255605.25488339230651, 7041352.499299205839634 ], [ 255600.251692802354228, 7041352.499299205839634 ], [ 255600.251692802354228, 7041357.502489795908332 ], [ 255595.248502212401945, 7041357.502489795908332 ], [ 255595.248502212401945, 7041362.50568038597703 ], [ 255590.245311622449663, 7041362.50568038597703 ], [ 255590.245311622449663, 7041367.508870975114405 ], [ 255585.24212103249738, 7041367.508870975114405 ], [ 255585.24212103249738, 7041372.512061565183103 ], [ 255580.238930442574201, 7041372.512061565183103 ], [ 255580.238930442574201, 7041377.515252155251801 ], [ 255575.235739852621919, 7041377.515252155251801 ], [ 255575.235739852621919, 7041382.518442745320499 ], [ 255570.232549262669636, 7041382.518442745320499 ], [ 255570.232549262669636, 7041387.521633335389197 ], [ 255565.229358672717353, 7041387.521633335389197 ], [ 255565.229358672717353, 7041392.524823925457895 ], [ 255550.219786902889609, 7041392.524823925457895 ] ] ] } },
{ "type": "Feature", "properties": { "id": 4, "slope": 1 }, "geometry": { "type": "Polygon", "coordinates": [ [ [ 259197.545726974232821, 7041837.80878643039614 ], [ 259197.545726974232821, 7041832.805595840327442 ], [ 259192.542536384280538, 7041832.805595840327442 ], [ 259192.542536384280538, 7041822.799214661121368 ], [ 259187.539345794328256, 7041822.799214661121368 ], [ 259187.539345794328256, 7041812.792833480983973 ], [ 259182.536155204405077, 7041812.792833480983973 ], [ 259182.536155204405077, 7041807.789642890915275 ], [ 259177.532964614452794, 7041807.789642890915275 ], [ 259177.532964614452794, 7041797.783261710777879 ], [ 259172.529774024500512, 7041797.783261710777879 ], [ 259172.529774024500512, 7041777.77049935143441 ], [ 259167.526583434548229, 7041777.77049935143441 ], [ 259167.526583434548229, 7041767.764118171297014 ], [ 259157.520202254672768, 7041767.764118171297014 ], [ 259157.520202254672768, 7041762.760927581228316 ], [ 259152.517011664720485, 7041762.760927581228316 ], [ 259152.517011664720485, 7041757.757736991159618 ], [ 259147.513821074768202, 7041757.757736991159618 ], [ 259147.513821074768202, 7041752.75454640109092 ], [ 259142.51063048481592, 7041752.75454640109092 ], [ 259142.51063048481592, 7041747.751355811953545 ], [ 259127.501058714988176, 7041747.751355811953545 ], [ 259127.501058714988176, 7041742.748165221884847 ], [ 259122.497868125035893, 7041742.748165221884847 ], [ 259122.497868125035893, 7041737.744974631816149 ], [ 259117.494677535083611, 7041737.744974631816149 ], [ 259117.494677535083611, 7041732.741784041747451 ], [ 259112.491486945131328, 7041732.741784041747451 ], [ 259112.491486945131328, 7041727.738593451678753 ], [ 259107.488296355179045, 7041727.738593451678753 ], [ 259107.488296355179045, 7041717.732212271541357 ], [ 259102.485105765255867, 7041717.732212271541357 ], [ 259102.485105765255867, 7041712.729021681472659 ], [ 259092.478724585351301, 7041712.729021681472659 ], [ 259092.478724585351301, 7041702.722640502266586 ], [ 259087.475533995399019, 7041702.722640502266586 ], [ 259087.475533995399019, 7041697.719449912197888 ], [ 259077.469152815523557, 7041697.719449912197888 ], [ 259077.469152815523557, 7041672.703496962785721 ], [ 259067.462771635618992, 7041672.703496962785721 ], [ 259067.462771635618992, 7041667.700306372717023 ], [ 259042.446818685886683, 7041667.700306372717023 ], [ 259042.446818685886683, 7041672.703496962785721 ], [ 259032.440437505982118, 7041672.703496962785721 ], [ 259032.440437505982118, 7041677.706687551923096 ], [ 259017.430865736154374, 7041677.706687551923096 ], [ 259017.430865736154374, 7041672.703496962785721 ], [ 259007.424484556249809, 7041672.703496962785721 ], [ 259007.424484556249809, 7041667.700306372717023 ], [ 258997.418103376345243, 7041667.700306372717023 ], [ 258997.418103376345243, 7041672.703496962785721 ], [ 258972.402150426612934, 7041672.703496962785721 ], [ 258972.402150426612934, 7041667.700306372717023 ], [ 258967.398959836689755, 7041667.700306372717023 ], [ 258967.398959836689755, 7041662.697115782648325 ], [ 258962.395769246737473, 7041662.697115782648325 ], [ 258962.395769246737473, 7041657.693925192579627 ], [ 258957.39257865678519, 7041657.693925192579627 ], [ 258957.39257865678519, 7041652.690734602510929 ], [ 258952.389388066832907, 7041652.690734602510929 ], [ 258952.389388066832907, 7041647.687544012442231 ], [ 258947.386197476880625, 7041647.687544012442231 ], [ 258947.386197476880625, 7041642.684353422373533 ], [ 258942.383006886928342, 7041642.684353422373533 ], [ 258942.383006886928342, 7041637.681162832304835 ], [ 258927.373435117100598, 7041637.681162832304835 ], [ 258927.373435117100598, 7041632.67797224316746 ], [ 258917.367053937196033, 7041632.67797224316746 ], [ 258917.367053937196033, 7041627.674781653098762 ], [ 258897.354291577416006, 7041627.674781653098762 ], [ 258897.354291577416006, 7041622.671591063030064 ], [ 258887.347910397511441, 7041622.671591063030064 ], [ 258887.347910397511441, 7041617.668400472961366 ], [ 258882.344719807588262, 7041617.668400472961366 ], [ 258882.344719807588262, 7041612.665209882892668 ], [ 258877.34152921763598, 7041612.665209882892668 ], [ 258877.34152921763598, 7041607.66201929282397 ], [ 258852.325576267903671, 7041607.66201929282397 ], [ 258852.325576267903671, 7041602.658828702755272 ], [ 258797.29047977848677, 7041602.658828702755272 ], [ 258797.29047977848677, 7041597.655638112686574 ], [ 258787.284098598582204, 7041597.655638112686574 ], [ 258787.284098598582204, 7041592.652447523549199 ], [ 258782.280908008629922, 7041592.652447523549199 ], [ 258782.280908008629922, 7041587.649256933480501 ], [ 258772.27452682875446, 7041587.649256933480501 ], [ 258772.27452682875446, 7041582.646066343411803 ], [ 258767.271336238802178, 7041582.646066343411803 ], [ 258767.271336238802178, 7041577.642875753343105 ], [ 258762.268145648849895, 7041577.642875753343105 ], [ 258762.268145648849895, 7041567.636494573205709 ], [ 258757.264955058897613, 7041567.636494573205709 ], [ 258757.264955058897613, 7041562.633303983137012 ], [ 258752.26176446894533, 7041562.633303983137012 ], [ 258752.26176446894533, 7041547.62373221386224 ], [ 258747.258573879022151, 7041547.62373221386224 ], [ 258747.258573879022151, 7041527.610969853587449 ], [ 258742.255383289069869, 7041527.610969853587449 ], [ 258742.255383289069869, 7041517.604588674381375 ], [ 258737.252192699117586, 7041517.604588674381375 ], [ 258737.252192699117586, 7041497.591826314106584 ], [ 258732.249002109165303, 7041497.591826314106584 ], [ 258732.249002109165303, 7041472.575873364694417 ], [ 258737.252192699117586, 7041472.575873364694417 ], [ 258737.252192699117586, 7041462.569492184557021 ], [ 258742.255383289069869, 7041462.569492184557021 ], [ 258742.255383289069869, 7041452.563111004419625 ], [ 258737.252192699117586, 7041452.563111004419625 ], [ 258737.252192699117586, 7041447.559920414350927 ], [ 258722.242620929260738, 7041447.559920414350927 ], [ 258722.242620929260738, 7041452.563111004419625 ], [ 258712.236239749385277, 7041452.563111004419625 ], [ 258712.236239749385277, 7041447.559920414350927 ], [ 258707.233049159432994, 7041447.559920414350927 ], [ 258707.233049159432994, 7041442.556729825213552 ], [ 258702.229858569480712, 7041442.556729825213552 ], [ 258702.229858569480712, 7041437.553539235144854 ], [ 258697.226667979528429, 7041437.553539235144854 ], [ 258697.226667979528429, 7041417.540776874870062 ], [ 258692.22347738960525, 7041417.540776874870062 ], [ 258692.22347738960525, 7041412.537586284801364 ], [ 258682.217096209700685, 7041412.537586284801364 ], [ 258682.217096209700685, 7041407.534395694732666 ], [ 258672.21071502979612, 7041407.534395694732666 ], [ 258672.21071502979612, 7041402.531205105595291 ], [ 258662.204333849920658, 7041402.531205105595291 ], [ 258662.204333849920658, 7041397.528014515526593 ], [ 258647.194762080063811, 7041397.528014515526593 ], [ 258647.194762080063811, 7041402.531205105595291 ], [ 258642.191571490111528, 7041402.531205105595291 ], [ 258642.191571490111528, 7041407.534395694732666 ], [ 258637.188380900188349, 7041407.534395694732666 ], [ 258637.188380900188349, 7041412.537586284801364 ], [ 258632.185190310236067, 7041412.537586284801364 ], [ 258632.185190310236067, 7041417.540776874870062 ], [ 258627.181999720283784, 7041417.540776874870062 ], [ 258627.181999720283784, 7041432.550348645076156 ], [ 258622.178809130331501, 7041432.550348645076156 ], [ 258622.178809130331501, 7041447.559920414350927 ], [ 258617.175618540379219, 7041447.559920414350927 ], [ 258617.175618540379219, 7041457.566301594488323 ], [ 258607.169237360503757, 7041457.566301594488323 ], [ 258607.169237360503757, 7041502.595016904175282 ], [ 258602.166046770551475, 7041502.595016904175282 ], [ 258602.166046770551475, 7041537.617351033724844 ], [ 258597.162856180599192, 7041537.617351033724844 ], [ 258597.162856180599192, 7041547.62373221386224 ], [ 258592.15966559064691, 7041547.62373221386224 ], [ 258592.15966559064691, 7041552.626922803930938 ], [ 258587.156475000694627, 7041552.626922803930938 ], [ 258587.156475000694627, 7041557.630113393999636 ], [ 258577.150093820819166, 7041557.630113393999636 ], [ 258577.150093820819166, 7041562.633303983137012 ], [ 258567.1437126409146, 7041562.633303983137012 ], [ 258567.1437126409146, 7041567.636494573205709 ], [ 258562.140522050962318, 7041567.636494573205709 ], [ 258562.140522050962318, 7041572.639685163274407 ], [ 258537.124569101230009, 7041572.639685163274407 ], [ 258537.124569101230009, 7041577.642875753343105 ], [ 258532.121378511277726, 7041577.642875753343105 ], [ 258532.121378511277726, 7041582.646066343411803 ], [ 258522.114997331402265, 7041582.646066343411803 ], [ 258522.114997331402265, 7041587.649256933480501 ], [ 258512.108616151497699, 7041587.649256933480501 ], [ 258512.108616151497699, 7041592.652447523549199 ], [ 258502.102234971593134, 7041592.652447523549199 ], [ 258502.102234971593134, 7041597.655638112686574 ], [ 258497.099044381669955, 7041597.655638112686574 ], [ 258497.099044381669955, 7041602.658828702755272 ], [ 258492.095853791717673, 7041602.658828702755272 ], [ 258492.095853791717673, 7041607.66201929282397 ], [ 258487.09266320176539, 7041607.66201929282397 ], [ 258487.09266320176539, 7041612.665209882892668 ], [ 258482.089472611813108, 7041612.665209882892668 ], [ 258482.089472611813108, 7041617.668400472961366 ], [ 258472.083091431937646, 7041617.668400472961366 ], [ 258472.083091431937646, 7041622.671591063030064 ], [ 258457.073519662080798, 7041622.671591063030064 ], [ 258457.073519662080798, 7041627.674781653098762 ], [ 258447.067138482176233, 7041627.674781653098762 ], [ 258447.067138482176233, 7041632.67797224316746 ], [ 258437.060757302300772, 7041632.67797224316746 ], [ 258437.060757302300772, 7041637.681162832304835 ], [ 258427.054376122396206, 7041637.681162832304835 ], [ 258427.054376122396206, 7041642.684353422373533 ], [ 258412.044804352568462, 7041642.684353422373533 ], [ 258412.044804352568462, 7041647.687544012442231 ], [ 258407.04161376261618, 7041647.687544012442231 ], [ 258407.04161376261618, 7041652.690734602510929 ], [ 258397.035232582711615, 7041652.690734602510929 ], [ 258397.035232582711615, 7041657.693925192579627 ], [ 258387.028851402836153, 7041657.693925192579627 ], [ 258387.028851402836153, 7041662.697115782648325 ], [ 258382.025660812883871, 7041662.697115782648325 ], [ 258382.025660812883871, 7041667.700306372717023 ], [ 258372.019279632979305, 7041667.700306372717023 ], [ 258372.019279632979305, 7041672.703496962785721 ], [ 258362.012898453103844, 7041672.703496962785721 ], [ 258362.012898453103844, 7041677.706687551923096 ], [ 258347.003326683246996, 7041677.706687551923096 ], [ 258347.003326683246996, 7041682.709878141991794 ], [ 258336.996945503342431, 7041682.709878141991794 ], [ 258336.996945503342431, 7041692.71625932212919 ], [ 258331.993754913419252, 7041692.71625932212919 ], [ 258331.993754913419252, 7041697.719449912197888 ], [ 258326.99056432346697, 7041697.719449912197888 ], [ 258326.99056432346697, 7041702.722640502266586 ], [ 258311.980992553610122, 7041702.722640502266586 ], [ 258311.980992553610122, 7041707.725831092335284 ], [ 258301.97461137373466, 7041707.725831092335284 ], [ 258301.97461137373466, 7041712.729021681472659 ], [ 258296.971420783782378, 7041712.729021681472659 ], [ 258296.971420783782378, 7041717.732212271541357 ], [ 258291.968230193830095, 7041717.732212271541357 ], [ 258291.968230193830095, 7041722.735402861610055 ], [ 258286.965039603877813, 7041722.735402861610055 ], [ 258286.965039603877813, 7041727.738593451678753 ], [ 258266.952277244097786, 7041727.738593451678753 ], [ 258266.952277244097786, 7041732.741784041747451 ], [ 258241.936324294365477, 7041732.741784041747451 ], [ 258241.936324294365477, 7041727.738593451678753 ], [ 258236.933133704413194, 7041727.738593451678753 ], [ 258236.933133704413194, 7041732.741784041747451 ], [ 258201.91079957477632, 7041732.741784041747451 ], [ 258201.91079957477632, 7041737.744974631816149 ], [ 258156.882084265263984, 7041737.744974631816149 ], [ 258156.882084265263984, 7041732.741784041747451 ], [ 258126.862940725579392, 7041732.741784041747451 ], [ 258126.862940725579392, 7041727.738593451678753 ], [ 258111.853368955751648, 7041727.738593451678753 ], [ 258111.853368955751648, 7041722.735402861610055 ], [ 258081.834225416067056, 7041722.735402861610055 ], [ 258081.834225416067056, 7041717.732212271541357 ], [ 258056.818272466334747, 7041717.732212271541357 ], [ 258056.818272466334747, 7041712.729021681472659 ], [ 258006.786366566841025, 7041712.729021681472659 ], [ 258006.786366566841025, 7041717.732212271541357 ], [ 257996.779985386965564, 7041717.732212271541357 ], [ 257996.779985386965564, 7041722.735402861610055 ], [ 257981.770413617108716, 7041722.735402861610055 ], [ 257981.770413617108716, 7041717.732212271541357 ], [ 257966.760841847280972, 7041717.732212271541357 ], [ 257966.760841847280972, 7041712.729021681472659 ], [ 257961.757651257328689, 7041712.729021681472659 ], [ 257961.757651257328689, 7041702.722640502266586 ], [ 257956.754460667376406, 7041702.722640502266586 ], [ 257956.754460667376406, 7041692.71625932212919 ], [ 257951.751270077424124, 7041692.71625932212919 ], [ 257951.751270077424124, 7041677.706687551923096 ], [ 257946.748079487500945, 7041677.706687551923096 ], [ 257946.748079487500945, 7041662.697115782648325 ], [ 257941.744888897548662, 7041662.697115782648325 ], [ 257941.744888897548662, 7041652.690734602510929 ], [ 257936.74169830759638, 7041652.690734602510929 ], [ 257936.74169830759638, 7041657.693925192579627 ], [ 257921.732126537768636, 7041657.693925192579627 ], [ 257921.732126537768636, 7041652.690734602510929 ], [ 257916.728935947816353, 7041652.690734602510929 ], [ 257916.728935947816353, 7041647.687544012442231 ], [ 257911.725745357864071, 7041647.687544012442231 ], [ 257911.725745357864071, 7041642.684353422373533 ], [ 257906.722554767911788, 7041642.684353422373533 ], [ 257906.722554767911788, 7041637.681162832304835 ], [ 257901.719364177959505, 7041637.681162832304835 ], [ 257901.719364177959505, 7041632.67797224316746 ], [ 257896.716173588007223, 7041632.67797224316746 ], [ 257896.716173588007223, 7041627.674781653098762 ], [ 257891.712982998084044, 7041627.674781653098762 ], [ 257891.712982998084044, 7041622.671591063030064 ], [ 257886.709792408131761, 7041622.671591063030064 ], [ 257886.709792408131761, 7041617.668400472961366 ], [ 257881.706601818179479, 7041617.668400472961366 ], [ 257881.706601818179479, 7041612.665209882892668 ], [ 257876.703411228227196, 7041612.665209882892668 ], [ 257876.703411228227196, 7041607.66201929282397 ], [ 257871.700220638274914, 7041607.66201929282397 ], [ 257871.700220638274914, 7041602.658828702755272 ], [ 257866.697030048351735, 7041602.658828702755272 ], [ 257866.697030048351735, 7041597.655638112686574 ], [ 257861.693839458399452, 7041597.655638112686574 ], [ 257861.693839458399452, 7041602.658828702755272 ], [ 257856.69064886844717, 7041602.658828702755272 ], [ 257856.69064886844717, 7041612.665209882892668 ], [ 257851.687458278494887, 7041612.665209882892668 ], [ 257851.687458278494887, 7041617.668400472961366 ], [ 257846.684267688542604, 7041617.668400472961366 ], [ 257846.684267688542604, 7041622.671591063030064 ], [ 257841.681077098590322, 7041622.671591063030064 ], [ 257841.681077098590322, 7041627.674781653098762 ], [ 257836.677886508667143, 7041627.674781653098762 ], [ 257836.677886508667143, 7041632.67797224316746 ], [ 257831.67469591871486, 7041632.67797224316746 ], [ 257831.67469591871486, 7041627.674781653098762 ], [ 257826.671505328762578, 7041627.674781653098762 ], [ 257826.671505328762578, 7041622.671591063030064 ], [ 257821.668314738810295, 7041622.671591063030064 ], [ 257821.668314738810295, 7041617.668400472961366 ], [ 257816.665124148858013, 7041617.668400472961366 ], [ 257816.665124148858013, 7041612.665209882892668 ], [ 257791.649171199125703, 7041612.665209882892668 ], [ 257791.649171199125703, 7041617.668400472961366 ], [ 257781.642790019250242, 7041617.668400472961366 ], [ 257781.642790019250242, 7041607.66201929282397 ], [ 257771.636408839345677, 7041607.66201929282397 ], [ 257771.636408839345677, 7041597.655638112686574 ], [ 257766.633218249393394, 7041597.655638112686574 ], [ 257766.633218249393394, 7041592.652447523549199 ], [ 257761.630027659441112, 7041592.652447523549199 ], [ 257761.630027659441112, 7041587.649256933480501 ], [ 257756.626837069517933, 7041587.649256933480501 ], [ 257756.626837069517933, 7041567.636494573205709 ], [ 257761.630027659441112, 7041567.636494573205709 ], [ 257761.630027659441112, 7041552.626922803930938 ], [ 257756.626837069517933, 7041552.626922803930938 ], [ 257756.626837069517933, 7041547.62373221386224 ], [ 257751.62364647956565, 7041547.62373221386224 ], [ 257751.62364647956565, 7041542.620541623793542 ], [ 257741.617265299661085, 7041542.620541623793542 ], [ 257741.617265299661085, 7041532.614160443656147 ], [ 257736.614074709708802, 7041532.614160443656147 ], [ 257736.614074709708802, 7041527.610969853587449 ], [ 257731.61088411975652, 7041527.610969853587449 ], [ 257731.61088411975652, 7041492.588635724037886 ], [ 257726.607693529833341, 7041492.588635724037886 ], [ 257726.607693529833341, 7041482.58225454390049 ], [ 257716.601312349928776, 7041482.58225454390049 ], [ 257716.601312349928776, 7041477.579063954763114 ], [ 257711.598121759976493, 7041477.579063954763114 ], [ 257711.598121759976493, 7041472.575873364694417 ], [ 257716.601312349928776, 7041472.575873364694417 ], [ 257716.601312349928776, 7041467.572682774625719 ], [ 257721.604502939881058, 7041467.572682774625719 ], [ 257721.604502939881058, 7041462.569492184557021 ], [ 257731.61088411975652, 7041462.569492184557021 ], [ 257731.61088411975652, 7041452.563111004419625 ], [ 257736.614074709708802, 7041452.563111004419625 ], [ 257736.614074709708802, 7041447.559920414350927 ], [ 257741.617265299661085, 7041447.559920414350927 ], [ 257741.617265299661085, 7041437.553539235144854 ], [ 257746.620455889613368, 7041437.553539235144854 ], [ 257746.620455889613368, 7041432.550348645076156 ], [ 257751.62364647956565, 7041432.550348645076156 ], [ 257751.62364647956565, 7041422.54396746493876 ], [ 257756.626837069517933, 7041422.54396746493876 ], [ 257756.626837069517933, 7041417.540776874870062 ], [ 257761.630027659441112, 7041417.540776874870062 ], [ 257761.630027659441112, 7041412.537586284801364 ], [ 257766.633218249393394, 7041412.537586284801364 ], [ 257766.633218249393394, 7041402.531205105595291 ], [ 257771.636408839345677, 7041402.531205105595291 ], [ 257771.636408839345677, 7041397.528014515526593 ], [ 257781.642790019250242, 7041397.528014515526593 ], [ 257781.642790019250242, 7041392.524823925457895 ], [ 257821.668314738810295, 7041392.524823925457895 ], [ 257821.668314738810295, 7041387.521633335389197 ], [ 257816.665124148858013, 7041387.521633335389197 ], [ 257816.665124148858013, 7041382.518442745320499 ], [ 257811.661933558934834, 7041382.518442745320499 ], [ 257811.661933558934834, 7041377.515252155251801 ], [ 257816.665124148858013, 7041377.515252155251801 ], [ 257816.665124148858013, 7041362.50568038597703 ], [ 257821.668314738810295, 7041362.50568038597703 ], [ 257821.668314738810295, 7041352.499299205839634 ], [ 257826.671505328762578, 7041352.499299205839634 ], [ 257826.671505328762578, 7041332.486536845564842 ], [ 257821.668314738810295, 7041332.486536845564842 ], [ 257821.668314738810295, 7041322.480155666358769 ], [ 257816.665124148858013, 7041322.480155666358769 ], [ 257816.665124148858013, 7041312.473774486221373 ], [ 257806.658742968982551, 7041312.473774486221373 ], [ 257806.658742968982551, 7041302.467393306083977 ], [ 257801.655552379030269, 7041302.467393306083977 ], [ 257801.655552379030269, 7041297.464202716015279 ], [ 257806.658742968982551, 7041297.464202716015279 ], [ 257806.658742968982551, 7041292.461012125946581 ], [ 257811.661933558934834, 7041292.461012125946581 ], [ 257811.661933558934834, 7041287.457821536809206 ], [ 257821.668314738810295, 7041287.457821536809206 ], [ 257821.668314738810295, 7041282.454630946740508 ], [ 257826.671505328762578, 7041282.454630946740508 ], [ 257826.671505328762578, 7041272.448249766603112 ], [ 257821.668314738810295, 7041272.448249766603112 ], [ 257821.668314738810295, 7041257.438677996397018 ], [ 257816.665124148858013, 7041257.438677996397018 ], [ 257816.665124148858013, 7041247.432296817190945 ], [ 257811.661933558934834, 7041247.432296817190945 ], [ 257811.661933558934834, 7041242.429106227122247 ], [ 257806.658742968982551, 7041242.429106227122247 ], [ 257806.658742968982551, 7041237.425915637053549 ], [ 257811.661933558934834, 7041237.425915637053549 ], [ 257811.661933558934834, 7041212.409962687641382 ], [ 257821.668314738810295, 7041212.409962687641382 ], [ 257821.668314738810295, 7041207.406772097572684 ], [ 257826.671505328762578, 7041207.406772097572684 ], [ 257826.671505328762578, 7041182.390819147229195 ], [ 257821.668314738810295, 7041182.390819147229195 ], [ 257821.668314738810295, 7041167.381247377954423 ], [ 257816.665124148858013, 7041167.381247377954423 ], [ 257816.665124148858013, 7041157.374866197817028 ], [ 257811.661933558934834, 7041157.374866197817028 ], [ 257811.661933558934834, 7041142.365294427610934 ], [ 257806.658742968982551, 7041142.365294427610934 ], [ 257806.658742968982551, 7041132.35891324840486 ], [ 257801.655552379030269, 7041132.35891324840486 ], [ 257801.655552379030269, 7041127.355722658336163 ], [ 257796.652361789077986, 7041127.355722658336163 ], [ 257796.652361789077986, 7041117.349341478198767 ], [ 257766.633218249393394, 7041117.349341478198767 ], [ 257766.633218249393394, 7041082.327007348649204 ], [ 257756.626837069517933, 7041082.327007348649204 ], [ 257756.626837069517933, 7041077.323816758580506 ], [ 257741.617265299661085, 7041077.323816758580506 ], [ 257741.617265299661085, 7041082.327007348649204 ], [ 257731.61088411975652, 7041082.327007348649204 ], [ 257731.61088411975652, 7041062.314244988374412 ], [ 257726.607693529833341, 7041062.314244988374412 ], [ 257726.607693529833341, 7041052.307863809168339 ], [ 257721.604502939881058, 7041052.307863809168339 ], [ 257721.604502939881058, 7041047.304673219099641 ], [ 257716.601312349928776, 7041047.304673219099641 ], [ 257716.601312349928776, 7041042.301482629030943 ], [ 257711.598121759976493, 7041042.301482629030943 ], [ 257711.598121759976493, 7041037.298292038962245 ], [ 257706.594931170024211, 7041037.298292038962245 ], [ 257706.594931170024211, 7041032.295101448893547 ], [ 257701.591740580101032, 7041032.295101448893547 ], [ 257701.591740580101032, 7041022.288720269687474 ], [ 257691.585359400196467, 7041022.288720269687474 ], [ 257691.585359400196467, 7041017.285529679618776 ], [ 257686.582168810244184, 7041017.285529679618776 ], [ 257686.582168810244184, 7041012.282339089550078 ], [ 257681.578978220291901, 7041012.282339089550078 ], [ 257681.578978220291901, 7041007.27914849948138 ], [ 257666.569406450464157, 7041007.27914849948138 ], [ 257666.569406450464157, 7040987.266386139206588 ], [ 257661.566215860511875, 7040987.266386139206588 ], [ 257661.566215860511875, 7040977.260004960000515 ], [ 257656.563025270559592, 7040977.260004960000515 ], [ 257656.563025270559592, 7040972.256814369931817 ], [ 257641.553453500731848, 7040972.256814369931817 ], [ 257641.553453500731848, 7040977.260004960000515 ], [ 257636.550262910779566, 7040977.260004960000515 ], [ 257636.550262910779566, 7040972.256814369931817 ], [ 257631.547072320827283, 7040972.256814369931817 ], [ 257631.547072320827283, 7040967.253623779863119 ], [ 257626.543881730875, 7040967.253623779863119 ], [ 257626.543881730875, 7040957.247242599725723 ], [ 257616.537500550999539, 7040957.247242599725723 ], [ 257616.537500550999539, 7040952.244052009657025 ], [ 257606.531119371094974, 7040952.244052009657025 ], [ 257606.531119371094974, 7040957.247242599725723 ], [ 257596.524738191190409, 7040957.247242599725723 ], [ 257596.524738191190409, 7040967.253623779863119 ], [ 257591.52154760126723, 7040967.253623779863119 ], [ 257591.52154760126723, 7040972.256814369931817 ], [ 257586.518357011314947, 7040972.256814369931817 ], [ 257586.518357011314947, 7040977.260004960000515 ], [ 257581.515166421362665, 7040977.260004960000515 ], [ 257581.515166421362665, 7040982.263195550069213 ], [ 257576.511975831410382, 7040982.263195550069213 ], [ 257576.511975831410382, 7040987.266386139206588 ], [ 257566.505594651505817, 7040987.266386139206588 ], [ 257566.505594651505817, 7040997.272767319343984 ], [ 257551.496022881678073, 7040997.272767319343984 ], [ 257551.496022881678073, 7040992.269576729275286 ], [ 257541.489641701773508, 7040992.269576729275286 ], [ 257541.489641701773508, 7040987.266386139206588 ], [ 257536.486451111850329, 7040987.266386139206588 ], [ 257536.486451111850329, 7040972.256814369931817 ], [ 257531.483260521898046, 7040972.256814369931817 ], [ 257531.483260521898046, 7040942.237670830450952 ], [ 257526.480069931945764, 7040942.237670830450952 ], [ 257526.480069931945764, 7040912.218527290038764 ], [ 257531.483260521898046, 7040912.218527290038764 ], [ 257531.483260521898046, 7040892.205764930695295 ], [ 257536.486451111850329, 7040892.205764930695295 ], [ 257536.486451111850329, 7040852.180240211077034 ], [ 257541.489641701773508, 7040852.180240211077034 ], [ 257541.489641701773508, 7040802.148334311321378 ], [ 257536.486451111850329, 7040802.148334311321378 ], [ 257536.486451111850329, 7040782.135571951977909 ], [ 257531.483260521898046, 7040782.135571951977909 ], [ 257531.483260521898046, 7040777.132381361909211 ], [ 257536.486451111850329, 7040777.132381361909211 ], [ 257536.486451111850329, 7040757.119619001634419 ], [ 257531.483260521898046, 7040757.119619001634419 ], [ 257531.483260521898046, 7040752.116428412497044 ], [ 257526.480069931945764, 7040752.116428412497044 ], [ 257526.480069931945764, 7040747.113237822428346 ], [ 257521.476879341993481, 7040747.113237822428346 ], [ 257521.476879341993481, 7040722.097284872084856 ], [ 257516.473688752041198, 7040722.097284872084856 ], [ 257516.473688752041198, 7040717.094094282016158 ], [ 257496.460926392261172, 7040717.094094282016158 ], [ 257496.460926392261172, 7040712.090903692878783 ], [ 257491.457735802308889, 7040712.090903692878783 ], [ 257491.457735802308889, 7040702.084522512741387 ], [ 257486.454545212356606, 7040702.084522512741387 ], [ 257486.454545212356606, 7040692.078141332603991 ], [ 257481.451354622433428, 7040692.078141332603991 ], [ 257481.451354622433428, 7040687.074950742535293 ], [ 257471.444973442528863, 7040687.074950742535293 ], [ 257471.444973442528863, 7040682.071760152466595 ], [ 257456.435401672672015, 7040682.071760152466595 ], [ 257456.435401672672015, 7040677.06856956332922 ], [ 257446.429020492796553, 7040677.06856956332922 ], [ 257446.429020492796553, 7040682.071760152466595 ], [ 257441.425829902844271, 7040682.071760152466595 ], [ 257441.425829902844271, 7040687.074950742535293 ], [ 257431.419448722939705, 7040687.074950742535293 ], [ 257431.419448722939705, 7040697.081331922672689 ], [ 257426.416258133016527, 7040697.081331922672689 ], [ 257426.416258133016527, 7040702.084522512741387 ], [ 257401.400305183255114, 7040702.084522512741387 ], [ 257401.400305183255114, 7040692.078141332603991 ], [ 257396.397114593331935, 7040692.078141332603991 ], [ 257396.397114593331935, 7040682.071760152466595 ], [ 257391.393924003379652, 7040682.071760152466595 ], [ 257391.393924003379652, 7040672.065378973260522 ], [ 257386.39073341342737, 7040672.065378973260522 ], [ 257386.39073341342737, 7040667.062188383191824 ], [ 257381.387542823475087, 7040667.062188383191824 ], [ 257381.387542823475087, 7040662.058997793123126 ], [ 257371.381161643599626, 7040662.058997793123126 ], [ 257371.381161643599626, 7040657.055807203054428 ], [ 257366.377971053647343, 7040657.055807203054428 ], [ 257366.377971053647343, 7040652.05261661298573 ], [ 257351.368399283790495, 7040652.05261661298573 ], [ 257351.368399283790495, 7040657.055807203054428 ], [ 257336.358827513962751, 7040657.055807203054428 ], [ 257336.358827513962751, 7040652.05261661298573 ], [ 257331.355636924010469, 7040652.05261661298573 ], [ 257331.355636924010469, 7040642.046235432848334 ], [ 257326.352446334058186, 7040642.046235432848334 ], [ 257326.352446334058186, 7040632.039854253642261 ], [ 257321.349255744105903, 7040632.039854253642261 ], [ 257321.349255744105903, 7040622.033473073504865 ], [ 257316.346065154182725, 7040622.033473073504865 ], [ 257316.346065154182725, 7040612.027091893367469 ], [ 257311.342874564230442, 7040612.027091893367469 ], [ 257311.342874564230442, 7040582.007948353886604 ], [ 257316.346065154182725, 7040582.007948353886604 ], [ 257316.346065154182725, 7040577.004757763817906 ], [ 257321.349255744105903, 7040577.004757763817906 ], [ 257321.349255744105903, 7040572.001567173749208 ], [ 257326.352446334058186, 7040572.001567173749208 ], [ 257326.352446334058186, 7040546.985614224337041 ], [ 257331.355636924010469, 7040546.985614224337041 ], [ 257331.355636924010469, 7040536.979233044199646 ], [ 257336.358827513962751, 7040536.979233044199646 ], [ 257336.358827513962751, 7040531.976042454130948 ], [ 257341.362018103915034, 7040531.976042454130948 ], [ 257341.362018103915034, 7040521.969661274924874 ], [ 257346.365208693838213, 7040521.969661274924874 ], [ 257346.365208693838213, 7040506.960089504718781 ], [ 257351.368399283790495, 7040506.960089504718781 ], [ 257351.368399283790495, 7040496.953708324581385 ], [ 257356.371589873742778, 7040496.953708324581385 ], [ 257356.371589873742778, 7040491.950517734512687 ], [ 257361.37478046369506, 7040491.950517734512687 ], [ 257361.37478046369506, 7040496.953708324581385 ], [ 257366.377971053647343, 7040496.953708324581385 ], [ 257366.377971053647343, 7040491.950517734512687 ], [ 257376.384352233522804, 7040491.950517734512687 ], [ 257376.384352233522804, 7040471.937755375169218 ], [ 257386.39073341342737, 7040471.937755375169218 ], [ 257386.39073341342737, 7040466.93456478510052 ], [ 257396.397114593331935, 7040466.93456478510052 ], [ 257396.397114593331935, 7040461.931374195031822 ], [ 257406.403495773207396, 7040461.931374195031822 ], [ 257406.403495773207396, 7040456.928183604963124 ], [ 257411.406686363159679, 7040456.928183604963124 ], [ 257411.406686363159679, 7040451.924993014894426 ], [ 257416.409876953111961, 7040451.924993014894426 ], [ 257416.409876953111961, 7040446.921802425757051 ], [ 257426.416258133016527, 7040446.921802425757051 ], [ 257426.416258133016527, 7040441.918611835688353 ], [ 257436.422639312891988, 7040441.918611835688353 ], [ 257436.422639312891988, 7040436.915421245619655 ], [ 257446.429020492796553, 7040436.915421245619655 ], [ 257446.429020492796553, 7040431.912230655550957 ], [ 257451.432211082748836, 7040431.912230655550957 ], [ 257451.432211082748836, 7040426.909040065482259 ], [ 257461.438592262624297, 7040426.909040065482259 ], [ 257461.438592262624297, 7040421.905849475413561 ], [ 257476.448164032481145, 7040421.905849475413561 ], [ 257476.448164032481145, 7040416.902658885344863 ], [ 257491.457735802308889, 7040416.902658885344863 ], [ 257491.457735802308889, 7040411.899468295276165 ], [ 257526.480069931945764, 7040411.899468295276165 ], [ 257526.480069931945764, 7040406.89627770613879 ], [ 257531.483260521898046, 7040406.89627770613879 ], [ 257531.483260521898046, 7040396.889896526001394 ], [ 257536.486451111850329, 7040396.889896526001394 ], [ 257536.486451111850329, 7040391.886705935932696 ], [ 257541.489641701773508, 7040391.886705935932696 ], [ 257541.489641701773508, 7040386.883515345863998 ], [ 257536.486451111850329, 7040386.883515345863998 ], [ 257536.486451111850329, 7040366.870752986520529 ], [ 257541.489641701773508, 7040366.870752986520529 ], [ 257541.489641701773508, 7040361.867562396451831 ], [ 257546.49283229172579, 7040361.867562396451831 ], [ 257546.49283229172579, 7040351.861181216314435 ], [ 257551.496022881678073, 7040351.861181216314435 ], [ 257551.496022881678073, 7040346.857990626245737 ], [ 257546.49283229172579, 7040346.857990626245737 ], [ 257546.49283229172579, 7040341.854800036177039 ], [ 257541.489641701773508, 7040341.854800036177039 ], [ 257541.489641701773508, 7040336.851609446108341 ], [ 257536.486451111850329, 7040336.851609446108341 ], [ 257536.486451111850329, 7040326.845228266902268 ], [ 257531.483260521898046, 7040326.845228266902268 ], [ 257531.483260521898046, 7040316.838847086764872 ], [ 257536.486451111850329, 7040316.838847086764872 ], [ 257536.486451111850329, 7040306.832465906627476 ], [ 257541.489641701773508, 7040306.832465906627476 ], [ 257541.489641701773508, 7040301.829275316558778 ], [ 257546.49283229172579, 7040301.829275316558778 ], [ 257546.49283229172579, 7040296.82608472649008 ], [ 257551.496022881678073, 7040296.82608472649008 ], [ 257551.496022881678073, 7040286.819703547284007 ], [ 257556.499213471630355, 7040286.819703547284007 ], [ 257556.499213471630355, 7040281.816512957215309 ], [ 257571.508785241458099, 7040281.816512957215309 ], [ 257571.508785241458099, 7040276.813322367146611 ], [ 257576.511975831410382, 7040276.813322367146611 ], [ 257576.511975831410382, 7040266.806941187009215 ], [ 257596.524738191190409, 7040266.806941187009215 ], [ 257596.524738191190409, 7040271.810131777077913 ], [ 257611.534309961047256, 7040271.810131777077913 ], [ 257611.534309961047256, 7040276.813322367146611 ], [ 257621.540691140922718, 7040276.813322367146611 ], [ 257621.540691140922718, 7040281.816512957215309 ], [ 257631.547072320827283, 7040281.816512957215309 ], [ 257631.547072320827283, 7040286.819703547284007 ], [ 257641.553453500731848, 7040286.819703547284007 ], [ 257641.553453500731848, 7040291.822894137352705 ], [ 257666.569406450464157, 7040291.822894137352705 ], [ 257666.569406450464157, 7040286.819703547284007 ], [ 257671.57259704041644, 7040286.819703547284007 ], [ 257671.57259704041644, 7040291.822894137352705 ], [ 257681.578978220291901, 7040291.822894137352705 ], [ 257681.578978220291901, 7040301.829275316558778 ], [ 257671.57259704041644, 7040301.829275316558778 ], [ 257671.57259704041644, 7040306.832465906627476 ], [ 257656.563025270559592, 7040306.832465906627476 ], [ 257656.563025270559592, 7040311.835656496696174 ], [ 257646.556644090684131, 7040311.835656496696174 ], [ 257646.556644090684131, 7040316.838847086764872 ], [ 257641.553453500731848, 7040316.838847086764872 ], [ 257641.553453500731848, 7040321.84203767683357 ], [ 257636.550262910779566, 7040321.84203767683357 ], [ 257636.550262910779566, 7040326.845228266902268 ], [ 257631.547072320827283, 7040326.845228266902268 ], [ 257631.547072320827283, 7040346.857990626245737 ], [ 257636.550262910779566, 7040346.857990626245737 ], [ 257636.550262910779566, 7040361.867562396451831 ], [ 257641.553453500731848, 7040361.867562396451831 ], [ 257641.553453500731848, 7040366.870752986520529 ], [ 257646.556644090684131, 7040366.870752986520529 ], [ 257646.556644090684131, 7040381.8803247557953 ], [ 257651.55983468060731, 7040381.8803247557953 ], [ 257651.55983468060731, 7040406.89627770613879 ], [ 257646.556644090684131, 7040406.89627770613879 ], [ 257646.556644090684131, 7040411.899468295276165 ], [ 257641.553453500731848, 7040411.899468295276165 ], [ 257641.553453500731848, 7040421.905849475413561 ], [ 257646.556644090684131, 7040421.905849475413561 ], [ 257646.556644090684131, 7040426.909040065482259 ], [ 257651.55983468060731, 7040426.909040065482259 ], [ 257651.55983468060731, 7040431.912230655550957 ], [ 257656.563025270559592, 7040431.912230655550957 ], [ 257656.563025270559592, 7040436.915421245619655 ], [ 257661.566215860511875, 7040436.915421245619655 ], [ 257661.566215860511875, 7040441.918611835688353 ], [ 257671.57259704041644, 7040441.918611835688353 ], [ 257671.57259704041644, 7040446.921802425757051 ], [ 257686.582168810244184, 7040446.921802425757051 ], [ 257686.582168810244184, 7040451.924993014894426 ], [ 257701.591740580101032, 7040451.924993014894426 ], [ 257701.591740580101032, 7040456.928183604963124 ], [ 257716.601312349928776, 7040456.928183604963124 ], [ 257716.601312349928776, 7040461.931374195031822 ], [ 257726.607693529833341, 7040461.931374195031822 ], [ 257726.607693529833341, 7040466.93456478510052 ], [ 257736.614074709708802, 7040466.93456478510052 ], [ 257736.614074709708802, 7040471.937755375169218 ], [ 257746.620455889613368, 7040471.937755375169218 ], [ 257746.620455889613368, 7040476.940945965237916 ], [ 257751.62364647956565, 7040476.940945965237916 ], [ 257751.62364647956565, 7040501.956898914650083 ], [ 257756.626837069517933, 7040501.956898914650083 ], [ 257756.626837069517933, 7040541.982423634268343 ], [ 257751.62364647956565, 7040541.982423634268343 ], [ 257751.62364647956565, 7040551.988804814405739 ], [ 257746.620455889613368, 7040551.988804814405739 ], [ 257746.620455889613368, 7040561.995185994543135 ], [ 257741.617265299661085, 7040561.995185994543135 ], [ 257741.617265299661085, 7040572.001567173749208 ], [ 257736.614074709708802, 7040572.001567173749208 ], [ 257736.614074709708802, 7040577.004757763817906 ], [ 257731.61088411975652, 7040577.004757763817906 ], [ 257731.61088411975652, 7040587.011138943955302 ], [ 257721.604502939881058, 7040587.011138943955302 ], [ 257721.604502939881058, 7040592.014329534024 ], [ 257716.601312349928776, 7040592.014329534024 ], [ 257716.601312349928776, 7040597.017520124092698 ], [ 257711.598121759976493, 7040597.017520124092698 ], [ 257711.598121759976493, 7040602.020710713230073 ], [ 257706.594931170024211, 7040602.020710713230073 ], [ 257706.594931170024211, 7040607.023901303298771 ], [ 257701.591740580101032, 7040607.023901303298771 ], [ 257701.591740580101032, 7040622.033473073504865 ], [ 257696.588549990148749, 7040622.033473073504865 ], [ 257696.588549990148749, 7040632.039854253642261 ], [ 257691.585359400196467, 7040632.039854253642261 ], [ 257691.585359400196467, 7040637.043044843710959 ], [ 257686.582168810244184, 7040637.043044843710959 ], [ 257686.582168810244184, 7040642.046235432848334 ], [ 257691.585359400196467, 7040642.046235432848334 ], [ 257691.585359400196467, 7040647.049426022917032 ], [ 257716.601312349928776, 7040647.049426022917032 ], [ 257716.601312349928776, 7040652.05261661298573 ], [ 257726.607693529833341, 7040652.05261661298573 ], [ 257726.607693529833341, 7040657.055807203054428 ], [ 257731.61088411975652, 7040657.055807203054428 ], [ 257731.61088411975652, 7040662.058997793123126 ], [ 257751.62364647956565, 7040662.058997793123126 ], [ 257751.62364647956565, 7040657.055807203054428 ], [ 257771.636408839345677, 7040657.055807203054428 ], [ 257771.636408839345677, 7040662.058997793123126 ], [ 257781.642790019250242, 7040662.058997793123126 ], [ 257781.642790019250242, 7040657.055807203054428 ], [ 257791.649171199125703, 7040657.055807203054428 ], [ 257791.649171199125703, 7040652.05261661298573 ], [ 257861.693839458399452, 7040652.05261661298573 ], [ 257861.693839458399452, 7040667.062188383191824 ], [ 257866.697030048351735, 7040667.062188383191824 ], [ 257866.697030048351735, 7040677.06856956332922 ], [ 257871.700220638274914, 7040677.06856956332922 ], [ 257871.700220638274914, 7040682.071760152466595 ], [ 257881.706601818179479, 7040682.071760152466595 ], [ 257881.706601818179479, 7040687.074950742535293 ], [ 257891.712982998084044, 7040687.074950742535293 ], [ 257891.712982998084044, 7040692.078141332603991 ], [ 257896.716173588007223, 7040692.078141332603991 ], [ 257896.716173588007223, 7040697.081331922672689 ], [ 257901.719364177959505, 7040697.081331922672689 ], [ 257901.719364177959505, 7040702.084522512741387 ], [ 257906.722554767911788, 7040702.084522512741387 ], [ 257906.722554767911788, 7040707.087713102810085 ], [ 257911.725745357864071, 7040707.087713102810085 ], [ 257911.725745357864071, 7040712.090903692878783 ], [ 257921.732126537768636, 7040712.090903692878783 ], [ 257921.732126537768636, 7040717.094094282016158 ], [ 257926.735317127691815, 7040717.094094282016158 ], [ 257926.735317127691815, 7040727.100475462153554 ], [ 257936.74169830759638, 7040727.100475462153554 ], [ 257936.74169830759638, 7040732.103666052222252 ], [ 257941.744888897548662, 7040732.103666052222252 ], [ 257941.744888897548662, 7040737.10685664229095 ], [ 257946.748079487500945, 7040737.10685664229095 ], [ 257946.748079487500945, 7040742.110047232359648 ], [ 257951.751270077424124, 7040742.110047232359648 ], [ 257951.751270077424124, 7040752.116428412497044 ], [ 257956.754460667376406, 7040752.116428412497044 ], [ 257956.754460667376406, 7040757.119619001634419 ], [ 257961.757651257328689, 7040757.119619001634419 ], [ 257961.757651257328689, 7040762.122809591703117 ], [ 257971.764032437233254, 7040762.122809591703117 ], [ 257971.764032437233254, 7040767.126000181771815 ], [ 257976.767223027185537, 7040767.126000181771815 ], [ 257976.767223027185537, 7040772.129190771840513 ], [ 257981.770413617108716, 7040772.129190771840513 ], [ 257981.770413617108716, 7040787.138762542046607 ], [ 257976.767223027185537, 7040787.138762542046607 ], [ 257976.767223027185537, 7040802.148334311321378 ], [ 257951.751270077424124, 7040802.148334311321378 ], [ 257951.751270077424124, 7040807.151524901390076 ], [ 257946.748079487500945, 7040807.151524901390076 ], [ 257946.748079487500945, 7040817.157906081527472 ], [ 257941.744888897548662, 7040817.157906081527472 ], [ 257941.744888897548662, 7040827.164287261664867 ], [ 257936.74169830759638, 7040827.164287261664867 ], [ 257936.74169830759638, 7040837.170668440870941 ], [ 257931.738507717644097, 7040837.170668440870941 ], [ 257931.738507717644097, 7040842.173859030939639 ], [ 257916.728935947816353, 7040842.173859030939639 ], [ 257916.728935947816353, 7040847.177049621008337 ], [ 257906.722554767911788, 7040847.177049621008337 ], [ 257906.722554767911788, 7040852.180240211077034 ], [ 257901.719364177959505, 7040852.180240211077034 ], [ 257901.719364177959505, 7040882.199383750557899 ], [ 257906.722554767911788, 7040882.199383750557899 ], [ 257906.722554767911788, 7040892.205764930695295 ], [ 257911.725745357864071, 7040892.205764930695295 ], [ 257911.725745357864071, 7040902.212146110832691 ], [ 257916.728935947816353, 7040902.212146110832691 ], [ 257916.728935947816353, 7040907.215336700901389 ], [ 257921.732126537768636, 7040907.215336700901389 ], [ 257921.732126537768636, 7040912.218527290038764 ], [ 257926.735317127691815, 7040912.218527290038764 ], [ 257926.735317127691815, 7040917.221717880107462 ], [ 257931.738507717644097, 7040917.221717880107462 ], [ 257931.738507717644097, 7040922.22490847017616 ], [ 257936.74169830759638, 7040922.22490847017616 ], [ 257936.74169830759638, 7040927.228099060244858 ], [ 257941.744888897548662, 7040927.228099060244858 ], [ 257941.744888897548662, 7040932.231289650313556 ], [ 257946.748079487500945, 7040932.231289650313556 ], [ 257946.748079487500945, 7040937.234480240382254 ], [ 257951.751270077424124, 7040937.234480240382254 ], [ 257951.751270077424124, 7040942.237670830450952 ], [ 257956.754460667376406, 7040942.237670830450952 ], [ 257956.754460667376406, 7040947.240861419588327 ], [ 257961.757651257328689, 7040947.240861419588327 ], [ 257961.757651257328689, 7040952.244052009657025 ], [ 257966.760841847280972, 7040952.244052009657025 ], [ 257966.760841847280972, 7040957.247242599725723 ], [ 257971.764032437233254, 7040957.247242599725723 ], [ 257971.764032437233254, 7040972.256814369931817 ], [ 257976.767223027185537, 7040972.256814369931817 ], [ 257976.767223027185537, 7040997.272767319343984 ], [ 257981.770413617108716, 7040997.272767319343984 ], [ 257981.770413617108716, 7041007.27914849948138 ], [ 257986.773604207060998, 7041007.27914849948138 ], [ 257986.773604207060998, 7041017.285529679618776 ], [ 257991.776794797013281, 7041017.285529679618776 ], [ 257991.776794797013281, 7041022.288720269687474 ], [ 257996.779985386965564, 7041022.288720269687474 ], [ 257996.779985386965564, 7041027.291910858824849 ], [ 258001.783175976917846, 7041027.291910858824849 ], [ 258001.783175976917846, 7041032.295101448893547 ], [ 258006.786366566841025, 7041032.295101448893547 ], [ 258006.786366566841025, 7041037.298292038962245 ], [ 258011.789557156793308, 7041037.298292038962245 ], [ 258011.789557156793308, 7041097.336579118855298 ], [ 258006.786366566841025, 7041097.336579118855298 ], [ 258006.786366566841025, 7041102.339769707992673 ], [ 258001.783175976917846, 7041102.339769707992673 ], [ 258001.783175976917846, 7041107.342960298061371 ], [ 257996.779985386965564, 7041107.342960298061371 ], [ 257996.779985386965564, 7041112.346150888130069 ], [ 257986.773604207060998, 7041112.346150888130069 ], [ 257986.773604207060998, 7041117.349341478198767 ], [ 257966.760841847280972, 7041117.349341478198767 ], [ 257966.760841847280972, 7041112.346150888130069 ], [ 257956.754460667376406, 7041112.346150888130069 ], [ 257956.754460667376406, 7041107.342960298061371 ], [ 257946.748079487500945, 7041107.342960298061371 ], [ 257946.748079487500945, 7041102.339769707992673 ], [ 257941.744888897548662, 7041102.339769707992673 ], [ 257941.744888897548662, 7041097.336579118855298 ], [ 257931.738507717644097, 7041097.336579118855298 ], [ 257931.738507717644097, 7041092.3333885287866 ], [ 257926.735317127691815, 7041092.3333885287866 ], [ 257926.735317127691815, 7041087.330197938717902 ], [ 257901.719364177959505, 7041087.330197938717902 ], [ 257901.719364177959505, 7041092.3333885287866 ], [ 257896.716173588007223, 7041092.3333885287866 ], [ 257896.716173588007223, 7041097.336579118855298 ], [ 257881.706601818179479, 7041097.336579118855298 ], [ 257881.706601818179479, 7041102.339769707992673 ], [ 257871.700220638274914, 7041102.339769707992673 ], [ 257871.700220638274914, 7041117.349341478198767 ], [ 257876.703411228227196, 7041117.349341478198767 ], [ 257876.703411228227196, 7041127.355722658336163 ], [ 257886.709792408131761, 7041127.355722658336163 ], [ 257886.709792408131761, 7041132.35891324840486 ], [ 257891.712982998084044, 7041132.35891324840486 ], [ 257891.712982998084044, 7041172.384437968023121 ], [ 257896.716173588007223, 7041172.384437968023121 ], [ 257896.716173588007223, 7041197.400390917435288 ], [ 257901.719364177959505, 7041197.400390917435288 ], [ 257901.719364177959505, 7041207.406772097572684 ], [ 257911.725745357864071, 7041207.406772097572684 ], [ 257911.725745357864071, 7041212.409962687641382 ], [ 257926.735317127691815, 7041212.409962687641382 ], [ 257926.735317127691815, 7041217.413153276778758 ], [ 257921.732126537768636, 7041217.413153276778758 ], [ 257921.732126537768636, 7041227.419534456916153 ], [ 257926.735317127691815, 7041227.419534456916153 ], [ 257926.735317127691815, 7041232.422725046984851 ], [ 257931.738507717644097, 7041232.422725046984851 ], [ 257931.738507717644097, 7041242.429106227122247 ], [ 257926.735317127691815, 7041242.429106227122247 ], [ 257926.735317127691815, 7041247.432296817190945 ], [ 257931.738507717644097, 7041247.432296817190945 ], [ 257931.738507717644097, 7041262.441868586465716 ], [ 257936.74169830759638, 7041262.441868586465716 ], [ 257936.74169830759638, 7041272.448249766603112 ], [ 257946.748079487500945, 7041272.448249766603112 ], [ 257946.748079487500945, 7041277.45144035667181 ], [ 257961.757651257328689, 7041277.45144035667181 ], [ 257961.757651257328689, 7041302.467393306083977 ], [ 257956.754460667376406, 7041302.467393306083977 ], [ 257956.754460667376406, 7041362.50568038597703 ], [ 257961.757651257328689, 7041362.50568038597703 ], [ 257961.757651257328689, 7041387.521633335389197 ], [ 257966.760841847280972, 7041387.521633335389197 ], [ 257966.760841847280972, 7041392.524823925457895 ], [ 257971.764032437233254, 7041392.524823925457895 ], [ 257971.764032437233254, 7041402.531205105595291 ], [ 257976.767223027185537, 7041402.531205105595291 ], [ 257976.767223027185537, 7041412.537586284801364 ], [ 257971.764032437233254, 7041412.537586284801364 ], [ 257971.764032437233254, 7041422.54396746493876 ], [ 257966.760841847280972, 7041422.54396746493876 ], [ 257966.760841847280972, 7041432.550348645076156 ], [ 257961.757651257328689, 7041432.550348645076156 ], [ 257961.757651257328689, 7041437.553539235144854 ], [ 257956.754460667376406, 7041437.553539235144854 ], [ 257956.754460667376406, 7041467.572682774625719 ], [ 257961.757651257328689, 7041467.572682774625719 ], [ 257961.757651257328689, 7041482.58225454390049 ], [ 257956.754460667376406, 7041482.58225454390049 ], [ 257956.754460667376406, 7041487.585445133969188 ], [ 257946.748079487500945, 7041487.585445133969188 ], [ 257946.748079487500945, 7041492.588635724037886 ], [ 257951.751270077424124, 7041492.588635724037886 ], [ 257951.751270077424124, 7041497.591826314106584 ], [ 257956.754460667376406, 7041497.591826314106584 ], [ 257956.754460667376406, 7041502.595016904175282 ], [ 257961.757651257328689, 7041502.595016904175282 ], [ 257961.757651257328689, 7041507.598207494243979 ], [ 257966.760841847280972, 7041507.598207494243979 ], [ 257966.760841847280972, 7041512.601398084312677 ], [ 257971.764032437233254, 7041512.601398084312677 ], [ 257971.764032437233254, 7041517.604588674381375 ], [ 257976.767223027185537, 7041517.604588674381375 ], [ 257976.767223027185537, 7041522.607779263518751 ], [ 257981.770413617108716, 7041522.607779263518751 ], [ 257981.770413617108716, 7041527.610969853587449 ], [ 257986.773604207060998, 7041527.610969853587449 ], [ 257986.773604207060998, 7041522.607779263518751 ], [ 258006.786366566841025, 7041522.607779263518751 ], [ 258006.786366566841025, 7041517.604588674381375 ], [ 258016.79274774674559, 7041517.604588674381375 ], [ 258016.79274774674559, 7041507.598207494243979 ], [ 258021.795938336697873, 7041507.598207494243979 ], [ 258021.795938336697873, 7041502.595016904175282 ], [ 258026.799128926650155, 7041502.595016904175282 ], [ 258026.799128926650155, 7041497.591826314106584 ], [ 258031.802319516602438, 7041497.591826314106584 ], [ 258031.802319516602438, 7041482.58225454390049 ], [ 258026.799128926650155, 7041482.58225454390049 ], [ 258026.799128926650155, 7041462.569492184557021 ], [ 258021.795938336697873, 7041462.569492184557021 ], [ 258021.795938336697873, 7041452.563111004419625 ], [ 258016.79274774674559, 7041452.563111004419625 ], [ 258016.79274774674559, 7041447.559920414350927 ], [ 258011.789557156793308, 7041447.559920414350927 ], [ 258011.789557156793308, 7041437.553539235144854 ], [ 258016.79274774674559, 7041437.553539235144854 ], [ 258016.79274774674559, 7041377.515252155251801 ], [ 258021.795938336697873, 7041377.515252155251801 ], [ 258021.795938336697873, 7041372.512061565183103 ], [ 258026.799128926650155, 7041372.512061565183103 ], [ 258026.799128926650155, 7041367.508870975114405 ], [ 258036.805510106525617, 7041367.508870975114405 ], [ 258036.805510106525617, 7041362.50568038597703 ], [ 258041.808700696477899, 7041362.50568038597703 ], [ 258041.808700696477899, 7041357.502489795908332 ], [ 258046.811891286430182, 7041357.502489795908332 ], [ 258046.811891286430182, 7041352.499299205839634 ], [ 258051.815081876382465, 7041352.499299205839634 ], [ 258051.815081876382465, 7041347.496108615770936 ], [ 258056.818272466334747, 7041347.496108615770936 ], [ 258056.818272466334747, 7041342.492918025702238 ], [ 258061.821463056257926, 7041342.492918025702238 ], [ 258061.821463056257926, 7041332.486536845564842 ], [ 258066.824653646210209, 7041332.486536845564842 ], [ 258066.824653646210209, 7041327.483346256427467 ], [ 258071.827844236162491, 7041327.483346256427467 ], [ 258071.827844236162491, 7041322.480155666358769 ], [ 258076.831034826114774, 7041322.480155666358769 ], [ 258076.831034826114774, 7041317.476965076290071 ], [ 258081.834225416067056, 7041317.476965076290071 ], [ 258081.834225416067056, 7041307.470583896152675 ], [ 258086.837416006019339, 7041307.470583896152675 ], [ 258086.837416006019339, 7041302.467393306083977 ], [ 258091.840606595942518, 7041302.467393306083977 ], [ 258091.840606595942518, 7041297.464202716015279 ], [ 258096.8437971858948, 7041297.464202716015279 ], [ 258096.8437971858948, 7041282.454630946740508 ], [ 258101.846987775847083, 7041282.454630946740508 ], [ 258101.846987775847083, 7041277.45144035667181 ], [ 258106.850178365799366, 7041277.45144035667181 ], [ 258106.850178365799366, 7041267.445059176534414 ], [ 258111.853368955751648, 7041267.445059176534414 ], [ 258111.853368955751648, 7041262.441868586465716 ], [ 258116.856559545674827, 7041262.441868586465716 ], [ 258116.856559545674827, 7041252.435487406328321 ], [ 258121.85975013562711, 7041252.435487406328321 ], [ 258121.85975013562711, 7041247.432296817190945 ], [ 258126.862940725579392, 7041247.432296817190945 ], [ 258126.862940725579392, 7041242.429106227122247 ], [ 258146.875703085359419, 7041242.429106227122247 ], [ 258146.875703085359419, 7041237.425915637053549 ], [ 258161.885274855216267, 7041237.425915637053549 ], [ 258161.885274855216267, 7041232.422725046984851 ], [ 258166.888465445168549, 7041232.422725046984851 ], [ 258166.888465445168549, 7041227.419534456916153 ], [ 258176.894846625044011, 7041227.419534456916153 ], [ 258176.894846625044011, 7041222.416343866847456 ], [ 258181.898037214996293, 7041222.416343866847456 ], [ 258181.898037214996293, 7041217.413153276778758 ], [ 258186.901227804948576, 7041217.413153276778758 ], [ 258186.901227804948576, 7041212.409962687641382 ], [ 258191.904418394900858, 7041212.409962687641382 ], [ 258191.904418394900858, 7041207.406772097572684 ], [ 258196.907608984853141, 7041207.406772097572684 ], [ 258196.907608984853141, 7041197.400390917435288 ], [ 258201.91079957477632, 7041197.400390917435288 ], [ 258201.91079957477632, 7041187.394009737297893 ], [ 258206.913990164728602, 7041187.394009737297893 ], [ 258206.913990164728602, 7041177.387628557160497 ], [ 258211.917180754680885, 7041177.387628557160497 ], [ 258211.917180754680885, 7041162.378056787885725 ], [ 258216.920371344633168, 7041162.378056787885725 ], [ 258216.920371344633168, 7041152.37167560774833 ], [ 258221.92356193458545, 7041152.37167560774833 ], [ 258221.92356193458545, 7041147.368485017679632 ], [ 258231.929943114460912, 7041147.368485017679632 ], [ 258231.929943114460912, 7041142.365294427610934 ], [ 258246.939514884317759, 7041142.365294427610934 ], [ 258246.939514884317759, 7041147.368485017679632 ], [ 258261.949086654145503, 7041147.368485017679632 ], [ 258261.949086654145503, 7041152.37167560774833 ], [ 258266.952277244097786, 7041152.37167560774833 ], [ 258266.952277244097786, 7041157.374866197817028 ], [ 258276.958658424002351, 7041157.374866197817028 ], [ 258276.958658424002351, 7041162.378056787885725 ], [ 258281.96184901392553, 7041162.378056787885725 ], [ 258281.96184901392553, 7041167.381247377954423 ], [ 258301.97461137373466, 7041167.381247377954423 ], [ 258301.97461137373466, 7041147.368485017679632 ], [ 258296.971420783782378, 7041147.368485017679632 ], [ 258296.971420783782378, 7041082.327007348649204 ], [ 258291.968230193830095, 7041082.327007348649204 ], [ 258291.968230193830095, 7041072.320626168511808 ], [ 258296.971420783782378, 7041072.320626168511808 ], [ 258296.971420783782378, 7041067.31743557844311 ], [ 258301.97461137373466, 7041067.31743557844311 ], [ 258301.97461137373466, 7041062.314244988374412 ], [ 258306.977801963686943, 7041062.314244988374412 ], [ 258306.977801963686943, 7041057.311054399237037 ], [ 258316.984183143562404, 7041057.311054399237037 ], [ 258316.984183143562404, 7041047.304673219099641 ], [ 258321.987373733514687, 7041047.304673219099641 ], [ 258321.987373733514687, 7041037.298292038962245 ], [ 258316.984183143562404, 7041037.298292038962245 ], [ 258316.984183143562404, 7041002.275957909412682 ], [ 258321.987373733514687, 7041002.275957909412682 ], [ 258321.987373733514687, 7040992.269576729275286 ], [ 258326.99056432346697, 7040992.269576729275286 ], [ 258326.99056432346697, 7040987.266386139206588 ], [ 258331.993754913419252, 7040987.266386139206588 ], [ 258331.993754913419252, 7040982.263195550069213 ], [ 258342.000136093294714, 7040982.263195550069213 ], [ 258342.000136093294714, 7040977.260004960000515 ], [ 258352.006517273199279, 7040977.260004960000515 ], [ 258352.006517273199279, 7040972.256814369931817 ], [ 258417.047994942520745, 7040972.256814369931817 ], [ 258417.047994942520745, 7040967.253623779863119 ], [ 258422.051185532443924, 7040967.253623779863119 ], [ 258422.051185532443924, 7040957.247242599725723 ], [ 258417.047994942520745, 7040957.247242599725723 ], [ 258417.047994942520745, 7040942.237670830450952 ], [ 258392.032041992759332, 7040942.237670830450952 ], [ 258392.032041992759332, 7040947.240861419588327 ], [ 258387.028851402836153, 7040947.240861419588327 ], [ 258387.028851402836153, 7040952.244052009657025 ], [ 258352.006517273199279, 7040952.244052009657025 ], [ 258352.006517273199279, 7040947.240861419588327 ], [ 258336.996945503342431, 7040947.240861419588327 ], [ 258336.996945503342431, 7040942.237670830450952 ], [ 258321.987373733514687, 7040942.237670830450952 ], [ 258321.987373733514687, 7040947.240861419588327 ], [ 258316.984183143562404, 7040947.240861419588327 ], [ 258316.984183143562404, 7040952.244052009657025 ], [ 258311.980992553610122, 7040952.244052009657025 ], [ 258311.980992553610122, 7040962.250433189794421 ], [ 258306.977801963686943, 7040962.250433189794421 ], [ 258306.977801963686943, 7041007.27914849948138 ], [ 258301.97461137373466, 7041007.27914849948138 ], [ 258301.97461137373466, 7041012.282339089550078 ], [ 258296.971420783782378, 7041012.282339089550078 ], [ 258296.971420783782378, 7041017.285529679618776 ], [ 258276.958658424002351, 7041017.285529679618776 ], [ 258276.958658424002351, 7041022.288720269687474 ], [ 258266.952277244097786, 7041022.288720269687474 ], [ 258266.952277244097786, 7041037.298292038962245 ], [ 258256.945896064193221, 7041037.298292038962245 ], [ 258256.945896064193221, 7041042.301482629030943 ], [ 258251.942705474270042, 7041042.301482629030943 ], [ 258251.942705474270042, 7041037.298292038962245 ], [ 258246.939514884317759, 7041037.298292038962245 ], [ 258246.939514884317759, 7041032.295101448893547 ], [ 258241.936324294365477, 7041032.295101448893547 ], [ 258241.936324294365477, 7041022.288720269687474 ], [ 258236.933133704413194, 7041022.288720269687474 ], [ 258236.933133704413194, 7041017.285529679618776 ], [ 258231.929943114460912, 7041017.285529679618776 ], [ 258231.929943114460912, 7041012.282339089550078 ], [ 258226.926752524508629, 7041012.282339089550078 ], [ 258226.926752524508629, 7041007.27914849948138 ], [ 258221.92356193458545, 7041007.27914849948138 ], [ 258221.92356193458545, 7040992.269576729275286 ], [ 258216.920371344633168, 7040992.269576729275286 ], [ 258216.920371344633168, 7040987.266386139206588 ], [ 258221.92356193458545, 7040987.266386139206588 ], [ 258221.92356193458545, 7040982.263195550069213 ], [ 258226.926752524508629, 7040982.263195550069213 ], [ 258226.926752524508629, 7040977.260004960000515 ], [ 258231.929943114460912, 7040977.260004960000515 ], [ 258231.929943114460912, 7040952.244052009657025 ], [ 258226.926752524508629, 7040952.244052009657025 ], [ 258226.926752524508629, 7040947.240861419588327 ], [ 258211.917180754680885, 7040947.240861419588327 ], [ 258211.917180754680885, 7040942.237670830450952 ], [ 258201.91079957477632, 7040942.237670830450952 ], [ 258201.91079957477632, 7040932.231289650313556 ], [ 258206.913990164728602, 7040932.231289650313556 ], [ 258206.913990164728602, 7040922.22490847017616 ], [ 258211.917180754680885, 7040922.22490847017616 ], [ 258211.917180754680885, 7040917.221717880107462 ], [ 258216.920371344633168, 7040917.221717880107462 ], [ 258216.920371344633168, 7040907.215336700901389 ], [ 258221.92356193458545, 7040907.215336700901389 ], [ 258221.92356193458545, 7040887.202574340626597 ], [ 258226.926752524508629, 7040887.202574340626597 ], [ 258226.926752524508629, 7040877.196193160489202 ], [ 258231.929943114460912, 7040877.196193160489202 ], [ 258231.929943114460912, 7040867.189811981283128 ], [ 258236.933133704413194, 7040867.189811981283128 ], [ 258236.933133704413194, 7040852.180240211077034 ], [ 258241.936324294365477, 7040852.180240211077034 ], [ 258241.936324294365477, 7040847.177049621008337 ], [ 258246.939514884317759, 7040847.177049621008337 ], [ 258246.939514884317759, 7040837.170668440870941 ], [ 258251.942705474270042, 7040837.170668440870941 ], [ 258251.942705474270042, 7040832.167477850802243 ], [ 258256.945896064193221, 7040832.167477850802243 ], [ 258256.945896064193221, 7040827.164287261664867 ], [ 258271.955467834050069, 7040827.164287261664867 ], [ 258271.955467834050069, 7040822.161096671596169 ], [ 258291.968230193830095, 7040822.161096671596169 ], [ 258291.968230193830095, 7040817.157906081527472 ], [ 258311.980992553610122, 7040817.157906081527472 ], [ 258311.980992553610122, 7040812.154715491458774 ], [ 258316.984183143562404, 7040812.154715491458774 ], [ 258316.984183143562404, 7040817.157906081527472 ], [ 258326.99056432346697, 7040817.157906081527472 ], [ 258326.99056432346697, 7040812.154715491458774 ], [ 258352.006517273199279, 7040812.154715491458774 ], [ 258352.006517273199279, 7040807.151524901390076 ], [ 258362.012898453103844, 7040807.151524901390076 ], [ 258362.012898453103844, 7040802.148334311321378 ], [ 258367.016089043027023, 7040802.148334311321378 ], [ 258367.016089043027023, 7040797.14514372125268 ], [ 258372.019279632979305, 7040797.14514372125268 ], [ 258372.019279632979305, 7040787.138762542046607 ], [ 258377.022470222931588, 7040787.138762542046607 ], [ 258377.022470222931588, 7040782.135571951977909 ], [ 258387.028851402836153, 7040782.135571951977909 ], [ 258387.028851402836153, 7040777.132381361909211 ], [ 258392.032041992759332, 7040777.132381361909211 ], [ 258392.032041992759332, 7040752.116428412497044 ], [ 258407.04161376261618, 7040752.116428412497044 ], [ 258407.04161376261618, 7040742.110047232359648 ], [ 258412.044804352568462, 7040742.110047232359648 ], [ 258412.044804352568462, 7040712.090903692878783 ], [ 258417.047994942520745, 7040712.090903692878783 ], [ 258417.047994942520745, 7040697.081331922672689 ], [ 258412.044804352568462, 7040697.081331922672689 ], [ 258412.044804352568462, 7040692.078141332603991 ], [ 258417.047994942520745, 7040692.078141332603991 ], [ 258417.047994942520745, 7040677.06856956332922 ], [ 258422.051185532443924, 7040677.06856956332922 ], [ 258422.051185532443924, 7040667.062188383191824 ], [ 258427.054376122396206, 7040667.062188383191824 ], [ 258427.054376122396206, 7040657.055807203054428 ], [ 258432.057566712348489, 7040657.055807203054428 ], [ 258432.057566712348489, 7040627.036663663573563 ], [ 258437.060757302300772, 7040627.036663663573563 ], [ 258437.060757302300772, 7040612.027091893367469 ], [ 258442.063947892253054, 7040612.027091893367469 ], [ 258442.063947892253054, 7040597.017520124092698 ], [ 258447.067138482176233, 7040597.017520124092698 ], [ 258447.067138482176233, 7040592.014329534024 ], [ 258452.070329072128516, 7040592.014329534024 ], [ 258452.070329072128516, 7040582.007948353886604 ], [ 258457.073519662080798, 7040582.007948353886604 ], [ 258457.073519662080798, 7040577.004757763817906 ], [ 258462.076710252033081, 7040577.004757763817906 ], [ 258462.076710252033081, 7040556.991995404474437 ], [ 258467.079900841985364, 7040556.991995404474437 ], [ 258467.079900841985364, 7040541.982423634268343 ], [ 258472.083091431937646, 7040541.982423634268343 ], [ 258472.083091431937646, 7040516.966470684856176 ], [ 258477.086282021860825, 7040516.966470684856176 ], [ 258477.086282021860825, 7040506.960089504718781 ], [ 258482.089472611813108, 7040506.960089504718781 ], [ 258482.089472611813108, 7040501.956898914650083 ], [ 258492.095853791717673, 7040501.956898914650083 ], [ 258492.095853791717673, 7040496.953708324581385 ], [ 258497.099044381669955, 7040496.953708324581385 ], [ 258497.099044381669955, 7040491.950517734512687 ], [ 258522.114997331402265, 7040491.950517734512687 ], [ 258522.114997331402265, 7040476.940945965237916 ], [ 258517.111806741449982, 7040476.940945965237916 ], [ 258517.111806741449982, 7040466.93456478510052 ], [ 258522.114997331402265, 7040466.93456478510052 ], [ 258522.114997331402265, 7040456.928183604963124 ], [ 258527.118187921354547, 7040456.928183604963124 ], [ 258527.118187921354547, 7040426.909040065482259 ], [ 258522.114997331402265, 7040426.909040065482259 ], [ 258522.114997331402265, 7040416.902658885344863 ], [ 258517.111806741449982, 7040416.902658885344863 ], [ 258517.111806741449982, 7040406.89627770613879 ], [ 258512.108616151497699, 7040406.89627770613879 ], [ 258512.108616151497699, 7040351.861181216314435 ], [ 258517.111806741449982, 7040351.861181216314435 ], [ 258517.111806741449982, 7040341.854800036177039 ], [ 258522.114997331402265, 7040341.854800036177039 ], [ 258522.114997331402265, 7040331.848418856970966 ], [ 258527.118187921354547, 7040331.848418856970966 ], [ 258527.118187921354547, 7040326.845228266902268 ], [ 258532.121378511277726, 7040326.845228266902268 ], [ 258532.121378511277726, 7040316.838847086764872 ], [ 258537.124569101230009, 7040316.838847086764872 ], [ 258537.124569101230009, 7040311.835656496696174 ], [ 258542.127759691182291, 7040311.835656496696174 ], [ 258542.127759691182291, 7040306.832465906627476 ], [ 258547.130950281134574, 7040306.832465906627476 ], [ 258547.130950281134574, 7040301.829275316558778 ], [ 258552.134140871086856, 7040301.829275316558778 ], [ 258552.134140871086856, 7040296.82608472649008 ], [ 258557.137331461010035, 7040296.82608472649008 ], [ 258557.137331461010035, 7040291.822894137352705 ], [ 258562.140522050962318, 7040291.822894137352705 ], [ 258562.140522050962318, 7040286.819703547284007 ], [ 258567.1437126409146, 7040286.819703547284007 ], [ 258567.1437126409146, 7040281.816512957215309 ], [ 258572.146903230866883, 7040281.816512957215309 ], [ 258572.146903230866883, 7040276.813322367146611 ], [ 258577.150093820819166, 7040276.813322367146611 ], [ 258577.150093820819166, 7040271.810131777077913 ], [ 258582.153284410771448, 7040271.810131777077913 ], [ 258582.153284410771448, 7040266.806941187009215 ], [ 258587.156475000694627, 7040266.806941187009215 ], [ 258587.156475000694627, 7040261.803750596940517 ], [ 258592.15966559064691, 7040261.803750596940517 ], [ 258592.15966559064691, 7040256.800560007803142 ], [ 258597.162856180599192, 7040256.800560007803142 ], [ 258597.162856180599192, 7040251.797369417734444 ], [ 258602.166046770551475, 7040251.797369417734444 ], [ 258602.166046770551475, 7040241.790988237597048 ], [ 258607.169237360503757, 7040241.790988237597048 ], [ 258607.169237360503757, 7040231.784607057459652 ], [ 258612.172427950426936, 7040231.784607057459652 ], [ 258612.172427950426936, 7040206.768654108047485 ], [ 258617.175618540379219, 7040206.768654108047485 ], [ 258617.175618540379219, 7040196.762272927910089 ], [ 258622.178809130331501, 7040196.762272927910089 ], [ 258622.178809130331501, 7040191.759082337841392 ], [ 258627.181999720283784, 7040191.759082337841392 ], [ 258627.181999720283784, 7040186.755891747772694 ], [ 258632.185190310236067, 7040186.755891747772694 ], [ 258632.185190310236067, 7040176.74951056856662 ], [ 258637.188380900188349, 7040176.74951056856662 ], [ 258637.188380900188349, 7040171.746319978497922 ], [ 258642.191571490111528, 7040171.746319978497922 ], [ 258642.191571490111528, 7040161.739938798360527 ], [ 258647.194762080063811, 7040161.739938798360527 ], [ 258647.194762080063811, 7040156.736748208291829 ], [ 258652.197952670016093, 7040156.736748208291829 ], [ 258652.197952670016093, 7040151.733557618223131 ], [ 258657.201143259968376, 7040151.733557618223131 ], [ 258657.201143259968376, 7040141.727176439017057 ], [ 258662.204333849920658, 7040141.727176439017057 ], [ 258662.204333849920658, 7040136.723985848948359 ], [ 258667.207524439843837, 7040136.723985848948359 ], [ 258667.207524439843837, 7040131.720795258879662 ], [ 258672.21071502979612, 7040131.720795258879662 ], [ 258672.21071502979612, 7040126.717604668810964 ], [ 258677.213905619748402, 7040126.717604668810964 ], [ 258677.213905619748402, 7040131.720795258879662 ], [ 258687.220286799652968, 7040131.720795258879662 ], [ 258687.220286799652968, 7040136.723985848948359 ], [ 258702.229858569480712, 7040136.723985848948359 ], [ 258702.229858569480712, 7040131.720795258879662 ], [ 258712.236239749385277, 7040131.720795258879662 ], [ 258712.236239749385277, 7040126.717604668810964 ], [ 258717.239430339337559, 7040126.717604668810964 ], [ 258717.239430339337559, 7040121.714414078742266 ], [ 258722.242620929260738, 7040121.714414078742266 ], [ 258722.242620929260738, 7040116.711223488673568 ], [ 258727.245811519213021, 7040116.711223488673568 ], [ 258727.245811519213021, 7040111.70803289860487 ], [ 258732.249002109165303, 7040111.70803289860487 ], [ 258732.249002109165303, 7040081.688889359124005 ], [ 258727.245811519213021, 7040081.688889359124005 ], [ 258727.245811519213021, 7040076.685698769055307 ], [ 258732.249002109165303, 7040076.685698769055307 ], [ 258732.249002109165303, 7040066.679317588917911 ], [ 258737.252192699117586, 7040066.679317588917911 ], [ 258737.252192699117586, 7040056.672936409711838 ], [ 258752.26176446894533, 7040056.672936409711838 ], [ 258752.26176446894533, 7040051.66974581964314 ], [ 258762.268145648849895, 7040051.66974581964314 ], [ 258762.268145648849895, 7040041.663364639505744 ], [ 258737.252192699117586, 7040041.663364639505744 ], [ 258737.252192699117586, 7040036.660174049437046 ], [ 258732.249002109165303, 7040036.660174049437046 ], [ 258732.249002109165303, 7040031.656983459368348 ], [ 258722.242620929260738, 7040031.656983459368348 ], [ 258722.242620929260738, 7040026.653792870230973 ], [ 258717.239430339337559, 7040026.653792870230973 ], [ 258717.239430339337559, 7040001.637839919887483 ], [ 258722.242620929260738, 7040001.637839919887483 ], [ 258722.242620929260738, 7039981.625077560544014 ], [ 258727.245811519213021, 7039981.625077560544014 ], [ 258727.245811519213021, 7039966.61550579033792 ], [ 258722.242620929260738, 7039966.61550579033792 ], [ 258722.242620929260738, 7039961.612315200269222 ], [ 258717.239430339337559, 7039961.612315200269222 ], [ 258717.239430339337559, 7039946.602743430994451 ], [ 258712.236239749385277, 7039946.602743430994451 ], [ 258712.236239749385277, 7039936.596362250857055 ], [ 258707.233049159432994, 7039936.596362250857055 ], [ 258707.233049159432994, 7039916.583599890582263 ], [ 258702.229858569480712, 7039916.583599890582263 ], [ 258702.229858569480712, 7039911.580409301444888 ], [ 258697.226667979528429, 7039911.580409301444888 ], [ 258697.226667979528429, 7039906.57721871137619 ], [ 258692.22347738960525, 7039906.57721871137619 ], [ 258692.22347738960525, 7039886.564456351101398 ], [ 258697.226667979528429, 7039886.564456351101398 ], [ 258697.226667979528429, 7039881.561265761032701 ], [ 258692.22347738960525, 7039881.561265761032701 ], [ 258692.22347738960525, 7039876.558075170964003 ], [ 258682.217096209700685, 7039876.558075170964003 ], [ 258682.217096209700685, 7039871.554884581826627 ], [ 258662.204333849920658, 7039871.554884581826627 ], [ 258662.204333849920658, 7039866.551693991757929 ], [ 258657.201143259968376, 7039866.551693991757929 ], [ 258657.201143259968376, 7039861.548503401689231 ], [ 258652.197952670016093, 7039861.548503401689231 ], [ 258652.197952670016093, 7039856.545312811620533 ], [ 258647.194762080063811, 7039856.545312811620533 ], [ 258647.194762080063811, 7039851.542122221551836 ], [ 258642.191571490111528, 7039851.542122221551836 ], [ 258642.191571490111528, 7039846.538931631483138 ], [ 258637.188380900188349, 7039846.538931631483138 ], [ 258637.188380900188349, 7039841.53574104141444 ], [ 258632.185190310236067, 7039841.53574104141444 ], [ 258632.185190310236067, 7039836.532550451345742 ], [ 258627.181999720283784, 7039836.532550451345742 ], [ 258627.181999720283784, 7039826.526169272139668 ], [ 258622.178809130331501, 7039826.526169272139668 ], [ 258622.178809130331501, 7039816.519788092002273 ], [ 258617.175618540379219, 7039816.519788092002273 ], [ 258617.175618540379219, 7039811.516597501933575 ], [ 258612.172427950426936, 7039811.516597501933575 ], [ 258612.172427950426936, 7039801.510216321796179 ], [ 258607.169237360503757, 7039801.510216321796179 ], [ 258607.169237360503757, 7039786.500644552521408 ], [ 258602.166046770551475, 7039786.500644552521408 ], [ 258602.166046770551475, 7039761.484691602177918 ], [ 258597.162856180599192, 7039761.484691602177918 ], [ 258597.162856180599192, 7039716.455976293422282 ], [ 258592.15966559064691, 7039716.455976293422282 ], [ 258592.15966559064691, 7039701.446404523216188 ], [ 258587.156475000694627, 7039701.446404523216188 ], [ 258587.156475000694627, 7039691.440023343078792 ], [ 258582.153284410771448, 7039691.440023343078792 ], [ 258582.153284410771448, 7039671.427260983735323 ], [ 258577.150093820819166, 7039671.427260983735323 ], [ 258577.150093820819166, 7039636.40492685418576 ], [ 258572.146903230866883, 7039636.40492685418576 ], [ 258572.146903230866883, 7039601.382592724636197 ], [ 258577.150093820819166, 7039601.382592724636197 ], [ 258577.150093820819166, 7039571.36344918422401 ], [ 258572.146903230866883, 7039571.36344918422401 ], [ 258572.146903230866883, 7039561.357068005017936 ], [ 258577.150093820819166, 7039561.357068005017936 ], [ 258577.150093820819166, 7039521.331543285399675 ], [ 258582.153284410771448, 7039521.331543285399675 ], [ 258582.153284410771448, 7039516.328352695330977 ], [ 258587.156475000694627, 7039516.328352695330977 ], [ 258587.156475000694627, 7039501.318780925124884 ], [ 258582.153284410771448, 7039501.318780925124884 ], [ 258582.153284410771448, 7039491.312399744987488 ], [ 258587.156475000694627, 7039491.312399744987488 ], [ 258587.156475000694627, 7039486.309209155850112 ], [ 258582.153284410771448, 7039486.309209155850112 ], [ 258582.153284410771448, 7039456.290065615437925 ], [ 258587.156475000694627, 7039456.290065615437925 ], [ 258587.156475000694627, 7039441.280493846163154 ], [ 258582.153284410771448, 7039441.280493846163154 ], [ 258582.153284410771448, 7039421.267731485888362 ], [ 258587.156475000694627, 7039421.267731485888362 ], [ 258587.156475000694627, 7039406.258159716613591 ], [ 258592.15966559064691, 7039406.258159716613591 ], [ 258592.15966559064691, 7039371.235825587064028 ], [ 258587.156475000694627, 7039371.235825587064028 ], [ 258587.156475000694627, 7039361.229444406926632 ], [ 258582.153284410771448, 7039361.229444406926632 ], [ 258582.153284410771448, 7039356.226253816857934 ], [ 258577.150093820819166, 7039356.226253816857934 ], [ 258577.150093820819166, 7039341.21668204665184 ], [ 258572.146903230866883, 7039341.21668204665184 ], [ 258572.146903230866883, 7039321.203919687308371 ], [ 258567.1437126409146, 7039321.203919687308371 ], [ 258567.1437126409146, 7039286.181585557758808 ], [ 258562.140522050962318, 7039286.181585557758808 ], [ 258562.140522050962318, 7039271.172013787552714 ], [ 258557.137331461010035, 7039271.172013787552714 ], [ 258557.137331461010035, 7039246.156060838140547 ], [ 258547.130950281134574, 7039246.156060838140547 ], [ 258547.130950281134574, 7039256.162442018277943 ], [ 258537.124569101230009, 7039256.162442018277943 ], [ 258537.124569101230009, 7039221.14010788872838 ], [ 258532.121378511277726, 7039221.14010788872838 ], [ 258532.121378511277726, 7039216.136917298659682 ], [ 258522.114997331402265, 7039216.136917298659682 ], [ 258522.114997331402265, 7039221.14010788872838 ], [ 258517.111806741449982, 7039221.14010788872838 ], [ 258517.111806741449982, 7039226.143298477865756 ], [ 258507.105425561545417, 7039226.143298477865756 ], [ 258507.105425561545417, 7039236.149679658003151 ], [ 258502.102234971593134, 7039236.149679658003151 ], [ 258502.102234971593134, 7039246.156060838140547 ], [ 258497.099044381669955, 7039246.156060838140547 ], [ 258497.099044381669955, 7039251.159251428209245 ], [ 258492.095853791717673, 7039251.159251428209245 ], [ 258492.095853791717673, 7039256.162442018277943 ], [ 258482.089472611813108, 7039256.162442018277943 ], [ 258482.089472611813108, 7039251.159251428209245 ], [ 258462.076710252033081, 7039251.159251428209245 ], [ 258462.076710252033081, 7039256.162442018277943 ], [ 258452.070329072128516, 7039256.162442018277943 ], [ 258452.070329072128516, 7039261.165632608346641 ], [ 258442.063947892253054, 7039261.165632608346641 ], [ 258442.063947892253054, 7039266.168823197484016 ], [ 258432.057566712348489, 7039266.168823197484016 ], [ 258432.057566712348489, 7039271.172013787552714 ], [ 258422.051185532443924, 7039271.172013787552714 ], [ 258422.051185532443924, 7039276.175204377621412 ], [ 258392.032041992759332, 7039276.175204377621412 ], [ 258392.032041992759332, 7039271.172013787552714 ], [ 258362.012898453103844, 7039271.172013787552714 ], [ 258362.012898453103844, 7039276.175204377621412 ], [ 258357.009707863151561, 7039276.175204377621412 ], [ 258357.009707863151561, 7039281.17839496769011 ], [ 258362.012898453103844, 7039281.17839496769011 ], [ 258362.012898453103844, 7039291.184776147827506 ], [ 258367.016089043027023, 7039291.184776147827506 ], [ 258367.016089043027023, 7039296.187966737896204 ], [ 258372.019279632979305, 7039296.187966737896204 ], [ 258372.019279632979305, 7039306.194347917102277 ], [ 258377.022470222931588, 7039306.194347917102277 ], [ 258377.022470222931588, 7039321.203919687308371 ], [ 258372.019279632979305, 7039321.203919687308371 ], [ 258372.019279632979305, 7039326.207110277377069 ], [ 258367.016089043027023, 7039326.207110277377069 ], [ 258367.016089043027023, 7039331.210300867445767 ], [ 258362.012898453103844, 7039331.210300867445767 ], [ 258362.012898453103844, 7039341.21668204665184 ], [ 258326.99056432346697, 7039341.21668204665184 ], [ 258326.99056432346697, 7039346.219872636720538 ], [ 258301.97461137373466, 7039346.219872636720538 ], [ 258301.97461137373466, 7039351.223063226789236 ], [ 258281.96184901392553, 7039351.223063226789236 ], [ 258281.96184901392553, 7039346.219872636720538 ], [ 258276.958658424002351, 7039346.219872636720538 ], [ 258276.958658424002351, 7039336.213491457514465 ], [ 258271.955467834050069, 7039336.213491457514465 ], [ 258271.955467834050069, 7039321.203919687308371 ], [ 258251.942705474270042, 7039321.203919687308371 ], [ 258251.942705474270042, 7039316.200729097239673 ], [ 258246.939514884317759, 7039316.200729097239673 ], [ 258246.939514884317759, 7039301.191157327033579 ], [ 258241.936324294365477, 7039301.191157327033579 ], [ 258241.936324294365477, 7039296.187966737896204 ], [ 258231.929943114460912, 7039296.187966737896204 ], [ 258231.929943114460912, 7039291.184776147827506 ], [ 258221.92356193458545, 7039291.184776147827506 ], [ 258221.92356193458545, 7039286.181585557758808 ], [ 258216.920371344633168, 7039286.181585557758808 ], [ 258216.920371344633168, 7039281.17839496769011 ], [ 258211.917180754680885, 7039281.17839496769011 ], [ 258211.917180754680885, 7039271.172013787552714 ], [ 258206.913990164728602, 7039271.172013787552714 ], [ 258206.913990164728602, 7039266.168823197484016 ], [ 258196.907608984853141, 7039266.168823197484016 ], [ 258196.907608984853141, 7039261.165632608346641 ], [ 258191.904418394900858, 7039261.165632608346641 ], [ 258191.904418394900858, 7039251.159251428209245 ], [ 258186.901227804948576, 7039251.159251428209245 ], [ 258186.901227804948576, 7039246.156060838140547 ], [ 258181.898037214996293, 7039246.156060838140547 ], [ 258181.898037214996293, 7039236.149679658003151 ], [ 258186.901227804948576, 7039236.149679658003151 ], [ 258186.901227804948576, 7039226.143298477865756 ], [ 258181.898037214996293, 7039226.143298477865756 ], [ 258181.898037214996293, 7039221.14010788872838 ], [ 258176.894846625044011, 7039221.14010788872838 ], [ 258176.894846625044011, 7039211.133726708590984 ], [ 258171.891656035091728, 7039211.133726708590984 ], [ 258171.891656035091728, 7039206.130536118522286 ], [ 258166.888465445168549, 7039206.130536118522286 ], [ 258166.888465445168549, 7039201.127345528453588 ], [ 258161.885274855216267, 7039201.127345528453588 ], [ 258161.885274855216267, 7039196.124154938384891 ], [ 258151.878893675311701, 7039196.124154938384891 ], [ 258151.878893675311701, 7039191.120964348316193 ], [ 258146.875703085359419, 7039191.120964348316193 ], [ 258146.875703085359419, 7039196.124154938384891 ], [ 258136.869321905483957, 7039196.124154938384891 ], [ 258136.869321905483957, 7039201.127345528453588 ], [ 258126.862940725579392, 7039201.127345528453588 ], [ 258126.862940725579392, 7039211.133726708590984 ], [ 258121.85975013562711, 7039211.133726708590984 ], [ 258121.85975013562711, 7039231.146489067934453 ], [ 258126.862940725579392, 7039231.146489067934453 ], [ 258126.862940725579392, 7039226.143298477865756 ], [ 258136.869321905483957, 7039226.143298477865756 ], [ 258136.869321905483957, 7039231.146489067934453 ], [ 258141.87251249543624, 7039231.146489067934453 ], [ 258141.87251249543624, 7039241.152870248071849 ], [ 258136.869321905483957, 7039241.152870248071849 ], [ 258136.869321905483957, 7039306.194347917102277 ], [ 258141.87251249543624, 7039306.194347917102277 ], [ 258141.87251249543624, 7039301.191157327033579 ], [ 258146.875703085359419, 7039301.191157327033579 ], [ 258146.875703085359419, 7039296.187966737896204 ], [ 258156.882084265263984, 7039296.187966737896204 ], [ 258156.882084265263984, 7039301.191157327033579 ], [ 258161.885274855216267, 7039301.191157327033579 ], [ 258161.885274855216267, 7039306.194347917102277 ], [ 258166.888465445168549, 7039306.194347917102277 ], [ 258166.888465445168549, 7039346.219872636720538 ], [ 258161.885274855216267, 7039346.219872636720538 ], [ 258161.885274855216267, 7039351.223063226789236 ], [ 258156.882084265263984, 7039351.223063226789236 ], [ 258156.882084265263984, 7039361.229444406926632 ], [ 258151.878893675311701, 7039361.229444406926632 ], [ 258151.878893675311701, 7039381.242206766270101 ], [ 258146.875703085359419, 7039381.242206766270101 ], [ 258146.875703085359419, 7039386.245397356338799 ], [ 258126.862940725579392, 7039386.245397356338799 ], [ 258126.862940725579392, 7039391.248587946407497 ], [ 258121.85975013562711, 7039391.248587946407497 ], [ 258121.85975013562711, 7039416.264540895819664 ], [ 258111.853368955751648, 7039416.264540895819664 ], [ 258111.853368955751648, 7039431.274112666025758 ], [ 258096.8437971858948, 7039431.274112666025758 ], [ 258096.8437971858948, 7039436.277303256094456 ], [ 258046.811891286430182, 7039436.277303256094456 ], [ 258046.811891286430182, 7039441.280493846163154 ], [ 258041.808700696477899, 7039441.280493846163154 ], [ 258041.808700696477899, 7039436.277303256094456 ], [ 258031.802319516602438, 7039436.277303256094456 ], [ 258031.802319516602438, 7039431.274112666025758 ], [ 258011.789557156793308, 7039431.274112666025758 ], [ 258011.789557156793308, 7039426.27092207595706 ], [ 258006.786366566841025, 7039426.27092207595706 ], [ 258006.786366566841025, 7039421.267731485888362 ], [ 257991.776794797013281, 7039421.267731485888362 ], [ 257991.776794797013281, 7039416.264540895819664 ], [ 257976.767223027185537, 7039416.264540895819664 ], [ 257976.767223027185537, 7039411.261350306682289 ], [ 257966.760841847280972, 7039411.261350306682289 ], [ 257966.760841847280972, 7039406.258159716613591 ], [ 257961.757651257328689, 7039406.258159716613591 ], [ 257961.757651257328689, 7039401.254969126544893 ], [ 257951.751270077424124, 7039401.254969126544893 ], [ 257951.751270077424124, 7039391.248587946407497 ], [ 257941.744888897548662, 7039391.248587946407497 ], [ 257941.744888897548662, 7039386.245397356338799 ], [ 257936.74169830759638, 7039386.245397356338799 ], [ 257936.74169830759638, 7039381.242206766270101 ], [ 257931.738507717644097, 7039381.242206766270101 ], [ 257931.738507717644097, 7039371.235825587064028 ], [ 257926.735317127691815, 7039371.235825587064028 ], [ 257926.735317127691815, 7039361.229444406926632 ], [ 257921.732126537768636, 7039361.229444406926632 ], [ 257921.732126537768636, 7039356.226253816857934 ], [ 257896.716173588007223, 7039356.226253816857934 ], [ 257896.716173588007223, 7039351.223063226789236 ], [ 257891.712982998084044, 7039351.223063226789236 ], [ 257891.712982998084044, 7039346.219872636720538 ], [ 257886.709792408131761, 7039346.219872636720538 ], [ 257886.709792408131761, 7039341.21668204665184 ], [ 257876.703411228227196, 7039341.21668204665184 ], [ 257876.703411228227196, 7039336.213491457514465 ], [ 257866.697030048351735, 7039336.213491457514465 ], [ 257866.697030048351735, 7039331.210300867445767 ], [ 257861.693839458399452, 7039331.210300867445767 ], [ 257861.693839458399452, 7039306.194347917102277 ], [ 257856.69064886844717, 7039306.194347917102277 ], [ 257856.69064886844717, 7039311.197538507170975 ], [ 257841.681077098590322, 7039311.197538507170975 ], [ 257841.681077098590322, 7039306.194347917102277 ], [ 257836.677886508667143, 7039306.194347917102277 ], [ 257836.677886508667143, 7039301.191157327033579 ], [ 257831.67469591871486, 7039301.191157327033579 ], [ 257831.67469591871486, 7039296.187966737896204 ], [ 257826.671505328762578, 7039296.187966737896204 ], [ 257826.671505328762578, 7039286.181585557758808 ], [ 257821.668314738810295, 7039286.181585557758808 ], [ 257821.668314738810295, 7039276.175204377621412 ], [ 257816.665124148858013, 7039276.175204377621412 ], [ 257816.665124148858013, 7039271.172013787552714 ], [ 257811.661933558934834, 7039271.172013787552714 ], [ 257811.661933558934834, 7039266.168823197484016 ], [ 257816.665124148858013, 7039266.168823197484016 ], [ 257816.665124148858013, 7039261.165632608346641 ], [ 257811.661933558934834, 7039261.165632608346641 ], [ 257811.661933558934834, 7039256.162442018277943 ], [ 257806.658742968982551, 7039256.162442018277943 ], [ 257806.658742968982551, 7039261.165632608346641 ], [ 257796.652361789077986, 7039261.165632608346641 ], [ 257796.652361789077986, 7039256.162442018277943 ], [ 257791.649171199125703, 7039256.162442018277943 ], [ 257791.649171199125703, 7039246.156060838140547 ], [ 257786.645980609173421, 7039246.156060838140547 ], [ 257786.645980609173421, 7039236.149679658003151 ], [ 257781.642790019250242, 7039236.149679658003151 ], [ 257781.642790019250242, 7039226.143298477865756 ], [ 257776.639599429297959, 7039226.143298477865756 ], [ 257776.639599429297959, 7039206.130536118522286 ], [ 257771.636408839345677, 7039206.130536118522286 ], [ 257771.636408839345677, 7039201.127345528453588 ], [ 257766.633218249393394, 7039201.127345528453588 ], [ 257766.633218249393394, 7039171.108201988972723 ], [ 257761.630027659441112, 7039171.108201988972723 ], [ 257761.630027659441112, 7039166.105011398904026 ], [ 257766.633218249393394, 7039166.105011398904026 ], [ 257766.633218249393394, 7039161.101820808835328 ], [ 257761.630027659441112, 7039161.101820808835328 ], [ 257761.630027659441112, 7039156.09863021876663 ], [ 257756.626837069517933, 7039156.09863021876663 ], [ 257756.626837069517933, 7039136.085867859423161 ], [ 257751.62364647956565, 7039136.085867859423161 ], [ 257751.62364647956565, 7039131.082677269354463 ], [ 257756.626837069517933, 7039131.082677269354463 ], [ 257756.626837069517933, 7039091.057152549736202 ], [ 257761.630027659441112, 7039091.057152549736202 ], [ 257761.630027659441112, 7039081.050771369598806 ], [ 257766.633218249393394, 7039081.050771369598806 ], [ 257766.633218249393394, 7039076.047580779530108 ], [ 257781.642790019250242, 7039076.047580779530108 ], [ 257781.642790019250242, 7039081.050771369598806 ], [ 257791.649171199125703, 7039081.050771369598806 ], [ 257791.649171199125703, 7039086.053961959667504 ], [ 257796.652361789077986, 7039086.053961959667504 ], [ 257796.652361789077986, 7039091.057152549736202 ], [ 257801.655552379030269, 7039091.057152549736202 ], [ 257801.655552379030269, 7039111.069914909079671 ], [ 257811.661933558934834, 7039111.069914909079671 ], [ 257811.661933558934834, 7039106.066724319942296 ], [ 257816.665124148858013, 7039106.066724319942296 ], [ 257816.665124148858013, 7039111.069914909079671 ], [ 257821.668314738810295, 7039111.069914909079671 ], [ 257821.668314738810295, 7039136.085867859423161 ], [ 257826.671505328762578, 7039136.085867859423161 ], [ 257826.671505328762578, 7039146.092249039560556 ], [ 257831.67469591871486, 7039146.092249039560556 ], [ 257831.67469591871486, 7039156.09863021876663 ], [ 257836.677886508667143, 7039156.09863021876663 ], [ 257836.677886508667143, 7039141.089058449491858 ], [ 257831.67469591871486, 7039141.089058449491858 ], [ 257831.67469591871486, 7039111.069914909079671 ], [ 257826.671505328762578, 7039111.069914909079671 ], [ 257826.671505328762578, 7039101.063533729873598 ], [ 257821.668314738810295, 7039101.063533729873598 ], [ 257821.668314738810295, 7039096.0603431398049 ], [ 257811.661933558934834, 7039096.0603431398049 ], [ 257811.661933558934834, 7039076.047580779530108 ], [ 257806.658742968982551, 7039076.047580779530108 ], [ 257806.658742968982551, 7039071.04439018946141 ], [ 257801.655552379030269, 7039071.04439018946141 ], [ 257801.655552379030269, 7039066.041199600324035 ], [ 257796.652361789077986, 7039066.041199600324035 ], [ 257796.652361789077986, 7039061.038009010255337 ], [ 257791.649171199125703, 7039061.038009010255337 ], [ 257791.649171199125703, 7039056.034818420186639 ], [ 257786.645980609173421, 7039056.034818420186639 ], [ 257786.645980609173421, 7039051.031627830117941 ], [ 257781.642790019250242, 7039051.031627830117941 ], [ 257781.642790019250242, 7039041.025246649980545 ], [ 257776.639599429297959, 7039041.025246649980545 ], [ 257776.639599429297959, 7039011.00610311049968 ], [ 257771.636408839345677, 7039011.00610311049968 ], [ 257771.636408839345677, 7038965.977387800812721 ], [ 257776.639599429297959, 7038965.977387800812721 ], [ 257776.639599429297959, 7038955.971006620675325 ], [ 257781.642790019250242, 7038955.971006620675325 ], [ 257781.642790019250242, 7038950.96781603153795 ], [ 257786.645980609173421, 7038950.96781603153795 ], [ 257786.645980609173421, 7038945.964625441469252 ], [ 257826.671505328762578, 7038945.964625441469252 ], [ 257826.671505328762578, 7038950.96781603153795 ], [ 257836.677886508667143, 7038950.96781603153795 ], [ 257836.677886508667143, 7038945.964625441469252 ], [ 257841.681077098590322, 7038945.964625441469252 ], [ 257841.681077098590322, 7038940.961434851400554 ], [ 257836.677886508667143, 7038940.961434851400554 ], [ 257836.677886508667143, 7038925.95186308119446 ], [ 257831.67469591871486, 7038925.95186308119446 ], [ 257831.67469591871486, 7038920.948672491125762 ], [ 257826.671505328762578, 7038920.948672491125762 ], [ 257826.671505328762578, 7038915.945481901988387 ], [ 257821.668314738810295, 7038915.945481901988387 ], [ 257821.668314738810295, 7038900.935910131782293 ], [ 257816.665124148858013, 7038900.935910131782293 ], [ 257816.665124148858013, 7038885.9263383615762 ], [ 257821.668314738810295, 7038885.9263383615762 ], [ 257821.668314738810295, 7038875.919957182370126 ], [ 257826.671505328762578, 7038875.919957182370126 ], [ 257826.671505328762578, 7038870.916766592301428 ], [ 257831.67469591871486, 7038870.916766592301428 ], [ 257831.67469591871486, 7038865.91357600223273 ], [ 257836.677886508667143, 7038865.91357600223273 ], [ 257836.677886508667143, 7038860.910385412164032 ], [ 257846.684267688542604, 7038860.910385412164032 ], [ 257846.684267688542604, 7038855.907194822095335 ], [ 257871.700220638274914, 7038855.907194822095335 ], [ 257871.700220638274914, 7038850.904004232026637 ], [ 257896.716173588007223, 7038850.904004232026637 ], [ 257896.716173588007223, 7038845.900813641957939 ], [ 257901.719364177959505, 7038845.900813641957939 ], [ 257901.719364177959505, 7038840.897623051889241 ], [ 257906.722554767911788, 7038840.897623051889241 ], [ 257906.722554767911788, 7038835.894432462751865 ], [ 257911.725745357864071, 7038835.894432462751865 ], [ 257911.725745357864071, 7038830.891241872683167 ], [ 257921.732126537768636, 7038830.891241872683167 ], [ 257921.732126537768636, 7038825.88805128261447 ], [ 257931.738507717644097, 7038825.88805128261447 ], [ 257931.738507717644097, 7038830.891241872683167 ], [ 257936.74169830759638, 7038830.891241872683167 ], [ 257936.74169830759638, 7038835.894432462751865 ], [ 257941.744888897548662, 7038835.894432462751865 ], [ 257941.744888897548662, 7038845.900813641957939 ], [ 257946.748079487500945, 7038845.900813641957939 ], [ 257946.748079487500945, 7038850.904004232026637 ], [ 257951.751270077424124, 7038850.904004232026637 ], [ 257951.751270077424124, 7038855.907194822095335 ], [ 257956.754460667376406, 7038855.907194822095335 ], [ 257956.754460667376406, 7038860.910385412164032 ], [ 257966.760841847280972, 7038860.910385412164032 ], [ 257966.760841847280972, 7038865.91357600223273 ], [ 257996.779985386965564, 7038865.91357600223273 ], [ 257996.779985386965564, 7038875.919957182370126 ], [ 258001.783175976917846, 7038875.919957182370126 ], [ 258001.783175976917846, 7038885.9263383615762 ], [ 258006.786366566841025, 7038885.9263383615762 ], [ 258006.786366566841025, 7038900.935910131782293 ], [ 258011.789557156793308, 7038900.935910131782293 ], [ 258011.789557156793308, 7038915.945481901988387 ], [ 258016.79274774674559, 7038915.945481901988387 ], [ 258016.79274774674559, 7038925.95186308119446 ], [ 258011.789557156793308, 7038925.95186308119446 ], [ 258011.789557156793308, 7038945.964625441469252 ], [ 258016.79274774674559, 7038945.964625441469252 ], [ 258016.79274774674559, 7038950.96781603153795 ], [ 258021.795938336697873, 7038950.96781603153795 ], [ 258021.795938336697873, 7038945.964625441469252 ], [ 258026.799128926650155, 7038945.964625441469252 ], [ 258026.799128926650155, 7038940.961434851400554 ], [ 258031.802319516602438, 7038940.961434851400554 ], [ 258031.802319516602438, 7038935.958244261331856 ], [ 258036.805510106525617, 7038935.958244261331856 ], [ 258036.805510106525617, 7038930.955053671263158 ], [ 258041.808700696477899, 7038930.955053671263158 ], [ 258041.808700696477899, 7038925.95186308119446 ], [ 258046.811891286430182, 7038925.95186308119446 ], [ 258046.811891286430182, 7038920.948672491125762 ], [ 258051.815081876382465, 7038920.948672491125762 ], [ 258051.815081876382465, 7038890.929528951644897 ], [ 258061.821463056257926, 7038890.929528951644897 ], [ 258061.821463056257926, 7038880.923147771507502 ], [ 258056.818272466334747, 7038880.923147771507502 ], [ 258056.818272466334747, 7038870.916766592301428 ], [ 258061.821463056257926, 7038870.916766592301428 ], [ 258061.821463056257926, 7038860.910385412164032 ], [ 258066.824653646210209, 7038860.910385412164032 ], [ 258066.824653646210209, 7038845.900813641957939 ], [ 258071.827844236162491, 7038845.900813641957939 ], [ 258071.827844236162491, 7038840.897623051889241 ], [ 258081.834225416067056, 7038840.897623051889241 ], [ 258081.834225416067056, 7038835.894432462751865 ], [ 258106.850178365799366, 7038835.894432462751865 ], [ 258106.850178365799366, 7038830.891241872683167 ], [ 258156.882084265263984, 7038830.891241872683167 ], [ 258156.882084265263984, 7038835.894432462751865 ], [ 258166.888465445168549, 7038835.894432462751865 ], [ 258166.888465445168549, 7038840.897623051889241 ], [ 258236.933133704413194, 7038840.897623051889241 ], [ 258236.933133704413194, 7038845.900813641957939 ], [ 258256.945896064193221, 7038845.900813641957939 ], [ 258256.945896064193221, 7038850.904004232026637 ], [ 258271.955467834050069, 7038850.904004232026637 ], [ 258271.955467834050069, 7038855.907194822095335 ], [ 258281.96184901392553, 7038855.907194822095335 ], [ 258281.96184901392553, 7038860.910385412164032 ], [ 258286.965039603877813, 7038860.910385412164032 ], [ 258286.965039603877813, 7038865.91357600223273 ], [ 258291.968230193830095, 7038865.91357600223273 ], [ 258291.968230193830095, 7038870.916766592301428 ], [ 258301.97461137373466, 7038870.916766592301428 ], [ 258301.97461137373466, 7038880.923147771507502 ], [ 258306.977801963686943, 7038880.923147771507502 ], [ 258306.977801963686943, 7038890.929528951644897 ], [ 258311.980992553610122, 7038890.929528951644897 ], [ 258311.980992553610122, 7038855.907194822095335 ], [ 258306.977801963686943, 7038855.907194822095335 ], [ 258306.977801963686943, 7038850.904004232026637 ], [ 258301.97461137373466, 7038850.904004232026637 ], [ 258301.97461137373466, 7038845.900813641957939 ], [ 258296.971420783782378, 7038845.900813641957939 ], [ 258296.971420783782378, 7038840.897623051889241 ], [ 258291.968230193830095, 7038840.897623051889241 ], [ 258291.968230193830095, 7038835.894432462751865 ], [ 258281.96184901392553, 7038835.894432462751865 ], [ 258281.96184901392553, 7038830.891241872683167 ], [ 258276.958658424002351, 7038830.891241872683167 ], [ 258276.958658424002351, 7038825.88805128261447 ], [ 258266.952277244097786, 7038825.88805128261447 ], [ 258266.952277244097786, 7038820.884860692545772 ], [ 258251.942705474270042, 7038820.884860692545772 ], [ 258251.942705474270042, 7038815.881670102477074 ], [ 258236.933133704413194, 7038815.881670102477074 ], [ 258236.933133704413194, 7038810.878479512408376 ], [ 258206.913990164728602, 7038810.878479512408376 ], [ 258206.913990164728602, 7038805.875288922339678 ], [ 258191.904418394900858, 7038805.875288922339678 ], [ 258191.904418394900858, 7038800.872098333202302 ], [ 258181.898037214996293, 7038800.872098333202302 ], [ 258181.898037214996293, 7038805.875288922339678 ], [ 258171.891656035091728, 7038805.875288922339678 ], [ 258171.891656035091728, 7038800.872098333202302 ], [ 258161.885274855216267, 7038800.872098333202302 ], [ 258161.885274855216267, 7038795.868907743133605 ], [ 258156.882084265263984, 7038795.868907743133605 ], [ 258156.882084265263984, 7038790.865717153064907 ], [ 258146.875703085359419, 7038790.865717153064907 ], [ 258146.875703085359419, 7038785.862526562996209 ], [ 258141.87251249543624, 7038785.862526562996209 ], [ 258141.87251249543624, 7038770.852954792790115 ], [ 258146.875703085359419, 7038770.852954792790115 ], [ 258146.875703085359419, 7038765.849764202721417 ], [ 258151.878893675311701, 7038765.849764202721417 ], [ 258151.878893675311701, 7038760.846573613584042 ], [ 258146.875703085359419, 7038760.846573613584042 ], [ 258146.875703085359419, 7038755.843383023515344 ], [ 258116.856559545674827, 7038755.843383023515344 ], [ 258116.856559545674827, 7038760.846573613584042 ], [ 258111.853368955751648, 7038760.846573613584042 ], [ 258111.853368955751648, 7038765.849764202721417 ], [ 258106.850178365799366, 7038765.849764202721417 ], [ 258106.850178365799366, 7038770.852954792790115 ], [ 258101.846987775847083, 7038770.852954792790115 ], [ 258101.846987775847083, 7038780.859335972927511 ], [ 258091.840606595942518, 7038780.859335972927511 ], [ 258091.840606595942518, 7038755.843383023515344 ], [ 258096.8437971858948, 7038755.843383023515344 ], [ 258096.8437971858948, 7038750.840192433446646 ], [ 258106.850178365799366, 7038750.840192433446646 ], [ 258106.850178365799366, 7038745.837001843377948 ], [ 258116.856559545674827, 7038745.837001843377948 ], [ 258116.856559545674827, 7038735.830620663240552 ], [ 258121.85975013562711, 7038735.830620663240552 ], [ 258121.85975013562711, 7038730.827430073171854 ], [ 258126.862940725579392, 7038730.827430073171854 ], [ 258126.862940725579392, 7038720.821048893965781 ], [ 258131.866131315531675, 7038720.821048893965781 ], [ 258131.866131315531675, 7038715.817858303897083 ], [ 258216.920371344633168, 7038715.817858303897083 ], [ 258216.920371344633168, 7038720.821048893965781 ], [ 258241.936324294365477, 7038720.821048893965781 ], [ 258241.936324294365477, 7038725.824239483103156 ], [ 258261.949086654145503, 7038725.824239483103156 ], [ 258261.949086654145503, 7038730.827430073171854 ], [ 258276.958658424002351, 7038730.827430073171854 ], [ 258276.958658424002351, 7038735.830620663240552 ], [ 258286.965039603877813, 7038735.830620663240552 ], [ 258286.965039603877813, 7038740.83381125330925 ], [ 258296.971420783782378, 7038740.83381125330925 ], [ 258296.971420783782378, 7038745.837001843377948 ], [ 258306.977801963686943, 7038745.837001843377948 ], [ 258306.977801963686943, 7038750.840192433446646 ], [ 258316.984183143562404, 7038750.840192433446646 ], [ 258316.984183143562404, 7038755.843383023515344 ], [ 258326.99056432346697, 7038755.843383023515344 ], [ 258326.99056432346697, 7038760.846573613584042 ], [ 258347.003326683246996, 7038760.846573613584042 ], [ 258347.003326683246996, 7038765.849764202721417 ], [ 258357.009707863151561, 7038765.849764202721417 ], [ 258357.009707863151561, 7038770.852954792790115 ], [ 258367.016089043027023, 7038770.852954792790115 ], [ 258367.016089043027023, 7038775.856145382858813 ], [ 258372.019279632979305, 7038775.856145382858813 ], [ 258372.019279632979305, 7038780.859335972927511 ], [ 258377.022470222931588, 7038780.859335972927511 ], [ 258377.022470222931588, 7038765.849764202721417 ], [ 258387.028851402836153, 7038765.849764202721417 ], [ 258387.028851402836153, 7038780.859335972927511 ], [ 258392.032041992759332, 7038780.859335972927511 ], [ 258392.032041992759332, 7038785.862526562996209 ], [ 258397.035232582711615, 7038785.862526562996209 ], [ 258397.035232582711615, 7038780.859335972927511 ], [ 258402.038423172663897, 7038780.859335972927511 ], [ 258402.038423172663897, 7038765.849764202721417 ], [ 258407.04161376261618, 7038765.849764202721417 ], [ 258407.04161376261618, 7038710.814667713828385 ], [ 258412.044804352568462, 7038710.814667713828385 ], [ 258412.044804352568462, 7038685.798714764416218 ], [ 258417.047994942520745, 7038685.798714764416218 ], [ 258417.047994942520745, 7038680.79552417434752 ], [ 258422.051185532443924, 7038680.79552417434752 ], [ 258422.051185532443924, 7038675.792333584278822 ], [ 258427.054376122396206, 7038675.792333584278822 ], [ 258427.054376122396206, 7038665.785952404141426 ], [ 258447.067138482176233, 7038665.785952404141426 ], [ 258447.067138482176233, 7038660.782761814072728 ], [ 258442.063947892253054, 7038660.782761814072728 ], [ 258442.063947892253054, 7038640.769999454729259 ], [ 258447.067138482176233, 7038640.769999454729259 ], [ 258447.067138482176233, 7038645.773190044797957 ], [ 258452.070329072128516, 7038645.773190044797957 ], [ 258452.070329072128516, 7038650.776380633935332 ], [ 258462.076710252033081, 7038650.776380633935332 ], [ 258462.076710252033081, 7038645.773190044797957 ], [ 258457.073519662080798, 7038645.773190044797957 ], [ 258457.073519662080798, 7038640.769999454729259 ], [ 258452.070329072128516, 7038640.769999454729259 ], [ 258452.070329072128516, 7038635.766808864660561 ], [ 258462.076710252033081, 7038635.766808864660561 ], [ 258462.076710252033081, 7038640.769999454729259 ], [ 258467.079900841985364, 7038640.769999454729259 ], [ 258467.079900841985364, 7038645.773190044797957 ], [ 258497.099044381669955, 7038645.773190044797957 ], [ 258497.099044381669955, 7038640.769999454729259 ], [ 258507.105425561545417, 7038640.769999454729259 ], [ 258507.105425561545417, 7038645.773190044797957 ], [ 258522.114997331402265, 7038645.773190044797957 ], [ 258522.114997331402265, 7038640.769999454729259 ], [ 258527.118187921354547, 7038640.769999454729259 ], [ 258527.118187921354547, 7038630.763618274591863 ], [ 258532.121378511277726, 7038630.763618274591863 ], [ 258532.121378511277726, 7038625.760427684523165 ], [ 258542.127759691182291, 7038625.760427684523165 ], [ 258542.127759691182291, 7038605.747665325179696 ], [ 258537.124569101230009, 7038605.747665325179696 ], [ 258537.124569101230009, 7038595.7412841450423 ], [ 258532.121378511277726, 7038595.7412841450423 ], [ 258532.121378511277726, 7038580.731712374836206 ], [ 258527.118187921354547, 7038580.731712374836206 ], [ 258527.118187921354547, 7038560.718950015492737 ], [ 258522.114997331402265, 7038560.718950015492737 ], [ 258522.114997331402265, 7038540.706187655217946 ], [ 258517.111806741449982, 7038540.706187655217946 ], [ 258517.111806741449982, 7038530.699806476011872 ], [ 258512.108616151497699, 7038530.699806476011872 ], [ 258512.108616151497699, 7038520.693425295874476 ], [ 258507.105425561545417, 7038520.693425295874476 ], [ 258507.105425561545417, 7038515.690234705805779 ], [ 258502.102234971593134, 7038515.690234705805779 ], [ 258502.102234971593134, 7038510.687044115737081 ], [ 258497.099044381669955, 7038510.687044115737081 ], [ 258497.099044381669955, 7038505.683853525668383 ], [ 258492.095853791717673, 7038505.683853525668383 ], [ 258492.095853791717673, 7038495.677472346462309 ], [ 258487.09266320176539, 7038495.677472346462309 ], [ 258487.09266320176539, 7038490.674281756393611 ], [ 258482.089472611813108, 7038490.674281756393611 ], [ 258482.089472611813108, 7038450.648757036775351 ], [ 258487.09266320176539, 7038450.648757036775351 ], [ 258487.09266320176539, 7038445.645566446706653 ], [ 258492.095853791717673, 7038445.645566446706653 ], [ 258492.095853791717673, 7038440.642375856637955 ], [ 258497.099044381669955, 7038440.642375856637955 ], [ 258497.099044381669955, 7038435.639185266569257 ], [ 258502.102234971593134, 7038435.639185266569257 ], [ 258502.102234971593134, 7038430.635994676500559 ], [ 258507.105425561545417, 7038430.635994676500559 ], [ 258507.105425561545417, 7038425.632804086431861 ], [ 258512.108616151497699, 7038425.632804086431861 ], [ 258512.108616151497699, 7038420.629613496363163 ], [ 258517.111806741449982, 7038420.629613496363163 ], [ 258517.111806741449982, 7038415.626422907225788 ], [ 258522.114997331402265, 7038415.626422907225788 ], [ 258522.114997331402265, 7038410.62323231715709 ], [ 258527.118187921354547, 7038410.62323231715709 ], [ 258527.118187921354547, 7038405.620041727088392 ], [ 258532.121378511277726, 7038405.620041727088392 ], [ 258532.121378511277726, 7038400.616851137019694 ], [ 258537.124569101230009, 7038400.616851137019694 ], [ 258537.124569101230009, 7038395.613660546950996 ], [ 258542.127759691182291, 7038395.613660546950996 ], [ 258542.127759691182291, 7038390.610469956882298 ], [ 258547.130950281134574, 7038390.610469956882298 ], [ 258547.130950281134574, 7038385.6072793668136 ], [ 258552.134140871086856, 7038385.6072793668136 ], [ 258552.134140871086856, 7038380.604088777676225 ], [ 258557.137331461010035, 7038380.604088777676225 ], [ 258557.137331461010035, 7038375.600898187607527 ], [ 258562.140522050962318, 7038375.600898187607527 ], [ 258562.140522050962318, 7038370.597707597538829 ], [ 258567.1437126409146, 7038370.597707597538829 ], [ 258567.1437126409146, 7038355.588135827332735 ], [ 258572.146903230866883, 7038355.588135827332735 ], [ 258572.146903230866883, 7038340.578564058057964 ], [ 258577.150093820819166, 7038340.578564058057964 ], [ 258577.150093820819166, 7038325.56899228785187 ], [ 258582.153284410771448, 7038325.56899228785187 ], [ 258582.153284410771448, 7038300.553039338439703 ], [ 258587.156475000694627, 7038300.553039338439703 ], [ 258587.156475000694627, 7038285.543467568233609 ], [ 258592.15966559064691, 7038285.543467568233609 ], [ 258592.15966559064691, 7038255.524324028752744 ], [ 258597.162856180599192, 7038255.524324028752744 ], [ 258597.162856180599192, 7038235.511561668477952 ], [ 258602.166046770551475, 7038235.511561668477952 ], [ 258602.166046770551475, 7038205.492418128997087 ], [ 258597.162856180599192, 7038205.492418128997087 ], [ 258597.162856180599192, 7038165.466893409378827 ], [ 258592.15966559064691, 7038165.466893409378827 ], [ 258592.15966559064691, 7038140.45094045996666 ], [ 258587.156475000694627, 7038140.45094045996666 ], [ 258587.156475000694627, 7038115.43498750962317 ], [ 258582.153284410771448, 7038115.43498750962317 ], [ 258582.153284410771448, 7038110.431796920485795 ], [ 258547.130950281134574, 7038110.431796920485795 ], [ 258547.130950281134574, 7038100.425415740348399 ], [ 258542.127759691182291, 7038100.425415740348399 ], [ 258542.127759691182291, 7038090.419034560211003 ], [ 258547.130950281134574, 7038090.419034560211003 ], [ 258547.130950281134574, 7038085.415843970142305 ], [ 258552.134140871086856, 7038085.415843970142305 ], [ 258552.134140871086856, 7038075.409462790004909 ], [ 258562.140522050962318, 7038075.409462790004909 ], [ 258562.140522050962318, 7038070.406272200867534 ], [ 258587.156475000694627, 7038070.406272200867534 ], [ 258587.156475000694627, 7038065.403081610798836 ], [ 258592.15966559064691, 7038065.403081610798836 ], [ 258592.15966559064691, 7038055.39670043066144 ], [ 258597.162856180599192, 7038055.39670043066144 ], [ 258597.162856180599192, 7038045.390319250524044 ], [ 258602.166046770551475, 7038045.390319250524044 ], [ 258602.166046770551475, 7038040.387128660455346 ], [ 258607.169237360503757, 7038040.387128660455346 ], [ 258607.169237360503757, 7038030.380747481249273 ], [ 258612.172427950426936, 7038030.380747481249273 ], [ 258612.172427950426936, 7038015.371175711043179 ], [ 258607.169237360503757, 7038015.371175711043179 ], [ 258607.169237360503757, 7038005.364794530905783 ], [ 258602.166046770551475, 7038005.364794530905783 ], [ 258602.166046770551475, 7037970.34246040135622 ], [ 258597.162856180599192, 7037970.34246040135622 ], [ 258597.162856180599192, 7037950.329698042012751 ], [ 258592.15966559064691, 7037950.329698042012751 ], [ 258592.15966559064691, 7037945.326507451944053 ], [ 258597.162856180599192, 7037945.326507451944053 ], [ 258597.162856180599192, 7037915.307363912463188 ], [ 258602.166046770551475, 7037915.307363912463188 ], [ 258602.166046770551475, 7037895.294601552188396 ], [ 258607.169237360503757, 7037895.294601552188396 ], [ 258607.169237360503757, 7037880.285029782913625 ], [ 258612.172427950426936, 7037880.285029782913625 ], [ 258612.172427950426936, 7037870.278648602776229 ], [ 258617.175618540379219, 7037870.278648602776229 ], [ 258617.175618540379219, 7037855.269076832570136 ], [ 258622.178809130331501, 7037855.269076832570136 ], [ 258622.178809130331501, 7037850.265886242501438 ], [ 258627.181999720283784, 7037850.265886242501438 ], [ 258627.181999720283784, 7037845.26269565243274 ], [ 258632.185190310236067, 7037845.26269565243274 ], [ 258632.185190310236067, 7037825.249933293089271 ], [ 258627.181999720283784, 7037825.249933293089271 ], [ 258627.181999720283784, 7037805.237170933745801 ], [ 258632.185190310236067, 7037805.237170933745801 ], [ 258632.185190310236067, 7037785.22440857347101 ], [ 258637.188380900188349, 7037785.22440857347101 ], [ 258637.188380900188349, 7037780.221217983402312 ], [ 258642.191571490111528, 7037780.221217983402312 ], [ 258642.191571490111528, 7037770.214836803264916 ], [ 258647.194762080063811, 7037770.214836803264916 ], [ 258647.194762080063811, 7037760.208455624058843 ], [ 258652.197952670016093, 7037760.208455624058843 ], [ 258652.197952670016093, 7037755.205265033990145 ], [ 258657.201143259968376, 7037755.205265033990145 ], [ 258657.201143259968376, 7037750.202074443921447 ], [ 258662.204333849920658, 7037750.202074443921447 ], [ 258662.204333849920658, 7037735.192502673715353 ], [ 258667.207524439843837, 7037735.192502673715353 ], [ 258667.207524439843837, 7037715.179740314371884 ], [ 258662.204333849920658, 7037715.179740314371884 ], [ 258662.204333849920658, 7037695.166977954097092 ], [ 258667.207524439843837, 7037695.166977954097092 ], [ 258667.207524439843837, 7037680.157406184822321 ], [ 258672.21071502979612, 7037680.157406184822321 ], [ 258672.21071502979612, 7037675.154215594753623 ], [ 258677.213905619748402, 7037675.154215594753623 ], [ 258677.213905619748402, 7037665.147834414616227 ], [ 258707.233049159432994, 7037665.147834414616227 ], [ 258707.233049159432994, 7037660.144643824547529 ], [ 258717.239430339337559, 7037660.144643824547529 ], [ 258717.239430339337559, 7037655.141453234478831 ], [ 258722.242620929260738, 7037655.141453234478831 ], [ 258722.242620929260738, 7037650.138262645341456 ], [ 258732.249002109165303, 7037650.138262645341456 ], [ 258732.249002109165303, 7037645.135072055272758 ], [ 258737.252192699117586, 7037645.135072055272758 ], [ 258737.252192699117586, 7037640.13188146520406 ], [ 258747.258573879022151, 7037640.13188146520406 ], [ 258747.258573879022151, 7037635.128690875135362 ], [ 258757.264955058897613, 7037635.128690875135362 ], [ 258757.264955058897613, 7037630.125500285066664 ], [ 258762.268145648849895, 7037630.125500285066664 ], [ 258762.268145648849895, 7037625.122309694997966 ], [ 258767.271336238802178, 7037625.122309694997966 ], [ 258767.271336238802178, 7037620.119119104929268 ], [ 258772.27452682875446, 7037620.119119104929268 ], [ 258772.27452682875446, 7037615.115928515791893 ], [ 258777.277717418677639, 7037615.115928515791893 ], [ 258777.277717418677639, 7037610.112737925723195 ], [ 258787.284098598582204, 7037610.112737925723195 ], [ 258787.284098598582204, 7037605.109547335654497 ], [ 258792.287289188534487, 7037605.109547335654497 ], [ 258792.287289188534487, 7037600.106356745585799 ], [ 258797.29047977848677, 7037600.106356745585799 ], [ 258797.29047977848677, 7037595.103166155517101 ], [ 258802.293670368439052, 7037595.103166155517101 ], [ 258802.293670368439052, 7037585.096784975379705 ], [ 258807.296860958362231, 7037585.096784975379705 ], [ 258807.296860958362231, 7037555.07764143589884 ], [ 258812.300051548314514, 7037555.07764143589884 ], [ 258812.300051548314514, 7037550.074450845830142 ], [ 258822.306432728219079, 7037550.074450845830142 ], [ 258822.306432728219079, 7037545.071260255761445 ], [ 258827.309623318171361, 7037545.071260255761445 ], [ 258827.309623318171361, 7037540.068069665692747 ], [ 258832.31281390809454, 7037540.068069665692747 ], [ 258832.31281390809454, 7037535.064879076555371 ], [ 258837.316004498046823, 7037535.064879076555371 ], [ 258837.316004498046823, 7037525.058497896417975 ], [ 258842.319195087999105, 7037525.058497896417975 ], [ 258842.319195087999105, 7037515.05211671628058 ], [ 258847.322385677951388, 7037515.05211671628058 ], [ 258847.322385677951388, 7037505.045735536143184 ], [ 258852.325576267903671, 7037505.045735536143184 ], [ 258852.325576267903671, 7037500.042544947005808 ], [ 258857.328766857855953, 7037500.042544947005808 ], [ 258857.328766857855953, 7037490.036163766868412 ], [ 258862.331957447779132, 7037490.036163766868412 ], [ 258862.331957447779132, 7037485.032973176799715 ], [ 258867.335148037731415, 7037485.032973176799715 ], [ 258867.335148037731415, 7037480.029782586731017 ], [ 258872.338338627683697, 7037480.029782586731017 ], [ 258872.338338627683697, 7037470.023401406593621 ], [ 258877.34152921763598, 7037470.023401406593621 ], [ 258877.34152921763598, 7037465.020210816524923 ], [ 258882.344719807588262, 7037465.020210816524923 ], [ 258882.344719807588262, 7037460.017020227387547 ], [ 258887.347910397511441, 7037460.017020227387547 ], [ 258887.347910397511441, 7037450.010639047250152 ], [ 258882.344719807588262, 7037450.010639047250152 ], [ 258882.344719807588262, 7037424.994686096906662 ], [ 258887.347910397511441, 7037424.994686096906662 ], [ 258887.347910397511441, 7037414.988304917700589 ], [ 258892.351100987463724, 7037414.988304917700589 ], [ 258892.351100987463724, 7037409.985114327631891 ], [ 258897.354291577416006, 7037409.985114327631891 ], [ 258897.354291577416006, 7037404.981923737563193 ], [ 258902.357482167368289, 7037404.981923737563193 ], [ 258902.357482167368289, 7037399.978733147494495 ], [ 258907.360672757320572, 7037399.978733147494495 ], [ 258907.360672757320572, 7037394.975542557425797 ], [ 258912.363863347272854, 7037394.975542557425797 ], [ 258912.363863347272854, 7037389.972351967357099 ], [ 258917.367053937196033, 7037389.972351967357099 ], [ 258917.367053937196033, 7037384.969161378219724 ], [ 258922.370244527148316, 7037384.969161378219724 ], [ 258922.370244527148316, 7037374.962780198082328 ], [ 258927.373435117100598, 7037374.962780198082328 ], [ 258927.373435117100598, 7037369.95958960801363 ], [ 258932.376625707052881, 7037369.95958960801363 ], [ 258932.376625707052881, 7037359.953208427876234 ], [ 258937.379816297005164, 7037359.953208427876234 ], [ 258937.379816297005164, 7037349.946827247738838 ], [ 258927.373435117100598, 7037349.946827247738838 ], [ 258927.373435117100598, 7037334.937255478464067 ], [ 258922.370244527148316, 7037334.937255478464067 ], [ 258922.370244527148316, 7037329.934064888395369 ], [ 258927.373435117100598, 7037329.934064888395369 ], [ 258927.373435117100598, 7037309.921302528120577 ], [ 258932.376625707052881, 7037309.921302528120577 ], [ 258932.376625707052881, 7037299.914921348914504 ], [ 258942.383006886928342, 7037299.914921348914504 ], [ 258942.383006886928342, 7037294.911730758845806 ], [ 258947.386197476880625, 7037294.911730758845806 ], [ 258947.386197476880625, 7037299.914921348914504 ], [ 258982.408531606517499, 7037299.914921348914504 ], [ 258982.408531606517499, 7037294.911730758845806 ], [ 258987.411722196469782, 7037294.911730758845806 ], [ 258987.411722196469782, 7037289.908540168777108 ], [ 258997.418103376345243, 7037289.908540168777108 ], [ 258997.418103376345243, 7037294.911730758845806 ], [ 259002.421293966297526, 7037294.911730758845806 ], [ 259002.421293966297526, 7037284.90534957870841 ], [ 258992.414912786422065, 7037284.90534957870841 ], [ 258992.414912786422065, 7037279.902158988639712 ], [ 258942.383006886928342, 7037279.902158988639712 ], [ 258942.383006886928342, 7037274.898968398571014 ], [ 258932.376625707052881, 7037274.898968398571014 ], [ 258932.376625707052881, 7037269.895777809433639 ], [ 258897.354291577416006, 7037269.895777809433639 ], [ 258897.354291577416006, 7037264.892587219364941 ], [ 258892.351100987463724, 7037264.892587219364941 ], [ 258892.351100987463724, 7037259.889396629296243 ], [ 258887.347910397511441, 7037259.889396629296243 ], [ 258887.347910397511441, 7037229.870253089815378 ], [ 258892.351100987463724, 7037229.870253089815378 ], [ 258892.351100987463724, 7037219.863871909677982 ], [ 258897.354291577416006, 7037219.863871909677982 ], [ 258897.354291577416006, 7037209.857490729540586 ], [ 258902.357482167368289, 7037209.857490729540586 ], [ 258902.357482167368289, 7037204.854300139471889 ], [ 258907.360672757320572, 7037204.854300139471889 ], [ 258907.360672757320572, 7037199.851109549403191 ], [ 258912.363863347272854, 7037199.851109549403191 ], [ 258912.363863347272854, 7037194.847918959334493 ], [ 258922.370244527148316, 7037194.847918959334493 ], [ 258922.370244527148316, 7037189.844728370197117 ], [ 258927.373435117100598, 7037189.844728370197117 ], [ 258927.373435117100598, 7037174.835156599991024 ], [ 258922.370244527148316, 7037174.835156599991024 ], [ 258922.370244527148316, 7037154.822394240647554 ], [ 258927.373435117100598, 7037154.822394240647554 ], [ 258927.373435117100598, 7037149.819203650578856 ], [ 258932.376625707052881, 7037149.819203650578856 ], [ 258932.376625707052881, 7037144.816013060510159 ], [ 258937.379816297005164, 7037144.816013060510159 ], [ 258937.379816297005164, 7037134.809631880372763 ], [ 258942.383006886928342, 7037134.809631880372763 ], [ 258942.383006886928342, 7037129.806441290304065 ], [ 258947.386197476880625, 7037129.806441290304065 ], [ 258947.386197476880625, 7037124.803250700235367 ], [ 258952.389388066832907, 7037124.803250700235367 ], [ 258952.389388066832907, 7037119.800060110166669 ], [ 258962.395769246737473, 7037119.800060110166669 ], [ 258962.395769246737473, 7037114.796869521029294 ], [ 258972.402150426612934, 7037114.796869521029294 ], [ 258972.402150426612934, 7037109.793678930960596 ], [ 258977.405341016565217, 7037109.793678930960596 ], [ 258977.405341016565217, 7037104.790488340891898 ], [ 258987.411722196469782, 7037104.790488340891898 ], [ 258987.411722196469782, 7037099.7872977508232 ], [ 258992.414912786422065, 7037099.7872977508232 ], [ 258992.414912786422065, 7037094.784107160754502 ], [ 258997.418103376345243, 7037094.784107160754502 ], [ 258997.418103376345243, 7037089.780916570685804 ], [ 259002.421293966297526, 7037089.780916570685804 ], [ 259002.421293966297526, 7037084.777725980617106 ], [ 259007.424484556249809, 7037084.777725980617106 ], [ 259007.424484556249809, 7037079.774535390548408 ], [ 259012.427675146202091, 7037079.774535390548408 ], [ 259012.427675146202091, 7037074.771344801411033 ], [ 259017.430865736154374, 7037074.771344801411033 ], [ 259017.430865736154374, 7037069.768154211342335 ], [ 259022.434056326106656, 7037069.768154211342335 ], [ 259022.434056326106656, 7037064.764963621273637 ], [ 259027.437246916029835, 7037064.764963621273637 ], [ 259027.437246916029835, 7037059.761773031204939 ], [ 259032.440437505982118, 7037059.761773031204939 ], [ 259032.440437505982118, 7037054.758582441136241 ], [ 259042.446818685886683, 7037054.758582441136241 ], [ 259042.446818685886683, 7037049.755391851067543 ], [ 259057.456390455714427, 7037049.755391851067543 ], [ 259057.456390455714427, 7037054.758582441136241 ], [ 259082.472343405446736, 7037054.758582441136241 ], [ 259082.472343405446736, 7037049.755391851067543 ], [ 259097.481915175303584, 7037049.755391851067543 ], [ 259097.481915175303584, 7037044.752201260998845 ], [ 259122.497868125035893, 7037044.752201260998845 ], [ 259122.497868125035893, 7037039.74901067186147 ], [ 259127.501058714988176, 7037039.74901067186147 ], [ 259127.501058714988176, 7037034.745820081792772 ], [ 259132.504249304911355, 7037034.745820081792772 ], [ 259132.504249304911355, 7037029.742629491724074 ], [ 259142.51063048481592, 7037029.742629491724074 ], [ 259142.51063048481592, 7037024.739438901655376 ], [ 259157.520202254672768, 7037024.739438901655376 ], [ 259157.520202254672768, 7037019.736248311586678 ], [ 259162.523392844595946, 7037019.736248311586678 ], [ 259162.523392844595946, 7037024.739438901655376 ], [ 259167.526583434548229, 7037024.739438901655376 ], [ 259167.526583434548229, 7037029.742629491724074 ], [ 259172.529774024500512, 7037029.742629491724074 ], [ 259172.529774024500512, 7037034.745820081792772 ], [ 259177.532964614452794, 7037034.745820081792772 ], [ 259177.532964614452794, 7037039.74901067186147 ], [ 259182.536155204405077, 7037039.74901067186147 ], [ 259182.536155204405077, 7037044.752201260998845 ], [ 259187.539345794328256, 7037044.752201260998845 ], [ 259187.539345794328256, 7037049.755391851067543 ], [ 259192.542536384280538, 7037049.755391851067543 ], [ 259192.542536384280538, 7037054.758582441136241 ], [ 259197.545726974232821, 7037054.758582441136241 ], [ 259197.545726974232821, 7037059.761773031204939 ], [ 259202.548917564185103, 7037059.761773031204939 ], [ 259202.548917564185103, 7037064.764963621273637 ], [ 259207.552108154137386, 7037064.764963621273637 ], [ 259207.552108154137386, 7037069.768154211342335 ], [ 259212.555298744089669, 7037069.768154211342335 ], [ 259212.555298744089669, 7037074.771344801411033 ], [ 259217.558489334012847, 7037074.771344801411033 ], [ 259217.558489334012847, 7037079.774535390548408 ], [ 259222.56167992396513, 7037079.774535390548408 ], [ 259222.56167992396513, 7037084.777725980617106 ], [ 259227.564870513917413, 7037084.777725980617106 ], [ 259227.564870513917413, 7037089.780916570685804 ], [ 259232.568061103869695, 7037089.780916570685804 ], [ 259232.568061103869695, 7039941.599552840925753 ], [ 259227.564870513917413, 7039941.599552840925753 ], [ 259227.564870513917413, 7039946.602743430994451 ], [ 259222.56167992396513, 7039946.602743430994451 ], [ 259222.56167992396513, 7039951.605934020131826 ], [ 259217.558489334012847, 7039951.605934020131826 ], [ 259217.558489334012847, 7039956.609124610200524 ], [ 259212.555298744089669, 7039956.609124610200524 ], [ 259212.555298744089669, 7039961.612315200269222 ], [ 259207.552108154137386, 7039961.612315200269222 ], [ 259207.552108154137386, 7039966.61550579033792 ], [ 259202.548917564185103, 7039966.61550579033792 ], [ 259202.548917564185103, 7039971.618696380406618 ], [ 259197.545726974232821, 7039971.618696380406618 ], [ 259197.545726974232821, 7039976.621886970475316 ], [ 259192.542536384280538, 7039976.621886970475316 ], [ 259192.542536384280538, 7039981.625077560544014 ], [ 259187.539345794328256, 7039981.625077560544014 ], [ 259187.539345794328256, 7039986.628268150612712 ], [ 259182.536155204405077, 7039986.628268150612712 ], [ 259182.536155204405077, 7039991.631458739750087 ], [ 259177.532964614452794, 7039991.631458739750087 ], [ 259177.532964614452794, 7039996.634649329818785 ], [ 259172.529774024500512, 7039996.634649329818785 ], [ 259172.529774024500512, 7040001.637839919887483 ], [ 259167.526583434548229, 7040001.637839919887483 ], [ 259167.526583434548229, 7040006.641030509956181 ], [ 259162.523392844595946, 7040006.641030509956181 ], [ 259162.523392844595946, 7040011.644221100024879 ], [ 259157.520202254672768, 7040011.644221100024879 ], [ 259157.520202254672768, 7040016.647411690093577 ], [ 259152.517011664720485, 7040016.647411690093577 ], [ 259152.517011664720485, 7040021.650602280162275 ], [ 259147.513821074768202, 7040021.650602280162275 ], [ 259147.513821074768202, 7040026.653792870230973 ], [ 259142.51063048481592, 7040026.653792870230973 ], [ 259142.51063048481592, 7040031.656983459368348 ], [ 259137.507439894863637, 7040031.656983459368348 ], [ 259137.507439894863637, 7040036.660174049437046 ], [ 259132.504249304911355, 7040036.660174049437046 ], [ 259132.504249304911355, 7040041.663364639505744 ], [ 259127.501058714988176, 7040041.663364639505744 ], [ 259127.501058714988176, 7040046.666555229574442 ], [ 259122.497868125035893, 7040046.666555229574442 ], [ 259122.497868125035893, 7040051.66974581964314 ], [ 259117.494677535083611, 7040051.66974581964314 ], [ 259117.494677535083611, 7040056.672936409711838 ], [ 259112.491486945131328, 7040056.672936409711838 ], [ 259112.491486945131328, 7040061.676126999780536 ], [ 259107.488296355179045, 7040061.676126999780536 ], [ 259107.488296355179045, 7040066.679317588917911 ], [ 259102.485105765255867, 7040066.679317588917911 ], [ 259102.485105765255867, 7040071.682508178986609 ], [ 259097.481915175303584, 7040071.682508178986609 ], [ 259097.481915175303584, 7040076.685698769055307 ], [ 259092.478724585351301, 7040076.685698769055307 ], [ 259092.478724585351301, 7040081.688889359124005 ], [ 259087.475533995399019, 7040081.688889359124005 ], [ 259087.475533995399019, 7040086.692079949192703 ], [ 259082.472343405446736, 7040086.692079949192703 ], [ 259082.472343405446736, 7040091.695270539261401 ], [ 259077.469152815523557, 7040091.695270539261401 ], [ 259077.469152815523557, 7040096.698461129330099 ], [ 259072.465962225571275, 7040096.698461129330099 ], [ 259072.465962225571275, 7040101.701651719398797 ], [ 259067.462771635618992, 7040101.701651719398797 ], [ 259067.462771635618992, 7040106.704842308536172 ], [ 259062.45958104566671, 7040106.704842308536172 ], [ 259062.45958104566671, 7040111.70803289860487 ], [ 259057.456390455714427, 7040111.70803289860487 ], [ 259057.456390455714427, 7040116.711223488673568 ], [ 259052.453199865762144, 7040116.711223488673568 ], [ 259052.453199865762144, 7040121.714414078742266 ], [ 259047.450009275838966, 7040121.714414078742266 ], [ 259047.450009275838966, 7040126.717604668810964 ], [ 259042.446818685886683, 7040126.717604668810964 ], [ 259042.446818685886683, 7040131.720795258879662 ], [ 259037.4436280959344, 7040131.720795258879662 ], [ 259037.4436280959344, 7040136.723985848948359 ], [ 259032.440437505982118, 7040136.723985848948359 ], [ 259032.440437505982118, 7040141.727176439017057 ], [ 259027.437246916029835, 7040141.727176439017057 ], [ 259027.437246916029835, 7040146.730367028154433 ], [ 259022.434056326106656, 7040146.730367028154433 ], [ 259022.434056326106656, 7040151.733557618223131 ], [ 259017.430865736154374, 7040151.733557618223131 ], [ 259017.430865736154374, 7040156.736748208291829 ], [ 259012.427675146202091, 7040156.736748208291829 ], [ 259012.427675146202091, 7040161.739938798360527 ], [ 259007.424484556249809, 7040161.739938798360527 ], [ 259007.424484556249809, 7040166.743129388429224 ], [ 259002.421293966297526, 7040166.743129388429224 ], [ 259002.421293966297526, 7040171.746319978497922 ], [ 258997.418103376345243, 7040171.746319978497922 ], [ 258997.418103376345243, 7040176.74951056856662 ], [ 258992.414912786422065, 7040176.74951056856662 ], [ 258992.414912786422065, 7040181.752701157703996 ], [ 258987.411722196469782, 7040181.752701157703996 ], [ 258987.411722196469782, 7040186.755891747772694 ], [ 258982.408531606517499, 7040186.755891747772694 ], [ 258982.408531606517499, 7040191.759082337841392 ], [ 258977.405341016565217, 7040191.759082337841392 ], [ 258977.405341016565217, 7040196.762272927910089 ], [ 258972.402150426612934, 7040196.762272927910089 ], [ 258972.402150426612934, 7040201.765463517978787 ], [ 258967.398959836689755, 7040201.765463517978787 ], [ 258967.398959836689755, 7040206.768654108047485 ], [ 258962.395769246737473, 7040206.768654108047485 ], [ 258962.395769246737473, 7040211.771844698116183 ], [ 258957.39257865678519, 7040211.771844698116183 ], [ 258957.39257865678519, 7040216.775035288184881 ], [ 258952.389388066832907, 7040216.775035288184881 ], [ 258952.389388066832907, 7040221.778225877322257 ], [ 258947.386197476880625, 7040221.778225877322257 ], [ 258947.386197476880625, 7040226.781416467390954 ], [ 258942.383006886928342, 7040226.781416467390954 ], [ 258942.383006886928342, 7040231.784607057459652 ], [ 258937.379816297005164, 7040231.784607057459652 ], [ 258937.379816297005164, 7040236.78779764752835 ], [ 258932.376625707052881, 7040236.78779764752835 ], [ 258932.376625707052881, 7040241.790988237597048 ], [ 258927.373435117100598, 7040241.790988237597048 ], [ 258927.373435117100598, 7040246.794178827665746 ], [ 258922.370244527148316, 7040246.794178827665746 ], [ 258922.370244527148316, 7040251.797369417734444 ], [ 258917.367053937196033, 7040251.797369417734444 ], [ 258917.367053937196033, 7040256.800560007803142 ], [ 258912.363863347272854, 7040256.800560007803142 ], [ 258912.363863347272854, 7040261.803750596940517 ], [ 258907.360672757320572, 7040261.803750596940517 ], [ 258907.360672757320572, 7040266.806941187009215 ], [ 258902.357482167368289, 7040266.806941187009215 ], [ 258902.357482167368289, 7040271.810131777077913 ], [ 258897.354291577416006, 7040271.810131777077913 ], [ 258897.354291577416006, 7040276.813322367146611 ], [ 258892.351100987463724, 7040276.813322367146611 ], [ 258892.351100987463724, 7040281.816512957215309 ], [ 258887.347910397511441, 7040281.816512957215309 ], [ 258887.347910397511441, 7040286.819703547284007 ], [ 258882.344719807588262, 7040286.819703547284007 ], [ 258882.344719807588262, 7040291.822894137352705 ], [ 258877.34152921763598, 7040291.822894137352705 ], [ 258877.34152921763598, 7040296.82608472649008 ], [ 258872.338338627683697, 7040296.82608472649008 ], [ 258872.338338627683697, 7040301.829275316558778 ], [ 258867.335148037731415, 7040301.829275316558778 ], [ 258867.335148037731415, 7040306.832465906627476 ], [ 258862.331957447779132, 7040306.832465906627476 ], [ 258862.331957447779132, 7040311.835656496696174 ], [ 258857.328766857855953, 7040311.835656496696174 ], [ 258857.328766857855953, 7040316.838847086764872 ], [ 258852.325576267903671, 7040316.838847086764872 ], [ 258852.325576267903671, 7040321.84203767683357 ], [ 258847.322385677951388, 7040321.84203767683357 ], [ 258847.322385677951388, 7040326.845228266902268 ], [ 258842.319195087999105, 7040326.845228266902268 ], [ 258842.319195087999105, 7040331.848418856970966 ], [ 258837.316004498046823, 7040331.848418856970966 ], [ 258837.316004498046823, 7040336.851609446108341 ], [ 258832.31281390809454, 7040336.851609446108341 ], [ 258832.31281390809454, 7040341.854800036177039 ], [ 258827.309623318171361, 7040341.854800036177039 ], [ 258827.309623318171361, 7040346.857990626245737 ], [ 258822.306432728219079, 7040346.857990626245737 ], [ 258822.306432728219079, 7040351.861181216314435 ], [ 258817.303242138266796, 7040351.861181216314435 ], [ 258817.303242138266796, 7040356.864371806383133 ], [ 258812.300051548314514, 7040356.864371806383133 ], [ 258812.300051548314514, 7040361.867562396451831 ], [ 258807.296860958362231, 7040361.867562396451831 ], [ 258807.296860958362231, 7040366.870752986520529 ], [ 258802.293670368439052, 7040366.870752986520529 ], [ 258802.293670368439052, 7040371.873943575657904 ], [ 258797.29047977848677, 7040371.873943575657904 ], [ 258797.29047977848677, 7040376.877134165726602 ], [ 258792.287289188534487, 7040376.877134165726602 ], [ 258792.287289188534487, 7040381.8803247557953 ], [ 258787.284098598582204, 7040381.8803247557953 ], [ 258787.284098598582204, 7040386.883515345863998 ], [ 258782.280908008629922, 7040386.883515345863998 ], [ 258782.280908008629922, 7040391.886705935932696 ], [ 258777.277717418677639, 7040391.886705935932696 ], [ 258777.277717418677639, 7040401.893087116070092 ], [ 258782.280908008629922, 7040401.893087116070092 ], [ 258782.280908008629922, 7040406.89627770613879 ], [ 258787.284098598582204, 7040406.89627770613879 ], [ 258787.284098598582204, 7040411.899468295276165 ], [ 258792.287289188534487, 7040411.899468295276165 ], [ 258792.287289188534487, 7040416.902658885344863 ], [ 258797.29047977848677, 7040416.902658885344863 ], [ 258797.29047977848677, 7040421.905849475413561 ], [ 258802.293670368439052, 7040421.905849475413561 ], [ 258802.293670368439052, 7040426.909040065482259 ], [ 258807.296860958362231, 7040426.909040065482259 ], [ 258807.296860958362231, 7040431.912230655550957 ], [ 258812.300051548314514, 7040431.912230655550957 ], [ 258812.300051548314514, 7040436.915421245619655 ], [ 258817.303242138266796, 7040436.915421245619655 ], [ 258817.303242138266796, 7040441.918611835688353 ], [ 258822.306432728219079, 7040441.918611835688353 ], [ 258822.306432728219079, 7040446.921802425757051 ], [ 258827.309623318171361, 7040446.921802425757051 ], [ 258827.309623318171361, 7040451.924993014894426 ], [ 258832.31281390809454, 7040451.924993014894426 ], [ 258832.31281390809454, 7040456.928183604963124 ], [ 258837.316004498046823, 7040456.928183604963124 ], [ 258837.316004498046823, 7040461.931374195031822 ], [ 258842.319195087999105, 7040461.931374195031822 ], [ 258842.319195087999105, 7040466.93456478510052 ], [ 258847.322385677951388, 7040466.93456478510052 ], [ 258847.322385677951388, 7040471.937755375169218 ], [ 258852.325576267903671, 7040471.937755375169218 ], [ 258852.325576267903671, 7040476.940945965237916 ], [ 258857.328766857855953, 7040476.940945965237916 ], [ 258857.328766857855953, 7040481.944136555306613 ], [ 258862.331957447779132, 7040481.944136555306613 ], [ 258862.331957447779132, 7040486.947327144443989 ], [ 258867.335148037731415, 7040486.947327144443989 ], [ 258867.335148037731415, 7040491.950517734512687 ], [ 258872.338338627683697, 7040491.950517734512687 ], [ 258872.338338627683697, 7040496.953708324581385 ], [ 258877.34152921763598, 7040496.953708324581385 ], [ 258877.34152921763598, 7040501.956898914650083 ], [ 258882.344719807588262, 7040501.956898914650083 ], [ 258882.344719807588262, 7040506.960089504718781 ], [ 258887.347910397511441, 7040506.960089504718781 ], [ 258887.347910397511441, 7040511.963280094787478 ], [ 258892.351100987463724, 7040511.963280094787478 ], [ 258892.351100987463724, 7040516.966470684856176 ], [ 258897.354291577416006, 7040516.966470684856176 ], [ 258897.354291577416006, 7040521.969661274924874 ], [ 258902.357482167368289, 7040521.969661274924874 ], [ 258902.357482167368289, 7040526.97285186406225 ], [ 258907.360672757320572, 7040526.97285186406225 ], [ 258907.360672757320572, 7040531.976042454130948 ], [ 258912.363863347272854, 7040531.976042454130948 ], [ 258912.363863347272854, 7040536.979233044199646 ], [ 258917.367053937196033, 7040536.979233044199646 ], [ 258917.367053937196033, 7040541.982423634268343 ], [ 258922.370244527148316, 7040541.982423634268343 ], [ 258922.370244527148316, 7040546.985614224337041 ], [ 258927.373435117100598, 7040546.985614224337041 ], [ 258927.373435117100598, 7040551.988804814405739 ], [ 258932.376625707052881, 7040551.988804814405739 ], [ 258932.376625707052881, 7040556.991995404474437 ], [ 258937.379816297005164, 7040556.991995404474437 ], [ 258937.379816297005164, 7040561.995185994543135 ], [ 258942.383006886928342, 7040561.995185994543135 ], [ 258942.383006886928342, 7040566.998376583680511 ], [ 258947.386197476880625, 7040566.998376583680511 ], [ 258947.386197476880625, 7040572.001567173749208 ], [ 258952.389388066832907, 7040572.001567173749208 ], [ 258952.389388066832907, 7040577.004757763817906 ], [ 258957.39257865678519, 7040577.004757763817906 ], [ 258957.39257865678519, 7040582.007948353886604 ], [ 258962.395769246737473, 7040582.007948353886604 ], [ 258962.395769246737473, 7040587.011138943955302 ], [ 258967.398959836689755, 7040587.011138943955302 ], [ 258967.398959836689755, 7040592.014329534024 ], [ 258972.402150426612934, 7040592.014329534024 ], [ 258972.402150426612934, 7040597.017520124092698 ], [ 258977.405341016565217, 7040597.017520124092698 ], [ 258977.405341016565217, 7040602.020710713230073 ], [ 258982.408531606517499, 7040602.020710713230073 ], [ 258982.408531606517499, 7040607.023901303298771 ], [ 258987.411722196469782, 7040607.023901303298771 ], [ 258987.411722196469782, 7040612.027091893367469 ], [ 258992.414912786422065, 7040612.027091893367469 ], [ 258992.414912786422065, 7040617.030282483436167 ], [ 258997.418103376345243, 7040617.030282483436167 ], [ 258997.418103376345243, 7040622.033473073504865 ], [ 259002.421293966297526, 7040622.033473073504865 ], [ 259002.421293966297526, 7040627.036663663573563 ], [ 259007.424484556249809, 7040627.036663663573563 ], [ 259007.424484556249809, 7040632.039854253642261 ], [ 259012.427675146202091, 7040632.039854253642261 ], [ 259012.427675146202091, 7040637.043044843710959 ], [ 259017.430865736154374, 7040637.043044843710959 ], [ 259017.430865736154374, 7040642.046235432848334 ], [ 259022.434056326106656, 7040642.046235432848334 ], [ 259022.434056326106656, 7040647.049426022917032 ], [ 259027.437246916029835, 7040647.049426022917032 ], [ 259027.437246916029835, 7040652.05261661298573 ], [ 259032.440437505982118, 7040652.05261661298573 ], [ 259032.440437505982118, 7040657.055807203054428 ], [ 259037.4436280959344, 7040657.055807203054428 ], [ 259037.4436280959344, 7040662.058997793123126 ], [ 259042.446818685886683, 7040662.058997793123126 ], [ 259042.446818685886683, 7040667.062188383191824 ], [ 259047.450009275838966, 7040667.062188383191824 ], [ 259047.450009275838966, 7040672.065378973260522 ], [ 259052.453199865762144, 7040672.065378973260522 ], [ 259052.453199865762144, 7040677.06856956332922 ], [ 259057.456390455714427, 7040677.06856956332922 ], [ 259057.456390455714427, 7040682.071760152466595 ], [ 259062.45958104566671, 7040682.071760152466595 ], [ 259062.45958104566671, 7040687.074950742535293 ], [ 259067.462771635618992, 7040687.074950742535293 ], [ 259067.462771635618992, 7040692.078141332603991 ], [ 259072.465962225571275, 7040692.078141332603991 ], [ 259072.465962225571275, 7040697.081331922672689 ], [ 259077.469152815523557, 7040697.081331922672689 ], [ 259077.469152815523557, 7040702.084522512741387 ], [ 259082.472343405446736, 7040702.084522512741387 ], [ 259082.472343405446736, 7040707.087713102810085 ], [ 259087.475533995399019, 7040707.087713102810085 ], [ 259087.475533995399019, 7040712.090903692878783 ], [ 259092.478724585351301, 7040712.090903692878783 ], [ 259092.478724585351301, 7040717.094094282016158 ], [ 259097.481915175303584, 7040717.094094282016158 ], [ 259097.481915175303584, 7040722.097284872084856 ], [ 259102.485105765255867, 7040722.097284872084856 ], [ 259102.485105765255867, 7040727.100475462153554 ], [ 259107.488296355179045, 7040727.100475462153554 ], [ 259107.488296355179045, 7040732.103666052222252 ], [ 259112.491486945131328, 7040732.103666052222252 ], [ 259112.491486945131328, 7040737.10685664229095 ], [ 259117.494677535083611, 7040737.10685664229095 ], [ 259117.494677535083611, 7040742.110047232359648 ], [ 259122.497868125035893, 7040742.110047232359648 ], [ 259122.497868125035893, 7040747.113237822428346 ], [ 259127.501058714988176, 7040747.113237822428346 ], [ 259127.501058714988176, 7040752.116428412497044 ], [ 259132.504249304911355, 7040752.116428412497044 ], [ 259132.504249304911355, 7040757.119619001634419 ], [ 259137.507439894863637, 7040757.119619001634419 ], [ 259137.507439894863637, 7040762.122809591703117 ], [ 259142.51063048481592, 7040762.122809591703117 ], [ 259142.51063048481592, 7040767.126000181771815 ], [ 259147.513821074768202, 7040767.126000181771815 ], [ 259147.513821074768202, 7040772.129190771840513 ], [ 259152.517011664720485, 7040772.129190771840513 ], [ 259152.517011664720485, 7040777.132381361909211 ], [ 259157.520202254672768, 7040777.132381361909211 ], [ 259157.520202254672768, 7040782.135571951977909 ], [ 259162.523392844595946, 7040782.135571951977909 ], [ 259162.523392844595946, 7040787.138762542046607 ], [ 259167.526583434548229, 7040787.138762542046607 ], [ 259167.526583434548229, 7040792.141953132115304 ], [ 259172.529774024500512, 7040792.141953132115304 ], [ 259172.529774024500512, 7040797.14514372125268 ], [ 259177.532964614452794, 7040797.14514372125268 ], [ 259177.532964614452794, 7040802.148334311321378 ], [ 259182.536155204405077, 7040802.148334311321378 ], [ 259182.536155204405077, 7040807.151524901390076 ], [ 259187.539345794328256, 7040807.151524901390076 ], [ 259187.539345794328256, 7040812.154715491458774 ], [ 259192.542536384280538, 7040812.154715491458774 ], [ 259192.542536384280538, 7040817.157906081527472 ], [ 259197.545726974232821, 7040817.157906081527472 ], [ 259197.545726974232821, 7040822.161096671596169 ], [ 259202.548917564185103, 7040822.161096671596169 ], [ 259202.548917564185103, 7040827.164287261664867 ], [ 259207.552108154137386, 7040827.164287261664867 ], [ 259207.552108154137386, 7040832.167477850802243 ], [ 259212.555298744089669, 7040832.167477850802243 ], [ 259212.555298744089669, 7040837.170668440870941 ], [ 259217.558489334012847, 7040837.170668440870941 ], [ 259217.558489334012847, 7040842.173859030939639 ], [ 259222.56167992396513, 7040842.173859030939639 ], [ 259222.56167992396513, 7040847.177049621008337 ], [ 259227.564870513917413, 7040847.177049621008337 ], [ 259227.564870513917413, 7040852.180240211077034 ], [ 259232.568061103869695, 7040852.180240211077034 ], [ 259232.568061103869695, 7041837.80878643039614 ], [ 259197.545726974232821, 7041837.80878643039614 ] ], [ [ 257761.630027659441112, 7041452.563111004419625 ], [ 257771.636408839345677, 7041452.563111004419625 ], [ 257771.636408839345677, 7041447.559920414350927 ], [ 257776.639599429297959, 7041447.559920414350927 ], [ 257776.639599429297959, 7041442.556729825213552 ], [ 257781.642790019250242, 7041442.556729825213552 ], [ 257781.642790019250242, 7041427.547158055007458 ], [ 257776.639599429297959, 7041427.547158055007458 ], [ 257776.639599429297959, 7041432.550348645076156 ], [ 257771.636408839345677, 7041432.550348645076156 ], [ 257771.636408839345677, 7041437.553539235144854 ], [ 257761.630027659441112, 7041437.553539235144854 ], [ 257761.630027659441112, 7041442.556729825213552 ], [ 257756.626837069517933, 7041442.556729825213552 ], [ 257756.626837069517933, 7041447.559920414350927 ], [ 257761.630027659441112, 7041447.559920414350927 ], [ 257761.630027659441112, 7041452.563111004419625 ] ], [ [ 258602.166046770551475, 7039266.168823197484016 ], [ 258607.169237360503757, 7039266.168823197484016 ], [ 258607.169237360503757, 7039261.165632608346641 ], [ 258612.172427950426936, 7039261.165632608346641 ], [ 258612.172427950426936, 7039256.162442018277943 ], [ 258617.175618540379219, 7039256.162442018277943 ], [ 258617.175618540379219, 7039246.156060838140547 ], [ 258622.178809130331501, 7039246.156060838140547 ], [ 258622.178809130331501, 7039196.124154938384891 ], [ 258627.181999720283784, 7039196.124154938384891 ], [ 258627.181999720283784, 7039191.120964348316193 ], [ 258632.185190310236067, 7039191.120964348316193 ], [ 258632.185190310236067, 7039181.114583169110119 ], [ 258637.188380900188349, 7039181.114583169110119 ], [ 258637.188380900188349, 7039176.111392579041421 ], [ 258642.191571490111528, 7039176.111392579041421 ], [ 258642.191571490111528, 7039171.108201988972723 ], [ 258647.194762080063811, 7039171.108201988972723 ], [ 258647.194762080063811, 7039161.101820808835328 ], [ 258652.197952670016093, 7039161.101820808835328 ], [ 258652.197952670016093, 7039141.089058449491858 ], [ 258657.201143259968376, 7039141.089058449491858 ], [ 258657.201143259968376, 7039131.082677269354463 ], [ 258662.204333849920658, 7039131.082677269354463 ], [ 258662.204333849920658, 7039126.079486679285765 ], [ 258667.207524439843837, 7039126.079486679285765 ], [ 258667.207524439843837, 7039116.073105499148369 ], [ 258672.21071502979612, 7039116.073105499148369 ], [ 258672.21071502979612, 7039111.069914909079671 ], [ 258677.213905619748402, 7039111.069914909079671 ], [ 258677.213905619748402, 7039101.063533729873598 ], [ 258682.217096209700685, 7039101.063533729873598 ], [ 258682.217096209700685, 7039091.057152549736202 ], [ 258687.220286799652968, 7039091.057152549736202 ], [ 258687.220286799652968, 7039081.050771369598806 ], [ 258692.22347738960525, 7039081.050771369598806 ], [ 258692.22347738960525, 7039076.047580779530108 ], [ 258697.226667979528429, 7039076.047580779530108 ], [ 258697.226667979528429, 7039071.04439018946141 ], [ 258712.236239749385277, 7039071.04439018946141 ], [ 258712.236239749385277, 7039066.041199600324035 ], [ 258717.239430339337559, 7039066.041199600324035 ], [ 258717.239430339337559, 7039056.034818420186639 ], [ 258722.242620929260738, 7039056.034818420186639 ], [ 258722.242620929260738, 7039041.025246649980545 ], [ 258727.245811519213021, 7039041.025246649980545 ], [ 258727.245811519213021, 7039026.015674880705774 ], [ 258732.249002109165303, 7039026.015674880705774 ], [ 258732.249002109165303, 7039016.009293700568378 ], [ 258737.252192699117586, 7039016.009293700568378 ], [ 258737.252192699117586, 7039000.999721930362284 ], [ 258742.255383289069869, 7039000.999721930362284 ], [ 258742.255383289069869, 7038970.980578390881419 ], [ 258747.258573879022151, 7038970.980578390881419 ], [ 258747.258573879022151, 7038960.974197210744023 ], [ 258752.26176446894533, 7038960.974197210744023 ], [ 258752.26176446894533, 7038940.961434851400554 ], [ 258757.264955058897613, 7038940.961434851400554 ], [ 258757.264955058897613, 7038935.958244261331856 ], [ 258762.268145648849895, 7038935.958244261331856 ], [ 258762.268145648849895, 7038930.955053671263158 ], [ 258767.271336238802178, 7038930.955053671263158 ], [ 258767.271336238802178, 7038925.95186308119446 ], [ 258772.27452682875446, 7038925.95186308119446 ], [ 258772.27452682875446, 7038905.939100721850991 ], [ 258777.277717418677639, 7038905.939100721850991 ], [ 258777.277717418677639, 7038900.935910131782293 ], [ 258762.268145648849895, 7038900.935910131782293 ], [ 258762.268145648849895, 7038895.932719541713595 ], [ 258752.26176446894533, 7038895.932719541713595 ], [ 258752.26176446894533, 7038885.9263383615762 ], [ 258732.249002109165303, 7038885.9263383615762 ], [ 258732.249002109165303, 7038880.923147771507502 ], [ 258717.239430339337559, 7038880.923147771507502 ], [ 258717.239430339337559, 7038875.919957182370126 ], [ 258707.233049159432994, 7038875.919957182370126 ], [ 258707.233049159432994, 7038870.916766592301428 ], [ 258697.226667979528429, 7038870.916766592301428 ], [ 258697.226667979528429, 7038865.91357600223273 ], [ 258687.220286799652968, 7038865.91357600223273 ], [ 258687.220286799652968, 7038860.910385412164032 ], [ 258682.217096209700685, 7038860.910385412164032 ], [ 258682.217096209700685, 7038840.897623051889241 ], [ 258672.21071502979612, 7038840.897623051889241 ], [ 258672.21071502979612, 7038835.894432462751865 ], [ 258667.207524439843837, 7038835.894432462751865 ], [ 258667.207524439843837, 7038830.891241872683167 ], [ 258657.201143259968376, 7038830.891241872683167 ], [ 258657.201143259968376, 7038840.897623051889241 ], [ 258652.197952670016093, 7038840.897623051889241 ], [ 258652.197952670016093, 7038845.900813641957939 ], [ 258647.194762080063811, 7038845.900813641957939 ], [ 258647.194762080063811, 7038850.904004232026637 ], [ 258642.191571490111528, 7038850.904004232026637 ], [ 258642.191571490111528, 7038855.907194822095335 ], [ 258637.188380900188349, 7038855.907194822095335 ], [ 258637.188380900188349, 7038865.91357600223273 ], [ 258632.185190310236067, 7038865.91357600223273 ], [ 258632.185190310236067, 7038870.916766592301428 ], [ 258627.181999720283784, 7038870.916766592301428 ], [ 258627.181999720283784, 7038875.919957182370126 ], [ 258622.178809130331501, 7038875.919957182370126 ], [ 258622.178809130331501, 7038880.923147771507502 ], [ 258617.175618540379219, 7038880.923147771507502 ], [ 258617.175618540379219, 7038885.9263383615762 ], [ 258612.172427950426936, 7038885.9263383615762 ], [ 258612.172427950426936, 7038890.929528951644897 ], [ 258617.175618540379219, 7038890.929528951644897 ], [ 258617.175618540379219, 7038895.932719541713595 ], [ 258622.178809130331501, 7038895.932719541713595 ], [ 258622.178809130331501, 7038900.935910131782293 ], [ 258637.188380900188349, 7038900.935910131782293 ], [ 258637.188380900188349, 7038905.939100721850991 ], [ 258627.181999720283784, 7038905.939100721850991 ], [ 258627.181999720283784, 7038910.942291311919689 ], [ 258612.172427950426936, 7038910.942291311919689 ], [ 258612.172427950426936, 7038915.945481901988387 ], [ 258602.166046770551475, 7038915.945481901988387 ], [ 258602.166046770551475, 7038925.95186308119446 ], [ 258597.162856180599192, 7038925.95186308119446 ], [ 258597.162856180599192, 7038960.974197210744023 ], [ 258592.15966559064691, 7038960.974197210744023 ], [ 258592.15966559064691, 7038965.977387800812721 ], [ 258587.156475000694627, 7038965.977387800812721 ], [ 258587.156475000694627, 7038970.980578390881419 ], [ 258582.153284410771448, 7038970.980578390881419 ], [ 258582.153284410771448, 7038975.983768980950117 ], [ 258577.150093820819166, 7038975.983768980950117 ], [ 258577.150093820819166, 7038980.986959571018815 ], [ 258572.146903230866883, 7038980.986959571018815 ], [ 258572.146903230866883, 7038985.990150161087513 ], [ 258567.1437126409146, 7038985.990150161087513 ], [ 258567.1437126409146, 7038990.993340751156211 ], [ 258562.140522050962318, 7038990.993340751156211 ], [ 258562.140522050962318, 7039000.999721930362284 ], [ 258567.1437126409146, 7039000.999721930362284 ], [ 258567.1437126409146, 7039006.002912520430982 ], [ 258572.146903230866883, 7039006.002912520430982 ], [ 258572.146903230866883, 7039011.00610311049968 ], [ 258582.153284410771448, 7039011.00610311049968 ], [ 258582.153284410771448, 7039021.012484290637076 ], [ 258587.156475000694627, 7039021.012484290637076 ], [ 258587.156475000694627, 7039036.022056059911847 ], [ 258592.15966559064691, 7039036.022056059911847 ], [ 258592.15966559064691, 7039066.041199600324035 ], [ 258597.162856180599192, 7039066.041199600324035 ], [ 258597.162856180599192, 7039086.053961959667504 ], [ 258592.15966559064691, 7039086.053961959667504 ], [ 258592.15966559064691, 7039101.063533729873598 ], [ 258587.156475000694627, 7039101.063533729873598 ], [ 258587.156475000694627, 7039111.069914909079671 ], [ 258582.153284410771448, 7039111.069914909079671 ], [ 258582.153284410771448, 7039136.085867859423161 ], [ 258577.150093820819166, 7039136.085867859423161 ], [ 258577.150093820819166, 7039151.095439628697932 ], [ 258572.146903230866883, 7039151.095439628697932 ], [ 258572.146903230866883, 7039166.105011398904026 ], [ 258567.1437126409146, 7039166.105011398904026 ], [ 258567.1437126409146, 7039181.114583169110119 ], [ 258577.150093820819166, 7039181.114583169110119 ], [ 258577.150093820819166, 7039186.117773758247495 ], [ 258587.156475000694627, 7039186.117773758247495 ], [ 258587.156475000694627, 7039196.124154938384891 ], [ 258582.153284410771448, 7039196.124154938384891 ], [ 258582.153284410771448, 7039201.127345528453588 ], [ 258592.15966559064691, 7039201.127345528453588 ], [ 258592.15966559064691, 7039211.133726708590984 ], [ 258597.162856180599192, 7039211.133726708590984 ], [ 258597.162856180599192, 7039221.14010788872838 ], [ 258602.166046770551475, 7039221.14010788872838 ], [ 258602.166046770551475, 7039266.168823197484016 ] ], [ [ 258136.869321905483957, 7039186.117773758247495 ], [ 258171.891656035091728, 7039186.117773758247495 ], [ 258171.891656035091728, 7039166.105011398904026 ], [ 258166.888465445168549, 7039166.105011398904026 ], [ 258166.888465445168549, 7039151.095439628697932 ], [ 258161.885274855216267, 7039151.095439628697932 ], [ 258161.885274855216267, 7039146.092249039560556 ], [ 258156.882084265263984, 7039146.092249039560556 ], [ 258156.882084265263984, 7039141.089058449491858 ], [ 258151.878893675311701, 7039141.089058449491858 ], [ 258151.878893675311701, 7039136.085867859423161 ], [ 258141.87251249543624, 7039136.085867859423161 ], [ 258141.87251249543624, 7039131.082677269354463 ], [ 258136.869321905483957, 7039131.082677269354463 ], [ 258136.869321905483957, 7039116.073105499148369 ], [ 258131.866131315531675, 7039116.073105499148369 ], [ 258131.866131315531675, 7039121.076296089217067 ], [ 258126.862940725579392, 7039121.076296089217067 ], [ 258126.862940725579392, 7039126.079486679285765 ], [ 258121.85975013562711, 7039126.079486679285765 ], [ 258121.85975013562711, 7039146.092249039560556 ], [ 258126.862940725579392, 7039146.092249039560556 ], [ 258126.862940725579392, 7039151.095439628697932 ], [ 258131.866131315531675, 7039151.095439628697932 ], [ 258131.866131315531675, 7039161.101820808835328 ], [ 258136.869321905483957, 7039161.101820808835328 ], [ 258136.869321905483957, 7039171.108201988972723 ], [ 258131.866131315531675, 7039171.108201988972723 ], [ 258131.866131315531675, 7039181.114583169110119 ], [ 258136.869321905483957, 7039181.114583169110119 ], [ 258136.869321905483957, 7039186.117773758247495 ] ] ] } },
{ "type": "Feature", "properties": { "id": 6, "slope": 1 }, "geometry": { "type": "Polygon", "coordinates": [ [ [ 259227.564870513917413, 7034913.393009943887591 ], [ 259227.564870513917413, 7034908.389819353818893 ], [ 259217.558489334012847, 7034908.389819353818893 ], [ 259217.558489334012847, 7034898.383438173681498 ], [ 259212.555298744089669, 7034898.383438173681498 ], [ 259212.555298744089669, 7034893.380247584544122 ], [ 259207.552108154137386, 7034893.380247584544122 ], [ 259207.552108154137386, 7034818.332388735376298 ], [ 259202.548917564185103, 7034818.332388735376298 ], [ 259202.548917564185103, 7034808.326007555238903 ], [ 259192.542536384280538, 7034808.326007555238903 ], [ 259192.542536384280538, 7034803.322816965170205 ], [ 259187.539345794328256, 7034803.322816965170205 ], [ 259187.539345794328256, 7034798.319626375101507 ], [ 259177.532964614452794, 7034798.319626375101507 ], [ 259177.532964614452794, 7034793.316435785032809 ], [ 259172.529774024500512, 7034793.316435785032809 ], [ 259172.529774024500512, 7034798.319626375101507 ], [ 259162.523392844595946, 7034798.319626375101507 ], [ 259162.523392844595946, 7034803.322816965170205 ], [ 259137.507439894863637, 7034803.322816965170205 ], [ 259137.507439894863637, 7034798.319626375101507 ], [ 259127.501058714988176, 7034798.319626375101507 ], [ 259127.501058714988176, 7034793.316435785032809 ], [ 259107.488296355179045, 7034793.316435785032809 ], [ 259107.488296355179045, 7034788.313245194964111 ], [ 259092.478724585351301, 7034788.313245194964111 ], [ 259092.478724585351301, 7034793.316435785032809 ], [ 259077.469152815523557, 7034793.316435785032809 ], [ 259077.469152815523557, 7034788.313245194964111 ], [ 259067.462771635618992, 7034788.313245194964111 ], [ 259067.462771635618992, 7034793.316435785032809 ], [ 259007.424484556249809, 7034793.316435785032809 ], [ 259007.424484556249809, 7034788.313245194964111 ], [ 259012.427675146202091, 7034788.313245194964111 ], [ 259012.427675146202091, 7034768.300482835620642 ], [ 259007.424484556249809, 7034768.300482835620642 ], [ 259007.424484556249809, 7034763.297292245551944 ], [ 259002.421293966297526, 7034763.297292245551944 ], [ 259002.421293966297526, 7034748.28772047534585 ], [ 258997.418103376345243, 7034748.28772047534585 ], [ 258997.418103376345243, 7034723.271767525933683 ], [ 258992.414912786422065, 7034723.271767525933683 ], [ 258992.414912786422065, 7034718.268576935864985 ], [ 258987.411722196469782, 7034718.268576935864985 ], [ 258987.411722196469782, 7034708.262195755727589 ], [ 258982.408531606517499, 7034708.262195755727589 ], [ 258982.408531606517499, 7034698.255814576521516 ], [ 258977.405341016565217, 7034698.255814576521516 ], [ 258977.405341016565217, 7034683.246242806315422 ], [ 258972.402150426612934, 7034683.246242806315422 ], [ 258972.402150426612934, 7034678.243052216246724 ], [ 258977.405341016565217, 7034678.243052216246724 ], [ 258977.405341016565217, 7034668.236671036109328 ], [ 258972.402150426612934, 7034668.236671036109328 ], [ 258972.402150426612934, 7034648.223908676765859 ], [ 258977.405341016565217, 7034648.223908676765859 ], [ 258977.405341016565217, 7034623.207955727353692 ], [ 258982.408531606517499, 7034623.207955727353692 ], [ 258982.408531606517499, 7034613.201574547216296 ], [ 258987.411722196469782, 7034613.201574547216296 ], [ 258987.411722196469782, 7034608.198383957147598 ], [ 258982.408531606517499, 7034608.198383957147598 ], [ 258982.408531606517499, 7034603.1951933670789 ], [ 258977.405341016565217, 7034603.1951933670789 ], [ 258977.405341016565217, 7034608.198383957147598 ], [ 258972.402150426612934, 7034608.198383957147598 ], [ 258972.402150426612934, 7034613.201574547216296 ], [ 258967.398959836689755, 7034613.201574547216296 ], [ 258967.398959836689755, 7034618.204765137284994 ], [ 258962.395769246737473, 7034618.204765137284994 ], [ 258962.395769246737473, 7034623.207955727353692 ], [ 258957.39257865678519, 7034623.207955727353692 ], [ 258957.39257865678519, 7034638.217527496628463 ], [ 258952.389388066832907, 7034638.217527496628463 ], [ 258952.389388066832907, 7034643.220718086697161 ], [ 258947.386197476880625, 7034643.220718086697161 ], [ 258947.386197476880625, 7034658.230289856903255 ], [ 258942.383006886928342, 7034658.230289856903255 ], [ 258942.383006886928342, 7034668.236671036109328 ], [ 258937.379816297005164, 7034668.236671036109328 ], [ 258937.379816297005164, 7034678.243052216246724 ], [ 258942.383006886928342, 7034678.243052216246724 ], [ 258942.383006886928342, 7034703.259005166590214 ], [ 258947.386197476880625, 7034703.259005166590214 ], [ 258947.386197476880625, 7034713.265386345796287 ], [ 258952.389388066832907, 7034713.265386345796287 ], [ 258952.389388066832907, 7034723.271767525933683 ], [ 258957.39257865678519, 7034723.271767525933683 ], [ 258957.39257865678519, 7034728.274958116002381 ], [ 258962.395769246737473, 7034728.274958116002381 ], [ 258962.395769246737473, 7034768.300482835620642 ], [ 258942.383006886928342, 7034768.300482835620642 ], [ 258942.383006886928342, 7034773.30367342568934 ], [ 258927.373435117100598, 7034773.30367342568934 ], [ 258927.373435117100598, 7034778.306864015758038 ], [ 258917.367053937196033, 7034778.306864015758038 ], [ 258917.367053937196033, 7034783.310054604895413 ], [ 258907.360672757320572, 7034783.310054604895413 ], [ 258907.360672757320572, 7034788.313245194964111 ], [ 258902.357482167368289, 7034788.313245194964111 ], [ 258902.357482167368289, 7034793.316435785032809 ], [ 258897.354291577416006, 7034793.316435785032809 ], [ 258897.354291577416006, 7034798.319626375101507 ], [ 258877.34152921763598, 7034798.319626375101507 ], [ 258877.34152921763598, 7034803.322816965170205 ], [ 258872.338338627683697, 7034803.322816965170205 ], [ 258872.338338627683697, 7034823.335579324513674 ], [ 258867.335148037731415, 7034823.335579324513674 ], [ 258867.335148037731415, 7034828.338769914582372 ], [ 258847.322385677951388, 7034828.338769914582372 ], [ 258847.322385677951388, 7034823.335579324513674 ], [ 258842.319195087999105, 7034823.335579324513674 ], [ 258842.319195087999105, 7034818.332388735376298 ], [ 258832.31281390809454, 7034818.332388735376298 ], [ 258832.31281390809454, 7034813.3291981453076 ], [ 258822.306432728219079, 7034813.3291981453076 ], [ 258822.306432728219079, 7034818.332388735376298 ], [ 258812.300051548314514, 7034818.332388735376298 ], [ 258812.300051548314514, 7034813.3291981453076 ], [ 258807.296860958362231, 7034813.3291981453076 ], [ 258807.296860958362231, 7034808.326007555238903 ], [ 258802.293670368439052, 7034808.326007555238903 ], [ 258802.293670368439052, 7034803.322816965170205 ], [ 258797.29047977848677, 7034803.322816965170205 ], [ 258797.29047977848677, 7034783.310054604895413 ], [ 258792.287289188534487, 7034783.310054604895413 ], [ 258792.287289188534487, 7034778.306864015758038 ], [ 258787.284098598582204, 7034778.306864015758038 ], [ 258787.284098598582204, 7034773.30367342568934 ], [ 258782.280908008629922, 7034773.30367342568934 ], [ 258782.280908008629922, 7034778.306864015758038 ], [ 258777.277717418677639, 7034778.306864015758038 ], [ 258777.277717418677639, 7034783.310054604895413 ], [ 258767.271336238802178, 7034783.310054604895413 ], [ 258767.271336238802178, 7034788.313245194964111 ], [ 258762.268145648849895, 7034788.313245194964111 ], [ 258762.268145648849895, 7034793.316435785032809 ], [ 258752.26176446894533, 7034793.316435785032809 ], [ 258752.26176446894533, 7034798.319626375101507 ], [ 258747.258573879022151, 7034798.319626375101507 ], [ 258747.258573879022151, 7034803.322816965170205 ], [ 258742.255383289069869, 7034803.322816965170205 ], [ 258742.255383289069869, 7034808.326007555238903 ], [ 258727.245811519213021, 7034808.326007555238903 ], [ 258727.245811519213021, 7034813.3291981453076 ], [ 258717.239430339337559, 7034813.3291981453076 ], [ 258717.239430339337559, 7034808.326007555238903 ], [ 258707.233049159432994, 7034808.326007555238903 ], [ 258707.233049159432994, 7034803.322816965170205 ], [ 258697.226667979528429, 7034803.322816965170205 ], [ 258697.226667979528429, 7034798.319626375101507 ], [ 258677.213905619748402, 7034798.319626375101507 ], [ 258677.213905619748402, 7034793.316435785032809 ], [ 258667.207524439843837, 7034793.316435785032809 ], [ 258667.207524439843837, 7034798.319626375101507 ], [ 258592.15966559064691, 7034798.319626375101507 ], [ 258592.15966559064691, 7034793.316435785032809 ], [ 258582.153284410771448, 7034793.316435785032809 ], [ 258582.153284410771448, 7034788.313245194964111 ], [ 258572.146903230866883, 7034788.313245194964111 ], [ 258572.146903230866883, 7034783.310054604895413 ], [ 258532.121378511277726, 7034783.310054604895413 ], [ 258532.121378511277726, 7034788.313245194964111 ], [ 258517.111806741449982, 7034788.313245194964111 ], [ 258517.111806741449982, 7034793.316435785032809 ], [ 258512.108616151497699, 7034793.316435785032809 ], [ 258512.108616151497699, 7034798.319626375101507 ], [ 258502.102234971593134, 7034798.319626375101507 ], [ 258502.102234971593134, 7034803.322816965170205 ], [ 258492.095853791717673, 7034803.322816965170205 ], [ 258492.095853791717673, 7034793.316435785032809 ], [ 258487.09266320176539, 7034793.316435785032809 ], [ 258487.09266320176539, 7034788.313245194964111 ], [ 258482.089472611813108, 7034788.313245194964111 ], [ 258482.089472611813108, 7034778.306864015758038 ], [ 258477.086282021860825, 7034778.306864015758038 ], [ 258477.086282021860825, 7034768.300482835620642 ], [ 258472.083091431937646, 7034768.300482835620642 ], [ 258472.083091431937646, 7034763.297292245551944 ], [ 258467.079900841985364, 7034763.297292245551944 ], [ 258467.079900841985364, 7034753.290911065414548 ], [ 258462.076710252033081, 7034753.290911065414548 ], [ 258462.076710252033081, 7034748.28772047534585 ], [ 258457.073519662080798, 7034748.28772047534585 ], [ 258457.073519662080798, 7034728.274958116002381 ], [ 258452.070329072128516, 7034728.274958116002381 ], [ 258452.070329072128516, 7034718.268576935864985 ], [ 258457.073519662080798, 7034718.268576935864985 ], [ 258457.073519662080798, 7034713.265386345796287 ], [ 258462.076710252033081, 7034713.265386345796287 ], [ 258462.076710252033081, 7034708.262195755727589 ], [ 258472.083091431937646, 7034708.262195755727589 ], [ 258472.083091431937646, 7034713.265386345796287 ], [ 258477.086282021860825, 7034713.265386345796287 ], [ 258477.086282021860825, 7034708.262195755727589 ], [ 258487.09266320176539, 7034708.262195755727589 ], [ 258487.09266320176539, 7034703.259005166590214 ], [ 258492.095853791717673, 7034703.259005166590214 ], [ 258492.095853791717673, 7034698.255814576521516 ], [ 258497.099044381669955, 7034698.255814576521516 ], [ 258497.099044381669955, 7034693.252623986452818 ], [ 258502.102234971593134, 7034693.252623986452818 ], [ 258502.102234971593134, 7034688.24943339638412 ], [ 258507.105425561545417, 7034688.24943339638412 ], [ 258507.105425561545417, 7034678.243052216246724 ], [ 258512.108616151497699, 7034678.243052216246724 ], [ 258512.108616151497699, 7034673.239861626178026 ], [ 258517.111806741449982, 7034673.239861626178026 ], [ 258517.111806741449982, 7034658.230289856903255 ], [ 258522.114997331402265, 7034658.230289856903255 ], [ 258522.114997331402265, 7034653.227099266834557 ], [ 258527.118187921354547, 7034653.227099266834557 ], [ 258527.118187921354547, 7034648.223908676765859 ], [ 258532.121378511277726, 7034648.223908676765859 ], [ 258532.121378511277726, 7034643.220718086697161 ], [ 258547.130950281134574, 7034643.220718086697161 ], [ 258547.130950281134574, 7034653.227099266834557 ], [ 258552.134140871086856, 7034653.227099266834557 ], [ 258552.134140871086856, 7034643.220718086697161 ], [ 258557.137331461010035, 7034643.220718086697161 ], [ 258557.137331461010035, 7034628.21114631742239 ], [ 258562.140522050962318, 7034628.21114631742239 ], [ 258562.140522050962318, 7034623.207955727353692 ], [ 258567.1437126409146, 7034623.207955727353692 ], [ 258567.1437126409146, 7034593.188812186941504 ], [ 258572.146903230866883, 7034593.188812186941504 ], [ 258572.146903230866883, 7034588.185621597804129 ], [ 258577.150093820819166, 7034588.185621597804129 ], [ 258577.150093820819166, 7034583.182431007735431 ], [ 258587.156475000694627, 7034583.182431007735431 ], [ 258587.156475000694627, 7034578.179240417666733 ], [ 258607.169237360503757, 7034578.179240417666733 ], [ 258607.169237360503757, 7034573.176049827598035 ], [ 258612.172427950426936, 7034573.176049827598035 ], [ 258612.172427950426936, 7034563.169668647460639 ], [ 258617.175618540379219, 7034563.169668647460639 ], [ 258617.175618540379219, 7034553.163287467323244 ], [ 258627.181999720283784, 7034553.163287467323244 ], [ 258627.181999720283784, 7034548.160096878185868 ], [ 258642.191571490111528, 7034548.160096878185868 ], [ 258642.191571490111528, 7034538.153715698048472 ], [ 258647.194762080063811, 7034538.153715698048472 ], [ 258647.194762080063811, 7034528.147334517911077 ], [ 258652.197952670016093, 7034528.147334517911077 ], [ 258652.197952670016093, 7034518.140953337773681 ], [ 258657.201143259968376, 7034518.140953337773681 ], [ 258657.201143259968376, 7034508.134572158567607 ], [ 258662.204333849920658, 7034508.134572158567607 ], [ 258662.204333849920658, 7034498.128190978430212 ], [ 258687.220286799652968, 7034498.128190978430212 ], [ 258687.220286799652968, 7034493.125000388361514 ], [ 258712.236239749385277, 7034493.125000388361514 ], [ 258712.236239749385277, 7034488.121809798292816 ], [ 258697.226667979528429, 7034488.121809798292816 ], [ 258697.226667979528429, 7034483.118619208224118 ], [ 258687.220286799652968, 7034483.118619208224118 ], [ 258687.220286799652968, 7034488.121809798292816 ], [ 258662.204333849920658, 7034488.121809798292816 ], [ 258662.204333849920658, 7034493.125000388361514 ], [ 258657.201143259968376, 7034493.125000388361514 ], [ 258657.201143259968376, 7034498.128190978430212 ], [ 258652.197952670016093, 7034498.128190978430212 ], [ 258652.197952670016093, 7034508.134572158567607 ], [ 258637.188380900188349, 7034508.134572158567607 ], [ 258637.188380900188349, 7034513.137762748636305 ], [ 258642.191571490111528, 7034513.137762748636305 ], [ 258642.191571490111528, 7034518.140953337773681 ], [ 258647.194762080063811, 7034518.140953337773681 ], [ 258647.194762080063811, 7034523.144143927842379 ], [ 258642.191571490111528, 7034523.144143927842379 ], [ 258642.191571490111528, 7034533.150525107979774 ], [ 258637.188380900188349, 7034533.150525107979774 ], [ 258637.188380900188349, 7034538.153715698048472 ], [ 258627.181999720283784, 7034538.153715698048472 ], [ 258627.181999720283784, 7034543.15690628811717 ], [ 258622.178809130331501, 7034543.15690628811717 ], [ 258622.178809130331501, 7034548.160096878185868 ], [ 258612.172427950426936, 7034548.160096878185868 ], [ 258612.172427950426936, 7034553.163287467323244 ], [ 258607.169237360503757, 7034553.163287467323244 ], [ 258607.169237360503757, 7034568.172859237529337 ], [ 258582.153284410771448, 7034568.172859237529337 ], [ 258582.153284410771448, 7034573.176049827598035 ], [ 258572.146903230866883, 7034573.176049827598035 ], [ 258572.146903230866883, 7034578.179240417666733 ], [ 258562.140522050962318, 7034578.179240417666733 ], [ 258562.140522050962318, 7034588.185621597804129 ], [ 258537.124569101230009, 7034588.185621597804129 ], [ 258537.124569101230009, 7034593.188812186941504 ], [ 258532.121378511277726, 7034593.188812186941504 ], [ 258532.121378511277726, 7034588.185621597804129 ], [ 258527.118187921354547, 7034588.185621597804129 ], [ 258527.118187921354547, 7034583.182431007735431 ], [ 258512.108616151497699, 7034583.182431007735431 ], [ 258512.108616151497699, 7034578.179240417666733 ], [ 258502.102234971593134, 7034578.179240417666733 ], [ 258502.102234971593134, 7034573.176049827598035 ], [ 258497.099044381669955, 7034573.176049827598035 ], [ 258497.099044381669955, 7034558.166478057391942 ], [ 258502.102234971593134, 7034558.166478057391942 ], [ 258502.102234971593134, 7034553.163287467323244 ], [ 258507.105425561545417, 7034553.163287467323244 ], [ 258507.105425561545417, 7034558.166478057391942 ], [ 258512.108616151497699, 7034558.166478057391942 ], [ 258512.108616151497699, 7034548.160096878185868 ], [ 258537.124569101230009, 7034548.160096878185868 ], [ 258537.124569101230009, 7034543.15690628811717 ], [ 258542.127759691182291, 7034543.15690628811717 ], [ 258542.127759691182291, 7034538.153715698048472 ], [ 258527.118187921354547, 7034538.153715698048472 ], [ 258527.118187921354547, 7034533.150525107979774 ], [ 258517.111806741449982, 7034533.150525107979774 ], [ 258517.111806741449982, 7034528.147334517911077 ], [ 258512.108616151497699, 7034528.147334517911077 ], [ 258512.108616151497699, 7034518.140953337773681 ], [ 258492.095853791717673, 7034518.140953337773681 ], [ 258492.095853791717673, 7034498.128190978430212 ], [ 258472.083091431937646, 7034498.128190978430212 ], [ 258472.083091431937646, 7034488.121809798292816 ], [ 258477.086282021860825, 7034488.121809798292816 ], [ 258477.086282021860825, 7034483.118619208224118 ], [ 258472.083091431937646, 7034483.118619208224118 ], [ 258472.083091431937646, 7034478.11542861815542 ], [ 258467.079900841985364, 7034478.11542861815542 ], [ 258467.079900841985364, 7034468.109047438949347 ], [ 258462.076710252033081, 7034468.109047438949347 ], [ 258462.076710252033081, 7034458.102666258811951 ], [ 258452.070329072128516, 7034458.102666258811951 ], [ 258452.070329072128516, 7034463.105856848880649 ], [ 258412.044804352568462, 7034463.105856848880649 ], [ 258412.044804352568462, 7034468.109047438949347 ], [ 258397.035232582711615, 7034468.109047438949347 ], [ 258397.035232582711615, 7034473.112238029018044 ], [ 258392.032041992759332, 7034473.112238029018044 ], [ 258392.032041992759332, 7034478.11542861815542 ], [ 258387.028851402836153, 7034478.11542861815542 ], [ 258387.028851402836153, 7034473.112238029018044 ], [ 258382.025660812883871, 7034473.112238029018044 ], [ 258382.025660812883871, 7034458.102666258811951 ], [ 258397.035232582711615, 7034458.102666258811951 ], [ 258397.035232582711615, 7034448.096285078674555 ], [ 258402.038423172663897, 7034448.096285078674555 ], [ 258402.038423172663897, 7034408.070760359056294 ], [ 258407.04161376261618, 7034408.070760359056294 ], [ 258407.04161376261618, 7034378.051616819575429 ], [ 258412.044804352568462, 7034378.051616819575429 ], [ 258412.044804352568462, 7034373.048426229506731 ], [ 258407.04161376261618, 7034373.048426229506731 ], [ 258407.04161376261618, 7034363.042045049369335 ], [ 258412.044804352568462, 7034363.042045049369335 ], [ 258412.044804352568462, 7034353.035663870163262 ], [ 258417.047994942520745, 7034353.035663870163262 ], [ 258417.047994942520745, 7034338.026092099957168 ], [ 258432.057566712348489, 7034338.026092099957168 ], [ 258432.057566712348489, 7034333.02290150988847 ], [ 258442.063947892253054, 7034333.02290150988847 ], [ 258442.063947892253054, 7034328.019710919819772 ], [ 258467.079900841985364, 7034328.019710919819772 ], [ 258467.079900841985364, 7034323.016520330682397 ], [ 258477.086282021860825, 7034323.016520330682397 ], [ 258477.086282021860825, 7034318.013329740613699 ], [ 258482.089472611813108, 7034318.013329740613699 ], [ 258482.089472611813108, 7034313.010139150545001 ], [ 258487.09266320176539, 7034313.010139150545001 ], [ 258487.09266320176539, 7034308.006948560476303 ], [ 258492.095853791717673, 7034308.006948560476303 ], [ 258492.095853791717673, 7034303.003757970407605 ], [ 258497.099044381669955, 7034303.003757970407605 ], [ 258497.099044381669955, 7034298.000567380338907 ], [ 258502.102234971593134, 7034298.000567380338907 ], [ 258502.102234971593134, 7034292.997376790270209 ], [ 258492.095853791717673, 7034292.997376790270209 ], [ 258492.095853791717673, 7034287.994186200201511 ], [ 258487.09266320176539, 7034287.994186200201511 ], [ 258487.09266320176539, 7034282.990995611064136 ], [ 258482.089472611813108, 7034282.990995611064136 ], [ 258482.089472611813108, 7034277.987805020995438 ], [ 258477.086282021860825, 7034277.987805020995438 ], [ 258477.086282021860825, 7034262.978233250789344 ], [ 258482.089472611813108, 7034262.978233250789344 ], [ 258482.089472611813108, 7034257.975042660720646 ], [ 258487.09266320176539, 7034257.975042660720646 ], [ 258487.09266320176539, 7034247.968661480583251 ], [ 258492.095853791717673, 7034247.968661480583251 ], [ 258492.095853791717673, 7034242.965470891445875 ], [ 258577.150093820819166, 7034242.965470891445875 ], [ 258577.150093820819166, 7034247.968661480583251 ], [ 258587.156475000694627, 7034247.968661480583251 ], [ 258587.156475000694627, 7034242.965470891445875 ], [ 258942.383006886928342, 7034242.965470891445875 ], [ 258942.383006886928342, 7034247.968661480583251 ], [ 258947.386197476880625, 7034247.968661480583251 ], [ 258947.386197476880625, 7034262.978233250789344 ], [ 258942.383006886928342, 7034262.978233250789344 ], [ 258942.383006886928342, 7034272.98461443092674 ], [ 258947.386197476880625, 7034272.98461443092674 ], [ 258947.386197476880625, 7034303.003757970407605 ], [ 258957.39257865678519, 7034303.003757970407605 ], [ 258957.39257865678519, 7034298.000567380338907 ], [ 258977.405341016565217, 7034298.000567380338907 ], [ 258977.405341016565217, 7034303.003757970407605 ], [ 258982.408531606517499, 7034303.003757970407605 ], [ 258982.408531606517499, 7034308.006948560476303 ], [ 258987.411722196469782, 7034308.006948560476303 ], [ 258987.411722196469782, 7034318.013329740613699 ], [ 258992.414912786422065, 7034318.013329740613699 ], [ 258992.414912786422065, 7034323.016520330682397 ], [ 258997.418103376345243, 7034323.016520330682397 ], [ 258997.418103376345243, 7034333.02290150988847 ], [ 258992.414912786422065, 7034333.02290150988847 ], [ 258992.414912786422065, 7034338.026092099957168 ], [ 258987.411722196469782, 7034338.026092099957168 ], [ 258987.411722196469782, 7034348.032473280094564 ], [ 258997.418103376345243, 7034348.032473280094564 ], [ 258997.418103376345243, 7034343.029282690025866 ], [ 259022.434056326106656, 7034343.029282690025866 ], [ 259022.434056326106656, 7034368.045235639438033 ], [ 259027.437246916029835, 7034368.045235639438033 ], [ 259027.437246916029835, 7034383.054807409644127 ], [ 259032.440437505982118, 7034383.054807409644127 ], [ 259032.440437505982118, 7034393.061188589781523 ], [ 259037.4436280959344, 7034393.061188589781523 ], [ 259037.4436280959344, 7034403.067569768987596 ], [ 259042.446818685886683, 7034403.067569768987596 ], [ 259042.446818685886683, 7034413.073950949124992 ], [ 259032.440437505982118, 7034413.073950949124992 ], [ 259032.440437505982118, 7034418.07714153919369 ], [ 259027.437246916029835, 7034418.07714153919369 ], [ 259027.437246916029835, 7034428.083522719331086 ], [ 259022.434056326106656, 7034428.083522719331086 ], [ 259022.434056326106656, 7034433.086713309399784 ], [ 259017.430865736154374, 7034433.086713309399784 ], [ 259017.430865736154374, 7034443.093094488605857 ], [ 259012.427675146202091, 7034443.093094488605857 ], [ 259012.427675146202091, 7034448.096285078674555 ], [ 259002.421293966297526, 7034448.096285078674555 ], [ 259002.421293966297526, 7034453.099475668743253 ], [ 259007.424484556249809, 7034453.099475668743253 ], [ 259007.424484556249809, 7034458.102666258811951 ], [ 259012.427675146202091, 7034458.102666258811951 ], [ 259012.427675146202091, 7034463.105856848880649 ], [ 259017.430865736154374, 7034463.105856848880649 ], [ 259017.430865736154374, 7034468.109047438949347 ], [ 259022.434056326106656, 7034468.109047438949347 ], [ 259022.434056326106656, 7034473.112238029018044 ], [ 259027.437246916029835, 7034473.112238029018044 ], [ 259027.437246916029835, 7034478.11542861815542 ], [ 259032.440437505982118, 7034478.11542861815542 ], [ 259032.440437505982118, 7034473.112238029018044 ], [ 259037.4436280959344, 7034473.112238029018044 ], [ 259037.4436280959344, 7034468.109047438949347 ], [ 259047.450009275838966, 7034468.109047438949347 ], [ 259047.450009275838966, 7034463.105856848880649 ], [ 259062.45958104566671, 7034463.105856848880649 ], [ 259062.45958104566671, 7034458.102666258811951 ], [ 259077.469152815523557, 7034458.102666258811951 ], [ 259077.469152815523557, 7034453.099475668743253 ], [ 259087.475533995399019, 7034453.099475668743253 ], [ 259087.475533995399019, 7034448.096285078674555 ], [ 259092.478724585351301, 7034448.096285078674555 ], [ 259092.478724585351301, 7034453.099475668743253 ], [ 259117.494677535083611, 7034453.099475668743253 ], [ 259117.494677535083611, 7034463.105856848880649 ], [ 259122.497868125035893, 7034463.105856848880649 ], [ 259122.497868125035893, 7034468.109047438949347 ], [ 259132.504249304911355, 7034468.109047438949347 ], [ 259132.504249304911355, 7034488.121809798292816 ], [ 259137.507439894863637, 7034488.121809798292816 ], [ 259137.507439894863637, 7034503.131381568498909 ], [ 259142.51063048481592, 7034503.131381568498909 ], [ 259142.51063048481592, 7034513.137762748636305 ], [ 259147.513821074768202, 7034513.137762748636305 ], [ 259147.513821074768202, 7034498.128190978430212 ], [ 259152.517011664720485, 7034498.128190978430212 ], [ 259152.517011664720485, 7034488.121809798292816 ], [ 259157.520202254672768, 7034488.121809798292816 ], [ 259157.520202254672768, 7034483.118619208224118 ], [ 259182.536155204405077, 7034483.118619208224118 ], [ 259182.536155204405077, 7034488.121809798292816 ], [ 259207.552108154137386, 7034488.121809798292816 ], [ 259207.552108154137386, 7034493.125000388361514 ], [ 259217.558489334012847, 7034493.125000388361514 ], [ 259217.558489334012847, 7034488.121809798292816 ], [ 259227.564870513917413, 7034488.121809798292816 ], [ 259227.564870513917413, 7034478.11542861815542 ], [ 259217.558489334012847, 7034478.11542861815542 ], [ 259217.558489334012847, 7034473.112238029018044 ], [ 259202.548917564185103, 7034473.112238029018044 ], [ 259202.548917564185103, 7034478.11542861815542 ], [ 259187.539345794328256, 7034478.11542861815542 ], [ 259187.539345794328256, 7034473.112238029018044 ], [ 259177.532964614452794, 7034473.112238029018044 ], [ 259177.532964614452794, 7034468.109047438949347 ], [ 259172.529774024500512, 7034468.109047438949347 ], [ 259172.529774024500512, 7034463.105856848880649 ], [ 259162.523392844595946, 7034463.105856848880649 ], [ 259162.523392844595946, 7034458.102666258811951 ], [ 259157.520202254672768, 7034458.102666258811951 ], [ 259157.520202254672768, 7034453.099475668743253 ], [ 259152.517011664720485, 7034453.099475668743253 ], [ 259152.517011664720485, 7034443.093094488605857 ], [ 259147.513821074768202, 7034443.093094488605857 ], [ 259147.513821074768202, 7034438.089903898537159 ], [ 259142.51063048481592, 7034438.089903898537159 ], [ 259142.51063048481592, 7034408.070760359056294 ], [ 259147.513821074768202, 7034408.070760359056294 ], [ 259147.513821074768202, 7034403.067569768987596 ], [ 259152.517011664720485, 7034403.067569768987596 ], [ 259152.517011664720485, 7034393.061188589781523 ], [ 259157.520202254672768, 7034393.061188589781523 ], [ 259157.520202254672768, 7034388.057997999712825 ], [ 259162.523392844595946, 7034388.057997999712825 ], [ 259162.523392844595946, 7034378.051616819575429 ], [ 259167.526583434548229, 7034378.051616819575429 ], [ 259167.526583434548229, 7034368.045235639438033 ], [ 259172.529774024500512, 7034368.045235639438033 ], [ 259172.529774024500512, 7034358.03885446023196 ], [ 259177.532964614452794, 7034358.03885446023196 ], [ 259177.532964614452794, 7034348.032473280094564 ], [ 259182.536155204405077, 7034348.032473280094564 ], [ 259182.536155204405077, 7034338.026092099957168 ], [ 259187.539345794328256, 7034338.026092099957168 ], [ 259187.539345794328256, 7034333.02290150988847 ], [ 259197.545726974232821, 7034333.02290150988847 ], [ 259197.545726974232821, 7034318.013329740613699 ], [ 259202.548917564185103, 7034318.013329740613699 ], [ 259202.548917564185103, 7034308.006948560476303 ], [ 259207.552108154137386, 7034308.006948560476303 ], [ 259207.552108154137386, 7034298.000567380338907 ], [ 259212.555298744089669, 7034298.000567380338907 ], [ 259212.555298744089669, 7034287.994186200201511 ], [ 259217.558489334012847, 7034287.994186200201511 ], [ 259217.558489334012847, 7034282.990995611064136 ], [ 259222.56167992396513, 7034282.990995611064136 ], [ 259222.56167992396513, 7034267.981423840858042 ], [ 259217.558489334012847, 7034267.981423840858042 ], [ 259217.558489334012847, 7034262.978233250789344 ], [ 259212.555298744089669, 7034262.978233250789344 ], [ 259212.555298744089669, 7034252.971852070651948 ], [ 259207.552108154137386, 7034252.971852070651948 ], [ 259207.552108154137386, 7034242.965470891445875 ], [ 259232.568061103869695, 7034242.965470891445875 ], [ 259232.568061103869695, 7034913.393009943887591 ], [ 259227.564870513917413, 7034913.393009943887591 ] ], [ [ 258572.146903230866883, 7034252.971852070651948 ], [ 258577.150093820819166, 7034252.971852070651948 ], [ 258577.150093820819166, 7034247.968661480583251 ], [ 258572.146903230866883, 7034247.968661480583251 ], [ 258572.146903230866883, 7034252.971852070651948 ] ] ] } }
]
}
