{
"type": "FeatureCollection",
"name": "retrogression_analysis_optimized",
"crs": { "type": "name", "properties": { "name": "urn:ogc:def:crs:EPSG::25833" } },
"features": [
{ "type": "Feature", "properties": { "id": 6, "slope": 1 }, "geometry": { "type": "Polygon", "coordinates": [ [ [ 258687.220286799652968, 7043093.609624506905675 ], [ 258687.220286799652968, 7043058.587290377356112 ], [ 258727.245811519213021, 7043058.587290377356112 ], [ 258727.245811519213021, 7043053.584099787287414 ], [ 258732.249002109165303, 7043053.584099787287414 ], [ 258732.249002109165303, 7043038.574528018012643 ], [ 258737.252192699117586, 7043038.574528018012643 ], [ 258737.252192699117586, 7043028.568146837875247 ], [ 258742.255383289069869, 7043028.568146837875247 ], [ 258742.255383289069869, 7043023.564956247806549 ], [ 258747.258573879022151, 7043023.564956247806549 ], [ 258747.258573879022151, 7043018.561765657737851 ], [ 258752.26176446894533, 7043018.561765657737851 ], [ 258752.26176446894533, 7043013.558575067669153 ], [ 258757.264955058897613, 7043013.558575067669153 ], [ 258757.264955058897613, 7042963.526669168844819 ], [ 258762.268145648849895, 7042963.526669168844819 ], [ 258762.268145648849895, 7042948.517097398638725 ], [ 258767.271336238802178, 7042948.517097398638725 ], [ 258767.271336238802178, 7042943.513906808570027 ], [ 258772.27452682875446, 7042943.513906808570027 ], [ 258772.27452682875446, 7042933.507525629363954 ], [ 258782.280908008629922, 7042933.507525629363954 ], [ 258782.280908008629922, 7042923.501144449226558 ], [ 258812.300051548314514, 7042923.501144449226558 ], [ 258812.300051548314514, 7042918.49795385915786 ], [ 258817.303242138266796, 7042918.49795385915786 ], [ 258817.303242138266796, 7042913.494763269089162 ], [ 258827.309623318171361, 7042913.494763269089162 ], [ 258827.309623318171361, 7042908.491572679020464 ], [ 258837.316004498046823, 7042908.491572679020464 ], [ 258837.316004498046823, 7042898.485191499814391 ], [ 258842.319195087999105, 7042898.485191499814391 ], [ 258842.319195087999105, 7042878.472429139539599 ], [ 258847.322385677951388, 7042878.472429139539599 ], [ 258847.322385677951388, 7042873.469238549470901 ], [ 258852.325576267903671, 7042873.469238549470901 ], [ 258852.325576267903671, 7042868.466047959402204 ], [ 258857.328766857855953, 7042868.466047959402204 ], [ 258857.328766857855953, 7042853.456476190127432 ], [ 258862.331957447779132, 7042853.456476190127432 ], [ 258862.331957447779132, 7042848.453285600058734 ], [ 258882.344719807588262, 7042848.453285600058734 ], [ 258882.344719807588262, 7042843.450095009990036 ], [ 258877.34152921763598, 7042843.450095009990036 ], [ 258877.34152921763598, 7042838.446904419921339 ], [ 258872.338338627683697, 7042838.446904419921339 ], [ 258872.338338627683697, 7042828.440523239783943 ], [ 258867.335148037731415, 7042828.440523239783943 ], [ 258867.335148037731415, 7042823.437332649715245 ], [ 258872.338338627683697, 7042823.437332649715245 ], [ 258872.338338627683697, 7042813.430951470509171 ], [ 258877.34152921763598, 7042813.430951470509171 ], [ 258877.34152921763598, 7042808.427760880440474 ], [ 258882.344719807588262, 7042808.427760880440474 ], [ 258882.344719807588262, 7042803.424570290371776 ], [ 258872.338338627683697, 7042803.424570290371776 ], [ 258872.338338627683697, 7042808.427760880440474 ], [ 258817.303242138266796, 7042808.427760880440474 ], [ 258817.303242138266796, 7042803.424570290371776 ], [ 258807.296860958362231, 7042803.424570290371776 ], [ 258807.296860958362231, 7042808.427760880440474 ], [ 258802.293670368439052, 7042808.427760880440474 ], [ 258802.293670368439052, 7042813.430951470509171 ], [ 258787.284098598582204, 7042813.430951470509171 ], [ 258787.284098598582204, 7042808.427760880440474 ], [ 258782.280908008629922, 7042808.427760880440474 ], [ 258782.280908008629922, 7042803.424570290371776 ], [ 258772.27452682875446, 7042803.424570290371776 ], [ 258772.27452682875446, 7042798.421379700303078 ], [ 258752.26176446894533, 7042798.421379700303078 ], [ 258752.26176446894533, 7042793.41818911023438 ], [ 258742.255383289069869, 7042793.41818911023438 ], [ 258742.255383289069869, 7042788.414998520165682 ], [ 258732.249002109165303, 7042788.414998520165682 ], [ 258732.249002109165303, 7042783.411807931028306 ], [ 258712.236239749385277, 7042783.411807931028306 ], [ 258712.236239749385277, 7042778.408617340959609 ], [ 258697.226667979528429, 7042778.408617340959609 ], [ 258697.226667979528429, 7042773.405426750890911 ], [ 258687.220286799652968, 7042773.405426750890911 ], [ 258687.220286799652968, 7042558.268231382593513 ], [ 259272.593585823429748, 7042558.268231382593513 ], [ 259272.593585823429748, 7042553.265040793456137 ], [ 259277.596776413382031, 7042553.265040793456137 ], [ 259277.596776413382031, 7042538.255469023250043 ], [ 259282.599967003334314, 7042538.255469023250043 ], [ 259282.599967003334314, 7042523.24589725304395 ], [ 259287.603157593286596, 7042523.24589725304395 ], [ 259287.603157593286596, 7042503.23313489370048 ], [ 259282.599967003334314, 7042503.23313489370048 ], [ 259282.599967003334314, 7042493.226753713563085 ], [ 259287.603157593286596, 7042493.226753713563085 ], [ 259287.603157593286596, 7042483.220372533425689 ], [ 259292.606348183238879, 7042483.220372533425689 ], [ 259292.606348183238879, 7042448.198038403876126 ], [ 259287.603157593286596, 7042448.198038403876126 ], [ 259287.603157593286596, 7042443.194847813807428 ], [ 259292.606348183238879, 7042443.194847813807428 ], [ 259292.606348183238879, 7042433.188466634601355 ], [ 259287.603157593286596, 7042433.188466634601355 ], [ 259287.603157593286596, 7042383.156560734845698 ], [ 259292.606348183238879, 7042383.156560734845698 ], [ 259292.606348183238879, 7042373.150179554708302 ], [ 259297.609538773162058, 7042373.150179554708302 ], [ 259297.609538773162058, 7042368.146988964639604 ], [ 259302.61272936311434, 7042368.146988964639604 ], [ 259302.61272936311434, 7042363.143798374570906 ], [ 259307.615919953066623, 7042363.143798374570906 ], [ 259307.615919953066623, 7042358.140607785433531 ], [ 259342.638254082703497, 7042358.140607785433531 ], [ 259342.638254082703497, 7042363.143798374570906 ], [ 259397.673350572120398, 7042363.143798374570906 ], [ 259397.673350572120398, 7042358.140607785433531 ], [ 259407.67973175199586, 7042358.140607785433531 ], [ 259407.67973175199586, 7042353.137417195364833 ], [ 259412.682922341948142, 7042353.137417195364833 ], [ 259412.682922341948142, 7042348.134226605296135 ], [ 259417.686112931900425, 7042348.134226605296135 ], [ 259417.686112931900425, 7042343.131036015227437 ], [ 259422.689303521852707, 7042343.131036015227437 ], [ 259422.689303521852707, 7042338.127845425158739 ], [ 259427.69249411180499, 7042338.127845425158739 ], [ 259427.69249411180499, 7042333.124654835090041 ], [ 259432.695684701757273, 7042333.124654835090041 ], [ 259432.695684701757273, 7042328.121464245021343 ], [ 259437.698875291680451, 7042328.121464245021343 ], [ 259437.698875291680451, 7042323.118273655883968 ], [ 259442.702065881632734, 7042323.118273655883968 ], [ 259442.702065881632734, 7042318.11508306581527 ], [ 259452.708447061537299, 7042318.11508306581527 ], [ 259452.708447061537299, 7042308.108701885677874 ], [ 259457.711637651489582, 7042308.108701885677874 ], [ 259457.711637651489582, 7042298.102320705540478 ], [ 259462.714828241412761, 7042298.102320705540478 ], [ 259462.714828241412761, 7042293.09913011547178 ], [ 259467.718018831365043, 7042293.09913011547178 ], [ 259467.718018831365043, 7042288.095939525403082 ], [ 259472.721209421317326, 7042288.095939525403082 ], [ 259472.721209421317326, 7042283.092748936265707 ], [ 259477.724400011269609, 7042283.092748936265707 ], [ 259477.724400011269609, 7042278.089558346197009 ], [ 259482.727590601221891, 7042278.089558346197009 ], [ 259482.727590601221891, 7042273.086367756128311 ], [ 259697.864785968937213, 7042273.086367756128311 ], [ 259697.864785968937213, 7042858.45966678019613 ], [ 259397.673350572120398, 7042858.45966678019613 ], [ 259397.673350572120398, 7042853.456476190127432 ], [ 259412.682922341948142, 7042853.456476190127432 ], [ 259412.682922341948142, 7042848.453285600058734 ], [ 259417.686112931900425, 7042848.453285600058734 ], [ 259417.686112931900425, 7042843.450095009990036 ], [ 259422.689303521852707, 7042843.450095009990036 ], [ 259422.689303521852707, 7042838.446904419921339 ], [ 259437.698875291680451, 7042838.446904419921339 ], [ 259437.698875291680451, 7042833.443713829852641 ], [ 259442.702065881632734, 7042833.443713829852641 ], [ 259442.702065881632734, 7042828.440523239783943 ], [ 259447.705256471585017, 7042828.440523239783943 ], [ 259447.705256471585017, 7042793.41818911023438 ], [ 259442.702065881632734, 7042793.41818911023438 ], [ 259442.702065881632734, 7042788.414998520165682 ], [ 259437.698875291680451, 7042788.414998520165682 ], [ 259437.698875291680451, 7042778.408617340959609 ], [ 259432.695684701757273, 7042778.408617340959609 ], [ 259432.695684701757273, 7042768.402236160822213 ], [ 259427.69249411180499, 7042768.402236160822213 ], [ 259427.69249411180499, 7042763.399045570753515 ], [ 259422.689303521852707, 7042763.399045570753515 ], [ 259422.689303521852707, 7042758.395854980684817 ], [ 259417.686112931900425, 7042758.395854980684817 ], [ 259417.686112931900425, 7042753.392664390616119 ], [ 259412.682922341948142, 7042753.392664390616119 ], [ 259412.682922341948142, 7042748.389473800547421 ], [ 259407.67973175199586, 7042748.389473800547421 ], [ 259407.67973175199586, 7042703.360758491791785 ], [ 259402.676541162072681, 7042703.360758491791785 ], [ 259402.676541162072681, 7042678.344805541448295 ], [ 259397.673350572120398, 7042678.344805541448295 ], [ 259397.673350572120398, 7042673.341614951379597 ], [ 259392.670159982168116, 7042673.341614951379597 ], [ 259392.670159982168116, 7042663.335233772173524 ], [ 259377.660588212340372, 7042663.335233772173524 ], [ 259377.660588212340372, 7042668.338424362242222 ], [ 259372.657397622388089, 7042668.338424362242222 ], [ 259372.657397622388089, 7042673.341614951379597 ], [ 259367.654207032435806, 7042673.341614951379597 ], [ 259367.654207032435806, 7042678.344805541448295 ], [ 259352.644635262578959, 7042678.344805541448295 ], [ 259352.644635262578959, 7042673.341614951379597 ], [ 259347.64144467265578, 7042673.341614951379597 ], [ 259347.64144467265578, 7042668.338424362242222 ], [ 259342.638254082703497, 7042668.338424362242222 ], [ 259342.638254082703497, 7042663.335233772173524 ], [ 259337.635063492751215, 7042663.335233772173524 ], [ 259337.635063492751215, 7042658.332043182104826 ], [ 259332.631872902798932, 7042658.332043182104826 ], [ 259332.631872902798932, 7042653.328852592036128 ], [ 259327.628682312846649, 7042653.328852592036128 ], [ 259327.628682312846649, 7042648.32566200196743 ], [ 259322.625491722923471, 7042648.32566200196743 ], [ 259322.625491722923471, 7042643.322471411898732 ], [ 259317.622301132971188, 7042643.322471411898732 ], [ 259317.622301132971188, 7042638.319280821830034 ], [ 259312.619110543018905, 7042638.319280821830034 ], [ 259312.619110543018905, 7043093.609624506905675 ], [ 258687.220286799652968, 7043093.609624506905675 ] ], [ [ 259487.730781191174174, 7042498.229944303631783 ], [ 259492.733971781097353, 7042498.229944303631783 ], [ 259492.733971781097353, 7042488.223563123494387 ], [ 259487.730781191174174, 7042488.223563123494387 ], [ 259487.730781191174174, 7042498.229944303631783 ] ], [ [ 259492.733971781097353, 7042483.220372533425689 ], [ 259497.737162371049635, 7042483.220372533425689 ], [ 259497.737162371049635, 7042468.210800764150918 ], [ 259492.733971781097353, 7042468.210800764150918 ], [ 259492.733971781097353, 7042483.220372533425689 ] ] ] } },
{ "type": "Feature", "properties": { "id": 7, "slope": 1 }, "geometry": { "type": "Polygon", "coordinates": [ [ [ 257981.770413617108716, 7042608.300137282349169 ], [ 257981.770413617108716, 7042603.296946692280471 ], [ 257976.767223027185537, 7042603.296946692280471 ], [ 257976.767223027185537, 7042598.293756102211773 ], [ 257971.764032437233254, 7042598.293756102211773 ], [ 257971.764032437233254, 7042593.290565512143075 ], [ 257966.760841847280972, 7042593.290565512143075 ], [ 257966.760841847280972, 7042588.2873749230057 ], [ 257961.757651257328689, 7042588.2873749230057 ], [ 257961.757651257328689, 7042583.284184332937002 ], [ 257956.754460667376406, 7042583.284184332937002 ], [ 257956.754460667376406, 7042578.280993742868304 ], [ 257951.751270077424124, 7042578.280993742868304 ], [ 257951.751270077424124, 7042573.277803152799606 ], [ 257946.748079487500945, 7042573.277803152799606 ], [ 257946.748079487500945, 7042568.274612562730908 ], [ 257941.744888897548662, 7042568.274612562730908 ], [ 257941.744888897548662, 7042563.27142197266221 ], [ 257936.74169830759638, 7042563.27142197266221 ], [ 257936.74169830759638, 7042558.268231382593513 ], [ 257931.738507717644097, 7042558.268231382593513 ], [ 257931.738507717644097, 7042553.265040793456137 ], [ 257926.735317127691815, 7042553.265040793456137 ], [ 257926.735317127691815, 7042548.261850203387439 ], [ 257921.732126537768636, 7042548.261850203387439 ], [ 257921.732126537768636, 7042543.258659613318741 ], [ 257916.728935947816353, 7042543.258659613318741 ], [ 257916.728935947816353, 7042538.255469023250043 ], [ 257911.725745357864071, 7042538.255469023250043 ], [ 257911.725745357864071, 7042533.252278433181345 ], [ 257906.722554767911788, 7042533.252278433181345 ], [ 257906.722554767911788, 7042523.24589725304395 ], [ 257911.725745357864071, 7042523.24589725304395 ], [ 257911.725745357864071, 7042513.239516073837876 ], [ 257916.728935947816353, 7042513.239516073837876 ], [ 257916.728935947816353, 7042503.23313489370048 ], [ 257921.732126537768636, 7042503.23313489370048 ], [ 257921.732126537768636, 7042498.229944303631783 ], [ 257926.735317127691815, 7042498.229944303631783 ], [ 257926.735317127691815, 7042493.226753713563085 ], [ 257931.738507717644097, 7042493.226753713563085 ], [ 257931.738507717644097, 7042488.223563123494387 ], [ 257936.74169830759638, 7042488.223563123494387 ], [ 257936.74169830759638, 7042483.220372533425689 ], [ 257941.744888897548662, 7042483.220372533425689 ], [ 257941.744888897548662, 7042478.217181943356991 ], [ 257946.748079487500945, 7042478.217181943356991 ], [ 257946.748079487500945, 7042473.213991354219615 ], [ 257951.751270077424124, 7042473.213991354219615 ], [ 257951.751270077424124, 7042468.210800764150918 ], [ 257956.754460667376406, 7042468.210800764150918 ], [ 257956.754460667376406, 7042463.20761017408222 ], [ 257961.757651257328689, 7042463.20761017408222 ], [ 257961.757651257328689, 7042458.204419584013522 ], [ 257966.760841847280972, 7042458.204419584013522 ], [ 257966.760841847280972, 7042453.201228993944824 ], [ 257971.764032437233254, 7042453.201228993944824 ], [ 257971.764032437233254, 7042448.198038403876126 ], [ 257976.767223027185537, 7042448.198038403876126 ], [ 257976.767223027185537, 7042443.194847813807428 ], [ 257981.770413617108716, 7042443.194847813807428 ], [ 257981.770413617108716, 7042438.191657224670053 ], [ 257986.773604207060998, 7042438.191657224670053 ], [ 257986.773604207060998, 7042428.185276044532657 ], [ 257981.770413617108716, 7042428.185276044532657 ], [ 257981.770413617108716, 7042398.166132505051792 ], [ 257976.767223027185537, 7042398.166132505051792 ], [ 257976.767223027185537, 7042388.159751324914396 ], [ 257971.764032437233254, 7042388.159751324914396 ], [ 257971.764032437233254, 7042368.146988964639604 ], [ 257966.760841847280972, 7042368.146988964639604 ], [ 257966.760841847280972, 7042318.11508306581527 ], [ 257961.757651257328689, 7042318.11508306581527 ], [ 257961.757651257328689, 7042283.092748936265707 ], [ 257966.760841847280972, 7042283.092748936265707 ], [ 257966.760841847280972, 7042253.073605395853519 ], [ 258071.827844236162491, 7042253.073605395853519 ], [ 258071.827844236162491, 7042268.083177166059613 ], [ 258066.824653646210209, 7042268.083177166059613 ], [ 258066.824653646210209, 7042278.089558346197009 ], [ 258061.821463056257926, 7042278.089558346197009 ], [ 258061.821463056257926, 7042288.095939525403082 ], [ 258056.818272466334747, 7042288.095939525403082 ], [ 258056.818272466334747, 7042293.09913011547178 ], [ 258061.821463056257926, 7042293.09913011547178 ], [ 258061.821463056257926, 7042318.11508306581527 ], [ 258056.818272466334747, 7042318.11508306581527 ], [ 258056.818272466334747, 7042333.124654835090041 ], [ 258061.821463056257926, 7042333.124654835090041 ], [ 258061.821463056257926, 7042343.131036015227437 ], [ 258066.824653646210209, 7042343.131036015227437 ], [ 258066.824653646210209, 7042363.143798374570906 ], [ 258071.827844236162491, 7042363.143798374570906 ], [ 258071.827844236162491, 7042323.118273655883968 ], [ 258076.831034826114774, 7042323.118273655883968 ], [ 258076.831034826114774, 7042303.105511295609176 ], [ 258081.834225416067056, 7042303.105511295609176 ], [ 258081.834225416067056, 7042293.09913011547178 ], [ 258086.837416006019339, 7042293.09913011547178 ], [ 258086.837416006019339, 7042288.095939525403082 ], [ 258091.840606595942518, 7042288.095939525403082 ], [ 258091.840606595942518, 7042253.073605395853519 ], [ 258261.949086654145503, 7042253.073605395853519 ], [ 258261.949086654145503, 7042498.229944303631783 ], [ 258256.945896064193221, 7042498.229944303631783 ], [ 258256.945896064193221, 7042508.236325483769178 ], [ 258251.942705474270042, 7042508.236325483769178 ], [ 258251.942705474270042, 7042513.239516073837876 ], [ 258246.939514884317759, 7042513.239516073837876 ], [ 258246.939514884317759, 7042518.242706662975252 ], [ 258236.933133704413194, 7042518.242706662975252 ], [ 258236.933133704413194, 7042533.252278433181345 ], [ 258226.926752524508629, 7042533.252278433181345 ], [ 258226.926752524508629, 7042528.249087843112648 ], [ 258221.92356193458545, 7042528.249087843112648 ], [ 258221.92356193458545, 7042533.252278433181345 ], [ 258211.917180754680885, 7042533.252278433181345 ], [ 258211.917180754680885, 7042543.258659613318741 ], [ 258206.913990164728602, 7042543.258659613318741 ], [ 258206.913990164728602, 7042548.261850203387439 ], [ 258201.91079957477632, 7042548.261850203387439 ], [ 258201.91079957477632, 7042563.27142197266221 ], [ 258196.907608984853141, 7042563.27142197266221 ], [ 258196.907608984853141, 7042573.277803152799606 ], [ 258191.904418394900858, 7042573.277803152799606 ], [ 258191.904418394900858, 7042578.280993742868304 ], [ 258161.885274855216267, 7042578.280993742868304 ], [ 258161.885274855216267, 7042583.284184332937002 ], [ 258151.878893675311701, 7042583.284184332937002 ], [ 258151.878893675311701, 7042588.2873749230057 ], [ 258141.87251249543624, 7042588.2873749230057 ], [ 258141.87251249543624, 7042548.261850203387439 ], [ 258146.875703085359419, 7042548.261850203387439 ], [ 258146.875703085359419, 7042538.255469023250043 ], [ 258151.878893675311701, 7042538.255469023250043 ], [ 258151.878893675311701, 7042533.252278433181345 ], [ 258161.885274855216267, 7042533.252278433181345 ], [ 258161.885274855216267, 7042528.249087843112648 ], [ 258166.888465445168549, 7042528.249087843112648 ], [ 258166.888465445168549, 7042518.242706662975252 ], [ 258171.891656035091728, 7042518.242706662975252 ], [ 258171.891656035091728, 7042498.229944303631783 ], [ 258166.888465445168549, 7042498.229944303631783 ], [ 258166.888465445168549, 7042493.226753713563085 ], [ 258161.885274855216267, 7042493.226753713563085 ], [ 258161.885274855216267, 7042488.223563123494387 ], [ 258156.882084265263984, 7042488.223563123494387 ], [ 258156.882084265263984, 7042483.220372533425689 ], [ 258151.878893675311701, 7042483.220372533425689 ], [ 258151.878893675311701, 7042478.217181943356991 ], [ 258146.875703085359419, 7042478.217181943356991 ], [ 258146.875703085359419, 7042473.213991354219615 ], [ 258141.87251249543624, 7042473.213991354219615 ], [ 258141.87251249543624, 7042468.210800764150918 ], [ 258136.869321905483957, 7042468.210800764150918 ], [ 258136.869321905483957, 7042473.213991354219615 ], [ 258131.866131315531675, 7042473.213991354219615 ], [ 258131.866131315531675, 7042478.217181943356991 ], [ 258121.85975013562711, 7042478.217181943356991 ], [ 258121.85975013562711, 7042483.220372533425689 ], [ 258116.856559545674827, 7042483.220372533425689 ], [ 258116.856559545674827, 7042498.229944303631783 ], [ 258111.853368955751648, 7042498.229944303631783 ], [ 258111.853368955751648, 7042513.239516073837876 ], [ 258106.850178365799366, 7042513.239516073837876 ], [ 258106.850178365799366, 7042523.24589725304395 ], [ 258101.846987775847083, 7042523.24589725304395 ], [ 258101.846987775847083, 7042528.249087843112648 ], [ 258096.8437971858948, 7042528.249087843112648 ], [ 258096.8437971858948, 7042533.252278433181345 ], [ 258086.837416006019339, 7042533.252278433181345 ], [ 258086.837416006019339, 7042538.255469023250043 ], [ 258081.834225416067056, 7042538.255469023250043 ], [ 258081.834225416067056, 7042543.258659613318741 ], [ 258076.831034826114774, 7042543.258659613318741 ], [ 258076.831034826114774, 7042563.27142197266221 ], [ 258071.827844236162491, 7042563.27142197266221 ], [ 258071.827844236162491, 7042568.274612562730908 ], [ 258066.824653646210209, 7042568.274612562730908 ], [ 258066.824653646210209, 7042563.27142197266221 ], [ 258061.821463056257926, 7042563.27142197266221 ], [ 258061.821463056257926, 7042558.268231382593513 ], [ 258056.818272466334747, 7042558.268231382593513 ], [ 258056.818272466334747, 7042553.265040793456137 ], [ 258051.815081876382465, 7042553.265040793456137 ], [ 258051.815081876382465, 7042558.268231382593513 ], [ 258046.811891286430182, 7042558.268231382593513 ], [ 258046.811891286430182, 7042563.27142197266221 ], [ 258041.808700696477899, 7042563.27142197266221 ], [ 258041.808700696477899, 7042568.274612562730908 ], [ 258036.805510106525617, 7042568.274612562730908 ], [ 258036.805510106525617, 7042573.277803152799606 ], [ 258031.802319516602438, 7042573.277803152799606 ], [ 258031.802319516602438, 7042578.280993742868304 ], [ 258026.799128926650155, 7042578.280993742868304 ], [ 258026.799128926650155, 7042583.284184332937002 ], [ 258021.795938336697873, 7042583.284184332937002 ], [ 258021.795938336697873, 7042588.2873749230057 ], [ 258016.79274774674559, 7042588.2873749230057 ], [ 258016.79274774674559, 7042593.290565512143075 ], [ 258011.789557156793308, 7042593.290565512143075 ], [ 258011.789557156793308, 7042598.293756102211773 ], [ 258006.786366566841025, 7042598.293756102211773 ], [ 258006.786366566841025, 7042603.296946692280471 ], [ 258001.783175976917846, 7042603.296946692280471 ], [ 258001.783175976917846, 7042608.300137282349169 ], [ 257981.770413617108716, 7042608.300137282349169 ] ], [ [ 258041.808700696477899, 7042468.210800764150918 ], [ 258051.815081876382465, 7042468.210800764150918 ], [ 258051.815081876382465, 7042463.20761017408222 ], [ 258056.818272466334747, 7042463.20761017408222 ], [ 258056.818272466334747, 7042458.204419584013522 ], [ 258041.808700696477899, 7042458.204419584013522 ], [ 258041.808700696477899, 7042468.210800764150918 ] ], [ [ 258046.811891286430182, 7042448.198038403876126 ], [ 258051.815081876382465, 7042448.198038403876126 ], [ 258051.815081876382465, 7042423.182085454463959 ], [ 258046.811891286430182, 7042423.182085454463959 ], [ 258046.811891286430182, 7042448.198038403876126 ] ], [ [ 258056.818272466334747, 7042418.178894864395261 ], [ 258061.821463056257926, 7042418.178894864395261 ], [ 258061.821463056257926, 7042413.175704274326563 ], [ 258056.818272466334747, 7042413.175704274326563 ], [ 258056.818272466334747, 7042418.178894864395261 ] ], [ [ 258056.818272466334747, 7042383.156560734845698 ], [ 258066.824653646210209, 7042383.156560734845698 ], [ 258066.824653646210209, 7042378.153370144777 ], [ 258071.827844236162491, 7042378.153370144777 ], [ 258071.827844236162491, 7042373.150179554708302 ], [ 258061.821463056257926, 7042373.150179554708302 ], [ 258061.821463056257926, 7042378.153370144777 ], [ 258056.818272466334747, 7042378.153370144777 ], [ 258056.818272466334747, 7042383.156560734845698 ] ] ] } },
{ "type": "Feature", "properties": { "id": 11, "slope": 1 }, "geometry": { "type": "Polygon", "coordinates": [ [ [ 258156.882084265263984, 7041737.744974631816149 ], [ 258156.882084265263984, 7041732.741784041747451 ], [ 258126.862940725579392, 7041732.741784041747451 ], [ 258126.862940725579392, 7041727.738593451678753 ], [ 258111.853368955751648, 7041727.738593451678753 ], [ 258111.853368955751648, 7041722.735402861610055 ], [ 258081.834225416067056, 7041722.735402861610055 ], [ 258081.834225416067056, 7041717.732212271541357 ], [ 258056.818272466334747, 7041717.732212271541357 ], [ 258056.818272466334747, 7041712.729021681472659 ], [ 258006.786366566841025, 7041712.729021681472659 ], [ 258006.786366566841025, 7041717.732212271541357 ], [ 257996.779985386965564, 7041717.732212271541357 ], [ 257996.779985386965564, 7041722.735402861610055 ], [ 257981.770413617108716, 7041722.735402861610055 ], [ 257981.770413617108716, 7041717.732212271541357 ], [ 257966.760841847280972, 7041717.732212271541357 ], [ 257966.760841847280972, 7041712.729021681472659 ], [ 257961.757651257328689, 7041712.729021681472659 ], [ 257961.757651257328689, 7041702.722640502266586 ], [ 257956.754460667376406, 7041702.722640502266586 ], [ 257956.754460667376406, 7041692.71625932212919 ], [ 257951.751270077424124, 7041692.71625932212919 ], [ 257951.751270077424124, 7041677.706687551923096 ], [ 257946.748079487500945, 7041677.706687551923096 ], [ 257946.748079487500945, 7041662.697115782648325 ], [ 257941.744888897548662, 7041662.697115782648325 ], [ 257941.744888897548662, 7041652.690734602510929 ], [ 257936.74169830759638, 7041652.690734602510929 ], [ 257936.74169830759638, 7041657.693925192579627 ], [ 257921.732126537768636, 7041657.693925192579627 ], [ 257921.732126537768636, 7041652.690734602510929 ], [ 257916.728935947816353, 7041652.690734602510929 ], [ 257916.728935947816353, 7041647.687544012442231 ], [ 257911.725745357864071, 7041647.687544012442231 ], [ 257911.725745357864071, 7041642.684353422373533 ], [ 257906.722554767911788, 7041642.684353422373533 ], [ 257906.722554767911788, 7041637.681162832304835 ], [ 257901.719364177959505, 7041637.681162832304835 ], [ 257901.719364177959505, 7041632.67797224316746 ], [ 257896.716173588007223, 7041632.67797224316746 ], [ 257896.716173588007223, 7041627.674781653098762 ], [ 257891.712982998084044, 7041627.674781653098762 ], [ 257891.712982998084044, 7041622.671591063030064 ], [ 257886.709792408131761, 7041622.671591063030064 ], [ 257886.709792408131761, 7041617.668400472961366 ], [ 257881.706601818179479, 7041617.668400472961366 ], [ 257881.706601818179479, 7041612.665209882892668 ], [ 257876.703411228227196, 7041612.665209882892668 ], [ 257876.703411228227196, 7041607.66201929282397 ], [ 257871.700220638274914, 7041607.66201929282397 ], [ 257871.700220638274914, 7041602.658828702755272 ], [ 257866.697030048351735, 7041602.658828702755272 ], [ 257866.697030048351735, 7041597.655638112686574 ], [ 257861.693839458399452, 7041597.655638112686574 ], [ 257861.693839458399452, 7041602.658828702755272 ], [ 257856.69064886844717, 7041602.658828702755272 ], [ 257856.69064886844717, 7041612.665209882892668 ], [ 257851.687458278494887, 7041612.665209882892668 ], [ 257851.687458278494887, 7041617.668400472961366 ], [ 257846.684267688542604, 7041617.668400472961366 ], [ 257846.684267688542604, 7041622.671591063030064 ], [ 257841.681077098590322, 7041622.671591063030064 ], [ 257841.681077098590322, 7041627.674781653098762 ], [ 257836.677886508667143, 7041627.674781653098762 ], [ 257836.677886508667143, 7041632.67797224316746 ], [ 257831.67469591871486, 7041632.67797224316746 ], [ 257831.67469591871486, 7041627.674781653098762 ], [ 257826.671505328762578, 7041627.674781653098762 ], [ 257826.671505328762578, 7041622.671591063030064 ], [ 257821.668314738810295, 7041622.671591063030064 ], [ 257821.668314738810295, 7041617.668400472961366 ], [ 257816.665124148858013, 7041617.668400472961366 ], [ 257816.665124148858013, 7041612.665209882892668 ], [ 257791.649171199125703, 7041612.665209882892668 ], [ 257791.649171199125703, 7041617.668400472961366 ], [ 257781.642790019250242, 7041617.668400472961366 ], [ 257781.642790019250242, 7041607.66201929282397 ], [ 257771.636408839345677, 7041607.66201929282397 ], [ 257771.636408839345677, 7041597.655638112686574 ], [ 257766.633218249393394, 7041597.655638112686574 ], [ 257766.633218249393394, 7041592.652447523549199 ], [ 257761.630027659441112, 7041592.652447523549199 ], [ 257761.630027659441112, 7041587.649256933480501 ], [ 257756.626837069517933, 7041587.649256933480501 ], [ 257756.626837069517933, 7041567.636494573205709 ], [ 257761.630027659441112, 7041567.636494573205709 ], [ 257761.630027659441112, 7041552.626922803930938 ], [ 257756.626837069517933, 7041552.626922803930938 ], [ 257756.626837069517933, 7041547.62373221386224 ], [ 257751.62364647956565, 7041547.62373221386224 ], [ 257751.62364647956565, 7041542.620541623793542 ], [ 257741.617265299661085, 7041542.620541623793542 ], [ 257741.617265299661085, 7041532.614160443656147 ], [ 257736.614074709708802, 7041532.614160443656147 ], [ 257736.614074709708802, 7041527.610969853587449 ], [ 257731.61088411975652, 7041527.610969853587449 ], [ 257731.61088411975652, 7041492.588635724037886 ], [ 257726.607693529833341, 7041492.588635724037886 ], [ 257726.607693529833341, 7041482.58225454390049 ], [ 257716.601312349928776, 7041482.58225454390049 ], [ 257716.601312349928776, 7041477.579063954763114 ], [ 257711.598121759976493, 7041477.579063954763114 ], [ 257711.598121759976493, 7041472.575873364694417 ], [ 257716.601312349928776, 7041472.575873364694417 ], [ 257716.601312349928776, 7041467.572682774625719 ], [ 257721.604502939881058, 7041467.572682774625719 ], [ 257721.604502939881058, 7041462.569492184557021 ], [ 257731.61088411975652, 7041462.569492184557021 ], [ 257731.61088411975652, 7041452.563111004419625 ], [ 257736.614074709708802, 7041452.563111004419625 ], [ 257736.614074709708802, 7041447.559920414350927 ], [ 257741.617265299661085, 7041447.559920414350927 ], [ 257741.617265299661085, 7041437.553539235144854 ], [ 257746.620455889613368, 7041437.553539235144854 ], [ 257746.620455889613368, 7041432.550348645076156 ], [ 257751.62364647956565, 7041432.550348645076156 ], [ 257751.62364647956565, 7041422.54396746493876 ], [ 257756.626837069517933, 7041422.54396746493876 ], [ 257756.626837069517933, 7041417.540776874870062 ], [ 257761.630027659441112, 7041417.540776874870062 ], [ 257761.630027659441112, 7041412.537586284801364 ], [ 257766.633218249393394, 7041412.537586284801364 ], [ 257766.633218249393394, 7041402.531205105595291 ], [ 257771.636408839345677, 7041402.531205105595291 ], [ 257771.636408839345677, 7041397.528014515526593 ], [ 257781.642790019250242, 7041397.528014515526593 ], [ 257781.642790019250242, 7041392.524823925457895 ], [ 257821.668314738810295, 7041392.524823925457895 ], [ 257821.668314738810295, 7041387.521633335389197 ], [ 257816.665124148858013, 7041387.521633335389197 ], [ 257816.665124148858013, 7041382.518442745320499 ], [ 257811.661933558934834, 7041382.518442745320499 ], [ 257811.661933558934834, 7041377.515252155251801 ], [ 257816.665124148858013, 7041377.515252155251801 ], [ 257816.665124148858013, 7041362.50568038597703 ], [ 257821.668314738810295, 7041362.50568038597703 ], [ 257821.668314738810295, 7041352.499299205839634 ], [ 257826.671505328762578, 7041352.499299205839634 ], [ 257826.671505328762578, 7041332.486536845564842 ], [ 257821.668314738810295, 7041332.486536845564842 ], [ 257821.668314738810295, 7041322.480155666358769 ], [ 257816.665124148858013, 7041322.480155666358769 ], [ 257816.665124148858013, 7041312.473774486221373 ], [ 257806.658742968982551, 7041312.473774486221373 ], [ 257806.658742968982551, 7041302.467393306083977 ], [ 257801.655552379030269, 7041302.467393306083977 ], [ 257801.655552379030269, 7041297.464202716015279 ], [ 257806.658742968982551, 7041297.464202716015279 ], [ 257806.658742968982551, 7041292.461012125946581 ], [ 257961.757651257328689, 7041292.461012125946581 ], [ 257961.757651257328689, 7041302.467393306083977 ], [ 257956.754460667376406, 7041302.467393306083977 ], [ 257956.754460667376406, 7041362.50568038597703 ], [ 257961.757651257328689, 7041362.50568038597703 ], [ 257961.757651257328689, 7041387.521633335389197 ], [ 257966.760841847280972, 7041387.521633335389197 ], [ 257966.760841847280972, 7041392.524823925457895 ], [ 257971.764032437233254, 7041392.524823925457895 ], [ 257971.764032437233254, 7041402.531205105595291 ], [ 257976.767223027185537, 7041402.531205105595291 ], [ 257976.767223027185537, 7041412.537586284801364 ], [ 257971.764032437233254, 7041412.537586284801364 ], [ 257971.764032437233254, 7041422.54396746493876 ], [ 257966.760841847280972, 7041422.54396746493876 ], [ 257966.760841847280972, 7041432.550348645076156 ], [ 257961.757651257328689, 7041432.550348645076156 ], [ 257961.757651257328689, 7041437.553539235144854 ], [ 257956.754460667376406, 7041437.553539235144854 ], [ 257956.754460667376406, 7041467.572682774625719 ], [ 257961.757651257328689, 7041467.572682774625719 ], [ 257961.757651257328689, 7041482.58225454390049 ], [ 257956.754460667376406, 7041482.58225454390049 ], [ 257956.754460667376406, 7041487.585445133969188 ], [ 257946.748079487500945, 7041487.585445133969188 ], [ 257946.748079487500945, 7041492.588635724037886 ], [ 257951.751270077424124, 7041492.588635724037886 ], [ 257951.751270077424124, 7041497.591826314106584 ], [ 257956.754460667376406, 7041497.591826314106584 ], [ 257956.754460667376406, 7041502.595016904175282 ], [ 257961.757651257328689, 7041502.595016904175282 ], [ 257961.757651257328689, 7041507.598207494243979 ], [ 257966.760841847280972, 7041507.598207494243979 ], [ 257966.760841847280972, 7041512.601398084312677 ], [ 257971.764032437233254, 7041512.601398084312677 ], [ 257971.764032437233254, 7041517.604588674381375 ], [ 257976.767223027185537, 7041517.604588674381375 ], [ 257976.767223027185537, 7041522.607779263518751 ], [ 257981.770413617108716, 7041522.607779263518751 ], [ 257981.770413617108716, 7041527.610969853587449 ], [ 257986.773604207060998, 7041527.610969853587449 ], [ 257986.773604207060998, 7041522.607779263518751 ], [ 258006.786366566841025, 7041522.607779263518751 ], [ 258006.786366566841025, 7041517.604588674381375 ], [ 258016.79274774674559, 7041517.604588674381375 ], [ 258016.79274774674559, 7041507.598207494243979 ], [ 258021.795938336697873, 7041507.598207494243979 ], [ 258021.795938336697873, 7041502.595016904175282 ], [ 258026.799128926650155, 7041502.595016904175282 ], [ 258026.799128926650155, 7041497.591826314106584 ], [ 258031.802319516602438, 7041497.591826314106584 ], [ 258031.802319516602438, 7041482.58225454390049 ], [ 258026.799128926650155, 7041482.58225454390049 ], [ 258026.799128926650155, 7041462.569492184557021 ], [ 258021.795938336697873, 7041462.569492184557021 ], [ 258021.795938336697873, 7041452.563111004419625 ], [ 258016.79274774674559, 7041452.563111004419625 ], [ 258016.79274774674559, 7041447.559920414350927 ], [ 258011.789557156793308, 7041447.559920414350927 ], [ 258011.789557156793308, 7041437.553539235144854 ], [ 258016.79274774674559, 7041437.553539235144854 ], [ 258016.79274774674559, 7041377.515252155251801 ], [ 258021.795938336697873, 7041377.515252155251801 ], [ 258021.795938336697873, 7041372.512061565183103 ], [ 258026.799128926650155, 7041372.512061565183103 ], [ 258026.799128926650155, 7041367.508870975114405 ], [ 258036.805510106525617, 7041367.508870975114405 ], [ 258036.805510106525617, 7041362.50568038597703 ], [ 258041.808700696477899, 7041362.50568038597703 ], [ 258041.808700696477899, 7041357.502489795908332 ], [ 258046.811891286430182, 7041357.502489795908332 ], [ 258046.811891286430182, 7041352.499299205839634 ], [ 258051.815081876382465, 7041352.499299205839634 ], [ 258051.815081876382465, 7041347.496108615770936 ], [ 258056.818272466334747, 7041347.496108615770936 ], [ 258056.818272466334747, 7041342.492918025702238 ], [ 258061.821463056257926, 7041342.492918025702238 ], [ 258061.821463056257926, 7041332.486536845564842 ], [ 258066.824653646210209, 7041332.486536845564842 ], [ 258066.824653646210209, 7041327.483346256427467 ], [ 258071.827844236162491, 7041327.483346256427467 ], [ 258071.827844236162491, 7041322.480155666358769 ], [ 258076.831034826114774, 7041322.480155666358769 ], [ 258076.831034826114774, 7041317.476965076290071 ], [ 258081.834225416067056, 7041317.476965076290071 ], [ 258081.834225416067056, 7041307.470583896152675 ], [ 258086.837416006019339, 7041307.470583896152675 ], [ 258086.837416006019339, 7041302.467393306083977 ], [ 258091.840606595942518, 7041302.467393306083977 ], [ 258091.840606595942518, 7041297.464202716015279 ], [ 258096.8437971858948, 7041297.464202716015279 ], [ 258096.8437971858948, 7041292.461012125946581 ], [ 258191.904418394900858, 7041292.461012125946581 ], [ 258191.904418394900858, 7041737.744974631816149 ], [ 258156.882084265263984, 7041737.744974631816149 ] ], [ [ 257761.630027659441112, 7041452.563111004419625 ], [ 257771.636408839345677, 7041452.563111004419625 ], [ 257771.636408839345677, 7041447.559920414350927 ], [ 257776.639599429297959, 7041447.559920414350927 ], [ 257776.639599429297959, 7041442.556729825213552 ], [ 257781.642790019250242, 7041442.556729825213552 ], [ 257781.642790019250242, 7041427.547158055007458 ], [ 257776.639599429297959, 7041427.547158055007458 ], [ 257776.639599429297959, 7041432.550348645076156 ], [ 257771.636408839345677, 7041432.550348645076156 ], [ 257771.636408839345677, 7041437.553539235144854 ], [ 257761.630027659441112, 7041437.553539235144854 ], [ 257761.630027659441112, 7041442.556729825213552 ], [ 257756.626837069517933, 7041442.556729825213552 ], [ 257756.626837069517933, 7041447.559920414350927 ], [ 257761.630027659441112, 7041447.559920414350927 ], [ 257761.630027659441112, 7041452.563111004419625 ] ] ] } },
{ "type": "Feature", "properties": { "id": 12, "slope": 1 }, "geometry": { "type": "Polygon", "coordinates": [ [ [ 256585.880239021906164, 7041642.684353422373533 ], [ 256585.880239021906164, 7041342.492918025702238 ], [ 256590.883429611858446, 7041342.492918025702238 ], [ 256590.883429611858446, 7041327.483346256427467 ], [ 256595.886620201810729, 7041327.483346256427467 ], [ 256595.886620201810729, 7041322.480155666358769 ], [ 256600.889810791763011, 7041322.480155666358769 ], [ 256600.889810791763011, 7041312.473774486221373 ], [ 256620.902573151543038, 7041312.473774486221373 ], [ 256620.902573151543038, 7041292.461012125946581 ], [ 256615.899382561590755, 7041292.461012125946581 ], [ 256615.899382561590755, 7041277.45144035667181 ], [ 256620.902573151543038, 7041277.45144035667181 ], [ 256620.902573151543038, 7041252.435487406328321 ], [ 256625.905763741495321, 7041252.435487406328321 ], [ 256625.905763741495321, 7041237.425915637053549 ], [ 256630.908954331418499, 7041237.425915637053549 ], [ 256630.908954331418499, 7041212.409962687641382 ], [ 256635.912144921370782, 7041212.409962687641382 ], [ 256635.912144921370782, 7041222.416343866847456 ], [ 256640.915335511323065, 7041222.416343866847456 ], [ 256640.915335511323065, 7041217.413153276778758 ], [ 256645.918526101275347, 7041217.413153276778758 ], [ 256645.918526101275347, 7041197.400390917435288 ], [ 256650.92171669122763, 7041197.400390917435288 ], [ 256650.92171669122763, 7041192.39720032736659 ], [ 256645.918526101275347, 7041192.39720032736659 ], [ 256645.918526101275347, 7041177.387628557160497 ], [ 256650.92171669122763, 7041177.387628557160497 ], [ 256650.92171669122763, 7041172.384437968023121 ], [ 256655.924907281179912, 7041172.384437968023121 ], [ 256655.924907281179912, 7041167.381247377954423 ], [ 256660.928097871103091, 7041167.381247377954423 ], [ 256660.928097871103091, 7041157.374866197817028 ], [ 256665.931288461055374, 7041157.374866197817028 ], [ 256665.931288461055374, 7041152.37167560774833 ], [ 256670.934479051007656, 7041152.37167560774833 ], [ 256670.934479051007656, 7041142.365294427610934 ], [ 256675.937669640959939, 7041142.365294427610934 ], [ 256675.937669640959939, 7041132.35891324840486 ], [ 256680.940860230912222, 7041132.35891324840486 ], [ 256680.940860230912222, 7041127.355722658336163 ], [ 256695.950432000739966, 7041127.355722658336163 ], [ 256695.950432000739966, 7041122.352532068267465 ], [ 256705.956813180644531, 7041122.352532068267465 ], [ 256705.956813180644531, 7041117.349341478198767 ], [ 256710.960003770596813, 7041117.349341478198767 ], [ 256710.960003770596813, 7041122.352532068267465 ], [ 256725.969575540424557, 7041122.352532068267465 ], [ 256725.969575540424557, 7041127.355722658336163 ], [ 256735.975956720329123, 7041127.355722658336163 ], [ 256735.975956720329123, 7041132.35891324840486 ], [ 256740.979147310252301, 7041132.35891324840486 ], [ 256740.979147310252301, 7041137.362103838473558 ], [ 256745.982337900204584, 7041137.362103838473558 ], [ 256745.982337900204584, 7041142.365294427610934 ], [ 256755.988719080109149, 7041142.365294427610934 ], [ 256755.988719080109149, 7041147.368485017679632 ], [ 256760.991909670061432, 7041147.368485017679632 ], [ 256760.991909670061432, 7041152.37167560774833 ], [ 256765.995100260013714, 7041152.37167560774833 ], [ 256765.995100260013714, 7041157.374866197817028 ], [ 256770.998290849936893, 7041157.374866197817028 ], [ 256770.998290849936893, 7041162.378056787885725 ], [ 256781.004672029841458, 7041162.378056787885725 ], [ 256781.004672029841458, 7041167.381247377954423 ], [ 256786.007862619793741, 7041167.381247377954423 ], [ 256786.007862619793741, 7041172.384437968023121 ], [ 256791.011053209746024, 7041172.384437968023121 ], [ 256791.011053209746024, 7041177.387628557160497 ], [ 256801.017434389621485, 7041177.387628557160497 ], [ 256801.017434389621485, 7041182.390819147229195 ], [ 256806.020624979573768, 7041182.390819147229195 ], [ 256806.020624979573768, 7041187.394009737297893 ], [ 256811.02381556952605, 7041187.394009737297893 ], [ 256811.02381556952605, 7041192.39720032736659 ], [ 256816.027006159478333, 7041192.39720032736659 ], [ 256816.027006159478333, 7041197.400390917435288 ], [ 256821.030196749430615, 7041197.400390917435288 ], [ 256821.030196749430615, 7041202.403581507503986 ], [ 256826.033387339353794, 7041202.403581507503986 ], [ 256826.033387339353794, 7041212.409962687641382 ], [ 256831.036577929306077, 7041212.409962687641382 ], [ 256831.036577929306077, 7041222.416343866847456 ], [ 256836.039768519258359, 7041222.416343866847456 ], [ 256836.039768519258359, 7041232.422725046984851 ], [ 256841.042959109210642, 7041232.422725046984851 ], [ 256841.042959109210642, 7041227.419534456916153 ], [ 256846.046149699162925, 7041227.419534456916153 ], [ 256846.046149699162925, 7041172.384437968023121 ], [ 256851.049340289086103, 7041172.384437968023121 ], [ 256851.049340289086103, 7041162.378056787885725 ], [ 256856.052530879038386, 7041162.378056787885725 ], [ 256856.052530879038386, 7041147.368485017679632 ], [ 256866.058912058942951, 7041147.368485017679632 ], [ 256866.058912058942951, 7041142.365294427610934 ], [ 256871.062102648895234, 7041142.365294427610934 ], [ 256871.062102648895234, 7041137.362103838473558 ], [ 256876.065293238847516, 7041137.362103838473558 ], [ 256876.065293238847516, 7041132.35891324840486 ], [ 256886.071674418722978, 7041132.35891324840486 ], [ 256886.071674418722978, 7041127.355722658336163 ], [ 256891.07486500867526, 7041127.355722658336163 ], [ 256891.07486500867526, 7041122.352532068267465 ], [ 256901.081246188579826, 7041122.352532068267465 ], [ 256901.081246188579826, 7041112.346150888130069 ], [ 256911.087627368455287, 7041112.346150888130069 ], [ 256911.087627368455287, 7041107.342960298061371 ], [ 256916.09081795840757, 7041107.342960298061371 ], [ 256916.09081795840757, 7041102.339769707992673 ], [ 256921.094008548359852, 7041102.339769707992673 ], [ 256921.094008548359852, 7041097.336579118855298 ], [ 256926.097199138312135, 7041097.336579118855298 ], [ 256926.097199138312135, 7041087.330197938717902 ], [ 256931.100389728264417, 7041087.330197938717902 ], [ 256931.100389728264417, 7041077.323816758580506 ], [ 256941.106770908139879, 7041077.323816758580506 ], [ 256941.106770908139879, 7041067.31743557844311 ], [ 256956.116342677996727, 7041067.31743557844311 ], [ 256956.116342677996727, 7041062.314244988374412 ], [ 256986.135486217681319, 7041062.314244988374412 ], [ 256986.135486217681319, 7041067.31743557844311 ], [ 256996.14186739755678, 7041067.31743557844311 ], [ 256996.14186739755678, 7041062.314244988374412 ], [ 257001.145057987509063, 7041062.314244988374412 ], [ 257001.145057987509063, 7041067.31743557844311 ], [ 257006.148248577461345, 7041067.31743557844311 ], [ 257006.148248577461345, 7041072.320626168511808 ], [ 257011.151439167413628, 7041072.320626168511808 ], [ 257011.151439167413628, 7041077.323816758580506 ], [ 257016.154629757336807, 7041077.323816758580506 ], [ 257016.154629757336807, 7041082.327007348649204 ], [ 257046.173773297021398, 7041082.327007348649204 ], [ 257046.173773297021398, 7041087.330197938717902 ], [ 257056.180154476925964, 7041087.330197938717902 ], [ 257056.180154476925964, 7041092.3333885287866 ], [ 257066.186535656830529, 7041092.3333885287866 ], [ 257066.186535656830529, 7041097.336579118855298 ], [ 257076.19291683670599, 7041097.336579118855298 ], [ 257076.19291683670599, 7041102.339769707992673 ], [ 257091.202488606562838, 7041102.339769707992673 ], [ 257091.202488606562838, 7041107.342960298061371 ], [ 257101.208869786438299, 7041107.342960298061371 ], [ 257101.208869786438299, 7041112.346150888130069 ], [ 257111.215250966342865, 7041112.346150888130069 ], [ 257111.215250966342865, 7041107.342960298061371 ], [ 257116.218441556295147, 7041107.342960298061371 ], [ 257116.218441556295147, 7041112.346150888130069 ], [ 257126.224822736170609, 7041112.346150888130069 ], [ 257126.224822736170609, 7041122.352532068267465 ], [ 257131.228013326122891, 7041122.352532068267465 ], [ 257131.228013326122891, 7041127.355722658336163 ], [ 257136.231203916075174, 7041127.355722658336163 ], [ 257136.231203916075174, 7041132.35891324840486 ], [ 257141.234394506027456, 7041132.35891324840486 ], [ 257141.234394506027456, 7041137.362103838473558 ], [ 257151.240775685932022, 7041137.362103838473558 ], [ 257151.240775685932022, 7041582.646066343411803 ], [ 257146.237585095979739, 7041582.646066343411803 ], [ 257146.237585095979739, 7041587.649256933480501 ], [ 257131.228013326122891, 7041587.649256933480501 ], [ 257131.228013326122891, 7041592.652447523549199 ], [ 257121.22163214624743, 7041592.652447523549199 ], [ 257121.22163214624743, 7041597.655638112686574 ], [ 257106.212060376390582, 7041597.655638112686574 ], [ 257106.212060376390582, 7041592.652447523549199 ], [ 257091.202488606562838, 7041592.652447523549199 ], [ 257091.202488606562838, 7041587.649256933480501 ], [ 257086.199298016610555, 7041587.649256933480501 ], [ 257086.199298016610555, 7041577.642875753343105 ], [ 257081.196107426658273, 7041577.642875753343105 ], [ 257081.196107426658273, 7041572.639685163274407 ], [ 257076.19291683670599, 7041572.639685163274407 ], [ 257076.19291683670599, 7041562.633303983137012 ], [ 257066.186535656830529, 7041562.633303983137012 ], [ 257066.186535656830529, 7041557.630113393999636 ], [ 257051.176963886973681, 7041557.630113393999636 ], [ 257051.176963886973681, 7041552.626922803930938 ], [ 257041.17058270709822, 7041552.626922803930938 ], [ 257041.17058270709822, 7041547.62373221386224 ], [ 257036.167392117145937, 7041547.62373221386224 ], [ 257036.167392117145937, 7041542.620541623793542 ], [ 257026.161010937241372, 7041542.620541623793542 ], [ 257026.161010937241372, 7041537.617351033724844 ], [ 257016.154629757336807, 7041537.617351033724844 ], [ 257016.154629757336807, 7041532.614160443656147 ], [ 257006.148248577461345, 7041532.614160443656147 ], [ 257006.148248577461345, 7041527.610969853587449 ], [ 256996.14186739755678, 7041527.610969853587449 ], [ 256996.14186739755678, 7041522.607779263518751 ], [ 256986.135486217681319, 7041522.607779263518751 ], [ 256986.135486217681319, 7041517.604588674381375 ], [ 256966.122723857872188, 7041517.604588674381375 ], [ 256966.122723857872188, 7041512.601398084312677 ], [ 256956.116342677996727, 7041512.601398084312677 ], [ 256956.116342677996727, 7041507.598207494243979 ], [ 256946.109961498092161, 7041507.598207494243979 ], [ 256946.109961498092161, 7041492.588635724037886 ], [ 256941.106770908139879, 7041492.588635724037886 ], [ 256941.106770908139879, 7041482.58225454390049 ], [ 256936.103580318187596, 7041482.58225454390049 ], [ 256936.103580318187596, 7041472.575873364694417 ], [ 256926.097199138312135, 7041472.575873364694417 ], [ 256926.097199138312135, 7041467.572682774625719 ], [ 256916.09081795840757, 7041467.572682774625719 ], [ 256916.09081795840757, 7041457.566301594488323 ], [ 256911.087627368455287, 7041457.566301594488323 ], [ 256911.087627368455287, 7041462.569492184557021 ], [ 256906.084436778503004, 7041462.569492184557021 ], [ 256906.084436778503004, 7041467.572682774625719 ], [ 256901.081246188579826, 7041467.572682774625719 ], [ 256901.081246188579826, 7041472.575873364694417 ], [ 256891.07486500867526, 7041472.575873364694417 ], [ 256891.07486500867526, 7041477.579063954763114 ], [ 256881.068483828770695, 7041477.579063954763114 ], [ 256881.068483828770695, 7041472.575873364694417 ], [ 256876.065293238847516, 7041472.575873364694417 ], [ 256876.065293238847516, 7041467.572682774625719 ], [ 256871.062102648895234, 7041467.572682774625719 ], [ 256871.062102648895234, 7041462.569492184557021 ], [ 256866.058912058942951, 7041462.569492184557021 ], [ 256866.058912058942951, 7041457.566301594488323 ], [ 256861.055721468990669, 7041457.566301594488323 ], [ 256861.055721468990669, 7041452.563111004419625 ], [ 256856.052530879038386, 7041452.563111004419625 ], [ 256856.052530879038386, 7041462.569492184557021 ], [ 256851.049340289086103, 7041462.569492184557021 ], [ 256851.049340289086103, 7041472.575873364694417 ], [ 256846.046149699162925, 7041472.575873364694417 ], [ 256846.046149699162925, 7041477.579063954763114 ], [ 256841.042959109210642, 7041477.579063954763114 ], [ 256841.042959109210642, 7041487.585445133969188 ], [ 256816.027006159478333, 7041487.585445133969188 ], [ 256816.027006159478333, 7041482.58225454390049 ], [ 256806.020624979573768, 7041482.58225454390049 ], [ 256806.020624979573768, 7041477.579063954763114 ], [ 256791.011053209746024, 7041477.579063954763114 ], [ 256791.011053209746024, 7041472.575873364694417 ], [ 256776.001481439889176, 7041472.575873364694417 ], [ 256776.001481439889176, 7041467.572682774625719 ], [ 256770.998290849936893, 7041467.572682774625719 ], [ 256770.998290849936893, 7041462.569492184557021 ], [ 256755.988719080109149, 7041462.569492184557021 ], [ 256755.988719080109149, 7041457.566301594488323 ], [ 256725.969575540424557, 7041457.566301594488323 ], [ 256725.969575540424557, 7041437.553539235144854 ], [ 256705.956813180644531, 7041437.553539235144854 ], [ 256705.956813180644531, 7041432.550348645076156 ], [ 256700.953622590692248, 7041432.550348645076156 ], [ 256700.953622590692248, 7041427.547158055007458 ], [ 256685.9440508208354, 7041427.547158055007458 ], [ 256685.9440508208354, 7041432.550348645076156 ], [ 256665.931288461055374, 7041432.550348645076156 ], [ 256665.931288461055374, 7041427.547158055007458 ], [ 256655.924907281179912, 7041427.547158055007458 ], [ 256655.924907281179912, 7041437.553539235144854 ], [ 256650.92171669122763, 7041437.553539235144854 ], [ 256650.92171669122763, 7041442.556729825213552 ], [ 256645.918526101275347, 7041442.556729825213552 ], [ 256645.918526101275347, 7041452.563111004419625 ], [ 256640.915335511323065, 7041452.563111004419625 ], [ 256640.915335511323065, 7041477.579063954763114 ], [ 256645.918526101275347, 7041477.579063954763114 ], [ 256645.918526101275347, 7041482.58225454390049 ], [ 256650.92171669122763, 7041482.58225454390049 ], [ 256650.92171669122763, 7041487.585445133969188 ], [ 256655.924907281179912, 7041487.585445133969188 ], [ 256655.924907281179912, 7041507.598207494243979 ], [ 256660.928097871103091, 7041507.598207494243979 ], [ 256660.928097871103091, 7041517.604588674381375 ], [ 256665.931288461055374, 7041517.604588674381375 ], [ 256665.931288461055374, 7041527.610969853587449 ], [ 256670.934479051007656, 7041527.610969853587449 ], [ 256670.934479051007656, 7041547.62373221386224 ], [ 256665.931288461055374, 7041547.62373221386224 ], [ 256665.931288461055374, 7041557.630113393999636 ], [ 256660.928097871103091, 7041557.630113393999636 ], [ 256660.928097871103091, 7041567.636494573205709 ], [ 256650.92171669122763, 7041567.636494573205709 ], [ 256650.92171669122763, 7041572.639685163274407 ], [ 256645.918526101275347, 7041572.639685163274407 ], [ 256645.918526101275347, 7041582.646066343411803 ], [ 256640.915335511323065, 7041582.646066343411803 ], [ 256640.915335511323065, 7041587.649256933480501 ], [ 256625.905763741495321, 7041587.649256933480501 ], [ 256625.905763741495321, 7041597.655638112686574 ], [ 256620.902573151543038, 7041597.655638112686574 ], [ 256620.902573151543038, 7041607.66201929282397 ], [ 256615.899382561590755, 7041607.66201929282397 ], [ 256615.899382561590755, 7041612.665209882892668 ], [ 256610.896191971638473, 7041612.665209882892668 ], [ 256610.896191971638473, 7041617.668400472961366 ], [ 256605.89300138168619, 7041617.668400472961366 ], [ 256605.89300138168619, 7041622.671591063030064 ], [ 256600.889810791763011, 7041622.671591063030064 ], [ 256600.889810791763011, 7041632.67797224316746 ], [ 256595.886620201810729, 7041632.67797224316746 ], [ 256595.886620201810729, 7041637.681162832304835 ], [ 256590.883429611858446, 7041637.681162832304835 ], [ 256590.883429611858446, 7041642.684353422373533 ], [ 256585.880239021906164, 7041642.684353422373533 ] ], [ [ 256916.09081795840757, 7041457.566301594488323 ], [ 256921.094008548359852, 7041457.566301594488323 ], [ 256921.094008548359852, 7041452.563111004419625 ], [ 256916.09081795840757, 7041452.563111004419625 ], [ 256916.09081795840757, 7041457.566301594488323 ] ] ] } },
{ "type": "Feature", "properties": { "id": 13, "slope": 1 }, "geometry": { "type": "Polygon", "coordinates": [ [ [ 255570.232549262669636, 7041677.706687551923096 ], [ 255570.232549262669636, 7041672.703496962785721 ], [ 255565.229358672717353, 7041672.703496962785721 ], [ 255565.229358672717353, 7041667.700306372717023 ], [ 255560.226168082765071, 7041667.700306372717023 ], [ 255560.226168082765071, 7041662.697115782648325 ], [ 255555.222977492841892, 7041662.697115782648325 ], [ 255555.222977492841892, 7041657.693925192579627 ], [ 255550.219786902889609, 7041657.693925192579627 ], [ 255550.219786902889609, 7041652.690734602510929 ], [ 255545.216596312937327, 7041652.690734602510929 ], [ 255545.216596312937327, 7041647.687544012442231 ], [ 255540.213405722985044, 7041647.687544012442231 ], [ 255540.213405722985044, 7041642.684353422373533 ], [ 255535.210215133032762, 7041642.684353422373533 ], [ 255535.210215133032762, 7041637.681162832304835 ], [ 255530.207024543080479, 7041637.681162832304835 ], [ 255530.207024543080479, 7041632.67797224316746 ], [ 255525.2038339531573, 7041632.67797224316746 ], [ 255525.2038339531573, 7041627.674781653098762 ], [ 255520.200643363205018, 7041627.674781653098762 ], [ 255520.200643363205018, 7041622.671591063030064 ], [ 255515.197452773252735, 7041622.671591063030064 ], [ 255515.197452773252735, 7041617.668400472961366 ], [ 255510.194262183300452, 7041617.668400472961366 ], [ 255510.194262183300452, 7041612.665209882892668 ], [ 255505.19107159334817, 7041612.665209882892668 ], [ 255505.19107159334817, 7041607.66201929282397 ], [ 255500.187881003424991, 7041607.66201929282397 ], [ 255500.187881003424991, 7041582.646066343411803 ], [ 255505.19107159334817, 7041582.646066343411803 ], [ 255505.19107159334817, 7041577.642875753343105 ], [ 255510.194262183300452, 7041577.642875753343105 ], [ 255510.194262183300452, 7041572.639685163274407 ], [ 255515.197452773252735, 7041572.639685163274407 ], [ 255515.197452773252735, 7041567.636494573205709 ], [ 255520.200643363205018, 7041567.636494573205709 ], [ 255520.200643363205018, 7041562.633303983137012 ], [ 255525.2038339531573, 7041562.633303983137012 ], [ 255525.2038339531573, 7041552.626922803930938 ], [ 255515.197452773252735, 7041552.626922803930938 ], [ 255515.197452773252735, 7041547.62373221386224 ], [ 255510.194262183300452, 7041547.62373221386224 ], [ 255510.194262183300452, 7041542.620541623793542 ], [ 255500.187881003424991, 7041542.620541623793542 ], [ 255500.187881003424991, 7041537.617351033724844 ], [ 255490.181499823520426, 7041537.617351033724844 ], [ 255490.181499823520426, 7041532.614160443656147 ], [ 255475.171928053663578, 7041532.614160443656147 ], [ 255475.171928053663578, 7041527.610969853587449 ], [ 255470.168737463740399, 7041527.610969853587449 ], [ 255470.168737463740399, 7041522.607779263518751 ], [ 255460.162356283835834, 7041522.607779263518751 ], [ 255460.162356283835834, 7041517.604588674381375 ], [ 255450.155975103931269, 7041517.604588674381375 ], [ 255450.155975103931269, 7041512.601398084312677 ], [ 255445.15278451400809, 7041512.601398084312677 ], [ 255445.15278451400809, 7041507.598207494243979 ], [ 255435.146403334103525, 7041507.598207494243979 ], [ 255435.146403334103525, 7041502.595016904175282 ], [ 255425.140022154198959, 7041502.595016904175282 ], [ 255425.140022154198959, 7041487.585445133969188 ], [ 255405.127259794418933, 7041487.585445133969188 ], [ 255405.127259794418933, 7041482.58225454390049 ], [ 255385.114497434638906, 7041482.58225454390049 ], [ 255385.114497434638906, 7041477.579063954763114 ], [ 255380.111306844686624, 7041477.579063954763114 ], [ 255380.111306844686624, 7041472.575873364694417 ], [ 255375.108116254734341, 7041472.575873364694417 ], [ 255375.108116254734341, 7041467.572682774625719 ], [ 255370.104925664782058, 7041467.572682774625719 ], [ 255370.104925664782058, 7041457.566301594488323 ], [ 255365.101735074829776, 7041457.566301594488323 ], [ 255365.101735074829776, 7041442.556729825213552 ], [ 255360.098544484906597, 7041442.556729825213552 ], [ 255360.098544484906597, 7041432.550348645076156 ], [ 255350.092163305002032, 7041432.550348645076156 ], [ 255350.092163305002032, 7041427.547158055007458 ], [ 255345.088972715049749, 7041427.547158055007458 ], [ 255345.088972715049749, 7041432.550348645076156 ], [ 255335.082591535174288, 7041432.550348645076156 ], [ 255335.082591535174288, 7041427.547158055007458 ], [ 255330.079400945222005, 7041427.547158055007458 ], [ 255330.079400945222005, 7041422.54396746493876 ], [ 255325.076210355269723, 7041422.54396746493876 ], [ 255325.076210355269723, 7041427.547158055007458 ], [ 255320.07301976531744, 7041427.547158055007458 ], [ 255320.07301976531744, 7041317.476965076290071 ], [ 255385.114497434638906, 7041317.476965076290071 ], [ 255385.114497434638906, 7041307.470583896152675 ], [ 255380.111306844686624, 7041307.470583896152675 ], [ 255380.111306844686624, 7041302.467393306083977 ], [ 255375.108116254734341, 7041302.467393306083977 ], [ 255375.108116254734341, 7041292.461012125946581 ], [ 255370.104925664782058, 7041292.461012125946581 ], [ 255370.104925664782058, 7041287.457821536809206 ], [ 255360.098544484906597, 7041287.457821536809206 ], [ 255360.098544484906597, 7041282.454630946740508 ], [ 255355.095353894954314, 7041282.454630946740508 ], [ 255355.095353894954314, 7041277.45144035667181 ], [ 255350.092163305002032, 7041277.45144035667181 ], [ 255350.092163305002032, 7041272.448249766603112 ], [ 255345.088972715049749, 7041272.448249766603112 ], [ 255345.088972715049749, 7041262.441868586465716 ], [ 255340.085782125097467, 7041262.441868586465716 ], [ 255340.085782125097467, 7041252.435487406328321 ], [ 255335.082591535174288, 7041252.435487406328321 ], [ 255335.082591535174288, 7041242.429106227122247 ], [ 255330.079400945222005, 7041242.429106227122247 ], [ 255330.079400945222005, 7041232.422725046984851 ], [ 255325.076210355269723, 7041232.422725046984851 ], [ 255325.076210355269723, 7041222.416343866847456 ], [ 255320.07301976531744, 7041222.416343866847456 ], [ 255320.07301976531744, 7041207.406772097572684 ], [ 255315.069829175365157, 7041207.406772097572684 ], [ 255315.069829175365157, 7041197.400390917435288 ], [ 255310.066638585412875, 7041197.400390917435288 ], [ 255310.066638585412875, 7041182.390819147229195 ], [ 255305.063447995489696, 7041182.390819147229195 ], [ 255305.063447995489696, 7041177.387628557160497 ], [ 255300.060257405537413, 7041177.387628557160497 ], [ 255300.060257405537413, 7041172.384437968023121 ], [ 255295.057066815585131, 7041172.384437968023121 ], [ 255295.057066815585131, 7041167.381247377954423 ], [ 255290.053876225632848, 7041167.381247377954423 ], [ 255290.053876225632848, 7041162.378056787885725 ], [ 255285.050685635680566, 7041162.378056787885725 ], [ 255285.050685635680566, 7041152.37167560774833 ], [ 255280.047495045757387, 7041152.37167560774833 ], [ 255280.047495045757387, 7040947.240861419588327 ], [ 255820.392078760021832, 7040947.240861419588327 ], [ 255820.392078760021832, 7041317.476965076290071 ], [ 255855.414412889658706, 7041317.476965076290071 ], [ 255855.414412889658706, 7041582.646066343411803 ], [ 255840.404841119801858, 7041582.646066343411803 ], [ 255840.404841119801858, 7041587.649256933480501 ], [ 255835.401650529849576, 7041587.649256933480501 ], [ 255835.401650529849576, 7041592.652447523549199 ], [ 255830.398459939926397, 7041592.652447523549199 ], [ 255830.398459939926397, 7041602.658828702755272 ], [ 255825.395269349974114, 7041602.658828702755272 ], [ 255825.395269349974114, 7041607.66201929282397 ], [ 255820.392078760021832, 7041607.66201929282397 ], [ 255820.392078760021832, 7041612.665209882892668 ], [ 255815.388888170069549, 7041612.665209882892668 ], [ 255815.388888170069549, 7041617.668400472961366 ], [ 255810.385697580117267, 7041617.668400472961366 ], [ 255810.385697580117267, 7041622.671591063030064 ], [ 255805.382506990164984, 7041622.671591063030064 ], [ 255805.382506990164984, 7041627.674781653098762 ], [ 255800.379316400241805, 7041627.674781653098762 ], [ 255800.379316400241805, 7041632.67797224316746 ], [ 255795.376125810289523, 7041632.67797224316746 ], [ 255795.376125810289523, 7041637.681162832304835 ], [ 255745.344219910824904, 7041637.681162832304835 ], [ 255745.344219910824904, 7041642.684353422373533 ], [ 255740.341029320872622, 7041642.684353422373533 ], [ 255740.341029320872622, 7041637.681162832304835 ], [ 255705.318695191235747, 7041637.681162832304835 ], [ 255705.318695191235747, 7041632.67797224316746 ], [ 255640.277217521914281, 7041632.67797224316746 ], [ 255640.277217521914281, 7041627.674781653098762 ], [ 255635.274026931991102, 7041627.674781653098762 ], [ 255635.274026931991102, 7041632.67797224316746 ], [ 255630.27083634203882, 7041632.67797224316746 ], [ 255630.27083634203882, 7041637.681162832304835 ], [ 255625.267645752086537, 7041637.681162832304835 ], [ 255625.267645752086537, 7041642.684353422373533 ], [ 255620.264455162134254, 7041642.684353422373533 ], [ 255620.264455162134254, 7041647.687544012442231 ], [ 255615.261264572181972, 7041647.687544012442231 ], [ 255615.261264572181972, 7041652.690734602510929 ], [ 255610.258073982258793, 7041652.690734602510929 ], [ 255610.258073982258793, 7041657.693925192579627 ], [ 255605.25488339230651, 7041657.693925192579627 ], [ 255605.25488339230651, 7041662.697115782648325 ], [ 255600.251692802354228, 7041662.697115782648325 ], [ 255600.251692802354228, 7041667.700306372717023 ], [ 255595.248502212401945, 7041667.700306372717023 ], [ 255595.248502212401945, 7041672.703496962785721 ], [ 255590.245311622449663, 7041672.703496962785721 ], [ 255590.245311622449663, 7041677.706687551923096 ], [ 255570.232549262669636, 7041677.706687551923096 ] ], [ [ 255680.302742241503438, 7041317.476965076290071 ], [ 255795.376125810289523, 7041317.476965076290071 ], [ 255795.376125810289523, 7041312.473774486221373 ], [ 255775.363363450509496, 7041312.473774486221373 ], [ 255775.363363450509496, 7041302.467393306083977 ], [ 255770.360172860557213, 7041302.467393306083977 ], [ 255770.360172860557213, 7041292.461012125946581 ], [ 255760.353791680652648, 7041292.461012125946581 ], [ 255760.353791680652648, 7041297.464202716015279 ], [ 255755.350601090700366, 7041297.464202716015279 ], [ 255755.350601090700366, 7041302.467393306083977 ], [ 255750.347410500748083, 7041302.467393306083977 ], [ 255750.347410500748083, 7041307.470583896152675 ], [ 255690.309123421408003, 7041307.470583896152675 ], [ 255690.309123421408003, 7041312.473774486221373 ], [ 255680.302742241503438, 7041312.473774486221373 ], [ 255680.302742241503438, 7041317.476965076290071 ] ] ] } },
{ "type": "Feature", "properties": { "id": 14, "slope": 1 }, "geometry": { "type": "Polygon", "coordinates": [ [ [ 254744.706101921416121, 7040817.157906081527472 ], [ 254744.706101921416121, 7040812.154715491458774 ], [ 254739.702911331463838, 7040812.154715491458774 ], [ 254739.702911331463838, 7040807.151524901390076 ], [ 254734.699720741511555, 7040807.151524901390076 ], [ 254734.699720741511555, 7040802.148334311321378 ], [ 254724.693339561636094, 7040802.148334311321378 ], [ 254724.693339561636094, 7040797.14514372125268 ], [ 254719.690148971683811, 7040797.14514372125268 ], [ 254719.690148971683811, 7040792.141953132115304 ], [ 254714.686958381731529, 7040792.141953132115304 ], [ 254714.686958381731529, 7040787.138762542046607 ], [ 254709.683767791779246, 7040787.138762542046607 ], [ 254709.683767791779246, 7040782.135571951977909 ], [ 254704.680577201856067, 7040782.135571951977909 ], [ 254704.680577201856067, 7040777.132381361909211 ], [ 254694.674196021951502, 7040777.132381361909211 ], [ 254694.674196021951502, 7040772.129190771840513 ], [ 254689.67100543199922, 7040772.129190771840513 ], [ 254689.67100543199922, 7040767.126000181771815 ], [ 254684.667814842046937, 7040767.126000181771815 ], [ 254684.667814842046937, 7040762.122809591703117 ], [ 254664.65505248226691, 7040762.122809591703117 ], [ 254664.65505248226691, 7040757.119619001634419 ], [ 254659.651861892314628, 7040757.119619001634419 ], [ 254659.651861892314628, 7040752.116428412497044 ], [ 254639.639099532534601, 7040752.116428412497044 ], [ 254639.639099532534601, 7040747.113237822428346 ], [ 254629.632718352630036, 7040747.113237822428346 ], [ 254629.632718352630036, 7040742.110047232359648 ], [ 254604.616765402897727, 7040742.110047232359648 ], [ 254604.616765402897727, 7040737.10685664229095 ], [ 254594.610384223022265, 7040737.10685664229095 ], [ 254594.610384223022265, 7040742.110047232359648 ], [ 254584.6040030431177, 7040742.110047232359648 ], [ 254584.6040030431177, 7040747.113237822428346 ], [ 254569.594431273260852, 7040747.113237822428346 ], [ 254569.594431273260852, 7040742.110047232359648 ], [ 254564.591240683337674, 7040742.110047232359648 ], [ 254564.591240683337674, 7040747.113237822428346 ], [ 254559.588050093385391, 7040747.113237822428346 ], [ 254559.588050093385391, 7040742.110047232359648 ], [ 254554.584859503433108, 7040742.110047232359648 ], [ 254554.584859503433108, 7040732.103666052222252 ], [ 254549.581668913480826, 7040732.103666052222252 ], [ 254549.581668913480826, 7040707.087713102810085 ], [ 254559.588050093385391, 7040707.087713102810085 ], [ 254559.588050093385391, 7040702.084522512741387 ], [ 254554.584859503433108, 7040702.084522512741387 ], [ 254554.584859503433108, 7040697.081331922672689 ], [ 254549.581668913480826, 7040697.081331922672689 ], [ 254549.581668913480826, 7040692.078141332603991 ], [ 254544.578478323528543, 7040692.078141332603991 ], [ 254544.578478323528543, 7040677.06856956332922 ], [ 254539.575287733605364, 7040677.06856956332922 ], [ 254539.575287733605364, 7040667.062188383191824 ], [ 254534.572097143653082, 7040667.062188383191824 ], [ 254534.572097143653082, 7040672.065378973260522 ], [ 254529.568906553700799, 7040672.065378973260522 ], [ 254529.568906553700799, 7040677.06856956332922 ], [ 254524.565715963748517, 7040677.06856956332922 ], [ 254524.565715963748517, 7040682.071760152466595 ], [ 254519.562525373796234, 7040682.071760152466595 ], [ 254519.562525373796234, 7040687.074950742535293 ], [ 254514.559334783843951, 7040687.074950742535293 ], [ 254514.559334783843951, 7040692.078141332603991 ], [ 254509.556144193920773, 7040692.078141332603991 ], [ 254509.556144193920773, 7040697.081331922672689 ], [ 254504.55295360396849, 7040697.081331922672689 ], [ 254504.55295360396849, 7040702.084522512741387 ], [ 254499.549763014016207, 7040702.084522512741387 ], [ 254499.549763014016207, 7040707.087713102810085 ], [ 254494.546572424063925, 7040707.087713102810085 ], [ 254494.546572424063925, 7040712.090903692878783 ], [ 254474.533810064283898, 7040712.090903692878783 ], [ 254474.533810064283898, 7040707.087713102810085 ], [ 254469.530619474331615, 7040707.087713102810085 ], [ 254469.530619474331615, 7040702.084522512741387 ], [ 254464.527428884379333, 7040702.084522512741387 ], [ 254464.527428884379333, 7040697.081331922672689 ], [ 254459.52423829442705, 7040697.081331922672689 ], [ 254459.52423829442705, 7040692.078141332603991 ], [ 254454.521047704503872, 7040692.078141332603991 ], [ 254454.521047704503872, 7040687.074950742535293 ], [ 254449.517857114551589, 7040687.074950742535293 ], [ 254449.517857114551589, 7040682.071760152466595 ], [ 254444.514666524599306, 7040682.071760152466595 ], [ 254444.514666524599306, 7040677.06856956332922 ], [ 254439.511475934647024, 7040677.06856956332922 ], [ 254439.511475934647024, 7040672.065378973260522 ], [ 254434.508285344694741, 7040672.065378973260522 ], [ 254434.508285344694741, 7040667.062188383191824 ], [ 254429.505094754771562, 7040667.062188383191824 ], [ 254429.505094754771562, 7040662.058997793123126 ], [ 254424.50190416481928, 7040662.058997793123126 ], [ 254424.50190416481928, 7040657.055807203054428 ], [ 254419.498713574866997, 7040657.055807203054428 ], [ 254419.498713574866997, 7040652.05261661298573 ], [ 254414.495522984914714, 7040652.05261661298573 ], [ 254414.495522984914714, 7040647.049426022917032 ], [ 254409.492332394962432, 7040647.049426022917032 ], [ 254409.492332394962432, 7040642.046235432848334 ], [ 254404.489141805010149, 7040642.046235432848334 ], [ 254404.489141805010149, 7040637.043044843710959 ], [ 254399.48595121508697, 7040637.043044843710959 ], [ 254399.48595121508697, 7040632.039854253642261 ], [ 254394.482760625134688, 7040632.039854253642261 ], [ 254394.482760625134688, 7040627.036663663573563 ], [ 254389.479570035182405, 7040627.036663663573563 ], [ 254389.479570035182405, 7040622.033473073504865 ], [ 254384.476379445230123, 7040622.033473073504865 ], [ 254384.476379445230123, 7040617.030282483436167 ], [ 254379.47318885527784, 7040617.030282483436167 ], [ 254379.47318885527784, 7040612.027091893367469 ], [ 254374.469998265354661, 7040612.027091893367469 ], [ 254374.469998265354661, 7040607.023901303298771 ], [ 254369.466807675402379, 7040607.023901303298771 ], [ 254369.466807675402379, 7040602.020710713230073 ], [ 254364.463617085450096, 7040602.020710713230073 ], [ 254364.463617085450096, 7040597.017520124092698 ], [ 254359.460426495497813, 7040597.017520124092698 ], [ 254359.460426495497813, 7040592.014329534024 ], [ 254354.457235905545531, 7040592.014329534024 ], [ 254354.457235905545531, 7040582.007948353886604 ], [ 254349.454045315593248, 7040582.007948353886604 ], [ 254349.454045315593248, 7040577.004757763817906 ], [ 254339.447664135717787, 7040577.004757763817906 ], [ 254339.447664135717787, 7040572.001567173749208 ], [ 254334.444473545765504, 7040572.001567173749208 ], [ 254334.444473545765504, 7040566.998376583680511 ], [ 254329.441282955813222, 7040566.998376583680511 ], [ 254329.441282955813222, 7040561.995185994543135 ], [ 254324.438092365860939, 7040561.995185994543135 ], [ 254324.438092365860939, 7040556.991995404474437 ], [ 254319.43490177593776, 7040556.991995404474437 ], [ 254319.43490177593776, 7040551.988804814405739 ], [ 254314.431711185985478, 7040551.988804814405739 ], [ 254314.431711185985478, 7040546.985614224337041 ], [ 254309.428520596033195, 7040546.985614224337041 ], [ 254309.428520596033195, 7040541.982423634268343 ], [ 254304.425330006080912, 7040541.982423634268343 ], [ 254304.425330006080912, 7040536.979233044199646 ], [ 254299.42213941612863, 7040536.979233044199646 ], [ 254299.42213941612863, 7040531.976042454130948 ], [ 254294.418948826176347, 7040531.976042454130948 ], [ 254294.418948826176347, 7040526.97285186406225 ], [ 254289.415758236253168, 7040526.97285186406225 ], [ 254289.415758236253168, 7040521.969661274924874 ], [ 254284.412567646300886, 7040521.969661274924874 ], [ 254284.412567646300886, 7040516.966470684856176 ], [ 254279.409377056348603, 7040516.966470684856176 ], [ 254279.409377056348603, 7040511.963280094787478 ], [ 254274.406186466396321, 7040511.963280094787478 ], [ 254274.406186466396321, 7040506.960089504718781 ], [ 254269.402995876444038, 7040506.960089504718781 ], [ 254269.402995876444038, 7040501.956898914650083 ], [ 254264.399805286520859, 7040501.956898914650083 ], [ 254264.399805286520859, 7040486.947327144443989 ], [ 254269.402995876444038, 7040486.947327144443989 ], [ 254269.402995876444038, 7040471.937755375169218 ], [ 254274.406186466396321, 7040471.937755375169218 ], [ 254274.406186466396321, 7040466.93456478510052 ], [ 254279.409377056348603, 7040466.93456478510052 ], [ 254279.409377056348603, 7040461.931374195031822 ], [ 254284.412567646300886, 7040461.931374195031822 ], [ 254284.412567646300886, 7040456.928183604963124 ], [ 254289.415758236253168, 7040456.928183604963124 ], [ 254289.415758236253168, 7040451.924993014894426 ], [ 254294.418948826176347, 7040451.924993014894426 ], [ 254294.418948826176347, 7040446.921802425757051 ], [ 254299.42213941612863, 7040446.921802425757051 ], [ 254299.42213941612863, 7040441.918611835688353 ], [ 254304.425330006080912, 7040441.918611835688353 ], [ 254304.425330006080912, 7040436.915421245619655 ], [ 254309.428520596033195, 7040436.915421245619655 ], [ 254309.428520596033195, 7040431.912230655550957 ], [ 254314.431711185985478, 7040431.912230655550957 ], [ 254314.431711185985478, 7040426.909040065482259 ], [ 254319.43490177593776, 7040426.909040065482259 ], [ 254319.43490177593776, 7040411.899468295276165 ], [ 254314.431711185985478, 7040411.899468295276165 ], [ 254314.431711185985478, 7040401.893087116070092 ], [ 254309.428520596033195, 7040401.893087116070092 ], [ 254309.428520596033195, 7040381.8803247557953 ], [ 254304.425330006080912, 7040381.8803247557953 ], [ 254304.425330006080912, 7040376.877134165726602 ], [ 254299.42213941612863, 7040376.877134165726602 ], [ 254299.42213941612863, 7040366.870752986520529 ], [ 254294.418948826176347, 7040366.870752986520529 ], [ 254294.418948826176347, 7040356.864371806383133 ], [ 254289.415758236253168, 7040356.864371806383133 ], [ 254289.415758236253168, 7040346.857990626245737 ], [ 254284.412567646300886, 7040346.857990626245737 ], [ 254284.412567646300886, 7040341.854800036177039 ], [ 254279.409377056348603, 7040341.854800036177039 ], [ 254279.409377056348603, 7040331.848418856970966 ], [ 254274.406186466396321, 7040331.848418856970966 ], [ 254274.406186466396321, 7040321.84203767683357 ], [ 254269.402995876444038, 7040321.84203767683357 ], [ 254269.402995876444038, 7040316.838847086764872 ], [ 254264.399805286520859, 7040316.838847086764872 ], [ 254264.399805286520859, 7040306.832465906627476 ], [ 254259.396614696568577, 7040306.832465906627476 ], [ 254259.396614696568577, 7040296.82608472649008 ], [ 254254.393424106616294, 7040296.82608472649008 ], [ 254254.393424106616294, 7040286.819703547284007 ], [ 254249.390233516664011, 7040286.819703547284007 ], [ 254249.390233516664011, 7040281.816512957215309 ], [ 254244.387042926711729, 7040281.816512957215309 ], [ 254244.387042926711729, 7040276.813322367146611 ], [ 254239.383852336759446, 7040276.813322367146611 ], [ 254239.383852336759446, 7040266.806941187009215 ], [ 254229.377471156883985, 7040266.806941187009215 ], [ 254229.377471156883985, 7040261.803750596940517 ], [ 254224.374280566931702, 7040261.803750596940517 ], [ 254224.374280566931702, 7040256.800560007803142 ], [ 254214.367899387027137, 7040256.800560007803142 ], [ 254214.367899387027137, 7040251.797369417734444 ], [ 254209.364708797103958, 7040251.797369417734444 ], [ 254209.364708797103958, 7040241.790988237597048 ], [ 254204.361518207151676, 7040241.790988237597048 ], [ 254204.361518207151676, 7040236.78779764752835 ], [ 254194.35513702724711, 7040236.78779764752835 ], [ 254194.35513702724711, 7040226.781416467390954 ], [ 254189.351946437294828, 7040226.781416467390954 ], [ 254189.351946437294828, 7040221.778225877322257 ], [ 254184.348755847342545, 7040221.778225877322257 ], [ 254184.348755847342545, 7040216.775035288184881 ], [ 254179.345565257419366, 7040216.775035288184881 ], [ 254179.345565257419366, 7040211.771844698116183 ], [ 254174.342374667467084, 7040211.771844698116183 ], [ 254174.342374667467084, 7040206.768654108047485 ], [ 254169.339184077514801, 7040206.768654108047485 ], [ 254169.339184077514801, 7040201.765463517978787 ], [ 254639.639099532534601, 7040201.765463517978787 ], [ 254639.639099532534601, 7040291.822894137352705 ], [ 254749.709292511368403, 7040291.822894137352705 ], [ 254749.709292511368403, 7040817.157906081527472 ], [ 254744.706101921416121, 7040817.157906081527472 ] ] ] } },
{ "type": "Feature", "properties": { "id": 15, "slope": 1 }, "geometry": { "type": "Polygon", "coordinates": [ [ [ 255795.376125810289523, 7039931.593171660788357 ], [ 255795.376125810289523, 7039926.589981070719659 ], [ 255790.37293522033724, 7039926.589981070719659 ], [ 255790.37293522033724, 7039921.586790480650961 ], [ 255785.369744630384957, 7039921.586790480650961 ], [ 255785.369744630384957, 7039916.583599890582263 ], [ 255780.366554040432675, 7039916.583599890582263 ], [ 255780.366554040432675, 7039911.580409301444888 ], [ 255775.363363450509496, 7039911.580409301444888 ], [ 255775.363363450509496, 7039906.57721871137619 ], [ 255770.360172860557213, 7039906.57721871137619 ], [ 255770.360172860557213, 7039901.574028121307492 ], [ 255760.353791680652648, 7039901.574028121307492 ], [ 255760.353791680652648, 7039891.567646941170096 ], [ 255750.347410500748083, 7039891.567646941170096 ], [ 255750.347410500748083, 7039886.564456351101398 ], [ 255745.344219910824904, 7039886.564456351101398 ], [ 255745.344219910824904, 7039881.561265761032701 ], [ 255740.341029320872622, 7039881.561265761032701 ], [ 255740.341029320872622, 7039876.558075170964003 ], [ 255730.334648140968056, 7039876.558075170964003 ], [ 255730.334648140968056, 7039871.554884581826627 ], [ 255725.331457551015774, 7039871.554884581826627 ], [ 255725.331457551015774, 7039866.551693991757929 ], [ 255720.328266961092595, 7039866.551693991757929 ], [ 255720.328266961092595, 7039846.538931631483138 ], [ 255740.341029320872622, 7039846.538931631483138 ], [ 255740.341029320872622, 7039851.542122221551836 ], [ 255750.347410500748083, 7039851.542122221551836 ], [ 255750.347410500748083, 7039861.548503401689231 ], [ 255760.353791680652648, 7039861.548503401689231 ], [ 255760.353791680652648, 7039866.551693991757929 ], [ 255765.356982270604931, 7039866.551693991757929 ], [ 255765.356982270604931, 7039871.554884581826627 ], [ 255770.360172860557213, 7039871.554884581826627 ], [ 255770.360172860557213, 7039876.558075170964003 ], [ 255780.366554040432675, 7039876.558075170964003 ], [ 255780.366554040432675, 7039881.561265761032701 ], [ 255785.369744630384957, 7039881.561265761032701 ], [ 255785.369744630384957, 7039886.564456351101398 ], [ 255790.37293522033724, 7039886.564456351101398 ], [ 255790.37293522033724, 7039891.567646941170096 ], [ 255795.376125810289523, 7039891.567646941170096 ], [ 255795.376125810289523, 7039896.570837531238794 ], [ 255800.379316400241805, 7039896.570837531238794 ], [ 255800.379316400241805, 7039901.574028121307492 ], [ 255810.385697580117267, 7039901.574028121307492 ], [ 255810.385697580117267, 7039906.57721871137619 ], [ 255815.388888170069549, 7039906.57721871137619 ], [ 255815.388888170069549, 7039911.580409301444888 ], [ 255820.392078760021832, 7039911.580409301444888 ], [ 255820.392078760021832, 7039931.593171660788357 ], [ 255795.376125810289523, 7039931.593171660788357 ] ] ] } },
{ "type": "Feature", "properties": { "id": 17, "slope": 1 }, "geometry": { "type": "Polygon", "coordinates": [ [ [ 256685.9440508208354, 7039576.366639774292707 ], [ 256685.9440508208354, 7039571.36344918422401 ], [ 256690.947241410787683, 7039571.36344918422401 ], [ 256690.947241410787683, 7039556.353877414949238 ], [ 256685.9440508208354, 7039556.353877414949238 ], [ 256685.9440508208354, 7039551.35068682488054 ], [ 256680.940860230912222, 7039551.35068682488054 ], [ 256680.940860230912222, 7039556.353877414949238 ], [ 256675.937669640959939, 7039556.353877414949238 ], [ 256675.937669640959939, 7039561.357068005017936 ], [ 256670.934479051007656, 7039561.357068005017936 ], [ 256670.934479051007656, 7039566.360258595086634 ], [ 256655.924907281179912, 7039566.360258595086634 ], [ 256655.924907281179912, 7039556.353877414949238 ], [ 256650.92171669122763, 7039556.353877414949238 ], [ 256650.92171669122763, 7039551.35068682488054 ], [ 256645.918526101275347, 7039551.35068682488054 ], [ 256645.918526101275347, 7039556.353877414949238 ], [ 256640.915335511323065, 7039556.353877414949238 ], [ 256640.915335511323065, 7039561.357068005017936 ], [ 256635.912144921370782, 7039561.357068005017936 ], [ 256635.912144921370782, 7039566.360258595086634 ], [ 256630.908954331418499, 7039566.360258595086634 ], [ 256630.908954331418499, 7039571.36344918422401 ], [ 256610.896191971638473, 7039571.36344918422401 ], [ 256610.896191971638473, 7039566.360258595086634 ], [ 256605.89300138168619, 7039566.360258595086634 ], [ 256605.89300138168619, 7039561.357068005017936 ], [ 256600.889810791763011, 7039561.357068005017936 ], [ 256600.889810791763011, 7039556.353877414949238 ], [ 256595.886620201810729, 7039556.353877414949238 ], [ 256595.886620201810729, 7039551.35068682488054 ], [ 256590.883429611858446, 7039551.35068682488054 ], [ 256590.883429611858446, 7039546.347496234811842 ], [ 256585.880239021906164, 7039546.347496234811842 ], [ 256585.880239021906164, 7039541.344305644743145 ], [ 256580.877048431953881, 7039541.344305644743145 ], [ 256580.877048431953881, 7039536.341115054674447 ], [ 256575.873857842001598, 7039536.341115054674447 ], [ 256575.873857842001598, 7039531.337924464605749 ], [ 256570.87066725207842, 7039531.337924464605749 ], [ 256570.87066725207842, 7039546.347496234811842 ], [ 256560.864286072173854, 7039546.347496234811842 ], [ 256560.864286072173854, 7039531.337924464605749 ], [ 256555.861095482221572, 7039531.337924464605749 ], [ 256555.861095482221572, 7039516.328352695330977 ], [ 256550.857904892269289, 7039516.328352695330977 ], [ 256550.857904892269289, 7039511.32516210526228 ], [ 256540.851523712393828, 7039511.32516210526228 ], [ 256540.851523712393828, 7039506.321971515193582 ], [ 256535.848333122441545, 7039506.321971515193582 ], [ 256535.848333122441545, 7039501.318780925124884 ], [ 256525.84195194253698, 7039501.318780925124884 ], [ 256525.84195194253698, 7039491.312399744987488 ], [ 256515.835570762661519, 7039491.312399744987488 ], [ 256515.835570762661519, 7039486.309209155850112 ], [ 256510.832380172709236, 7039486.309209155850112 ], [ 256510.832380172709236, 7039481.306018565781415 ], [ 256505.829189582756953, 7039481.306018565781415 ], [ 256505.829189582756953, 7039476.302827975712717 ], [ 256495.822808402852388, 7039476.302827975712717 ], [ 256495.822808402852388, 7039471.299637385644019 ], [ 256490.819617812929209, 7039471.299637385644019 ], [ 256490.819617812929209, 7039481.306018565781415 ], [ 256495.822808402852388, 7039481.306018565781415 ], [ 256495.822808402852388, 7039501.318780925124884 ], [ 256485.816427222976927, 7039501.318780925124884 ], [ 256485.816427222976927, 7039496.315590335056186 ], [ 256475.810046043072361, 7039496.315590335056186 ], [ 256475.810046043072361, 7039486.309209155850112 ], [ 256470.806855453120079, 7039486.309209155850112 ], [ 256470.806855453120079, 7039476.302827975712717 ], [ 256465.803664863167796, 7039476.302827975712717 ], [ 256465.803664863167796, 7039451.28687502630055 ], [ 256470.806855453120079, 7039451.28687502630055 ], [ 256470.806855453120079, 7039446.283684436231852 ], [ 256475.810046043072361, 7039446.283684436231852 ], [ 256475.810046043072361, 7039451.28687502630055 ], [ 256485.816427222976927, 7039451.28687502630055 ], [ 256485.816427222976927, 7039446.283684436231852 ], [ 256490.819617812929209, 7039446.283684436231852 ], [ 256490.819617812929209, 7039406.258159716613591 ], [ 256485.816427222976927, 7039406.258159716613591 ], [ 256485.816427222976927, 7039381.242206766270101 ], [ 256490.819617812929209, 7039381.242206766270101 ], [ 256490.819617812929209, 7039371.235825587064028 ], [ 256495.822808402852388, 7039371.235825587064028 ], [ 256495.822808402852388, 7039366.23263499699533 ], [ 256500.825998992804671, 7039366.23263499699533 ], [ 256500.825998992804671, 7039356.226253816857934 ], [ 256505.829189582756953, 7039356.226253816857934 ], [ 256505.829189582756953, 7039351.223063226789236 ], [ 256515.835570762661519, 7039351.223063226789236 ], [ 256515.835570762661519, 7039346.219872636720538 ], [ 256520.838761352584697, 7039346.219872636720538 ], [ 256520.838761352584697, 7039341.21668204665184 ], [ 256525.84195194253698, 7039341.21668204665184 ], [ 256525.84195194253698, 7039336.213491457514465 ], [ 256530.845142532489263, 7039336.213491457514465 ], [ 256530.845142532489263, 7039331.210300867445767 ], [ 256535.848333122441545, 7039331.210300867445767 ], [ 256535.848333122441545, 7039321.203919687308371 ], [ 256540.851523712393828, 7039321.203919687308371 ], [ 256540.851523712393828, 7039316.200729097239673 ], [ 256580.877048431953881, 7039316.200729097239673 ], [ 256580.877048431953881, 7039321.203919687308371 ], [ 256590.883429611858446, 7039321.203919687308371 ], [ 256590.883429611858446, 7039326.207110277377069 ], [ 256595.886620201810729, 7039326.207110277377069 ], [ 256595.886620201810729, 7039321.203919687308371 ], [ 256600.889810791763011, 7039321.203919687308371 ], [ 256600.889810791763011, 7039316.200729097239673 ], [ 256615.899382561590755, 7039316.200729097239673 ], [ 256615.899382561590755, 7039321.203919687308371 ], [ 256620.902573151543038, 7039321.203919687308371 ], [ 256620.902573151543038, 7039326.207110277377069 ], [ 256625.905763741495321, 7039326.207110277377069 ], [ 256625.905763741495321, 7039331.210300867445767 ], [ 256630.908954331418499, 7039331.210300867445767 ], [ 256630.908954331418499, 7039336.213491457514465 ], [ 256635.912144921370782, 7039336.213491457514465 ], [ 256635.912144921370782, 7039341.21668204665184 ], [ 256640.915335511323065, 7039341.21668204665184 ], [ 256640.915335511323065, 7039336.213491457514465 ], [ 256650.92171669122763, 7039336.213491457514465 ], [ 256650.92171669122763, 7039341.21668204665184 ], [ 256660.928097871103091, 7039341.21668204665184 ], [ 256660.928097871103091, 7039346.219872636720538 ], [ 256670.934479051007656, 7039346.219872636720538 ], [ 256670.934479051007656, 7039351.223063226789236 ], [ 256675.937669640959939, 7039351.223063226789236 ], [ 256675.937669640959939, 7039356.226253816857934 ], [ 256680.940860230912222, 7039356.226253816857934 ], [ 256680.940860230912222, 7039361.229444406926632 ], [ 256685.9440508208354, 7039361.229444406926632 ], [ 256685.9440508208354, 7039371.235825587064028 ], [ 256690.947241410787683, 7039371.235825587064028 ], [ 256690.947241410787683, 7039376.239016177132726 ], [ 256695.950432000739966, 7039376.239016177132726 ], [ 256695.950432000739966, 7039381.242206766270101 ], [ 256700.953622590692248, 7039381.242206766270101 ], [ 256700.953622590692248, 7039386.245397356338799 ], [ 256705.956813180644531, 7039386.245397356338799 ], [ 256705.956813180644531, 7039396.251778536476195 ], [ 256710.960003770596813, 7039396.251778536476195 ], [ 256710.960003770596813, 7039406.258159716613591 ], [ 256715.963194360519992, 7039406.258159716613591 ], [ 256715.963194360519992, 7039411.261350306682289 ], [ 256720.966384950472275, 7039411.261350306682289 ], [ 256720.966384950472275, 7039426.27092207595706 ], [ 256725.969575540424557, 7039426.27092207595706 ], [ 256725.969575540424557, 7039441.280493846163154 ], [ 256730.97276613037684, 7039441.280493846163154 ], [ 256730.97276613037684, 7039491.312399744987488 ], [ 256735.975956720329123, 7039491.312399744987488 ], [ 256735.975956720329123, 7039496.315590335056186 ], [ 256730.97276613037684, 7039496.315590335056186 ], [ 256730.97276613037684, 7039516.328352695330977 ], [ 256725.969575540424557, 7039516.328352695330977 ], [ 256725.969575540424557, 7039526.334733875468373 ], [ 256720.966384950472275, 7039526.334733875468373 ], [ 256720.966384950472275, 7039536.341115054674447 ], [ 256715.963194360519992, 7039536.341115054674447 ], [ 256715.963194360519992, 7039546.347496234811842 ], [ 256710.960003770596813, 7039546.347496234811842 ], [ 256710.960003770596813, 7039556.353877414949238 ], [ 256705.956813180644531, 7039556.353877414949238 ], [ 256705.956813180644531, 7039566.360258595086634 ], [ 256700.953622590692248, 7039566.360258595086634 ], [ 256700.953622590692248, 7039571.36344918422401 ], [ 256695.950432000739966, 7039571.36344918422401 ], [ 256695.950432000739966, 7039576.366639774292707 ], [ 256685.9440508208354, 7039576.366639774292707 ] ] ] } },
{ "type": "Feature", "properties": { "id": 20, "slope": 1 }, "geometry": { "type": "Polygon", "coordinates": [ [ [ 257146.237585095979739, 7039581.369830364361405 ], [ 257146.237585095979739, 7039576.366639774292707 ], [ 257141.234394506027456, 7039576.366639774292707 ], [ 257141.234394506027456, 7039571.36344918422401 ], [ 257136.231203916075174, 7039571.36344918422401 ], [ 257136.231203916075174, 7039566.360258595086634 ], [ 257126.224822736170609, 7039566.360258595086634 ], [ 257126.224822736170609, 7039561.357068005017936 ], [ 257111.215250966342865, 7039561.357068005017936 ], [ 257111.215250966342865, 7039556.353877414949238 ], [ 257101.208869786438299, 7039556.353877414949238 ], [ 257101.208869786438299, 7039551.35068682488054 ], [ 257071.189726246753708, 7039551.35068682488054 ], [ 257071.189726246753708, 7039546.347496234811842 ], [ 257061.183345066878246, 7039546.347496234811842 ], [ 257061.183345066878246, 7039541.344305644743145 ], [ 257051.176963886973681, 7039541.344305644743145 ], [ 257051.176963886973681, 7039536.341115054674447 ], [ 257036.167392117145937, 7039536.341115054674447 ], [ 257036.167392117145937, 7039531.337924464605749 ], [ 257026.161010937241372, 7039531.337924464605749 ], [ 257026.161010937241372, 7039526.334733875468373 ], [ 257021.157820347289089, 7039526.334733875468373 ], [ 257021.157820347289089, 7039521.331543285399675 ], [ 257006.148248577461345, 7039521.331543285399675 ], [ 257006.148248577461345, 7039516.328352695330977 ], [ 257001.145057987509063, 7039516.328352695330977 ], [ 257001.145057987509063, 7039511.32516210526228 ], [ 256996.14186739755678, 7039511.32516210526228 ], [ 256996.14186739755678, 7039506.321971515193582 ], [ 256991.138676807604497, 7039506.321971515193582 ], [ 256991.138676807604497, 7039501.318780925124884 ], [ 256986.135486217681319, 7039501.318780925124884 ], [ 256986.135486217681319, 7039496.315590335056186 ], [ 256981.132295627729036, 7039496.315590335056186 ], [ 256981.132295627729036, 7039491.312399744987488 ], [ 256976.129105037776753, 7039491.312399744987488 ], [ 256976.129105037776753, 7039486.309209155850112 ], [ 256971.125914447824471, 7039486.309209155850112 ], [ 256971.125914447824471, 7039481.306018565781415 ], [ 256966.122723857872188, 7039481.306018565781415 ], [ 256966.122723857872188, 7039476.302827975712717 ], [ 256961.119533267919905, 7039476.302827975712717 ], [ 256961.119533267919905, 7039471.299637385644019 ], [ 256956.116342677996727, 7039471.299637385644019 ], [ 256956.116342677996727, 7039466.296446795575321 ], [ 256951.113152088044444, 7039466.296446795575321 ], [ 256951.113152088044444, 7039461.293256205506623 ], [ 256946.109961498092161, 7039461.293256205506623 ], [ 256946.109961498092161, 7039456.290065615437925 ], [ 256941.106770908139879, 7039456.290065615437925 ], [ 256941.106770908139879, 7039451.28687502630055 ], [ 256936.103580318187596, 7039451.28687502630055 ], [ 256936.103580318187596, 7039446.283684436231852 ], [ 256931.100389728264417, 7039446.283684436231852 ], [ 256931.100389728264417, 7039431.274112666025758 ], [ 256926.097199138312135, 7039431.274112666025758 ], [ 256926.097199138312135, 7039426.27092207595706 ], [ 256921.094008548359852, 7039426.27092207595706 ], [ 256921.094008548359852, 7039416.264540895819664 ], [ 256916.09081795840757, 7039416.264540895819664 ], [ 256916.09081795840757, 7039401.254969126544893 ], [ 256911.087627368455287, 7039401.254969126544893 ], [ 256911.087627368455287, 7039391.248587946407497 ], [ 256906.084436778503004, 7039391.248587946407497 ], [ 256906.084436778503004, 7039381.242206766270101 ], [ 256901.081246188579826, 7039381.242206766270101 ], [ 256901.081246188579826, 7039371.235825587064028 ], [ 256896.078055598627543, 7039371.235825587064028 ], [ 256896.078055598627543, 7039361.229444406926632 ], [ 256891.07486500867526, 7039361.229444406926632 ], [ 256891.07486500867526, 7039356.226253816857934 ], [ 256886.071674418722978, 7039356.226253816857934 ], [ 256886.071674418722978, 7039351.223063226789236 ], [ 256881.068483828770695, 7039351.223063226789236 ], [ 256881.068483828770695, 7039346.219872636720538 ], [ 256886.071674418722978, 7039346.219872636720538 ], [ 256886.071674418722978, 7039341.21668204665184 ], [ 256881.068483828770695, 7039341.21668204665184 ], [ 256881.068483828770695, 7039336.213491457514465 ], [ 256876.065293238847516, 7039336.213491457514465 ], [ 256876.065293238847516, 7039301.191157327033579 ], [ 256871.062102648895234, 7039301.191157327033579 ], [ 256871.062102648895234, 7039281.17839496769011 ], [ 256866.058912058942951, 7039281.17839496769011 ], [ 256866.058912058942951, 7039276.175204377621412 ], [ 256861.055721468990669, 7039276.175204377621412 ], [ 256861.055721468990669, 7039256.162442018277943 ], [ 256871.062102648895234, 7039256.162442018277943 ], [ 256871.062102648895234, 7039231.146489067934453 ], [ 256876.065293238847516, 7039231.146489067934453 ], [ 256876.065293238847516, 7039221.14010788872838 ], [ 256881.068483828770695, 7039221.14010788872838 ], [ 256881.068483828770695, 7039216.136917298659682 ], [ 256886.071674418722978, 7039216.136917298659682 ], [ 256886.071674418722978, 7039201.127345528453588 ], [ 256891.07486500867526, 7039201.127345528453588 ], [ 256891.07486500867526, 7039206.130536118522286 ], [ 256896.078055598627543, 7039206.130536118522286 ], [ 256896.078055598627543, 7039221.14010788872838 ], [ 256901.081246188579826, 7039221.14010788872838 ], [ 256901.081246188579826, 7039226.143298477865756 ], [ 256906.084436778503004, 7039226.143298477865756 ], [ 256906.084436778503004, 7039231.146489067934453 ], [ 256916.09081795840757, 7039231.146489067934453 ], [ 256916.09081795840757, 7039236.149679658003151 ], [ 256921.094008548359852, 7039236.149679658003151 ], [ 256921.094008548359852, 7039241.152870248071849 ], [ 256926.097199138312135, 7039241.152870248071849 ], [ 256926.097199138312135, 7039246.156060838140547 ], [ 256931.100389728264417, 7039246.156060838140547 ], [ 256931.100389728264417, 7039231.146489067934453 ], [ 256926.097199138312135, 7039231.146489067934453 ], [ 256926.097199138312135, 7039221.14010788872838 ], [ 256921.094008548359852, 7039221.14010788872838 ], [ 256921.094008548359852, 7039211.133726708590984 ], [ 256916.09081795840757, 7039211.133726708590984 ], [ 256916.09081795840757, 7039206.130536118522286 ], [ 256921.094008548359852, 7039206.130536118522286 ], [ 256921.094008548359852, 7039196.124154938384891 ], [ 256926.097199138312135, 7039196.124154938384891 ], [ 256926.097199138312135, 7039186.117773758247495 ], [ 256931.100389728264417, 7039186.117773758247495 ], [ 256931.100389728264417, 7039171.108201988972723 ], [ 256941.106770908139879, 7039171.108201988972723 ], [ 256941.106770908139879, 7039166.105011398904026 ], [ 256946.109961498092161, 7039166.105011398904026 ], [ 256946.109961498092161, 7039176.111392579041421 ], [ 256951.113152088044444, 7039176.111392579041421 ], [ 256951.113152088044444, 7039181.114583169110119 ], [ 256956.116342677996727, 7039181.114583169110119 ], [ 256956.116342677996727, 7039186.117773758247495 ], [ 256961.119533267919905, 7039186.117773758247495 ], [ 256961.119533267919905, 7039191.120964348316193 ], [ 256966.122723857872188, 7039191.120964348316193 ], [ 256966.122723857872188, 7039196.124154938384891 ], [ 256976.129105037776753, 7039196.124154938384891 ], [ 256976.129105037776753, 7039201.127345528453588 ], [ 256986.135486217681319, 7039201.127345528453588 ], [ 256986.135486217681319, 7039196.124154938384891 ], [ 256991.138676807604497, 7039196.124154938384891 ], [ 256991.138676807604497, 7039191.120964348316193 ], [ 256996.14186739755678, 7039191.120964348316193 ], [ 256996.14186739755678, 7039186.117773758247495 ], [ 257001.145057987509063, 7039186.117773758247495 ], [ 257001.145057987509063, 7039181.114583169110119 ], [ 257006.148248577461345, 7039181.114583169110119 ], [ 257006.148248577461345, 7039176.111392579041421 ], [ 257011.151439167413628, 7039176.111392579041421 ], [ 257011.151439167413628, 7039171.108201988972723 ], [ 257016.154629757336807, 7039171.108201988972723 ], [ 257016.154629757336807, 7039166.105011398904026 ], [ 257036.167392117145937, 7039166.105011398904026 ], [ 257036.167392117145937, 7039171.108201988972723 ], [ 257041.17058270709822, 7039171.108201988972723 ], [ 257041.17058270709822, 7039176.111392579041421 ], [ 257046.173773297021398, 7039176.111392579041421 ], [ 257046.173773297021398, 7039181.114583169110119 ], [ 257051.176963886973681, 7039181.114583169110119 ], [ 257051.176963886973681, 7039186.117773758247495 ], [ 257056.180154476925964, 7039186.117773758247495 ], [ 257056.180154476925964, 7039191.120964348316193 ], [ 257061.183345066878246, 7039191.120964348316193 ], [ 257061.183345066878246, 7039196.124154938384891 ], [ 257066.186535656830529, 7039196.124154938384891 ], [ 257066.186535656830529, 7039201.127345528453588 ], [ 257071.189726246753708, 7039201.127345528453588 ], [ 257071.189726246753708, 7039206.130536118522286 ], [ 257081.196107426658273, 7039206.130536118522286 ], [ 257081.196107426658273, 7039196.124154938384891 ], [ 257086.199298016610555, 7039196.124154938384891 ], [ 257086.199298016610555, 7039186.117773758247495 ], [ 257091.202488606562838, 7039186.117773758247495 ], [ 257091.202488606562838, 7039171.108201988972723 ], [ 257096.205679196515121, 7039171.108201988972723 ], [ 257096.205679196515121, 7039156.09863021876663 ], [ 257091.202488606562838, 7039156.09863021876663 ], [ 257091.202488606562838, 7039136.085867859423161 ], [ 257101.208869786438299, 7039136.085867859423161 ], [ 257101.208869786438299, 7039141.089058449491858 ], [ 257106.212060376390582, 7039141.089058449491858 ], [ 257106.212060376390582, 7039146.092249039560556 ], [ 257111.215250966342865, 7039146.092249039560556 ], [ 257111.215250966342865, 7039151.095439628697932 ], [ 257116.218441556295147, 7039151.095439628697932 ], [ 257116.218441556295147, 7039141.089058449491858 ], [ 257111.215250966342865, 7039141.089058449491858 ], [ 257111.215250966342865, 7039131.082677269354463 ], [ 257106.212060376390582, 7039131.082677269354463 ], [ 257106.212060376390582, 7039111.069914909079671 ], [ 257101.208869786438299, 7039111.069914909079671 ], [ 257101.208869786438299, 7039091.057152549736202 ], [ 257116.218441556295147, 7039091.057152549736202 ], [ 257116.218441556295147, 7039096.0603431398049 ], [ 257126.224822736170609, 7039096.0603431398049 ], [ 257126.224822736170609, 7039101.063533729873598 ], [ 257131.228013326122891, 7039101.063533729873598 ], [ 257131.228013326122891, 7039106.066724319942296 ], [ 257141.234394506027456, 7039106.066724319942296 ], [ 257141.234394506027456, 7039111.069914909079671 ], [ 257146.237585095979739, 7039111.069914909079671 ], [ 257146.237585095979739, 7039116.073105499148369 ], [ 257156.2439662758552, 7039116.073105499148369 ], [ 257156.2439662758552, 7039121.076296089217067 ], [ 257161.247156865807483, 7039121.076296089217067 ], [ 257161.247156865807483, 7039126.079486679285765 ], [ 257166.250347455759766, 7039126.079486679285765 ], [ 257166.250347455759766, 7039131.082677269354463 ], [ 257176.256728635664331, 7039131.082677269354463 ], [ 257176.256728635664331, 7039121.076296089217067 ], [ 257171.253538045712048, 7039121.076296089217067 ], [ 257171.253538045712048, 7039106.066724319942296 ], [ 257181.25991922558751, 7039106.066724319942296 ], [ 257181.25991922558751, 7039111.069914909079671 ], [ 257196.269490995444357, 7039111.069914909079671 ], [ 257196.269490995444357, 7039116.073105499148369 ], [ 257201.27268158539664, 7039116.073105499148369 ], [ 257201.27268158539664, 7039121.076296089217067 ], [ 257206.275872175348923, 7039121.076296089217067 ], [ 257206.275872175348923, 7039126.079486679285765 ], [ 257211.279062765272101, 7039126.079486679285765 ], [ 257211.279062765272101, 7039131.082677269354463 ], [ 257216.282253355224384, 7039131.082677269354463 ], [ 257216.282253355224384, 7039136.085867859423161 ], [ 257221.285443945176667, 7039136.085867859423161 ], [ 257221.285443945176667, 7039141.089058449491858 ], [ 257231.291825125081232, 7039141.089058449491858 ], [ 257231.291825125081232, 7039151.095439628697932 ], [ 257236.295015715004411, 7039151.095439628697932 ], [ 257236.295015715004411, 7039156.09863021876663 ], [ 257241.298206304956693, 7039156.09863021876663 ], [ 257241.298206304956693, 7039166.105011398904026 ], [ 257246.301396894908976, 7039166.105011398904026 ], [ 257246.301396894908976, 7039171.108201988972723 ], [ 257251.304587484861258, 7039171.108201988972723 ], [ 257251.304587484861258, 7039176.111392579041421 ], [ 257256.307778074813541, 7039176.111392579041421 ], [ 257256.307778074813541, 7039186.117773758247495 ], [ 257261.310968664765824, 7039186.117773758247495 ], [ 257261.310968664765824, 7039196.124154938384891 ], [ 257266.314159254689002, 7039196.124154938384891 ], [ 257266.314159254689002, 7039206.130536118522286 ], [ 257271.317349844641285, 7039206.130536118522286 ], [ 257271.317349844641285, 7039221.14010788872838 ], [ 257276.320540434593568, 7039221.14010788872838 ], [ 257276.320540434593568, 7039236.149679658003151 ], [ 257281.32373102454585, 7039236.149679658003151 ], [ 257281.32373102454585, 7039246.156060838140547 ], [ 257291.330112204421312, 7039246.156060838140547 ], [ 257291.330112204421312, 7039241.152870248071849 ], [ 257301.336493384325877, 7039241.152870248071849 ], [ 257301.336493384325877, 7039246.156060838140547 ], [ 257316.346065154182725, 7039246.156060838140547 ], [ 257316.346065154182725, 7039251.159251428209245 ], [ 257346.365208693838213, 7039251.159251428209245 ], [ 257346.365208693838213, 7039256.162442018277943 ], [ 257351.368399283790495, 7039256.162442018277943 ], [ 257351.368399283790495, 7039261.165632608346641 ], [ 257356.371589873742778, 7039261.165632608346641 ], [ 257356.371589873742778, 7039276.175204377621412 ], [ 257351.368399283790495, 7039276.175204377621412 ], [ 257351.368399283790495, 7039296.187966737896204 ], [ 257356.371589873742778, 7039296.187966737896204 ], [ 257356.371589873742778, 7039306.194347917102277 ], [ 257361.37478046369506, 7039306.194347917102277 ], [ 257361.37478046369506, 7039301.191157327033579 ], [ 257366.377971053647343, 7039301.191157327033579 ], [ 257366.377971053647343, 7039286.181585557758808 ], [ 257371.381161643599626, 7039286.181585557758808 ], [ 257371.381161643599626, 7039281.17839496769011 ], [ 257381.387542823475087, 7039281.17839496769011 ], [ 257381.387542823475087, 7039276.175204377621412 ], [ 257391.393924003379652, 7039276.175204377621412 ], [ 257391.393924003379652, 7039281.17839496769011 ], [ 257396.397114593331935, 7039281.17839496769011 ], [ 257396.397114593331935, 7039286.181585557758808 ], [ 257401.400305183255114, 7039286.181585557758808 ], [ 257401.400305183255114, 7039311.197538507170975 ], [ 257406.403495773207396, 7039311.197538507170975 ], [ 257406.403495773207396, 7039321.203919687308371 ], [ 257396.397114593331935, 7039321.203919687308371 ], [ 257396.397114593331935, 7039326.207110277377069 ], [ 257386.39073341342737, 7039326.207110277377069 ], [ 257386.39073341342737, 7039331.210300867445767 ], [ 257381.387542823475087, 7039331.210300867445767 ], [ 257381.387542823475087, 7039336.213491457514465 ], [ 257386.39073341342737, 7039336.213491457514465 ], [ 257386.39073341342737, 7039341.21668204665184 ], [ 257381.387542823475087, 7039341.21668204665184 ], [ 257381.387542823475087, 7039356.226253816857934 ], [ 257386.39073341342737, 7039356.226253816857934 ], [ 257386.39073341342737, 7039376.239016177132726 ], [ 257391.393924003379652, 7039376.239016177132726 ], [ 257391.393924003379652, 7039366.23263499699533 ], [ 257396.397114593331935, 7039366.23263499699533 ], [ 257396.397114593331935, 7039361.229444406926632 ], [ 257401.400305183255114, 7039361.229444406926632 ], [ 257401.400305183255114, 7039356.226253816857934 ], [ 257406.403495773207396, 7039356.226253816857934 ], [ 257406.403495773207396, 7039346.219872636720538 ], [ 257411.406686363159679, 7039346.219872636720538 ], [ 257411.406686363159679, 7039341.21668204665184 ], [ 257421.413067543064244, 7039341.21668204665184 ], [ 257421.413067543064244, 7039371.235825587064028 ], [ 257416.409876953111961, 7039371.235825587064028 ], [ 257416.409876953111961, 7039376.239016177132726 ], [ 257406.403495773207396, 7039376.239016177132726 ], [ 257406.403495773207396, 7039381.242206766270101 ], [ 257386.39073341342737, 7039381.242206766270101 ], [ 257386.39073341342737, 7039416.264540895819664 ], [ 257381.387542823475087, 7039416.264540895819664 ], [ 257381.387542823475087, 7039431.274112666025758 ], [ 257376.384352233522804, 7039431.274112666025758 ], [ 257376.384352233522804, 7039436.277303256094456 ], [ 257371.381161643599626, 7039436.277303256094456 ], [ 257371.381161643599626, 7039446.283684436231852 ], [ 257356.371589873742778, 7039446.283684436231852 ], [ 257356.371589873742778, 7039456.290065615437925 ], [ 257351.368399283790495, 7039456.290065615437925 ], [ 257351.368399283790495, 7039466.296446795575321 ], [ 257336.358827513962751, 7039466.296446795575321 ], [ 257336.358827513962751, 7039461.293256205506623 ], [ 257316.346065154182725, 7039461.293256205506623 ], [ 257316.346065154182725, 7039456.290065615437925 ], [ 257296.333302794373594, 7039456.290065615437925 ], [ 257296.333302794373594, 7039461.293256205506623 ], [ 257301.336493384325877, 7039461.293256205506623 ], [ 257301.336493384325877, 7039466.296446795575321 ], [ 257311.342874564230442, 7039466.296446795575321 ], [ 257311.342874564230442, 7039471.299637385644019 ], [ 257316.346065154182725, 7039471.299637385644019 ], [ 257316.346065154182725, 7039481.306018565781415 ], [ 257321.349255744105903, 7039481.306018565781415 ], [ 257321.349255744105903, 7039486.309209155850112 ], [ 257326.352446334058186, 7039486.309209155850112 ], [ 257326.352446334058186, 7039491.312399744987488 ], [ 257331.355636924010469, 7039491.312399744987488 ], [ 257331.355636924010469, 7039496.315590335056186 ], [ 257336.358827513962751, 7039496.315590335056186 ], [ 257336.358827513962751, 7039511.32516210526228 ], [ 257331.355636924010469, 7039511.32516210526228 ], [ 257331.355636924010469, 7039521.331543285399675 ], [ 257326.352446334058186, 7039521.331543285399675 ], [ 257326.352446334058186, 7039526.334733875468373 ], [ 257316.346065154182725, 7039526.334733875468373 ], [ 257316.346065154182725, 7039531.337924464605749 ], [ 257311.342874564230442, 7039531.337924464605749 ], [ 257311.342874564230442, 7039536.341115054674447 ], [ 257306.339683974278159, 7039536.341115054674447 ], [ 257306.339683974278159, 7039541.344305644743145 ], [ 257296.333302794373594, 7039541.344305644743145 ], [ 257296.333302794373594, 7039546.347496234811842 ], [ 257276.320540434593568, 7039546.347496234811842 ], [ 257276.320540434593568, 7039551.35068682488054 ], [ 257271.317349844641285, 7039551.35068682488054 ], [ 257271.317349844641285, 7039546.347496234811842 ], [ 257266.314159254689002, 7039546.347496234811842 ], [ 257266.314159254689002, 7039551.35068682488054 ], [ 257256.307778074813541, 7039551.35068682488054 ], [ 257256.307778074813541, 7039556.353877414949238 ], [ 257246.301396894908976, 7039556.353877414949238 ], [ 257246.301396894908976, 7039551.35068682488054 ], [ 257236.295015715004411, 7039551.35068682488054 ], [ 257236.295015715004411, 7039546.347496234811842 ], [ 257231.291825125081232, 7039546.347496234811842 ], [ 257231.291825125081232, 7039551.35068682488054 ], [ 257216.282253355224384, 7039551.35068682488054 ], [ 257216.282253355224384, 7039561.357068005017936 ], [ 257211.279062765272101, 7039561.357068005017936 ], [ 257211.279062765272101, 7039566.360258595086634 ], [ 257206.275872175348923, 7039566.360258595086634 ], [ 257206.275872175348923, 7039571.36344918422401 ], [ 257201.27268158539664, 7039571.36344918422401 ], [ 257201.27268158539664, 7039576.366639774292707 ], [ 257181.25991922558751, 7039576.366639774292707 ], [ 257181.25991922558751, 7039581.369830364361405 ], [ 257176.256728635664331, 7039581.369830364361405 ], [ 257176.256728635664331, 7039576.366639774292707 ], [ 257171.253538045712048, 7039576.366639774292707 ], [ 257171.253538045712048, 7039581.369830364361405 ], [ 257146.237585095979739, 7039581.369830364361405 ] ], [ [ 257181.25991922558751, 7039456.290065615437925 ], [ 257201.27268158539664, 7039456.290065615437925 ], [ 257201.27268158539664, 7039451.28687502630055 ], [ 257196.269490995444357, 7039451.28687502630055 ], [ 257196.269490995444357, 7039441.280493846163154 ], [ 257191.266300405492075, 7039441.280493846163154 ], [ 257191.266300405492075, 7039446.283684436231852 ], [ 257186.263109815539792, 7039446.283684436231852 ], [ 257186.263109815539792, 7039451.28687502630055 ], [ 257181.25991922558751, 7039451.28687502630055 ], [ 257181.25991922558751, 7039456.290065615437925 ] ], [ [ 257176.256728635664331, 7039136.085867859423161 ], [ 257181.25991922558751, 7039136.085867859423161 ], [ 257181.25991922558751, 7039131.082677269354463 ], [ 257176.256728635664331, 7039131.082677269354463 ], [ 257176.256728635664331, 7039136.085867859423161 ] ] ] } },
{ "type": "Feature", "properties": { "id": 22, "slope": 1 }, "geometry": { "type": "Polygon", "coordinates": [ [ [ 257246.301396894908976, 7039051.031627830117941 ], [ 257246.301396894908976, 7039046.028437240049243 ], [ 257216.282253355224384, 7039046.028437240049243 ], [ 257216.282253355224384, 7039041.025246649980545 ], [ 257211.279062765272101, 7039041.025246649980545 ], [ 257211.279062765272101, 7039036.022056059911847 ], [ 257206.275872175348923, 7039036.022056059911847 ], [ 257206.275872175348923, 7039031.018865470774472 ], [ 257201.27268158539664, 7039031.018865470774472 ], [ 257201.27268158539664, 7039026.015674880705774 ], [ 257196.269490995444357, 7039026.015674880705774 ], [ 257196.269490995444357, 7039021.012484290637076 ], [ 257191.266300405492075, 7039021.012484290637076 ], [ 257191.266300405492075, 7039011.00610311049968 ], [ 257186.263109815539792, 7039011.00610311049968 ], [ 257186.263109815539792, 7038995.996531340293586 ], [ 257181.25991922558751, 7038995.996531340293586 ], [ 257181.25991922558751, 7038985.990150161087513 ], [ 257176.256728635664331, 7038985.990150161087513 ], [ 257176.256728635664331, 7038965.977387800812721 ], [ 257171.253538045712048, 7038965.977387800812721 ], [ 257171.253538045712048, 7038960.974197210744023 ], [ 257166.250347455759766, 7038960.974197210744023 ], [ 257166.250347455759766, 7038950.96781603153795 ], [ 257161.247156865807483, 7038950.96781603153795 ], [ 257161.247156865807483, 7038920.948672491125762 ], [ 257166.250347455759766, 7038920.948672491125762 ], [ 257166.250347455759766, 7038905.939100721850991 ], [ 257171.253538045712048, 7038905.939100721850991 ], [ 257171.253538045712048, 7038900.935910131782293 ], [ 257176.256728635664331, 7038900.935910131782293 ], [ 257176.256728635664331, 7038895.932719541713595 ], [ 257191.266300405492075, 7038895.932719541713595 ], [ 257191.266300405492075, 7038890.929528951644897 ], [ 257196.269490995444357, 7038890.929528951644897 ], [ 257196.269490995444357, 7038885.9263383615762 ], [ 257201.27268158539664, 7038885.9263383615762 ], [ 257201.27268158539664, 7038880.923147771507502 ], [ 257206.275872175348923, 7038880.923147771507502 ], [ 257206.275872175348923, 7038875.919957182370126 ], [ 257211.279062765272101, 7038875.919957182370126 ], [ 257211.279062765272101, 7038870.916766592301428 ], [ 257216.282253355224384, 7038870.916766592301428 ], [ 257216.282253355224384, 7038865.91357600223273 ], [ 257221.285443945176667, 7038865.91357600223273 ], [ 257221.285443945176667, 7038860.910385412164032 ], [ 257226.288634535128949, 7038860.910385412164032 ], [ 257226.288634535128949, 7038855.907194822095335 ], [ 257231.291825125081232, 7038855.907194822095335 ], [ 257231.291825125081232, 7038850.904004232026637 ], [ 257251.304587484861258, 7038850.904004232026637 ], [ 257251.304587484861258, 7038855.907194822095335 ], [ 257256.307778074813541, 7038855.907194822095335 ], [ 257256.307778074813541, 7038860.910385412164032 ], [ 257261.310968664765824, 7038860.910385412164032 ], [ 257261.310968664765824, 7038865.91357600223273 ], [ 257266.314159254689002, 7038865.91357600223273 ], [ 257266.314159254689002, 7038870.916766592301428 ], [ 257271.317349844641285, 7038870.916766592301428 ], [ 257271.317349844641285, 7038875.919957182370126 ], [ 257276.320540434593568, 7038875.919957182370126 ], [ 257276.320540434593568, 7038880.923147771507502 ], [ 257281.32373102454585, 7038880.923147771507502 ], [ 257281.32373102454585, 7038885.9263383615762 ], [ 257286.326921614498133, 7038885.9263383615762 ], [ 257286.326921614498133, 7038890.929528951644897 ], [ 257291.330112204421312, 7038890.929528951644897 ], [ 257291.330112204421312, 7038895.932719541713595 ], [ 257296.333302794373594, 7038895.932719541713595 ], [ 257296.333302794373594, 7038900.935910131782293 ], [ 257301.336493384325877, 7038900.935910131782293 ], [ 257301.336493384325877, 7038905.939100721850991 ], [ 257336.358827513962751, 7038905.939100721850991 ], [ 257336.358827513962751, 7038900.935910131782293 ], [ 257341.362018103915034, 7038900.935910131782293 ], [ 257341.362018103915034, 7038905.939100721850991 ], [ 257346.365208693838213, 7038905.939100721850991 ], [ 257346.365208693838213, 7038925.95186308119446 ], [ 257351.368399283790495, 7038925.95186308119446 ], [ 257351.368399283790495, 7038980.986959571018815 ], [ 257346.365208693838213, 7038980.986959571018815 ], [ 257346.365208693838213, 7039000.999721930362284 ], [ 257341.362018103915034, 7039000.999721930362284 ], [ 257341.362018103915034, 7039016.009293700568378 ], [ 257336.358827513962751, 7039016.009293700568378 ], [ 257336.358827513962751, 7039021.012484290637076 ], [ 257331.355636924010469, 7039021.012484290637076 ], [ 257331.355636924010469, 7039026.015674880705774 ], [ 257326.352446334058186, 7039026.015674880705774 ], [ 257326.352446334058186, 7039031.018865470774472 ], [ 257311.342874564230442, 7039031.018865470774472 ], [ 257311.342874564230442, 7039026.015674880705774 ], [ 257316.346065154182725, 7039026.015674880705774 ], [ 257316.346065154182725, 7039021.012484290637076 ], [ 257311.342874564230442, 7039021.012484290637076 ], [ 257311.342874564230442, 7039011.00610311049968 ], [ 257301.336493384325877, 7039011.00610311049968 ], [ 257301.336493384325877, 7039006.002912520430982 ], [ 257291.330112204421312, 7039006.002912520430982 ], [ 257291.330112204421312, 7038995.996531340293586 ], [ 257286.326921614498133, 7038995.996531340293586 ], [ 257286.326921614498133, 7039000.999721930362284 ], [ 257281.32373102454585, 7039000.999721930362284 ], [ 257281.32373102454585, 7039006.002912520430982 ], [ 257286.326921614498133, 7039006.002912520430982 ], [ 257286.326921614498133, 7039011.00610311049968 ], [ 257291.330112204421312, 7039011.00610311049968 ], [ 257291.330112204421312, 7039016.009293700568378 ], [ 257296.333302794373594, 7039016.009293700568378 ], [ 257296.333302794373594, 7039021.012484290637076 ], [ 257301.336493384325877, 7039021.012484290637076 ], [ 257301.336493384325877, 7039036.022056059911847 ], [ 257296.333302794373594, 7039036.022056059911847 ], [ 257296.333302794373594, 7039046.028437240049243 ], [ 257291.330112204421312, 7039046.028437240049243 ], [ 257291.330112204421312, 7039051.031627830117941 ], [ 257246.301396894908976, 7039051.031627830117941 ] ], [ [ 257261.310968664765824, 7039036.022056059911847 ], [ 257266.314159254689002, 7039036.022056059911847 ], [ 257266.314159254689002, 7039021.012484290637076 ], [ 257261.310968664765824, 7039021.012484290637076 ], [ 257261.310968664765824, 7039036.022056059911847 ] ] ] } },
{ "type": "Feature", "properties": { "id": 23, "slope": 1 }, "geometry": { "type": "Polygon", "coordinates": [ [ [ 257861.693839458399452, 7039326.207110277377069 ], [ 257861.693839458399452, 7039306.194347917102277 ], [ 257856.69064886844717, 7039306.194347917102277 ], [ 257856.69064886844717, 7039311.197538507170975 ], [ 257841.681077098590322, 7039311.197538507170975 ], [ 257841.681077098590322, 7039306.194347917102277 ], [ 257836.677886508667143, 7039306.194347917102277 ], [ 257836.677886508667143, 7039301.191157327033579 ], [ 257831.67469591871486, 7039301.191157327033579 ], [ 257831.67469591871486, 7039296.187966737896204 ], [ 257826.671505328762578, 7039296.187966737896204 ], [ 257826.671505328762578, 7039286.181585557758808 ], [ 257821.668314738810295, 7039286.181585557758808 ], [ 257821.668314738810295, 7039276.175204377621412 ], [ 257816.665124148858013, 7039276.175204377621412 ], [ 257816.665124148858013, 7039271.172013787552714 ], [ 257811.661933558934834, 7039271.172013787552714 ], [ 257811.661933558934834, 7039266.168823197484016 ], [ 257816.665124148858013, 7039266.168823197484016 ], [ 257816.665124148858013, 7039261.165632608346641 ], [ 257811.661933558934834, 7039261.165632608346641 ], [ 257811.661933558934834, 7039256.162442018277943 ], [ 257806.658742968982551, 7039256.162442018277943 ], [ 257806.658742968982551, 7039261.165632608346641 ], [ 257796.652361789077986, 7039261.165632608346641 ], [ 257796.652361789077986, 7039256.162442018277943 ], [ 257791.649171199125703, 7039256.162442018277943 ], [ 257791.649171199125703, 7039086.053961959667504 ], [ 257796.652361789077986, 7039086.053961959667504 ], [ 257796.652361789077986, 7039091.057152549736202 ], [ 257801.655552379030269, 7039091.057152549736202 ], [ 257801.655552379030269, 7039111.069914909079671 ], [ 257811.661933558934834, 7039111.069914909079671 ], [ 257811.661933558934834, 7039106.066724319942296 ], [ 257816.665124148858013, 7039106.066724319942296 ], [ 257816.665124148858013, 7039111.069914909079671 ], [ 257821.668314738810295, 7039111.069914909079671 ], [ 257821.668314738810295, 7039136.085867859423161 ], [ 257826.671505328762578, 7039136.085867859423161 ], [ 257826.671505328762578, 7039146.092249039560556 ], [ 257831.67469591871486, 7039146.092249039560556 ], [ 257831.67469591871486, 7039156.09863021876663 ], [ 257836.677886508667143, 7039156.09863021876663 ], [ 257836.677886508667143, 7039141.089058449491858 ], [ 257831.67469591871486, 7039141.089058449491858 ], [ 257831.67469591871486, 7039111.069914909079671 ], [ 257826.671505328762578, 7039111.069914909079671 ], [ 257826.671505328762578, 7039101.063533729873598 ], [ 257821.668314738810295, 7039101.063533729873598 ], [ 257821.668314738810295, 7039096.0603431398049 ], [ 257811.661933558934834, 7039096.0603431398049 ], [ 257811.661933558934834, 7039076.047580779530108 ], [ 257806.658742968982551, 7039076.047580779530108 ], [ 257806.658742968982551, 7039071.04439018946141 ], [ 257801.655552379030269, 7039071.04439018946141 ], [ 257801.655552379030269, 7039066.041199600324035 ], [ 257796.652361789077986, 7039066.041199600324035 ], [ 257796.652361789077986, 7039061.038009010255337 ], [ 257791.649171199125703, 7039061.038009010255337 ], [ 257791.649171199125703, 7038945.964625441469252 ], [ 257826.671505328762578, 7038945.964625441469252 ], [ 257826.671505328762578, 7038950.96781603153795 ], [ 257836.677886508667143, 7038950.96781603153795 ], [ 257836.677886508667143, 7038945.964625441469252 ], [ 257841.681077098590322, 7038945.964625441469252 ], [ 257841.681077098590322, 7038940.961434851400554 ], [ 257836.677886508667143, 7038940.961434851400554 ], [ 257836.677886508667143, 7038925.95186308119446 ], [ 257831.67469591871486, 7038925.95186308119446 ], [ 257831.67469591871486, 7038920.948672491125762 ], [ 257826.671505328762578, 7038920.948672491125762 ], [ 257826.671505328762578, 7038915.945481901988387 ], [ 257821.668314738810295, 7038915.945481901988387 ], [ 257821.668314738810295, 7038900.935910131782293 ], [ 257816.665124148858013, 7038900.935910131782293 ], [ 257816.665124148858013, 7038885.9263383615762 ], [ 257821.668314738810295, 7038885.9263383615762 ], [ 257821.668314738810295, 7038875.919957182370126 ], [ 257826.671505328762578, 7038875.919957182370126 ], [ 257826.671505328762578, 7038870.916766592301428 ], [ 257831.67469591871486, 7038870.916766592301428 ], [ 257831.67469591871486, 7038865.91357600223273 ], [ 257836.677886508667143, 7038865.91357600223273 ], [ 257836.677886508667143, 7038860.910385412164032 ], [ 257846.684267688542604, 7038860.910385412164032 ], [ 257846.684267688542604, 7038855.907194822095335 ], [ 257871.700220638274914, 7038855.907194822095335 ], [ 257871.700220638274914, 7038850.904004232026637 ], [ 257896.716173588007223, 7038850.904004232026637 ], [ 257896.716173588007223, 7038845.900813641957939 ], [ 257901.719364177959505, 7038845.900813641957939 ], [ 257901.719364177959505, 7038840.897623051889241 ], [ 257906.722554767911788, 7038840.897623051889241 ], [ 257906.722554767911788, 7038835.894432462751865 ], [ 257911.725745357864071, 7038835.894432462751865 ], [ 257911.725745357864071, 7038830.891241872683167 ], [ 257921.732126537768636, 7038830.891241872683167 ], [ 257921.732126537768636, 7038825.88805128261447 ], [ 257931.738507717644097, 7038825.88805128261447 ], [ 257931.738507717644097, 7038830.891241872683167 ], [ 257936.74169830759638, 7038830.891241872683167 ], [ 257936.74169830759638, 7038835.894432462751865 ], [ 257941.744888897548662, 7038835.894432462751865 ], [ 257941.744888897548662, 7038845.900813641957939 ], [ 257946.748079487500945, 7038845.900813641957939 ], [ 257946.748079487500945, 7038850.904004232026637 ], [ 257951.751270077424124, 7038850.904004232026637 ], [ 257951.751270077424124, 7038855.907194822095335 ], [ 257956.754460667376406, 7038855.907194822095335 ], [ 257956.754460667376406, 7038860.910385412164032 ], [ 257966.760841847280972, 7038860.910385412164032 ], [ 257966.760841847280972, 7038865.91357600223273 ], [ 257996.779985386965564, 7038865.91357600223273 ], [ 257996.779985386965564, 7038875.919957182370126 ], [ 258001.783175976917846, 7038875.919957182370126 ], [ 258001.783175976917846, 7038885.9263383615762 ], [ 258006.786366566841025, 7038885.9263383615762 ], [ 258006.786366566841025, 7038900.935910131782293 ], [ 258011.789557156793308, 7038900.935910131782293 ], [ 258011.789557156793308, 7038915.945481901988387 ], [ 258016.79274774674559, 7038915.945481901988387 ], [ 258016.79274774674559, 7038925.95186308119446 ], [ 258011.789557156793308, 7038925.95186308119446 ], [ 258011.789557156793308, 7038945.964625441469252 ], [ 258016.79274774674559, 7038945.964625441469252 ], [ 258016.79274774674559, 7038950.96781603153795 ], [ 258021.795938336697873, 7038950.96781603153795 ], [ 258021.795938336697873, 7038945.964625441469252 ], [ 258026.799128926650155, 7038945.964625441469252 ], [ 258026.799128926650155, 7038940.961434851400554 ], [ 258031.802319516602438, 7038940.961434851400554 ], [ 258031.802319516602438, 7038935.958244261331856 ], [ 258036.805510106525617, 7038935.958244261331856 ], [ 258036.805510106525617, 7038930.955053671263158 ], [ 258041.808700696477899, 7038930.955053671263158 ], [ 258041.808700696477899, 7038925.95186308119446 ], [ 258046.811891286430182, 7038925.95186308119446 ], [ 258046.811891286430182, 7038920.948672491125762 ], [ 258051.815081876382465, 7038920.948672491125762 ], [ 258051.815081876382465, 7038890.929528951644897 ], [ 258061.821463056257926, 7038890.929528951644897 ], [ 258061.821463056257926, 7038880.923147771507502 ], [ 258056.818272466334747, 7038880.923147771507502 ], [ 258056.818272466334747, 7038870.916766592301428 ], [ 258061.821463056257926, 7038870.916766592301428 ], [ 258061.821463056257926, 7038860.910385412164032 ], [ 258066.824653646210209, 7038860.910385412164032 ], [ 258066.824653646210209, 7038845.900813641957939 ], [ 258071.827844236162491, 7038845.900813641957939 ], [ 258071.827844236162491, 7038840.897623051889241 ], [ 258081.834225416067056, 7038840.897623051889241 ], [ 258081.834225416067056, 7038835.894432462751865 ], [ 258106.850178365799366, 7038835.894432462751865 ], [ 258106.850178365799366, 7038830.891241872683167 ], [ 258156.882084265263984, 7038830.891241872683167 ], [ 258156.882084265263984, 7038835.894432462751865 ], [ 258166.888465445168549, 7038835.894432462751865 ], [ 258166.888465445168549, 7038840.897623051889241 ], [ 258236.933133704413194, 7038840.897623051889241 ], [ 258236.933133704413194, 7038845.900813641957939 ], [ 258256.945896064193221, 7038845.900813641957939 ], [ 258256.945896064193221, 7038850.904004232026637 ], [ 258271.955467834050069, 7038850.904004232026637 ], [ 258271.955467834050069, 7038855.907194822095335 ], [ 258281.96184901392553, 7038855.907194822095335 ], [ 258281.96184901392553, 7038860.910385412164032 ], [ 258286.965039603877813, 7038860.910385412164032 ], [ 258286.965039603877813, 7038865.91357600223273 ], [ 258291.968230193830095, 7038865.91357600223273 ], [ 258291.968230193830095, 7038870.916766592301428 ], [ 258301.97461137373466, 7038870.916766592301428 ], [ 258301.97461137373466, 7038880.923147771507502 ], [ 258306.977801963686943, 7038880.923147771507502 ], [ 258306.977801963686943, 7038890.929528951644897 ], [ 258311.980992553610122, 7038890.929528951644897 ], [ 258311.980992553610122, 7038855.907194822095335 ], [ 258306.977801963686943, 7038855.907194822095335 ], [ 258306.977801963686943, 7038850.904004232026637 ], [ 258301.97461137373466, 7038850.904004232026637 ], [ 258301.97461137373466, 7038845.900813641957939 ], [ 258296.971420783782378, 7038845.900813641957939 ], [ 258296.971420783782378, 7038840.897623051889241 ], [ 258291.968230193830095, 7038840.897623051889241 ], [ 258291.968230193830095, 7038835.894432462751865 ], [ 258281.96184901392553, 7038835.894432462751865 ], [ 258281.96184901392553, 7038830.891241872683167 ], [ 258276.958658424002351, 7038830.891241872683167 ], [ 258276.958658424002351, 7038825.88805128261447 ], [ 258266.952277244097786, 7038825.88805128261447 ], [ 258266.952277244097786, 7038820.884860692545772 ], [ 258251.942705474270042, 7038820.884860692545772 ], [ 258251.942705474270042, 7038815.881670102477074 ], [ 258236.933133704413194, 7038815.881670102477074 ], [ 258236.933133704413194, 7038810.878479512408376 ], [ 258206.913990164728602, 7038810.878479512408376 ], [ 258206.913990164728602, 7038805.875288922339678 ], [ 258191.904418394900858, 7038805.875288922339678 ], [ 258191.904418394900858, 7038800.872098333202302 ], [ 258181.898037214996293, 7038800.872098333202302 ], [ 258181.898037214996293, 7038805.875288922339678 ], [ 258171.891656035091728, 7038805.875288922339678 ], [ 258171.891656035091728, 7038800.872098333202302 ], [ 258161.885274855216267, 7038800.872098333202302 ], [ 258161.885274855216267, 7038795.868907743133605 ], [ 258156.882084265263984, 7038795.868907743133605 ], [ 258156.882084265263984, 7038790.865717153064907 ], [ 258146.875703085359419, 7038790.865717153064907 ], [ 258146.875703085359419, 7038785.862526562996209 ], [ 258141.87251249543624, 7038785.862526562996209 ], [ 258141.87251249543624, 7038770.852954792790115 ], [ 258146.875703085359419, 7038770.852954792790115 ], [ 258146.875703085359419, 7038765.849764202721417 ], [ 258151.878893675311701, 7038765.849764202721417 ], [ 258151.878893675311701, 7038760.846573613584042 ], [ 258146.875703085359419, 7038760.846573613584042 ], [ 258146.875703085359419, 7038755.843383023515344 ], [ 258116.856559545674827, 7038755.843383023515344 ], [ 258116.856559545674827, 7038760.846573613584042 ], [ 258111.853368955751648, 7038760.846573613584042 ], [ 258111.853368955751648, 7038765.849764202721417 ], [ 258106.850178365799366, 7038765.849764202721417 ], [ 258106.850178365799366, 7038770.852954792790115 ], [ 258101.846987775847083, 7038770.852954792790115 ], [ 258101.846987775847083, 7038780.859335972927511 ], [ 258091.840606595942518, 7038780.859335972927511 ], [ 258091.840606595942518, 7038755.843383023515344 ], [ 258096.8437971858948, 7038755.843383023515344 ], [ 258096.8437971858948, 7038750.840192433446646 ], [ 258106.850178365799366, 7038750.840192433446646 ], [ 258106.850178365799366, 7038745.837001843377948 ], [ 258116.856559545674827, 7038745.837001843377948 ], [ 258116.856559545674827, 7038735.830620663240552 ], [ 258121.85975013562711, 7038735.830620663240552 ], [ 258121.85975013562711, 7038730.827430073171854 ], [ 258126.862940725579392, 7038730.827430073171854 ], [ 258126.862940725579392, 7038725.824239483103156 ], [ 258261.949086654145503, 7038725.824239483103156 ], [ 258261.949086654145503, 7038730.827430073171854 ], [ 258276.958658424002351, 7038730.827430073171854 ], [ 258276.958658424002351, 7038735.830620663240552 ], [ 258286.965039603877813, 7038735.830620663240552 ], [ 258286.965039603877813, 7038740.83381125330925 ], [ 258296.971420783782378, 7038740.83381125330925 ], [ 258296.971420783782378, 7038745.837001843377948 ], [ 258306.977801963686943, 7038745.837001843377948 ], [ 258306.977801963686943, 7038750.840192433446646 ], [ 258316.984183143562404, 7038750.840192433446646 ], [ 258316.984183143562404, 7038755.843383023515344 ], [ 258326.99056432346697, 7038755.843383023515344 ], [ 258326.99056432346697, 7038760.846573613584042 ], [ 258347.003326683246996, 7038760.846573613584042 ], [ 258347.003326683246996, 7038765.849764202721417 ], [ 258357.009707863151561, 7038765.849764202721417 ], [ 258357.009707863151561, 7038770.852954792790115 ], [ 258362.012898453103844, 7038770.852954792790115 ], [ 258362.012898453103844, 7039276.175204377621412 ], [ 258357.009707863151561, 7039276.175204377621412 ], [ 258357.009707863151561, 7039281.17839496769011 ], [ 258362.012898453103844, 7039281.17839496769011 ], [ 258362.012898453103844, 7039326.207110277377069 ], [ 258271.955467834050069, 7039326.207110277377069 ], [ 258271.955467834050069, 7039321.203919687308371 ], [ 258251.942705474270042, 7039321.203919687308371 ], [ 258251.942705474270042, 7039316.200729097239673 ], [ 258246.939514884317759, 7039316.200729097239673 ], [ 258246.939514884317759, 7039301.191157327033579 ], [ 258241.936324294365477, 7039301.191157327033579 ], [ 258241.936324294365477, 7039296.187966737896204 ], [ 258231.929943114460912, 7039296.187966737896204 ], [ 258231.929943114460912, 7039291.184776147827506 ], [ 258221.92356193458545, 7039291.184776147827506 ], [ 258221.92356193458545, 7039286.181585557758808 ], [ 258216.920371344633168, 7039286.181585557758808 ], [ 258216.920371344633168, 7039281.17839496769011 ], [ 258211.917180754680885, 7039281.17839496769011 ], [ 258211.917180754680885, 7039271.172013787552714 ], [ 258206.913990164728602, 7039271.172013787552714 ], [ 258206.913990164728602, 7039266.168823197484016 ], [ 258196.907608984853141, 7039266.168823197484016 ], [ 258196.907608984853141, 7039261.165632608346641 ], [ 258191.904418394900858, 7039261.165632608346641 ], [ 258191.904418394900858, 7039251.159251428209245 ], [ 258186.901227804948576, 7039251.159251428209245 ], [ 258186.901227804948576, 7039246.156060838140547 ], [ 258181.898037214996293, 7039246.156060838140547 ], [ 258181.898037214996293, 7039236.149679658003151 ], [ 258186.901227804948576, 7039236.149679658003151 ], [ 258186.901227804948576, 7039226.143298477865756 ], [ 258181.898037214996293, 7039226.143298477865756 ], [ 258181.898037214996293, 7039221.14010788872838 ], [ 258176.894846625044011, 7039221.14010788872838 ], [ 258176.894846625044011, 7039211.133726708590984 ], [ 258171.891656035091728, 7039211.133726708590984 ], [ 258171.891656035091728, 7039206.130536118522286 ], [ 258166.888465445168549, 7039206.130536118522286 ], [ 258166.888465445168549, 7039201.127345528453588 ], [ 258161.885274855216267, 7039201.127345528453588 ], [ 258161.885274855216267, 7039196.124154938384891 ], [ 258151.878893675311701, 7039196.124154938384891 ], [ 258151.878893675311701, 7039191.120964348316193 ], [ 258146.875703085359419, 7039191.120964348316193 ], [ 258146.875703085359419, 7039196.124154938384891 ], [ 258136.869321905483957, 7039196.124154938384891 ], [ 258136.869321905483957, 7039201.127345528453588 ], [ 258126.862940725579392, 7039201.127345528453588 ], [ 258126.862940725579392, 7039211.133726708590984 ], [ 258121.85975013562711, 7039211.133726708590984 ], [ 258121.85975013562711, 7039231.146489067934453 ], [ 258126.862940725579392, 7039231.146489067934453 ], [ 258126.862940725579392, 7039226.143298477865756 ], [ 258136.869321905483957, 7039226.143298477865756 ], [ 258136.869321905483957, 7039231.146489067934453 ], [ 258141.87251249543624, 7039231.146489067934453 ], [ 258141.87251249543624, 7039241.152870248071849 ], [ 258136.869321905483957, 7039241.152870248071849 ], [ 258136.869321905483957, 7039306.194347917102277 ], [ 258141.87251249543624, 7039306.194347917102277 ], [ 258141.87251249543624, 7039301.191157327033579 ], [ 258146.875703085359419, 7039301.191157327033579 ], [ 258146.875703085359419, 7039296.187966737896204 ], [ 258156.882084265263984, 7039296.187966737896204 ], [ 258156.882084265263984, 7039301.191157327033579 ], [ 258161.885274855216267, 7039301.191157327033579 ], [ 258161.885274855216267, 7039306.194347917102277 ], [ 258166.888465445168549, 7039306.194347917102277 ], [ 258166.888465445168549, 7039326.207110277377069 ], [ 257861.693839458399452, 7039326.207110277377069 ] ], [ [ 258136.869321905483957, 7039186.117773758247495 ], [ 258171.891656035091728, 7039186.117773758247495 ], [ 258171.891656035091728, 7039166.105011398904026 ], [ 258166.888465445168549, 7039166.105011398904026 ], [ 258166.888465445168549, 7039151.095439628697932 ], [ 258161.885274855216267, 7039151.095439628697932 ], [ 258161.885274855216267, 7039146.092249039560556 ], [ 258156.882084265263984, 7039146.092249039560556 ], [ 258156.882084265263984, 7039141.089058449491858 ], [ 258151.878893675311701, 7039141.089058449491858 ], [ 258151.878893675311701, 7039136.085867859423161 ], [ 258141.87251249543624, 7039136.085867859423161 ], [ 258141.87251249543624, 7039131.082677269354463 ], [ 258136.869321905483957, 7039131.082677269354463 ], [ 258136.869321905483957, 7039116.073105499148369 ], [ 258131.866131315531675, 7039116.073105499148369 ], [ 258131.866131315531675, 7039121.076296089217067 ], [ 258126.862940725579392, 7039121.076296089217067 ], [ 258126.862940725579392, 7039126.079486679285765 ], [ 258121.85975013562711, 7039126.079486679285765 ], [ 258121.85975013562711, 7039146.092249039560556 ], [ 258126.862940725579392, 7039146.092249039560556 ], [ 258126.862940725579392, 7039151.095439628697932 ], [ 258131.866131315531675, 7039151.095439628697932 ], [ 258131.866131315531675, 7039161.101820808835328 ], [ 258136.869321905483957, 7039161.101820808835328 ], [ 258136.869321905483957, 7039171.108201988972723 ], [ 258131.866131315531675, 7039171.108201988972723 ], [ 258131.866131315531675, 7039181.114583169110119 ], [ 258136.869321905483957, 7039181.114583169110119 ], [ 258136.869321905483957, 7039186.117773758247495 ] ] ] } },
{ "type": "Feature", "properties": { "id": 26, "slope": 1 }, "geometry": { "type": "Polygon", "coordinates": [ [ [ 258757.264955058897613, 7039106.066724319942296 ], [ 258757.264955058897613, 7039096.0603431398049 ], [ 258762.268145648849895, 7039096.0603431398049 ], [ 258762.268145648849895, 7039056.034818420186639 ], [ 258767.271336238802178, 7039056.034818420186639 ], [ 258767.271336238802178, 7039046.028437240049243 ], [ 258772.27452682875446, 7039046.028437240049243 ], [ 258772.27452682875446, 7038995.996531340293586 ], [ 258777.277717418677639, 7038995.996531340293586 ], [ 258777.277717418677639, 7038980.986959571018815 ], [ 258782.280908008629922, 7038980.986959571018815 ], [ 258782.280908008629922, 7038965.977387800812721 ], [ 258787.284098598582204, 7038965.977387800812721 ], [ 258787.284098598582204, 7038955.971006620675325 ], [ 258792.287289188534487, 7038955.971006620675325 ], [ 258792.287289188534487, 7038940.961434851400554 ], [ 258797.29047977848677, 7038940.961434851400554 ], [ 258797.29047977848677, 7038925.95186308119446 ], [ 258792.287289188534487, 7038925.95186308119446 ], [ 258792.287289188534487, 7038920.948672491125762 ], [ 258787.284098598582204, 7038920.948672491125762 ], [ 258787.284098598582204, 7038915.945481901988387 ], [ 258782.280908008629922, 7038915.945481901988387 ], [ 258782.280908008629922, 7038910.942291311919689 ], [ 258777.277717418677639, 7038910.942291311919689 ], [ 258777.277717418677639, 7038905.939100721850991 ], [ 258772.27452682875446, 7038905.939100721850991 ], [ 258772.27452682875446, 7038900.935910131782293 ], [ 258767.271336238802178, 7038900.935910131782293 ], [ 258767.271336238802178, 7038895.932719541713595 ], [ 258762.268145648849895, 7038895.932719541713595 ], [ 258762.268145648849895, 7038890.929528951644897 ], [ 258757.264955058897613, 7038890.929528951644897 ], [ 258757.264955058897613, 7038885.9263383615762 ], [ 258752.26176446894533, 7038885.9263383615762 ], [ 258752.26176446894533, 7038880.923147771507502 ], [ 258747.258573879022151, 7038880.923147771507502 ], [ 258747.258573879022151, 7038875.919957182370126 ], [ 258742.255383289069869, 7038875.919957182370126 ], [ 258742.255383289069869, 7038870.916766592301428 ], [ 258737.252192699117586, 7038870.916766592301428 ], [ 258737.252192699117586, 7038865.91357600223273 ], [ 258732.249002109165303, 7038865.91357600223273 ], [ 258732.249002109165303, 7038860.910385412164032 ], [ 258727.245811519213021, 7038860.910385412164032 ], [ 258727.245811519213021, 7038855.907194822095335 ], [ 258722.242620929260738, 7038855.907194822095335 ], [ 258722.242620929260738, 7038835.894432462751865 ], [ 258727.245811519213021, 7038835.894432462751865 ], [ 258727.245811519213021, 7038830.891241872683167 ], [ 258732.249002109165303, 7038830.891241872683167 ], [ 258732.249002109165303, 7038825.88805128261447 ], [ 258737.252192699117586, 7038825.88805128261447 ], [ 258737.252192699117586, 7038820.884860692545772 ], [ 258742.255383289069869, 7038820.884860692545772 ], [ 258742.255383289069869, 7038815.881670102477074 ], [ 258747.258573879022151, 7038815.881670102477074 ], [ 258747.258573879022151, 7038810.878479512408376 ], [ 258752.26176446894533, 7038810.878479512408376 ], [ 258752.26176446894533, 7038805.875288922339678 ], [ 258757.264955058897613, 7038805.875288922339678 ], [ 258757.264955058897613, 7038800.872098333202302 ], [ 258762.268145648849895, 7038800.872098333202302 ], [ 258762.268145648849895, 7038795.868907743133605 ], [ 258767.271336238802178, 7038795.868907743133605 ], [ 258767.271336238802178, 7038790.865717153064907 ], [ 258772.27452682875446, 7038790.865717153064907 ], [ 258772.27452682875446, 7038785.862526562996209 ], [ 258777.277717418677639, 7038785.862526562996209 ], [ 258777.277717418677639, 7038780.859335972927511 ], [ 258782.280908008629922, 7038780.859335972927511 ], [ 258782.280908008629922, 7038770.852954792790115 ], [ 258592.15966559064691, 7038770.852954792790115 ], [ 258592.15966559064691, 7038755.843383023515344 ], [ 258597.162856180599192, 7038755.843383023515344 ], [ 258597.162856180599192, 7038750.840192433446646 ], [ 258602.166046770551475, 7038750.840192433446646 ], [ 258602.166046770551475, 7038745.837001843377948 ], [ 258607.169237360503757, 7038745.837001843377948 ], [ 258607.169237360503757, 7038715.817858303897083 ], [ 258602.166046770551475, 7038715.817858303897083 ], [ 258602.166046770551475, 7038705.811477123759687 ], [ 258597.162856180599192, 7038705.811477123759687 ], [ 258597.162856180599192, 7038700.808286533690989 ], [ 258592.15966559064691, 7038700.808286533690989 ], [ 258592.15966559064691, 7038695.805095943622291 ], [ 258587.156475000694627, 7038695.805095943622291 ], [ 258587.156475000694627, 7038685.798714764416218 ], [ 258582.153284410771448, 7038685.798714764416218 ], [ 258582.153284410771448, 7038680.79552417434752 ], [ 258572.146903230866883, 7038680.79552417434752 ], [ 258572.146903230866883, 7038670.789142994210124 ], [ 258512.108616151497699, 7038670.789142994210124 ], [ 258512.108616151497699, 7038660.782761814072728 ], [ 258522.114997331402265, 7038660.782761814072728 ], [ 258522.114997331402265, 7038655.77957122400403 ], [ 258517.111806741449982, 7038655.77957122400403 ], [ 258517.111806741449982, 7038650.776380633935332 ], [ 258522.114997331402265, 7038650.776380633935332 ], [ 258522.114997331402265, 7038635.766808864660561 ], [ 258512.108616151497699, 7038635.766808864660561 ], [ 258512.108616151497699, 7038620.757237094454467 ], [ 258502.102234971593134, 7038620.757237094454467 ], [ 258502.102234971593134, 7038610.750855915248394 ], [ 258507.105425561545417, 7038610.750855915248394 ], [ 258507.105425561545417, 7038590.738093554973602 ], [ 258497.099044381669955, 7038590.738093554973602 ], [ 258497.099044381669955, 7038585.734902964904904 ], [ 258492.095853791717673, 7038585.734902964904904 ], [ 258492.095853791717673, 7038580.731712374836206 ], [ 258487.09266320176539, 7038580.731712374836206 ], [ 258487.09266320176539, 7038575.728521784767509 ], [ 258482.089472611813108, 7038575.728521784767509 ], [ 258482.089472611813108, 7038570.725331195630133 ], [ 258452.070329072128516, 7038570.725331195630133 ], [ 258452.070329072128516, 7038535.702997065149248 ], [ 258467.079900841985364, 7038535.702997065149248 ], [ 258467.079900841985364, 7038540.706187655217946 ], [ 258472.083091431937646, 7038540.706187655217946 ], [ 258472.083091431937646, 7038535.702997065149248 ], [ 258477.086282021860825, 7038535.702997065149248 ], [ 258477.086282021860825, 7038520.693425295874476 ], [ 258472.083091431937646, 7038520.693425295874476 ], [ 258472.083091431937646, 7038515.690234705805779 ], [ 258477.086282021860825, 7038515.690234705805779 ], [ 258477.086282021860825, 7038505.683853525668383 ], [ 258472.083091431937646, 7038505.683853525668383 ], [ 258472.083091431937646, 7038500.680662935599685 ], [ 258467.079900841985364, 7038500.680662935599685 ], [ 258467.079900841985364, 7038495.677472346462309 ], [ 258462.076710252033081, 7038495.677472346462309 ], [ 258462.076710252033081, 7038490.674281756393611 ], [ 258452.070329072128516, 7038490.674281756393611 ], [ 258452.070329072128516, 7038485.671091166324914 ], [ 258437.060757302300772, 7038485.671091166324914 ], [ 258437.060757302300772, 7038490.674281756393611 ], [ 258397.035232582711615, 7038490.674281756393611 ], [ 258397.035232582711615, 7038485.671091166324914 ], [ 258362.012898453103844, 7038485.671091166324914 ], [ 258362.012898453103844, 7038480.667900576256216 ], [ 258357.009707863151561, 7038480.667900576256216 ], [ 258357.009707863151561, 7038475.664709986187518 ], [ 258352.006517273199279, 7038475.664709986187518 ], [ 258352.006517273199279, 7038470.66151939611882 ], [ 258347.003326683246996, 7038470.66151939611882 ], [ 258347.003326683246996, 7038465.658328806050122 ], [ 258342.000136093294714, 7038465.658328806050122 ], [ 258342.000136093294714, 7038460.655138215981424 ], [ 258336.996945503342431, 7038460.655138215981424 ], [ 258336.996945503342431, 7038455.651947626844049 ], [ 258331.993754913419252, 7038455.651947626844049 ], [ 258331.993754913419252, 7038450.648757036775351 ], [ 258326.99056432346697, 7038450.648757036775351 ], [ 258326.99056432346697, 7038445.645566446706653 ], [ 258321.987373733514687, 7038445.645566446706653 ], [ 258321.987373733514687, 7038440.642375856637955 ], [ 258316.984183143562404, 7038440.642375856637955 ], [ 258316.984183143562404, 7038435.639185266569257 ], [ 258311.980992553610122, 7038435.639185266569257 ], [ 258311.980992553610122, 7038430.635994676500559 ], [ 258306.977801963686943, 7038430.635994676500559 ], [ 258306.977801963686943, 7038425.632804086431861 ], [ 258301.97461137373466, 7038425.632804086431861 ], [ 258301.97461137373466, 7038420.629613496363163 ], [ 258296.971420783782378, 7038420.629613496363163 ], [ 258296.971420783782378, 7038415.626422907225788 ], [ 258291.968230193830095, 7038415.626422907225788 ], [ 258291.968230193830095, 7038410.62323231715709 ], [ 258286.965039603877813, 7038410.62323231715709 ], [ 258286.965039603877813, 7038395.613660546950996 ], [ 258291.968230193830095, 7038395.613660546950996 ], [ 258291.968230193830095, 7038390.610469956882298 ], [ 258296.971420783782378, 7038390.610469956882298 ], [ 258296.971420783782378, 7038385.6072793668136 ], [ 258301.97461137373466, 7038385.6072793668136 ], [ 258301.97461137373466, 7038380.604088777676225 ], [ 258306.977801963686943, 7038380.604088777676225 ], [ 258306.977801963686943, 7038375.600898187607527 ], [ 258311.980992553610122, 7038375.600898187607527 ], [ 258311.980992553610122, 7038370.597707597538829 ], [ 258316.984183143562404, 7038370.597707597538829 ], [ 258316.984183143562404, 7038365.594517007470131 ], [ 258321.987373733514687, 7038365.594517007470131 ], [ 258321.987373733514687, 7038360.591326417401433 ], [ 258326.99056432346697, 7038360.591326417401433 ], [ 258326.99056432346697, 7038355.588135827332735 ], [ 258331.993754913419252, 7038355.588135827332735 ], [ 258331.993754913419252, 7038350.584945237264037 ], [ 258336.996945503342431, 7038350.584945237264037 ], [ 258336.996945503342431, 7038345.581754647195339 ], [ 258342.000136093294714, 7038345.581754647195339 ], [ 258342.000136093294714, 7038340.578564058057964 ], [ 258347.003326683246996, 7038340.578564058057964 ], [ 258347.003326683246996, 7038335.575373467989266 ], [ 258352.006517273199279, 7038335.575373467989266 ], [ 258352.006517273199279, 7038330.572182877920568 ], [ 258357.009707863151561, 7038330.572182877920568 ], [ 258357.009707863151561, 7038325.56899228785187 ], [ 258362.012898453103844, 7038325.56899228785187 ], [ 258362.012898453103844, 7038320.565801697783172 ], [ 258397.035232582711615, 7038320.565801697783172 ], [ 258397.035232582711615, 7038325.56899228785187 ], [ 258437.060757302300772, 7038325.56899228785187 ], [ 258437.060757302300772, 7038330.572182877920568 ], [ 258442.063947892253054, 7038330.572182877920568 ], [ 258442.063947892253054, 7038335.575373467989266 ], [ 258447.067138482176233, 7038335.575373467989266 ], [ 258447.067138482176233, 7038340.578564058057964 ], [ 258452.070329072128516, 7038340.578564058057964 ], [ 258452.070329072128516, 7038335.575373467989266 ], [ 258472.083091431937646, 7038335.575373467989266 ], [ 258472.083091431937646, 7038330.572182877920568 ], [ 258482.089472611813108, 7038330.572182877920568 ], [ 258482.089472611813108, 7038325.56899228785187 ], [ 258532.121378511277726, 7038325.56899228785187 ], [ 258532.121378511277726, 7038315.562611107714474 ], [ 258537.124569101230009, 7038315.562611107714474 ], [ 258537.124569101230009, 7038305.556229927577078 ], [ 258542.127759691182291, 7038305.556229927577078 ], [ 258542.127759691182291, 7038300.553039338439703 ], [ 258547.130950281134574, 7038300.553039338439703 ], [ 258547.130950281134574, 7038280.540276978164911 ], [ 258552.134140871086856, 7038280.540276978164911 ], [ 258552.134140871086856, 7038260.527514618821442 ], [ 258557.137331461010035, 7038260.527514618821442 ], [ 258557.137331461010035, 7038255.524324028752744 ], [ 258562.140522050962318, 7038255.524324028752744 ], [ 258562.140522050962318, 7038235.511561668477952 ], [ 258557.137331461010035, 7038235.511561668477952 ], [ 258557.137331461010035, 7038205.492418128997087 ], [ 258562.140522050962318, 7038205.492418128997087 ], [ 258562.140522050962318, 7038200.48922753892839 ], [ 258557.137331461010035, 7038200.48922753892839 ], [ 258557.137331461010035, 7038190.482846358790994 ], [ 258552.134140871086856, 7038190.482846358790994 ], [ 258552.134140871086856, 7038185.479655769653618 ], [ 258547.130950281134574, 7038185.479655769653618 ], [ 258547.130950281134574, 7038175.473274589516222 ], [ 258542.127759691182291, 7038175.473274589516222 ], [ 258542.127759691182291, 7038155.460512229241431 ], [ 258537.124569101230009, 7038155.460512229241431 ], [ 258537.124569101230009, 7038150.457321640104055 ], [ 258532.121378511277726, 7038150.457321640104055 ], [ 258532.121378511277726, 7038145.454131050035357 ], [ 258502.102234971593134, 7038145.454131050035357 ], [ 258502.102234971593134, 7038140.45094045996666 ], [ 258692.22347738960525, 7038140.45094045996666 ], [ 258692.22347738960525, 7038195.486036948859692 ], [ 258882.344719807588262, 7038195.486036948859692 ], [ 258882.344719807588262, 7038575.728521784767509 ], [ 259087.475533995399019, 7038575.728521784767509 ], [ 259087.475533995399019, 7039106.066724319942296 ], [ 258757.264955058897613, 7039106.066724319942296 ] ], [ [ 258487.09266320176539, 7038440.642375856637955 ], [ 258497.099044381669955, 7038440.642375856637955 ], [ 258497.099044381669955, 7038435.639185266569257 ], [ 258502.102234971593134, 7038435.639185266569257 ], [ 258502.102234971593134, 7038430.635994676500559 ], [ 258507.105425561545417, 7038430.635994676500559 ], [ 258507.105425561545417, 7038425.632804086431861 ], [ 258512.108616151497699, 7038425.632804086431861 ], [ 258512.108616151497699, 7038415.626422907225788 ], [ 258507.105425561545417, 7038415.626422907225788 ], [ 258507.105425561545417, 7038420.629613496363163 ], [ 258502.102234971593134, 7038420.629613496363163 ], [ 258502.102234971593134, 7038425.632804086431861 ], [ 258497.099044381669955, 7038425.632804086431861 ], [ 258497.099044381669955, 7038430.635994676500559 ], [ 258492.095853791717673, 7038430.635994676500559 ], [ 258492.095853791717673, 7038435.639185266569257 ], [ 258487.09266320176539, 7038435.639185266569257 ], [ 258487.09266320176539, 7038440.642375856637955 ] ] ] } },
{ "type": "Feature", "properties": { "id": 27, "slope": 1 }, "geometry": { "type": "Polygon", "coordinates": [ [ [ 257206.275872175348923, 7038380.604088777676225 ], [ 257206.275872175348923, 7038375.600898187607527 ], [ 257201.27268158539664, 7038375.600898187607527 ], [ 257201.27268158539664, 7038370.597707597538829 ], [ 257196.269490995444357, 7038370.597707597538829 ], [ 257196.269490995444357, 7038365.594517007470131 ], [ 257191.266300405492075, 7038365.594517007470131 ], [ 257191.266300405492075, 7038360.591326417401433 ], [ 257186.263109815539792, 7038360.591326417401433 ], [ 257186.263109815539792, 7038355.588135827332735 ], [ 257181.25991922558751, 7038355.588135827332735 ], [ 257181.25991922558751, 7038350.584945237264037 ], [ 257176.256728635664331, 7038350.584945237264037 ], [ 257176.256728635664331, 7038345.581754647195339 ], [ 257171.253538045712048, 7038345.581754647195339 ], [ 257171.253538045712048, 7038330.572182877920568 ], [ 257166.250347455759766, 7038330.572182877920568 ], [ 257166.250347455759766, 7038320.565801697783172 ], [ 257156.2439662758552, 7038320.565801697783172 ], [ 257156.2439662758552, 7038325.56899228785187 ], [ 257151.240775685932022, 7038325.56899228785187 ], [ 257151.240775685932022, 7038330.572182877920568 ], [ 257146.237585095979739, 7038330.572182877920568 ], [ 257146.237585095979739, 7038335.575373467989266 ], [ 257141.234394506027456, 7038335.575373467989266 ], [ 257141.234394506027456, 7038340.578564058057964 ], [ 257136.231203916075174, 7038340.578564058057964 ], [ 257136.231203916075174, 7038345.581754647195339 ], [ 257131.228013326122891, 7038345.581754647195339 ], [ 257131.228013326122891, 7038350.584945237264037 ], [ 257126.224822736170609, 7038350.584945237264037 ], [ 257126.224822736170609, 7038355.588135827332735 ], [ 257121.22163214624743, 7038355.588135827332735 ], [ 257121.22163214624743, 7038360.591326417401433 ], [ 257116.218441556295147, 7038360.591326417401433 ], [ 257116.218441556295147, 7038365.594517007470131 ], [ 257096.205679196515121, 7038365.594517007470131 ], [ 257096.205679196515121, 7038360.591326417401433 ], [ 257091.202488606562838, 7038360.591326417401433 ], [ 257091.202488606562838, 7038355.588135827332735 ], [ 257086.199298016610555, 7038355.588135827332735 ], [ 257086.199298016610555, 7038350.584945237264037 ], [ 257081.196107426658273, 7038350.584945237264037 ], [ 257081.196107426658273, 7038345.581754647195339 ], [ 257076.19291683670599, 7038345.581754647195339 ], [ 257076.19291683670599, 7038340.578564058057964 ], [ 257071.189726246753708, 7038340.578564058057964 ], [ 257071.189726246753708, 7038335.575373467989266 ], [ 257066.186535656830529, 7038335.575373467989266 ], [ 257066.186535656830529, 7038330.572182877920568 ], [ 257061.183345066878246, 7038330.572182877920568 ], [ 257061.183345066878246, 7038325.56899228785187 ], [ 257056.180154476925964, 7038325.56899228785187 ], [ 257056.180154476925964, 7038320.565801697783172 ], [ 257051.176963886973681, 7038320.565801697783172 ], [ 257051.176963886973681, 7038315.562611107714474 ], [ 257046.173773297021398, 7038315.562611107714474 ], [ 257046.173773297021398, 7038310.559420517645776 ], [ 257041.17058270709822, 7038310.559420517645776 ], [ 257041.17058270709822, 7038305.556229927577078 ], [ 257036.167392117145937, 7038305.556229927577078 ], [ 257036.167392117145937, 7038300.553039338439703 ], [ 257031.164201527193654, 7038300.553039338439703 ], [ 257031.164201527193654, 7038295.549848748371005 ], [ 257026.161010937241372, 7038295.549848748371005 ], [ 257026.161010937241372, 7038290.546658158302307 ], [ 257021.157820347289089, 7038290.546658158302307 ], [ 257021.157820347289089, 7038270.533895798027515 ], [ 257026.161010937241372, 7038270.533895798027515 ], [ 257026.161010937241372, 7038265.53070520889014 ], [ 257031.164201527193654, 7038265.53070520889014 ], [ 257031.164201527193654, 7038260.527514618821442 ], [ 257036.167392117145937, 7038260.527514618821442 ], [ 257036.167392117145937, 7038255.524324028752744 ], [ 257041.17058270709822, 7038255.524324028752744 ], [ 257041.17058270709822, 7038250.521133438684046 ], [ 257046.173773297021398, 7038250.521133438684046 ], [ 257046.173773297021398, 7038245.517942848615348 ], [ 257051.176963886973681, 7038245.517942848615348 ], [ 257051.176963886973681, 7038240.51475225854665 ], [ 257056.180154476925964, 7038240.51475225854665 ], [ 257056.180154476925964, 7038235.511561668477952 ], [ 257061.183345066878246, 7038235.511561668477952 ], [ 257061.183345066878246, 7038230.508371078409255 ], [ 257066.186535656830529, 7038230.508371078409255 ], [ 257066.186535656830529, 7038225.505180489271879 ], [ 257071.189726246753708, 7038225.505180489271879 ], [ 257071.189726246753708, 7038220.501989899203181 ], [ 257076.19291683670599, 7038220.501989899203181 ], [ 257076.19291683670599, 7038215.498799309134483 ], [ 257081.196107426658273, 7038215.498799309134483 ], [ 257081.196107426658273, 7038210.495608719065785 ], [ 257086.199298016610555, 7038210.495608719065785 ], [ 257086.199298016610555, 7038200.48922753892839 ], [ 257076.19291683670599, 7038200.48922753892839 ], [ 257076.19291683670599, 7038170.470083999447525 ], [ 257071.189726246753708, 7038170.470083999447525 ], [ 257071.189726246753708, 7038160.463702819310129 ], [ 257081.196107426658273, 7038160.463702819310129 ], [ 257081.196107426658273, 7038155.460512229241431 ], [ 257146.237585095979739, 7038155.460512229241431 ], [ 257146.237585095979739, 7038150.457321640104055 ], [ 257151.240775685932022, 7038150.457321640104055 ], [ 257151.240775685932022, 7038135.447749869897962 ], [ 257156.2439662758552, 7038135.447749869897962 ], [ 257156.2439662758552, 7038130.444559279829264 ], [ 257151.240775685932022, 7038130.444559279829264 ], [ 257151.240775685932022, 7038125.441368689760566 ], [ 257156.2439662758552, 7038125.441368689760566 ], [ 257156.2439662758552, 7038110.431796920485795 ], [ 257161.247156865807483, 7038110.431796920485795 ], [ 257161.247156865807483, 7038105.428606330417097 ], [ 257166.250347455759766, 7038105.428606330417097 ], [ 257166.250347455759766, 7038100.425415740348399 ], [ 257171.253538045712048, 7038100.425415740348399 ], [ 257171.253538045712048, 7038105.428606330417097 ], [ 257191.266300405492075, 7038105.428606330417097 ], [ 257191.266300405492075, 7038110.431796920485795 ], [ 257216.282253355224384, 7038110.431796920485795 ], [ 257216.282253355224384, 7038115.43498750962317 ], [ 257221.285443945176667, 7038115.43498750962317 ], [ 257221.285443945176667, 7038120.438178099691868 ], [ 257226.288634535128949, 7038120.438178099691868 ], [ 257226.288634535128949, 7038130.444559279829264 ], [ 257231.291825125081232, 7038130.444559279829264 ], [ 257231.291825125081232, 7038155.460512229241431 ], [ 257236.295015715004411, 7038155.460512229241431 ], [ 257236.295015715004411, 7038165.466893409378827 ], [ 257241.298206304956693, 7038165.466893409378827 ], [ 257241.298206304956693, 7038175.473274589516222 ], [ 257246.301396894908976, 7038175.473274589516222 ], [ 257246.301396894908976, 7038180.47646517958492 ], [ 257251.304587484861258, 7038180.47646517958492 ], [ 257251.304587484861258, 7038185.479655769653618 ], [ 257256.307778074813541, 7038185.479655769653618 ], [ 257256.307778074813541, 7038190.482846358790994 ], [ 257266.314159254689002, 7038190.482846358790994 ], [ 257266.314159254689002, 7038195.486036948859692 ], [ 257271.317349844641285, 7038195.486036948859692 ], [ 257271.317349844641285, 7038200.48922753892839 ], [ 257281.32373102454585, 7038200.48922753892839 ], [ 257281.32373102454585, 7038205.492418128997087 ], [ 257276.320540434593568, 7038205.492418128997087 ], [ 257276.320540434593568, 7038210.495608719065785 ], [ 257281.32373102454585, 7038210.495608719065785 ], [ 257281.32373102454585, 7038220.501989899203181 ], [ 257286.326921614498133, 7038220.501989899203181 ], [ 257286.326921614498133, 7038245.517942848615348 ], [ 257276.320540434593568, 7038245.517942848615348 ], [ 257276.320540434593568, 7038255.524324028752744 ], [ 257271.317349844641285, 7038255.524324028752744 ], [ 257271.317349844641285, 7038250.521133438684046 ], [ 257266.314159254689002, 7038250.521133438684046 ], [ 257266.314159254689002, 7038260.527514618821442 ], [ 257261.310968664765824, 7038260.527514618821442 ], [ 257261.310968664765824, 7038265.53070520889014 ], [ 257266.314159254689002, 7038265.53070520889014 ], [ 257266.314159254689002, 7038270.533895798027515 ], [ 257281.32373102454585, 7038270.533895798027515 ], [ 257281.32373102454585, 7038275.537086388096213 ], [ 257286.326921614498133, 7038275.537086388096213 ], [ 257286.326921614498133, 7038285.543467568233609 ], [ 257296.333302794373594, 7038285.543467568233609 ], [ 257296.333302794373594, 7038290.546658158302307 ], [ 257301.336493384325877, 7038290.546658158302307 ], [ 257301.336493384325877, 7038295.549848748371005 ], [ 257306.339683974278159, 7038295.549848748371005 ], [ 257306.339683974278159, 7038300.553039338439703 ], [ 257311.342874564230442, 7038300.553039338439703 ], [ 257311.342874564230442, 7038305.556229927577078 ], [ 257321.349255744105903, 7038305.556229927577078 ], [ 257321.349255744105903, 7038315.562611107714474 ], [ 257316.346065154182725, 7038315.562611107714474 ], [ 257316.346065154182725, 7038320.565801697783172 ], [ 257311.342874564230442, 7038320.565801697783172 ], [ 257311.342874564230442, 7038330.572182877920568 ], [ 257306.339683974278159, 7038330.572182877920568 ], [ 257306.339683974278159, 7038335.575373467989266 ], [ 257291.330112204421312, 7038335.575373467989266 ], [ 257291.330112204421312, 7038340.578564058057964 ], [ 257271.317349844641285, 7038340.578564058057964 ], [ 257271.317349844641285, 7038345.581754647195339 ], [ 257261.310968664765824, 7038345.581754647195339 ], [ 257261.310968664765824, 7038350.584945237264037 ], [ 257256.307778074813541, 7038350.584945237264037 ], [ 257256.307778074813541, 7038355.588135827332735 ], [ 257251.304587484861258, 7038355.588135827332735 ], [ 257251.304587484861258, 7038360.591326417401433 ], [ 257246.301396894908976, 7038360.591326417401433 ], [ 257246.301396894908976, 7038365.594517007470131 ], [ 257241.298206304956693, 7038365.594517007470131 ], [ 257241.298206304956693, 7038370.597707597538829 ], [ 257236.295015715004411, 7038370.597707597538829 ], [ 257236.295015715004411, 7038375.600898187607527 ], [ 257231.291825125081232, 7038375.600898187607527 ], [ 257231.291825125081232, 7038380.604088777676225 ], [ 257206.275872175348923, 7038380.604088777676225 ] ], [ [ 257171.253538045712048, 7038260.527514618821442 ], [ 257201.27268158539664, 7038260.527514618821442 ], [ 257201.27268158539664, 7038255.524324028752744 ], [ 257226.288634535128949, 7038255.524324028752744 ], [ 257226.288634535128949, 7038250.521133438684046 ], [ 257231.291825125081232, 7038250.521133438684046 ], [ 257231.291825125081232, 7038245.517942848615348 ], [ 257216.282253355224384, 7038245.517942848615348 ], [ 257216.282253355224384, 7038240.51475225854665 ], [ 257171.253538045712048, 7038240.51475225854665 ], [ 257171.253538045712048, 7038245.517942848615348 ], [ 257166.250347455759766, 7038245.517942848615348 ], [ 257166.250347455759766, 7038240.51475225854665 ], [ 257156.2439662758552, 7038240.51475225854665 ], [ 257156.2439662758552, 7038245.517942848615348 ], [ 257161.247156865807483, 7038245.517942848615348 ], [ 257161.247156865807483, 7038250.521133438684046 ], [ 257166.250347455759766, 7038250.521133438684046 ], [ 257166.250347455759766, 7038255.524324028752744 ], [ 257171.253538045712048, 7038255.524324028752744 ], [ 257171.253538045712048, 7038260.527514618821442 ] ] ] } },
{ "type": "Feature", "properties": { "id": 31, "slope": 1 }, "geometry": { "type": "Polygon", "coordinates": [ [ [ 255700.315504601283465, 7038375.600898187607527 ], [ 255700.315504601283465, 7038360.591326417401433 ], [ 255695.312314011331182, 7038360.591326417401433 ], [ 255695.312314011331182, 7038350.584945237264037 ], [ 255690.309123421408003, 7038350.584945237264037 ], [ 255690.309123421408003, 7038340.578564058057964 ], [ 255685.305932831455721, 7038340.578564058057964 ], [ 255685.305932831455721, 7038330.572182877920568 ], [ 255680.302742241503438, 7038330.572182877920568 ], [ 255680.302742241503438, 7038315.562611107714474 ], [ 255685.305932831455721, 7038315.562611107714474 ], [ 255685.305932831455721, 7038305.556229927577078 ], [ 255690.309123421408003, 7038305.556229927577078 ], [ 255690.309123421408003, 7038285.543467568233609 ], [ 255685.305932831455721, 7038285.543467568233609 ], [ 255685.305932831455721, 7038260.527514618821442 ], [ 255680.302742241503438, 7038260.527514618821442 ], [ 255680.302742241503438, 7038245.517942848615348 ], [ 255675.299551651551155, 7038245.517942848615348 ], [ 255675.299551651551155, 7038205.492418128997087 ], [ 255680.302742241503438, 7038205.492418128997087 ], [ 255680.302742241503438, 7038170.470083999447525 ], [ 255685.305932831455721, 7038170.470083999447525 ], [ 255685.305932831455721, 7038155.460512229241431 ], [ 255690.309123421408003, 7038155.460512229241431 ], [ 255690.309123421408003, 7038150.457321640104055 ], [ 255700.315504601283465, 7038150.457321640104055 ], [ 255700.315504601283465, 7038145.454131050035357 ], [ 255710.32188578118803, 7038145.454131050035357 ], [ 255710.32188578118803, 7038140.45094045996666 ], [ 255720.328266961092595, 7038140.45094045996666 ], [ 255720.328266961092595, 7038135.447749869897962 ], [ 255730.334648140968056, 7038135.447749869897962 ], [ 255730.334648140968056, 7038130.444559279829264 ], [ 255745.344219910824904, 7038130.444559279829264 ], [ 255745.344219910824904, 7038125.441368689760566 ], [ 255740.341029320872622, 7038125.441368689760566 ], [ 255740.341029320872622, 7038120.438178099691868 ], [ 255735.337838730920339, 7038120.438178099691868 ], [ 255735.337838730920339, 7038115.43498750962317 ], [ 255730.334648140968056, 7038115.43498750962317 ], [ 255730.334648140968056, 7038105.428606330417097 ], [ 255720.328266961092595, 7038105.428606330417097 ], [ 255720.328266961092595, 7038115.43498750962317 ], [ 255700.315504601283465, 7038115.43498750962317 ], [ 255700.315504601283465, 7038120.438178099691868 ], [ 255685.305932831455721, 7038120.438178099691868 ], [ 255685.305932831455721, 7038125.441368689760566 ], [ 255675.299551651551155, 7038125.441368689760566 ], [ 255675.299551651551155, 7038120.438178099691868 ], [ 255660.289979881723411, 7038120.438178099691868 ], [ 255660.289979881723411, 7038130.444559279829264 ], [ 255650.283598701818846, 7038130.444559279829264 ], [ 255650.283598701818846, 7038125.441368689760566 ], [ 255640.277217521914281, 7038125.441368689760566 ], [ 255640.277217521914281, 7038120.438178099691868 ], [ 255635.274026931991102, 7038120.438178099691868 ], [ 255635.274026931991102, 7038115.43498750962317 ], [ 255625.267645752086537, 7038115.43498750962317 ], [ 255625.267645752086537, 7038110.431796920485795 ], [ 255615.261264572181972, 7038110.431796920485795 ], [ 255615.261264572181972, 7038105.428606330417097 ], [ 255610.258073982258793, 7038105.428606330417097 ], [ 255610.258073982258793, 7038100.425415740348399 ], [ 255600.251692802354228, 7038100.425415740348399 ], [ 255600.251692802354228, 7038105.428606330417097 ], [ 255595.248502212401945, 7038105.428606330417097 ], [ 255595.248502212401945, 7038115.43498750962317 ], [ 255600.251692802354228, 7038115.43498750962317 ], [ 255600.251692802354228, 7038125.441368689760566 ], [ 255605.25488339230651, 7038125.441368689760566 ], [ 255605.25488339230651, 7038135.447749869897962 ], [ 255610.258073982258793, 7038135.447749869897962 ], [ 255610.258073982258793, 7038140.45094045996666 ], [ 255605.25488339230651, 7038140.45094045996666 ], [ 255605.25488339230651, 7038145.454131050035357 ], [ 255585.24212103249738, 7038145.454131050035357 ], [ 255585.24212103249738, 7038150.457321640104055 ], [ 255565.229358672717353, 7038150.457321640104055 ], [ 255565.229358672717353, 7038145.454131050035357 ], [ 255555.222977492841892, 7038145.454131050035357 ], [ 255555.222977492841892, 7038140.45094045996666 ], [ 255550.219786902889609, 7038140.45094045996666 ], [ 255550.219786902889609, 7037900.297792142257094 ], [ 255555.222977492841892, 7037900.297792142257094 ], [ 255555.222977492841892, 7037895.294601552188396 ], [ 255560.226168082765071, 7037895.294601552188396 ], [ 255560.226168082765071, 7037900.297792142257094 ], [ 255575.235739852621919, 7037900.297792142257094 ], [ 255575.235739852621919, 7037905.300982732325792 ], [ 255585.24212103249738, 7037905.300982732325792 ], [ 255585.24212103249738, 7037900.297792142257094 ], [ 255600.251692802354228, 7037900.297792142257094 ], [ 255600.251692802354228, 7037895.294601552188396 ], [ 255625.267645752086537, 7037895.294601552188396 ], [ 255625.267645752086537, 7037900.297792142257094 ], [ 255645.280408111866564, 7037900.297792142257094 ], [ 255645.280408111866564, 7037905.300982732325792 ], [ 255660.289979881723411, 7037905.300982732325792 ], [ 255660.289979881723411, 7037910.30417332239449 ], [ 255665.293170471675694, 7037910.30417332239449 ], [ 255665.293170471675694, 7037915.307363912463188 ], [ 255675.299551651551155, 7037915.307363912463188 ], [ 255675.299551651551155, 7037920.310554502531886 ], [ 255680.302742241503438, 7037920.310554502531886 ], [ 255680.302742241503438, 7037925.313745091669261 ], [ 255690.309123421408003, 7037925.313745091669261 ], [ 255690.309123421408003, 7037930.316935681737959 ], [ 255700.315504601283465, 7037930.316935681737959 ], [ 255700.315504601283465, 7037935.320126271806657 ], [ 255710.32188578118803, 7037935.320126271806657 ], [ 255710.32188578118803, 7037940.323316861875355 ], [ 255720.328266961092595, 7037940.323316861875355 ], [ 255720.328266961092595, 7037945.326507451944053 ], [ 255730.334648140968056, 7037945.326507451944053 ], [ 255730.334648140968056, 7037950.329698042012751 ], [ 255735.337838730920339, 7037950.329698042012751 ], [ 255735.337838730920339, 7037955.332888632081449 ], [ 255745.344219910824904, 7037955.332888632081449 ], [ 255745.344219910824904, 7037960.336079221218824 ], [ 255750.347410500748083, 7037960.336079221218824 ], [ 255750.347410500748083, 7037965.339269811287522 ], [ 255765.356982270604931, 7037965.339269811287522 ], [ 255765.356982270604931, 7037970.34246040135622 ], [ 255775.363363450509496, 7037970.34246040135622 ], [ 255775.363363450509496, 7037975.345650991424918 ], [ 255780.366554040432675, 7037975.345650991424918 ], [ 255780.366554040432675, 7037980.348841581493616 ], [ 255785.369744630384957, 7037980.348841581493616 ], [ 255785.369744630384957, 7037985.352032171562314 ], [ 255790.37293522033724, 7037985.352032171562314 ], [ 255790.37293522033724, 7037965.339269811287522 ], [ 255785.369744630384957, 7037965.339269811287522 ], [ 255785.369744630384957, 7037945.326507451944053 ], [ 255780.366554040432675, 7037945.326507451944053 ], [ 255780.366554040432675, 7037915.307363912463188 ], [ 255785.369744630384957, 7037915.307363912463188 ], [ 255785.369744630384957, 7037885.288220372051001 ], [ 255790.37293522033724, 7037885.288220372051001 ], [ 255790.37293522033724, 7037860.272267422638834 ], [ 255785.369744630384957, 7037860.272267422638834 ], [ 255785.369744630384957, 7037845.26269565243274 ], [ 255915.452699968998786, 7037845.26269565243274 ], [ 255915.452699968998786, 7037850.265886242501438 ], [ 255925.459081148903351, 7037850.265886242501438 ], [ 255925.459081148903351, 7037855.269076832570136 ], [ 255930.462271738855634, 7037855.269076832570136 ], [ 255930.462271738855634, 7037860.272267422638834 ], [ 255935.465462328807916, 7037860.272267422638834 ], [ 255935.465462328807916, 7037865.275458012707531 ], [ 255940.468652918760199, 7037865.275458012707531 ], [ 255940.468652918760199, 7037870.278648602776229 ], [ 255955.478224688587943, 7037870.278648602776229 ], [ 255955.478224688587943, 7037915.307363912463188 ], [ 255960.481415278540226, 7037915.307363912463188 ], [ 255960.481415278540226, 7037905.300982732325792 ], [ 255965.484605868492508, 7037905.300982732325792 ], [ 255965.484605868492508, 7037890.291410962119699 ], [ 255970.487796458415687, 7037890.291410962119699 ], [ 255970.487796458415687, 7037885.288220372051001 ], [ 255975.49098704836797, 7037885.288220372051001 ], [ 255975.49098704836797, 7037890.291410962119699 ], [ 255980.494177638320252, 7037890.291410962119699 ], [ 255980.494177638320252, 7037885.288220372051001 ], [ 255985.497368228272535, 7037885.288220372051001 ], [ 255985.497368228272535, 7037895.294601552188396 ], [ 255990.500558818224818, 7037895.294601552188396 ], [ 255990.500558818224818, 7037825.249933293089271 ], [ 256000.506939998100279, 7037825.249933293089271 ], [ 256000.506939998100279, 7037830.253123883157969 ], [ 256010.513321178004844, 7037830.253123883157969 ], [ 256010.513321178004844, 7037835.256314473226666 ], [ 256030.526083537784871, 7037835.256314473226666 ], [ 256030.526083537784871, 7037840.259505063295364 ], [ 256045.535655307641719, 7037840.259505063295364 ], [ 256045.535655307641719, 7037835.256314473226666 ], [ 256050.538845897594001, 7037835.256314473226666 ], [ 256050.538845897594001, 7037830.253123883157969 ], [ 256055.54203648751718, 7037830.253123883157969 ], [ 256055.54203648751718, 7037825.249933293089271 ], [ 256060.545227077469463, 7037825.249933293089271 ], [ 256060.545227077469463, 7037815.243552112951875 ], [ 256050.538845897594001, 7037815.243552112951875 ], [ 256050.538845897594001, 7037810.240361522883177 ], [ 256045.535655307641719, 7037810.240361522883177 ], [ 256045.535655307641719, 7037805.237170933745801 ], [ 256350.730281294410815, 7037805.237170933745801 ], [ 256350.730281294410815, 7037810.240361522883177 ], [ 256345.727090704458533, 7037810.240361522883177 ], [ 256345.727090704458533, 7037820.246742703020573 ], [ 256340.72390011450625, 7037820.246742703020573 ], [ 256340.72390011450625, 7037835.256314473226666 ], [ 256345.727090704458533, 7037835.256314473226666 ], [ 256345.727090704458533, 7037850.265886242501438 ], [ 256350.730281294410815, 7037850.265886242501438 ], [ 256350.730281294410815, 7037865.275458012707531 ], [ 256355.733471884333994, 7037865.275458012707531 ], [ 256355.733471884333994, 7037900.297792142257094 ], [ 256360.736662474286277, 7037900.297792142257094 ], [ 256360.736662474286277, 7037905.300982732325792 ], [ 256355.733471884333994, 7037905.300982732325792 ], [ 256355.733471884333994, 7037910.30417332239449 ], [ 256360.736662474286277, 7037910.30417332239449 ], [ 256360.736662474286277, 7037920.310554502531886 ], [ 256365.739853064238559, 7037920.310554502531886 ], [ 256365.739853064238559, 7037930.316935681737959 ], [ 256370.743043654190842, 7037930.316935681737959 ], [ 256370.743043654190842, 7037935.320126271806657 ], [ 256375.746234244143125, 7037935.320126271806657 ], [ 256375.746234244143125, 7037940.323316861875355 ], [ 256385.752615424018586, 7037940.323316861875355 ], [ 256385.752615424018586, 7037945.326507451944053 ], [ 256395.758996603923151, 7037945.326507451944053 ], [ 256395.758996603923151, 7037950.329698042012751 ], [ 256405.765377783827716, 7037950.329698042012751 ], [ 256405.765377783827716, 7037955.332888632081449 ], [ 256415.771758963703178, 7037955.332888632081449 ], [ 256415.771758963703178, 7037960.336079221218824 ], [ 256425.778140143607743, 7037960.336079221218824 ], [ 256425.778140143607743, 7037965.339269811287522 ], [ 256430.781330733560026, 7037965.339269811287522 ], [ 256430.781330733560026, 7037970.34246040135622 ], [ 256435.784521323512308, 7037970.34246040135622 ], [ 256435.784521323512308, 7037980.348841581493616 ], [ 256440.787711913435487, 7037980.348841581493616 ], [ 256440.787711913435487, 7038000.361603940837085 ], [ 256435.784521323512308, 7038000.361603940837085 ], [ 256435.784521323512308, 7038015.371175711043179 ], [ 256430.781330733560026, 7038015.371175711043179 ], [ 256430.781330733560026, 7038025.377556891180575 ], [ 256425.778140143607743, 7038025.377556891180575 ], [ 256425.778140143607743, 7038035.383938071317971 ], [ 256420.77494955365546, 7038035.383938071317971 ], [ 256420.77494955365546, 7038045.390319250524044 ], [ 256405.765377783827716, 7038045.390319250524044 ], [ 256405.765377783827716, 7038050.393509840592742 ], [ 256410.768568373750895, 7038050.393509840592742 ], [ 256410.768568373750895, 7038055.39670043066144 ], [ 256415.771758963703178, 7038055.39670043066144 ], [ 256415.771758963703178, 7038060.399891020730138 ], [ 256420.77494955365546, 7038060.399891020730138 ], [ 256420.77494955365546, 7038065.403081610798836 ], [ 256425.778140143607743, 7038065.403081610798836 ], [ 256425.778140143607743, 7038070.406272200867534 ], [ 256430.781330733560026, 7038070.406272200867534 ], [ 256430.781330733560026, 7038090.419034560211003 ], [ 256425.778140143607743, 7038090.419034560211003 ], [ 256425.778140143607743, 7038095.422225150279701 ], [ 256420.77494955365546, 7038095.422225150279701 ], [ 256420.77494955365546, 7038100.425415740348399 ], [ 256415.771758963703178, 7038100.425415740348399 ], [ 256415.771758963703178, 7038105.428606330417097 ], [ 256410.768568373750895, 7038105.428606330417097 ], [ 256410.768568373750895, 7038110.431796920485795 ], [ 256405.765377783827716, 7038110.431796920485795 ], [ 256405.765377783827716, 7038120.438178099691868 ], [ 256415.771758963703178, 7038120.438178099691868 ], [ 256415.771758963703178, 7038145.454131050035357 ], [ 256410.768568373750895, 7038145.454131050035357 ], [ 256410.768568373750895, 7038160.463702819310129 ], [ 256405.765377783827716, 7038160.463702819310129 ], [ 256405.765377783827716, 7038170.470083999447525 ], [ 256400.762187193875434, 7038170.470083999447525 ], [ 256400.762187193875434, 7038180.47646517958492 ], [ 256395.758996603923151, 7038180.47646517958492 ], [ 256395.758996603923151, 7038185.479655769653618 ], [ 256390.755806013970869, 7038185.479655769653618 ], [ 256390.755806013970869, 7038195.486036948859692 ], [ 256385.752615424018586, 7038195.486036948859692 ], [ 256385.752615424018586, 7038200.48922753892839 ], [ 256380.749424834095407, 7038200.48922753892839 ], [ 256380.749424834095407, 7038205.492418128997087 ], [ 256375.746234244143125, 7038205.492418128997087 ], [ 256375.746234244143125, 7038215.498799309134483 ], [ 256370.743043654190842, 7038215.498799309134483 ], [ 256370.743043654190842, 7038225.505180489271879 ], [ 256365.739853064238559, 7038225.505180489271879 ], [ 256365.739853064238559, 7038230.508371078409255 ], [ 256360.736662474286277, 7038230.508371078409255 ], [ 256360.736662474286277, 7038235.511561668477952 ], [ 256355.733471884333994, 7038235.511561668477952 ], [ 256355.733471884333994, 7038245.517942848615348 ], [ 256350.730281294410815, 7038245.517942848615348 ], [ 256350.730281294410815, 7038250.521133438684046 ], [ 256345.727090704458533, 7038250.521133438684046 ], [ 256345.727090704458533, 7038270.533895798027515 ], [ 256340.72390011450625, 7038270.533895798027515 ], [ 256340.72390011450625, 7038285.543467568233609 ], [ 256335.720709524553968, 7038285.543467568233609 ], [ 256335.720709524553968, 7038300.553039338439703 ], [ 256330.717518934601685, 7038300.553039338439703 ], [ 256330.717518934601685, 7038305.556229927577078 ], [ 256320.711137754726224, 7038305.556229927577078 ], [ 256320.711137754726224, 7038310.559420517645776 ], [ 256310.704756574821658, 7038310.559420517645776 ], [ 256310.704756574821658, 7038315.562611107714474 ], [ 256305.701565984869376, 7038315.562611107714474 ], [ 256305.701565984869376, 7038320.565801697783172 ], [ 256300.698375394917093, 7038320.565801697783172 ], [ 256300.698375394917093, 7038325.56899228785187 ], [ 256290.691994215041632, 7038325.56899228785187 ], [ 256290.691994215041632, 7038345.581754647195339 ], [ 256285.688803625089349, 7038345.581754647195339 ], [ 256285.688803625089349, 7038350.584945237264037 ], [ 256280.685613035137067, 7038350.584945237264037 ], [ 256280.685613035137067, 7038355.588135827332735 ], [ 256095.567561207106337, 7038355.588135827332735 ], [ 256095.567561207106337, 7038330.572182877920568 ], [ 256100.57075179705862, 7038330.572182877920568 ], [ 256100.57075179705862, 7038290.546658158302307 ], [ 256105.573942387010902, 7038290.546658158302307 ], [ 256105.573942387010902, 7038285.543467568233609 ], [ 256120.583514156838646, 7038285.543467568233609 ], [ 256120.583514156838646, 7038245.517942848615348 ], [ 256130.589895336743211, 7038245.517942848615348 ], [ 256130.589895336743211, 7038225.505180489271879 ], [ 256135.59308592666639, 7038225.505180489271879 ], [ 256135.59308592666639, 7038210.495608719065785 ], [ 256140.596276516618673, 7038210.495608719065785 ], [ 256140.596276516618673, 7038195.486036948859692 ], [ 256145.599467106570955, 7038195.486036948859692 ], [ 256145.599467106570955, 7038185.479655769653618 ], [ 256150.602657696523238, 7038185.479655769653618 ], [ 256150.602657696523238, 7038180.47646517958492 ], [ 256155.605848286475521, 7038180.47646517958492 ], [ 256155.605848286475521, 7038170.470083999447525 ], [ 256165.612229466350982, 7038170.470083999447525 ], [ 256165.612229466350982, 7038160.463702819310129 ], [ 256170.615420056303265, 7038160.463702819310129 ], [ 256170.615420056303265, 7038155.460512229241431 ], [ 256175.618610646255547, 7038155.460512229241431 ], [ 256175.618610646255547, 7038150.457321640104055 ], [ 256180.62180123620783, 7038150.457321640104055 ], [ 256180.62180123620783, 7038145.454131050035357 ], [ 256185.624991826160112, 7038145.454131050035357 ], [ 256185.624991826160112, 7038140.45094045996666 ], [ 256200.634563595987856, 7038140.45094045996666 ], [ 256200.634563595987856, 7038130.444559279829264 ], [ 256195.631373006035574, 7038130.444559279829264 ], [ 256195.631373006035574, 7038125.441368689760566 ], [ 256190.628182416083291, 7038125.441368689760566 ], [ 256190.628182416083291, 7038120.438178099691868 ], [ 256185.624991826160112, 7038120.438178099691868 ], [ 256185.624991826160112, 7038115.43498750962317 ], [ 256180.62180123620783, 7038115.43498750962317 ], [ 256180.62180123620783, 7038110.431796920485795 ], [ 256150.602657696523238, 7038110.431796920485795 ], [ 256150.602657696523238, 7038105.428606330417097 ], [ 256130.589895336743211, 7038105.428606330417097 ], [ 256130.589895336743211, 7038110.431796920485795 ], [ 256125.586704746790929, 7038110.431796920485795 ], [ 256125.586704746790929, 7038115.43498750962317 ], [ 256120.583514156838646, 7038115.43498750962317 ], [ 256120.583514156838646, 7038110.431796920485795 ], [ 256090.564370617154054, 7038110.431796920485795 ], [ 256090.564370617154054, 7038105.428606330417097 ], [ 256025.522892947832588, 7038105.428606330417097 ], [ 256025.522892947832588, 7038100.425415740348399 ], [ 256015.516511767957127, 7038100.425415740348399 ], [ 256015.516511767957127, 7038095.422225150279701 ], [ 256010.513321178004844, 7038095.422225150279701 ], [ 256010.513321178004844, 7038085.415843970142305 ], [ 256005.510130588052562, 7038085.415843970142305 ], [ 256005.510130588052562, 7038080.412653380073607 ], [ 256000.506939998100279, 7038080.412653380073607 ], [ 256000.506939998100279, 7038075.409462790004909 ], [ 255995.5037494081771, 7038075.409462790004909 ], [ 255995.5037494081771, 7038070.406272200867534 ], [ 255990.500558818224818, 7038070.406272200867534 ], [ 255990.500558818224818, 7038055.39670043066144 ], [ 255985.497368228272535, 7038055.39670043066144 ], [ 255985.497368228272535, 7038090.419034560211003 ], [ 255980.494177638320252, 7038090.419034560211003 ], [ 255980.494177638320252, 7038100.425415740348399 ], [ 255975.49098704836797, 7038100.425415740348399 ], [ 255975.49098704836797, 7038105.428606330417097 ], [ 255970.487796458415687, 7038105.428606330417097 ], [ 255970.487796458415687, 7038110.431796920485795 ], [ 255935.465462328807916, 7038110.431796920485795 ], [ 255935.465462328807916, 7038115.43498750962317 ], [ 255910.449509379075607, 7038115.43498750962317 ], [ 255910.449509379075607, 7038110.431796920485795 ], [ 255905.446318789123325, 7038110.431796920485795 ], [ 255905.446318789123325, 7038120.438178099691868 ], [ 255900.443128199171042, 7038120.438178099691868 ], [ 255900.443128199171042, 7038125.441368689760566 ], [ 255895.439937609218759, 7038125.441368689760566 ], [ 255895.439937609218759, 7038130.444559279829264 ], [ 255890.436747019266477, 7038130.444559279829264 ], [ 255890.436747019266477, 7038135.447749869897962 ], [ 255885.433556429343298, 7038135.447749869897962 ], [ 255885.433556429343298, 7038140.45094045996666 ], [ 255895.439937609218759, 7038140.45094045996666 ], [ 255895.439937609218759, 7038145.454131050035357 ], [ 255905.446318789123325, 7038145.454131050035357 ], [ 255905.446318789123325, 7038150.457321640104055 ], [ 255910.449509379075607, 7038150.457321640104055 ], [ 255910.449509379075607, 7038155.460512229241431 ], [ 255920.455890558951069, 7038155.460512229241431 ], [ 255920.455890558951069, 7038160.463702819310129 ], [ 255940.468652918760199, 7038160.463702819310129 ], [ 255940.468652918760199, 7038185.479655769653618 ], [ 255945.471843508683378, 7038185.479655769653618 ], [ 255945.471843508683378, 7038190.482846358790994 ], [ 255950.47503409863566, 7038190.482846358790994 ], [ 255950.47503409863566, 7038195.486036948859692 ], [ 255945.471843508683378, 7038195.486036948859692 ], [ 255945.471843508683378, 7038200.48922753892839 ], [ 255940.468652918760199, 7038200.48922753892839 ], [ 255940.468652918760199, 7038205.492418128997087 ], [ 255945.471843508683378, 7038205.492418128997087 ], [ 255945.471843508683378, 7038225.505180489271879 ], [ 255940.468652918760199, 7038225.505180489271879 ], [ 255940.468652918760199, 7038230.508371078409255 ], [ 255935.465462328807916, 7038230.508371078409255 ], [ 255935.465462328807916, 7038235.511561668477952 ], [ 255930.462271738855634, 7038235.511561668477952 ], [ 255930.462271738855634, 7038240.51475225854665 ], [ 255925.459081148903351, 7038240.51475225854665 ], [ 255925.459081148903351, 7038245.517942848615348 ], [ 255920.455890558951069, 7038245.517942848615348 ], [ 255920.455890558951069, 7038255.524324028752744 ], [ 255915.452699968998786, 7038255.524324028752744 ], [ 255915.452699968998786, 7038265.53070520889014 ], [ 255910.449509379075607, 7038265.53070520889014 ], [ 255910.449509379075607, 7038275.537086388096213 ], [ 255915.452699968998786, 7038275.537086388096213 ], [ 255915.452699968998786, 7038285.543467568233609 ], [ 255910.449509379075607, 7038285.543467568233609 ], [ 255910.449509379075607, 7038290.546658158302307 ], [ 255915.452699968998786, 7038290.546658158302307 ], [ 255915.452699968998786, 7038300.553039338439703 ], [ 255925.459081148903351, 7038300.553039338439703 ], [ 255925.459081148903351, 7038320.565801697783172 ], [ 255920.455890558951069, 7038320.565801697783172 ], [ 255920.455890558951069, 7038330.572182877920568 ], [ 255915.452699968998786, 7038330.572182877920568 ], [ 255915.452699968998786, 7038335.575373467989266 ], [ 255910.449509379075607, 7038335.575373467989266 ], [ 255910.449509379075607, 7038340.578564058057964 ], [ 255905.446318789123325, 7038340.578564058057964 ], [ 255905.446318789123325, 7038345.581754647195339 ], [ 255900.443128199171042, 7038345.581754647195339 ], [ 255900.443128199171042, 7038365.594517007470131 ], [ 255895.439937609218759, 7038365.594517007470131 ], [ 255895.439937609218759, 7038370.597707597538829 ], [ 255890.436747019266477, 7038370.597707597538829 ], [ 255890.436747019266477, 7038375.600898187607527 ], [ 255700.315504601283465, 7038375.600898187607527 ] ], [ [ 255825.395269349974114, 7038030.380747481249273 ], [ 255830.398459939926397, 7038030.380747481249273 ], [ 255830.398459939926397, 7038020.374366301111877 ], [ 255825.395269349974114, 7038020.374366301111877 ], [ 255825.395269349974114, 7038015.371175711043179 ], [ 255820.392078760021832, 7038015.371175711043179 ], [ 255820.392078760021832, 7038010.367985120974481 ], [ 255815.388888170069549, 7038010.367985120974481 ], [ 255815.388888170069549, 7038005.364794530905783 ], [ 255810.385697580117267, 7038005.364794530905783 ], [ 255810.385697580117267, 7038000.361603940837085 ], [ 255800.379316400241805, 7038000.361603940837085 ], [ 255800.379316400241805, 7038015.371175711043179 ], [ 255805.382506990164984, 7038015.371175711043179 ], [ 255805.382506990164984, 7038020.374366301111877 ], [ 255810.385697580117267, 7038020.374366301111877 ], [ 255810.385697580117267, 7038025.377556891180575 ], [ 255825.395269349974114, 7038025.377556891180575 ], [ 255825.395269349974114, 7038030.380747481249273 ] ], [ [ 255985.497368228272535, 7038015.371175711043179 ], [ 255990.500558818224818, 7038015.371175711043179 ], [ 255990.500558818224818, 7037910.30417332239449 ], [ 255985.497368228272535, 7037910.30417332239449 ], [ 255985.497368228272535, 7037915.307363912463188 ], [ 255975.49098704836797, 7037915.307363912463188 ], [ 255975.49098704836797, 7037920.310554502531886 ], [ 255970.487796458415687, 7037920.310554502531886 ], [ 255970.487796458415687, 7037940.323316861875355 ], [ 255965.484605868492508, 7037940.323316861875355 ], [ 255965.484605868492508, 7037980.348841581493616 ], [ 255970.487796458415687, 7037980.348841581493616 ], [ 255970.487796458415687, 7038000.361603940837085 ], [ 255975.49098704836797, 7038000.361603940837085 ], [ 255975.49098704836797, 7038010.367985120974481 ], [ 255985.497368228272535, 7038010.367985120974481 ], [ 255985.497368228272535, 7038015.371175711043179 ] ] ] } },
{ "type": "Feature", "properties": { "id": 32, "slope": 1 }, "geometry": { "type": "Polygon", "coordinates": [ [ [ 254879.792247849982232, 7038070.406272200867534 ], [ 254879.792247849982232, 7038065.403081610798836 ], [ 254874.789057260029949, 7038065.403081610798836 ], [ 254874.789057260029949, 7038060.399891020730138 ], [ 254869.785866670077667, 7038060.399891020730138 ], [ 254869.785866670077667, 7038055.39670043066144 ], [ 254864.782676080154488, 7038055.39670043066144 ], [ 254864.782676080154488, 7038050.393509840592742 ], [ 254859.779485490202205, 7038050.393509840592742 ], [ 254859.779485490202205, 7038045.390319250524044 ], [ 254854.776294900249923, 7038045.390319250524044 ], [ 254854.776294900249923, 7038040.387128660455346 ], [ 254849.77310431029764, 7038040.387128660455346 ], [ 254849.77310431029764, 7038035.383938071317971 ], [ 254844.769913720345357, 7038035.383938071317971 ], [ 254844.769913720345357, 7038030.380747481249273 ], [ 254839.766723130422179, 7038030.380747481249273 ], [ 254839.766723130422179, 7038025.377556891180575 ], [ 254834.763532540469896, 7038025.377556891180575 ], [ 254834.763532540469896, 7038020.374366301111877 ], [ 254829.760341950517613, 7038020.374366301111877 ], [ 254829.760341950517613, 7038015.371175711043179 ], [ 254824.757151360565331, 7038015.371175711043179 ], [ 254824.757151360565331, 7038010.367985120974481 ], [ 254819.753960770613048, 7038010.367985120974481 ], [ 254819.753960770613048, 7038005.364794530905783 ], [ 254779.728436051052995, 7038005.364794530905783 ], [ 254779.728436051052995, 7038010.367985120974481 ], [ 254764.718864281196147, 7038010.367985120974481 ], [ 254764.718864281196147, 7038015.371175711043179 ], [ 254704.680577201856067, 7038015.371175711043179 ], [ 254704.680577201856067, 7038020.374366301111877 ], [ 254689.67100543199922, 7038020.374366301111877 ], [ 254689.67100543199922, 7038025.377556891180575 ], [ 254684.667814842046937, 7038025.377556891180575 ], [ 254684.667814842046937, 7038030.380747481249273 ], [ 254674.661433662171476, 7038030.380747481249273 ], [ 254674.661433662171476, 7038040.387128660455346 ], [ 254669.658243072219193, 7038040.387128660455346 ], [ 254669.658243072219193, 7038045.390319250524044 ], [ 254664.65505248226691, 7038045.390319250524044 ], [ 254664.65505248226691, 7038050.393509840592742 ], [ 254659.651861892314628, 7038050.393509840592742 ], [ 254659.651861892314628, 7038055.39670043066144 ], [ 254664.65505248226691, 7038055.39670043066144 ], [ 254664.65505248226691, 7038065.403081610798836 ], [ 254654.648671302362345, 7038065.403081610798836 ], [ 254654.648671302362345, 7038055.39670043066144 ], [ 254644.642290122486884, 7038055.39670043066144 ], [ 254644.642290122486884, 7038060.399891020730138 ], [ 254634.635908942582319, 7038060.399891020730138 ], [ 254634.635908942582319, 7038055.39670043066144 ], [ 254624.629527762677753, 7038055.39670043066144 ], [ 254624.629527762677753, 7037715.179740314371884 ], [ 255149.964539707114454, 7037715.179740314371884 ], [ 255149.964539707114454, 7037840.259505063295364 ], [ 255144.961349117162172, 7037840.259505063295364 ], [ 255144.961349117162172, 7037845.26269565243274 ], [ 255139.958158527238993, 7037845.26269565243274 ], [ 255139.958158527238993, 7037850.265886242501438 ], [ 255134.95496793728671, 7037850.265886242501438 ], [ 255134.95496793728671, 7037865.275458012707531 ], [ 255124.948586757382145, 7037865.275458012707531 ], [ 255124.948586757382145, 7037870.278648602776229 ], [ 255119.945396167429863, 7037870.278648602776229 ], [ 255119.945396167429863, 7037875.281839192844927 ], [ 255109.939014987554401, 7037875.281839192844927 ], [ 255109.939014987554401, 7037885.288220372051001 ], [ 255104.935824397602119, 7037885.288220372051001 ], [ 255104.935824397602119, 7037895.294601552188396 ], [ 255099.932633807649836, 7037895.294601552188396 ], [ 255099.932633807649836, 7037900.297792142257094 ], [ 255094.929443217697553, 7037900.297792142257094 ], [ 255094.929443217697553, 7037905.300982732325792 ], [ 255089.926252627745271, 7037905.300982732325792 ], [ 255089.926252627745271, 7037910.30417332239449 ], [ 255084.923062037822092, 7037910.30417332239449 ], [ 255084.923062037822092, 7037915.307363912463188 ], [ 255079.919871447869809, 7037915.307363912463188 ], [ 255079.919871447869809, 7037920.310554502531886 ], [ 255069.913490267965244, 7037920.310554502531886 ], [ 255069.913490267965244, 7037925.313745091669261 ], [ 255064.910299678012962, 7037925.313745091669261 ], [ 255064.910299678012962, 7037930.316935681737959 ], [ 255039.894346728280652, 7037930.316935681737959 ], [ 255039.894346728280652, 7037935.320126271806657 ], [ 255029.887965548405191, 7037935.320126271806657 ], [ 255029.887965548405191, 7037940.323316861875355 ], [ 255014.878393778548343, 7037940.323316861875355 ], [ 255014.878393778548343, 7037945.326507451944053 ], [ 255009.87520318859606, 7037945.326507451944053 ], [ 255009.87520318859606, 7037955.332888632081449 ], [ 255004.872012598672882, 7037955.332888632081449 ], [ 255004.872012598672882, 7037960.336079221218824 ], [ 254999.868822008720599, 7037960.336079221218824 ], [ 254999.868822008720599, 7037965.339269811287522 ], [ 254989.862440828816034, 7037965.339269811287522 ], [ 254989.862440828816034, 7037970.34246040135622 ], [ 254969.849678469036007, 7037970.34246040135622 ], [ 254969.849678469036007, 7037995.35841335169971 ], [ 254964.846487879083725, 7037995.35841335169971 ], [ 254964.846487879083725, 7038000.361603940837085 ], [ 254959.843297289131442, 7038000.361603940837085 ], [ 254959.843297289131442, 7038005.364794530905783 ], [ 254954.840106699179159, 7038005.364794530905783 ], [ 254954.840106699179159, 7038010.367985120974481 ], [ 254949.836916109255981, 7038010.367985120974481 ], [ 254949.836916109255981, 7038015.371175711043179 ], [ 254944.833725519303698, 7038015.371175711043179 ], [ 254944.833725519303698, 7038020.374366301111877 ], [ 254939.830534929351415, 7038020.374366301111877 ], [ 254939.830534929351415, 7038025.377556891180575 ], [ 254934.827344339399133, 7038025.377556891180575 ], [ 254934.827344339399133, 7038030.380747481249273 ], [ 254929.82415374944685, 7038030.380747481249273 ], [ 254929.82415374944685, 7038035.383938071317971 ], [ 254924.820963159494568, 7038035.383938071317971 ], [ 254924.820963159494568, 7038040.387128660455346 ], [ 254919.817772569571389, 7038040.387128660455346 ], [ 254919.817772569571389, 7038045.390319250524044 ], [ 254914.814581979619106, 7038045.390319250524044 ], [ 254914.814581979619106, 7038050.393509840592742 ], [ 254909.811391389666824, 7038050.393509840592742 ], [ 254909.811391389666824, 7038055.39670043066144 ], [ 254904.808200799714541, 7038055.39670043066144 ], [ 254904.808200799714541, 7038060.399891020730138 ], [ 254899.805010209762258, 7038060.399891020730138 ], [ 254899.805010209762258, 7038065.403081610798836 ], [ 254889.798629029886797, 7038065.403081610798836 ], [ 254889.798629029886797, 7038070.406272200867534 ], [ 254879.792247849982232, 7038070.406272200867534 ] ] ] } },
{ "type": "Feature", "properties": { "id": 33, "slope": 1 }, "geometry": { "type": "Polygon", "coordinates": [ [ [ 257481.451354622433428, 7038160.463702819310129 ], [ 257481.451354622433428, 7038155.460512229241431 ], [ 257471.444973442528863, 7038155.460512229241431 ], [ 257471.444973442528863, 7038150.457321640104055 ], [ 257461.438592262624297, 7038150.457321640104055 ], [ 257461.438592262624297, 7038145.454131050035357 ], [ 257451.432211082748836, 7038145.454131050035357 ], [ 257451.432211082748836, 7038140.45094045996666 ], [ 257436.422639312891988, 7038140.45094045996666 ], [ 257436.422639312891988, 7038135.447749869897962 ], [ 257426.416258133016527, 7038135.447749869897962 ], [ 257426.416258133016527, 7038130.444559279829264 ], [ 257421.413067543064244, 7038130.444559279829264 ], [ 257421.413067543064244, 7038125.441368689760566 ], [ 257411.406686363159679, 7038125.441368689760566 ], [ 257411.406686363159679, 7038115.43498750962317 ], [ 257406.403495773207396, 7038115.43498750962317 ], [ 257406.403495773207396, 7038110.431796920485795 ], [ 257401.400305183255114, 7038110.431796920485795 ], [ 257401.400305183255114, 7038095.422225150279701 ], [ 257396.397114593331935, 7038095.422225150279701 ], [ 257396.397114593331935, 7038085.415843970142305 ], [ 257391.393924003379652, 7038085.415843970142305 ], [ 257391.393924003379652, 7038075.409462790004909 ], [ 257386.39073341342737, 7038075.409462790004909 ], [ 257386.39073341342737, 7038070.406272200867534 ], [ 257376.384352233522804, 7038070.406272200867534 ], [ 257376.384352233522804, 7038060.399891020730138 ], [ 257361.37478046369506, 7038060.399891020730138 ], [ 257361.37478046369506, 7038055.39670043066144 ], [ 257356.371589873742778, 7038055.39670043066144 ], [ 257356.371589873742778, 7038050.393509840592742 ], [ 257351.368399283790495, 7038050.393509840592742 ], [ 257351.368399283790495, 7038045.390319250524044 ], [ 257341.362018103915034, 7038045.390319250524044 ], [ 257341.362018103915034, 7038040.387128660455346 ], [ 257331.355636924010469, 7038040.387128660455346 ], [ 257331.355636924010469, 7038035.383938071317971 ], [ 257326.352446334058186, 7038035.383938071317971 ], [ 257326.352446334058186, 7038030.380747481249273 ], [ 257316.346065154182725, 7038030.380747481249273 ], [ 257316.346065154182725, 7038025.377556891180575 ], [ 257311.342874564230442, 7038025.377556891180575 ], [ 257311.342874564230442, 7038020.374366301111877 ], [ 257306.339683974278159, 7038020.374366301111877 ], [ 257306.339683974278159, 7038015.371175711043179 ], [ 257296.333302794373594, 7038015.371175711043179 ], [ 257296.333302794373594, 7038005.364794530905783 ], [ 257291.330112204421312, 7038005.364794530905783 ], [ 257291.330112204421312, 7038000.361603940837085 ], [ 257286.326921614498133, 7038000.361603940837085 ], [ 257286.326921614498133, 7037985.352032171562314 ], [ 257281.32373102454585, 7037985.352032171562314 ], [ 257281.32373102454585, 7037975.345650991424918 ], [ 257276.320540434593568, 7037975.345650991424918 ], [ 257276.320540434593568, 7037940.323316861875355 ], [ 257271.317349844641285, 7037940.323316861875355 ], [ 257271.317349844641285, 7037930.316935681737959 ], [ 257266.314159254689002, 7037930.316935681737959 ], [ 257266.314159254689002, 7037925.313745091669261 ], [ 257261.310968664765824, 7037925.313745091669261 ], [ 257261.310968664765824, 7037920.310554502531886 ], [ 257251.304587484861258, 7037920.310554502531886 ], [ 257251.304587484861258, 7037915.307363912463188 ], [ 257246.301396894908976, 7037915.307363912463188 ], [ 257246.301396894908976, 7037910.30417332239449 ], [ 257241.298206304956693, 7037910.30417332239449 ], [ 257241.298206304956693, 7037900.297792142257094 ], [ 257236.295015715004411, 7037900.297792142257094 ], [ 257236.295015715004411, 7037890.291410962119699 ], [ 257231.291825125081232, 7037890.291410962119699 ], [ 257231.291825125081232, 7037875.281839192844927 ], [ 257226.288634535128949, 7037875.281839192844927 ], [ 257226.288634535128949, 7037845.26269565243274 ], [ 257231.291825125081232, 7037845.26269565243274 ], [ 257231.291825125081232, 7037840.259505063295364 ], [ 257241.298206304956693, 7037840.259505063295364 ], [ 257241.298206304956693, 7037835.256314473226666 ], [ 257256.307778074813541, 7037835.256314473226666 ], [ 257256.307778074813541, 7037840.259505063295364 ], [ 257261.310968664765824, 7037840.259505063295364 ], [ 257261.310968664765824, 7037845.26269565243274 ], [ 257316.346065154182725, 7037845.26269565243274 ], [ 257316.346065154182725, 7037840.259505063295364 ], [ 257341.362018103915034, 7037840.259505063295364 ], [ 257341.362018103915034, 7037835.256314473226666 ], [ 257346.365208693838213, 7037835.256314473226666 ], [ 257346.365208693838213, 7037830.253123883157969 ], [ 257351.368399283790495, 7037830.253123883157969 ], [ 257351.368399283790495, 7037825.249933293089271 ], [ 257356.371589873742778, 7037825.249933293089271 ], [ 257356.371589873742778, 7037820.246742703020573 ], [ 257361.37478046369506, 7037820.246742703020573 ], [ 257361.37478046369506, 7037815.243552112951875 ], [ 257366.377971053647343, 7037815.243552112951875 ], [ 257366.377971053647343, 7037810.240361522883177 ], [ 257371.381161643599626, 7037810.240361522883177 ], [ 257371.381161643599626, 7037805.237170933745801 ], [ 257376.384352233522804, 7037805.237170933745801 ], [ 257376.384352233522804, 7037800.233980343677104 ], [ 257371.381161643599626, 7037800.233980343677104 ], [ 257371.381161643599626, 7037795.230789753608406 ], [ 257366.377971053647343, 7037795.230789753608406 ], [ 257366.377971053647343, 7037790.227599163539708 ], [ 257351.368399283790495, 7037790.227599163539708 ], [ 257351.368399283790495, 7037785.22440857347101 ], [ 257346.365208693838213, 7037785.22440857347101 ], [ 257346.365208693838213, 7037780.221217983402312 ], [ 257341.362018103915034, 7037780.221217983402312 ], [ 257341.362018103915034, 7037775.218027393333614 ], [ 257321.349255744105903, 7037775.218027393333614 ], [ 257321.349255744105903, 7037780.221217983402312 ], [ 257301.336493384325877, 7037780.221217983402312 ], [ 257301.336493384325877, 7037770.214836803264916 ], [ 257296.333302794373594, 7037770.214836803264916 ], [ 257296.333302794373594, 7037765.211646214127541 ], [ 257301.336493384325877, 7037765.211646214127541 ], [ 257301.336493384325877, 7037755.205265033990145 ], [ 257291.330112204421312, 7037755.205265033990145 ], [ 257291.330112204421312, 7037750.202074443921447 ], [ 257286.326921614498133, 7037750.202074443921447 ], [ 257286.326921614498133, 7037745.198883853852749 ], [ 257281.32373102454585, 7037745.198883853852749 ], [ 257281.32373102454585, 7037735.192502673715353 ], [ 257276.320540434593568, 7037735.192502673715353 ], [ 257276.320540434593568, 7037725.18612149450928 ], [ 257271.317349844641285, 7037725.18612149450928 ], [ 257271.317349844641285, 7037720.182930904440582 ], [ 257266.314159254689002, 7037720.182930904440582 ], [ 257266.314159254689002, 7037715.179740314371884 ], [ 257261.310968664765824, 7037715.179740314371884 ], [ 257261.310968664765824, 7037705.173359134234488 ], [ 257266.314159254689002, 7037705.173359134234488 ], [ 257266.314159254689002, 7037700.17016854416579 ], [ 257276.320540434593568, 7037700.17016854416579 ], [ 257276.320540434593568, 7037695.166977954097092 ], [ 257286.326921614498133, 7037695.166977954097092 ], [ 257286.326921614498133, 7037690.163787364959717 ], [ 257301.336493384325877, 7037690.163787364959717 ], [ 257301.336493384325877, 7037685.160596774891019 ], [ 257336.358827513962751, 7037685.160596774891019 ], [ 257336.358827513962751, 7037680.157406184822321 ], [ 257361.37478046369506, 7037680.157406184822321 ], [ 257361.37478046369506, 7037685.160596774891019 ], [ 257371.381161643599626, 7037685.160596774891019 ], [ 257371.381161643599626, 7037690.163787364959717 ], [ 257386.39073341342737, 7037690.163787364959717 ], [ 257386.39073341342737, 7037695.166977954097092 ], [ 257441.425829902844271, 7037695.166977954097092 ], [ 257441.425829902844271, 7037690.163787364959717 ], [ 257471.444973442528863, 7037690.163787364959717 ], [ 257471.444973442528863, 7037695.166977954097092 ], [ 257531.483260521898046, 7037695.166977954097092 ], [ 257531.483260521898046, 7037690.163787364959717 ], [ 257566.505594651505817, 7037690.163787364959717 ], [ 257566.505594651505817, 7037685.160596774891019 ], [ 257576.511975831410382, 7037685.160596774891019 ], [ 257576.511975831410382, 7037680.157406184822321 ], [ 257581.515166421362665, 7037680.157406184822321 ], [ 257581.515166421362665, 7037675.154215594753623 ], [ 257626.543881730875, 7037675.154215594753623 ], [ 257626.543881730875, 7037680.157406184822321 ], [ 257656.563025270559592, 7037680.157406184822321 ], [ 257656.563025270559592, 7037685.160596774891019 ], [ 257696.588549990148749, 7037685.160596774891019 ], [ 257696.588549990148749, 7037680.157406184822321 ], [ 257711.598121759976493, 7037680.157406184822321 ], [ 257711.598121759976493, 7037685.160596774891019 ], [ 257721.604502939881058, 7037685.160596774891019 ], [ 257721.604502939881058, 7037690.163787364959717 ], [ 257726.607693529833341, 7037690.163787364959717 ], [ 257726.607693529833341, 7037695.166977954097092 ], [ 257731.61088411975652, 7037695.166977954097092 ], [ 257731.61088411975652, 7037705.173359134234488 ], [ 257716.601312349928776, 7037705.173359134234488 ], [ 257716.601312349928776, 7037700.17016854416579 ], [ 257706.594931170024211, 7037700.17016854416579 ], [ 257706.594931170024211, 7037695.166977954097092 ], [ 257691.585359400196467, 7037695.166977954097092 ], [ 257691.585359400196467, 7037700.17016854416579 ], [ 257686.582168810244184, 7037700.17016854416579 ], [ 257686.582168810244184, 7037705.173359134234488 ], [ 257681.578978220291901, 7037705.173359134234488 ], [ 257681.578978220291901, 7037710.176549724303186 ], [ 257676.575787630339619, 7037710.176549724303186 ], [ 257676.575787630339619, 7037715.179740314371884 ], [ 257671.57259704041644, 7037715.179740314371884 ], [ 257671.57259704041644, 7037725.18612149450928 ], [ 257681.578978220291901, 7037725.18612149450928 ], [ 257681.578978220291901, 7037730.189312084577978 ], [ 257686.582168810244184, 7037730.189312084577978 ], [ 257686.582168810244184, 7037735.192502673715353 ], [ 257691.585359400196467, 7037735.192502673715353 ], [ 257691.585359400196467, 7037740.195693263784051 ], [ 257696.588549990148749, 7037740.195693263784051 ], [ 257696.588549990148749, 7037745.198883853852749 ], [ 257701.591740580101032, 7037745.198883853852749 ], [ 257701.591740580101032, 7037750.202074443921447 ], [ 257706.594931170024211, 7037750.202074443921447 ], [ 257706.594931170024211, 7037755.205265033990145 ], [ 257711.598121759976493, 7037755.205265033990145 ], [ 257711.598121759976493, 7037765.211646214127541 ], [ 257716.601312349928776, 7037765.211646214127541 ], [ 257716.601312349928776, 7037770.214836803264916 ], [ 257721.604502939881058, 7037770.214836803264916 ], [ 257721.604502939881058, 7037775.218027393333614 ], [ 257726.607693529833341, 7037775.218027393333614 ], [ 257726.607693529833341, 7037780.221217983402312 ], [ 257731.61088411975652, 7037780.221217983402312 ], [ 257731.61088411975652, 7037785.22440857347101 ], [ 257736.614074709708802, 7037785.22440857347101 ], [ 257736.614074709708802, 7037790.227599163539708 ], [ 257741.617265299661085, 7037790.227599163539708 ], [ 257741.617265299661085, 7037795.230789753608406 ], [ 257746.620455889613368, 7037795.230789753608406 ], [ 257746.620455889613368, 7037805.237170933745801 ], [ 257751.62364647956565, 7037805.237170933745801 ], [ 257751.62364647956565, 7037810.240361522883177 ], [ 257756.626837069517933, 7037810.240361522883177 ], [ 257756.626837069517933, 7037815.243552112951875 ], [ 257761.630027659441112, 7037815.243552112951875 ], [ 257761.630027659441112, 7037825.249933293089271 ], [ 257766.633218249393394, 7037825.249933293089271 ], [ 257766.633218249393394, 7038045.390319250524044 ], [ 257756.626837069517933, 7038045.390319250524044 ], [ 257756.626837069517933, 7038055.39670043066144 ], [ 257751.62364647956565, 7038055.39670043066144 ], [ 257751.62364647956565, 7038060.399891020730138 ], [ 257746.620455889613368, 7038060.399891020730138 ], [ 257746.620455889613368, 7038065.403081610798836 ], [ 257736.614074709708802, 7038065.403081610798836 ], [ 257736.614074709708802, 7038070.406272200867534 ], [ 257731.61088411975652, 7038070.406272200867534 ], [ 257731.61088411975652, 7038075.409462790004909 ], [ 257721.604502939881058, 7038075.409462790004909 ], [ 257721.604502939881058, 7038080.412653380073607 ], [ 257696.588549990148749, 7038080.412653380073607 ], [ 257696.588549990148749, 7038085.415843970142305 ], [ 257656.563025270559592, 7038085.415843970142305 ], [ 257656.563025270559592, 7038090.419034560211003 ], [ 257646.556644090684131, 7038090.419034560211003 ], [ 257646.556644090684131, 7038085.415843970142305 ], [ 257636.550262910779566, 7038085.415843970142305 ], [ 257636.550262910779566, 7038080.412653380073607 ], [ 257626.543881730875, 7038080.412653380073607 ], [ 257626.543881730875, 7038085.415843970142305 ], [ 257621.540691140922718, 7038085.415843970142305 ], [ 257621.540691140922718, 7038090.419034560211003 ], [ 257616.537500550999539, 7038090.419034560211003 ], [ 257616.537500550999539, 7038095.422225150279701 ], [ 257596.524738191190409, 7038095.422225150279701 ], [ 257596.524738191190409, 7038090.419034560211003 ], [ 257586.518357011314947, 7038090.419034560211003 ], [ 257586.518357011314947, 7038085.415843970142305 ], [ 257581.515166421362665, 7038085.415843970142305 ], [ 257581.515166421362665, 7038060.399891020730138 ], [ 257576.511975831410382, 7038060.399891020730138 ], [ 257576.511975831410382, 7038045.390319250524044 ], [ 257571.508785241458099, 7038045.390319250524044 ], [ 257571.508785241458099, 7038025.377556891180575 ], [ 257566.505594651505817, 7038025.377556891180575 ], [ 257566.505594651505817, 7038010.367985120974481 ], [ 257561.502404061582638, 7038010.367985120974481 ], [ 257561.502404061582638, 7037990.355222761631012 ], [ 257556.499213471630355, 7037990.355222761631012 ], [ 257556.499213471630355, 7037960.336079221218824 ], [ 257551.496022881678073, 7037960.336079221218824 ], [ 257551.496022881678073, 7037965.339269811287522 ], [ 257546.49283229172579, 7037965.339269811287522 ], [ 257546.49283229172579, 7037970.34246040135622 ], [ 257541.489641701773508, 7037970.34246040135622 ], [ 257541.489641701773508, 7037975.345650991424918 ], [ 257536.486451111850329, 7037975.345650991424918 ], [ 257536.486451111850329, 7037980.348841581493616 ], [ 257531.483260521898046, 7037980.348841581493616 ], [ 257531.483260521898046, 7037985.352032171562314 ], [ 257526.480069931945764, 7037985.352032171562314 ], [ 257526.480069931945764, 7037990.355222761631012 ], [ 257521.476879341993481, 7037990.355222761631012 ], [ 257521.476879341993481, 7037995.35841335169971 ], [ 257516.473688752041198, 7037995.35841335169971 ], [ 257516.473688752041198, 7038005.364794530905783 ], [ 257506.467307572165737, 7038005.364794530905783 ], [ 257506.467307572165737, 7038015.371175711043179 ], [ 257501.464116982213454, 7038015.371175711043179 ], [ 257501.464116982213454, 7038035.383938071317971 ], [ 257496.460926392261172, 7038035.383938071317971 ], [ 257496.460926392261172, 7038040.387128660455346 ], [ 257491.457735802308889, 7038040.387128660455346 ], [ 257491.457735802308889, 7038045.390319250524044 ], [ 257496.460926392261172, 7038045.390319250524044 ], [ 257496.460926392261172, 7038050.393509840592742 ], [ 257511.470498162088916, 7038050.393509840592742 ], [ 257511.470498162088916, 7038060.399891020730138 ], [ 257506.467307572165737, 7038060.399891020730138 ], [ 257506.467307572165737, 7038065.403081610798836 ], [ 257501.464116982213454, 7038065.403081610798836 ], [ 257501.464116982213454, 7038075.409462790004909 ], [ 257496.460926392261172, 7038075.409462790004909 ], [ 257496.460926392261172, 7038095.422225150279701 ], [ 257501.464116982213454, 7038095.422225150279701 ], [ 257501.464116982213454, 7038105.428606330417097 ], [ 257506.467307572165737, 7038105.428606330417097 ], [ 257506.467307572165737, 7038110.431796920485795 ], [ 257501.464116982213454, 7038110.431796920485795 ], [ 257501.464116982213454, 7038145.454131050035357 ], [ 257496.460926392261172, 7038145.454131050035357 ], [ 257496.460926392261172, 7038160.463702819310129 ], [ 257481.451354622433428, 7038160.463702819310129 ] ] ] } },
{ "type": "Feature", "properties": { "id": 35, "slope": 1 }, "geometry": { "type": "Polygon", "coordinates": [ [ [ 256755.988719080109149, 7038200.48922753892839 ], [ 256755.988719080109149, 7038195.486036948859692 ], [ 256750.985528490156867, 7038195.486036948859692 ], [ 256750.985528490156867, 7038185.479655769653618 ], [ 256745.982337900204584, 7038185.479655769653618 ], [ 256745.982337900204584, 7038175.473274589516222 ], [ 256740.979147310252301, 7038175.473274589516222 ], [ 256740.979147310252301, 7038165.466893409378827 ], [ 256735.975956720329123, 7038165.466893409378827 ], [ 256735.975956720329123, 7038160.463702819310129 ], [ 256730.97276613037684, 7038160.463702819310129 ], [ 256730.97276613037684, 7038155.460512229241431 ], [ 256725.969575540424557, 7038155.460512229241431 ], [ 256725.969575540424557, 7038150.457321640104055 ], [ 256720.966384950472275, 7038150.457321640104055 ], [ 256720.966384950472275, 7038140.45094045996666 ], [ 256715.963194360519992, 7038140.45094045996666 ], [ 256715.963194360519992, 7038135.447749869897962 ], [ 256710.960003770596813, 7038135.447749869897962 ], [ 256710.960003770596813, 7038130.444559279829264 ], [ 256705.956813180644531, 7038130.444559279829264 ], [ 256705.956813180644531, 7038125.441368689760566 ], [ 256700.953622590692248, 7038125.441368689760566 ], [ 256700.953622590692248, 7038120.438178099691868 ], [ 256695.950432000739966, 7038120.438178099691868 ], [ 256695.950432000739966, 7038115.43498750962317 ], [ 256690.947241410787683, 7038115.43498750962317 ], [ 256690.947241410787683, 7038100.425415740348399 ], [ 256685.9440508208354, 7038100.425415740348399 ], [ 256685.9440508208354, 7038050.393509840592742 ], [ 256690.947241410787683, 7038050.393509840592742 ], [ 256690.947241410787683, 7038040.387128660455346 ], [ 256695.950432000739966, 7038040.387128660455346 ], [ 256695.950432000739966, 7038030.380747481249273 ], [ 256700.953622590692248, 7038030.380747481249273 ], [ 256700.953622590692248, 7038025.377556891180575 ], [ 256705.956813180644531, 7038025.377556891180575 ], [ 256705.956813180644531, 7038000.361603940837085 ], [ 256700.953622590692248, 7038000.361603940837085 ], [ 256700.953622590692248, 7037990.355222761631012 ], [ 256695.950432000739966, 7037990.355222761631012 ], [ 256695.950432000739966, 7037965.339269811287522 ], [ 256700.953622590692248, 7037965.339269811287522 ], [ 256700.953622590692248, 7037950.329698042012751 ], [ 256705.956813180644531, 7037950.329698042012751 ], [ 256705.956813180644531, 7037945.326507451944053 ], [ 256710.960003770596813, 7037945.326507451944053 ], [ 256710.960003770596813, 7037935.320126271806657 ], [ 256715.963194360519992, 7037935.320126271806657 ], [ 256715.963194360519992, 7037930.316935681737959 ], [ 256725.969575540424557, 7037930.316935681737959 ], [ 256725.969575540424557, 7037925.313745091669261 ], [ 256730.97276613037684, 7037925.313745091669261 ], [ 256730.97276613037684, 7037920.310554502531886 ], [ 256735.975956720329123, 7037920.310554502531886 ], [ 256735.975956720329123, 7037915.307363912463188 ], [ 256740.979147310252301, 7037915.307363912463188 ], [ 256740.979147310252301, 7037910.30417332239449 ], [ 256750.985528490156867, 7037910.30417332239449 ], [ 256750.985528490156867, 7037905.300982732325792 ], [ 256760.991909670061432, 7037905.300982732325792 ], [ 256760.991909670061432, 7037900.297792142257094 ], [ 256765.995100260013714, 7037900.297792142257094 ], [ 256765.995100260013714, 7037895.294601552188396 ], [ 256770.998290849936893, 7037895.294601552188396 ], [ 256770.998290849936893, 7037890.291410962119699 ], [ 256776.001481439889176, 7037890.291410962119699 ], [ 256776.001481439889176, 7037885.288220372051001 ], [ 256786.007862619793741, 7037885.288220372051001 ], [ 256786.007862619793741, 7037880.285029782913625 ], [ 256801.017434389621485, 7037880.285029782913625 ], [ 256801.017434389621485, 7037875.281839192844927 ], [ 256806.020624979573768, 7037875.281839192844927 ], [ 256806.020624979573768, 7037870.278648602776229 ], [ 256811.02381556952605, 7037870.278648602776229 ], [ 256811.02381556952605, 7037865.275458012707531 ], [ 256816.027006159478333, 7037865.275458012707531 ], [ 256816.027006159478333, 7037860.272267422638834 ], [ 256821.030196749430615, 7037860.272267422638834 ], [ 256821.030196749430615, 7037855.269076832570136 ], [ 256826.033387339353794, 7037855.269076832570136 ], [ 256826.033387339353794, 7037850.265886242501438 ], [ 256831.036577929306077, 7037850.265886242501438 ], [ 256831.036577929306077, 7037845.26269565243274 ], [ 256836.039768519258359, 7037845.26269565243274 ], [ 256836.039768519258359, 7037840.259505063295364 ], [ 256856.052530879038386, 7037840.259505063295364 ], [ 256856.052530879038386, 7037845.26269565243274 ], [ 256861.055721468990669, 7037845.26269565243274 ], [ 256861.055721468990669, 7037850.265886242501438 ], [ 256866.058912058942951, 7037850.265886242501438 ], [ 256866.058912058942951, 7037855.269076832570136 ], [ 256871.062102648895234, 7037855.269076832570136 ], [ 256871.062102648895234, 7037860.272267422638834 ], [ 256876.065293238847516, 7037860.272267422638834 ], [ 256876.065293238847516, 7037865.275458012707531 ], [ 256881.068483828770695, 7037865.275458012707531 ], [ 256881.068483828770695, 7037870.278648602776229 ], [ 256886.071674418722978, 7037870.278648602776229 ], [ 256886.071674418722978, 7037875.281839192844927 ], [ 256891.07486500867526, 7037875.281839192844927 ], [ 256891.07486500867526, 7037880.285029782913625 ], [ 256896.078055598627543, 7037880.285029782913625 ], [ 256896.078055598627543, 7037885.288220372051001 ], [ 256901.081246188579826, 7037885.288220372051001 ], [ 256901.081246188579826, 7037870.278648602776229 ], [ 256896.078055598627543, 7037870.278648602776229 ], [ 256896.078055598627543, 7037860.272267422638834 ], [ 256891.07486500867526, 7037860.272267422638834 ], [ 256891.07486500867526, 7037840.259505063295364 ], [ 256886.071674418722978, 7037840.259505063295364 ], [ 256886.071674418722978, 7037815.243552112951875 ], [ 256891.07486500867526, 7037815.243552112951875 ], [ 256891.07486500867526, 7037805.237170933745801 ], [ 256886.071674418722978, 7037805.237170933745801 ], [ 256886.071674418722978, 7037800.233980343677104 ], [ 256881.068483828770695, 7037800.233980343677104 ], [ 256881.068483828770695, 7037795.230789753608406 ], [ 256876.065293238847516, 7037795.230789753608406 ], [ 256876.065293238847516, 7037790.227599163539708 ], [ 256871.062102648895234, 7037790.227599163539708 ], [ 256871.062102648895234, 7037785.22440857347101 ], [ 256866.058912058942951, 7037785.22440857347101 ], [ 256866.058912058942951, 7037780.221217983402312 ], [ 256856.052530879038386, 7037780.221217983402312 ], [ 256856.052530879038386, 7037790.227599163539708 ], [ 256851.049340289086103, 7037790.227599163539708 ], [ 256851.049340289086103, 7037785.22440857347101 ], [ 256821.030196749430615, 7037785.22440857347101 ], [ 256821.030196749430615, 7037780.221217983402312 ], [ 256781.004672029841458, 7037780.221217983402312 ], [ 256781.004672029841458, 7037785.22440857347101 ], [ 256770.998290849936893, 7037785.22440857347101 ], [ 256770.998290849936893, 7037790.227599163539708 ], [ 256760.991909670061432, 7037790.227599163539708 ], [ 256760.991909670061432, 7037795.230789753608406 ], [ 256745.982337900204584, 7037795.230789753608406 ], [ 256745.982337900204584, 7037800.233980343677104 ], [ 256690.947241410787683, 7037800.233980343677104 ], [ 256690.947241410787683, 7037795.230789753608406 ], [ 256680.940860230912222, 7037795.230789753608406 ], [ 256680.940860230912222, 7037790.227599163539708 ], [ 256670.934479051007656, 7037790.227599163539708 ], [ 256670.934479051007656, 7037785.22440857347101 ], [ 256660.928097871103091, 7037785.22440857347101 ], [ 256660.928097871103091, 7037780.221217983402312 ], [ 256655.924907281179912, 7037780.221217983402312 ], [ 256655.924907281179912, 7037775.218027393333614 ], [ 256650.92171669122763, 7037775.218027393333614 ], [ 256650.92171669122763, 7037770.214836803264916 ], [ 256635.912144921370782, 7037770.214836803264916 ], [ 256635.912144921370782, 7037775.218027393333614 ], [ 256630.908954331418499, 7037775.218027393333614 ], [ 256630.908954331418499, 7037610.112737925723195 ], [ 256635.912144921370782, 7037610.112737925723195 ], [ 256635.912144921370782, 7037600.106356745585799 ], [ 256650.92171669122763, 7037600.106356745585799 ], [ 256650.92171669122763, 7037595.103166155517101 ], [ 256645.918526101275347, 7037595.103166155517101 ], [ 256645.918526101275347, 7037590.099975565448403 ], [ 256640.915335511323065, 7037590.099975565448403 ], [ 256640.915335511323065, 7037585.096784975379705 ], [ 256630.908954331418499, 7037585.096784975379705 ], [ 256630.908954331418499, 7037575.090403796173632 ], [ 256635.912144921370782, 7037575.090403796173632 ], [ 256635.912144921370782, 7037565.084022616036236 ], [ 256640.915335511323065, 7037565.084022616036236 ], [ 256640.915335511323065, 7037555.07764143589884 ], [ 256660.928097871103091, 7037555.07764143589884 ], [ 256660.928097871103091, 7037490.036163766868412 ], [ 256670.934479051007656, 7037490.036163766868412 ], [ 256670.934479051007656, 7037480.029782586731017 ], [ 256675.937669640959939, 7037480.029782586731017 ], [ 256675.937669640959939, 7037470.023401406593621 ], [ 256680.940860230912222, 7037470.023401406593621 ], [ 256680.940860230912222, 7037460.017020227387547 ], [ 256685.9440508208354, 7037460.017020227387547 ], [ 256685.9440508208354, 7037455.01382963731885 ], [ 256690.947241410787683, 7037455.01382963731885 ], [ 256690.947241410787683, 7037450.010639047250152 ], [ 256695.950432000739966, 7037450.010639047250152 ], [ 256695.950432000739966, 7037445.007448457181454 ], [ 256705.956813180644531, 7037445.007448457181454 ], [ 256705.956813180644531, 7037440.004257867112756 ], [ 256720.966384950472275, 7037440.004257867112756 ], [ 256720.966384950472275, 7037435.001067277044058 ], [ 256745.982337900204584, 7037435.001067277044058 ], [ 256745.982337900204584, 7037429.99787668697536 ], [ 256776.001481439889176, 7037429.99787668697536 ], [ 256776.001481439889176, 7037424.994686096906662 ], [ 256791.011053209746024, 7037424.994686096906662 ], [ 256791.011053209746024, 7037419.991495507769287 ], [ 256801.017434389621485, 7037419.991495507769287 ], [ 256801.017434389621485, 7037414.988304917700589 ], [ 256816.027006159478333, 7037414.988304917700589 ], [ 256816.027006159478333, 7037409.985114327631891 ], [ 256836.039768519258359, 7037409.985114327631891 ], [ 256836.039768519258359, 7037404.981923737563193 ], [ 256846.046149699162925, 7037404.981923737563193 ], [ 256846.046149699162925, 7037399.978733147494495 ], [ 256881.068483828770695, 7037399.978733147494495 ], [ 256881.068483828770695, 7037404.981923737563193 ], [ 256896.078055598627543, 7037404.981923737563193 ], [ 256896.078055598627543, 7037399.978733147494495 ], [ 256901.081246188579826, 7037399.978733147494495 ], [ 256901.081246188579826, 7037394.975542557425797 ], [ 256906.084436778503004, 7037394.975542557425797 ], [ 256906.084436778503004, 7037389.972351967357099 ], [ 256911.087627368455287, 7037389.972351967357099 ], [ 256911.087627368455287, 7037379.965970788151026 ], [ 256901.081246188579826, 7037379.965970788151026 ], [ 256901.081246188579826, 7037374.962780198082328 ], [ 256896.078055598627543, 7037374.962780198082328 ], [ 256896.078055598627543, 7037364.956399017944932 ], [ 256891.07486500867526, 7037364.956399017944932 ], [ 256891.07486500867526, 7037359.953208427876234 ], [ 256886.071674418722978, 7037359.953208427876234 ], [ 256886.071674418722978, 7037349.946827247738838 ], [ 256881.068483828770695, 7037349.946827247738838 ], [ 256881.068483828770695, 7037344.943636658601463 ], [ 256876.065293238847516, 7037344.943636658601463 ], [ 256876.065293238847516, 7037329.934064888395369 ], [ 256881.068483828770695, 7037329.934064888395369 ], [ 256881.068483828770695, 7037319.927683708257973 ], [ 256886.071674418722978, 7037319.927683708257973 ], [ 256886.071674418722978, 7037314.924493118189275 ], [ 256891.07486500867526, 7037314.924493118189275 ], [ 256891.07486500867526, 7037309.921302528120577 ], [ 256896.078055598627543, 7037309.921302528120577 ], [ 256896.078055598627543, 7037304.918111938983202 ], [ 256901.081246188579826, 7037304.918111938983202 ], [ 256901.081246188579826, 7037294.911730758845806 ], [ 256906.084436778503004, 7037294.911730758845806 ], [ 256906.084436778503004, 7037289.908540168777108 ], [ 256916.09081795840757, 7037289.908540168777108 ], [ 256916.09081795840757, 7037284.90534957870841 ], [ 256921.094008548359852, 7037284.90534957870841 ], [ 256921.094008548359852, 7037279.902158988639712 ], [ 256926.097199138312135, 7037279.902158988639712 ], [ 256926.097199138312135, 7037274.898968398571014 ], [ 256931.100389728264417, 7037274.898968398571014 ], [ 256931.100389728264417, 7037269.895777809433639 ], [ 256936.103580318187596, 7037269.895777809433639 ], [ 256936.103580318187596, 7037264.892587219364941 ], [ 256946.109961498092161, 7037264.892587219364941 ], [ 256946.109961498092161, 7037259.889396629296243 ], [ 256986.135486217681319, 7037259.889396629296243 ], [ 256986.135486217681319, 7037264.892587219364941 ], [ 257006.148248577461345, 7037264.892587219364941 ], [ 257006.148248577461345, 7037254.886206039227545 ], [ 257011.151439167413628, 7037254.886206039227545 ], [ 257011.151439167413628, 7037249.883015449158847 ], [ 257016.154629757336807, 7037249.883015449158847 ], [ 257016.154629757336807, 7037244.879824859090149 ], [ 257056.180154476925964, 7037244.879824859090149 ], [ 257056.180154476925964, 7037239.876634269021451 ], [ 257061.183345066878246, 7037239.876634269021451 ], [ 257061.183345066878246, 7037244.879824859090149 ], [ 257106.212060376390582, 7037244.879824859090149 ], [ 257106.212060376390582, 7037249.883015449158847 ], [ 257121.22163214624743, 7037249.883015449158847 ], [ 257121.22163214624743, 7037254.886206039227545 ], [ 257131.228013326122891, 7037254.886206039227545 ], [ 257131.228013326122891, 7037259.889396629296243 ], [ 257141.234394506027456, 7037259.889396629296243 ], [ 257141.234394506027456, 7037264.892587219364941 ], [ 257151.240775685932022, 7037264.892587219364941 ], [ 257151.240775685932022, 7037269.895777809433639 ], [ 257161.247156865807483, 7037269.895777809433639 ], [ 257161.247156865807483, 7037279.902158988639712 ], [ 257166.250347455759766, 7037279.902158988639712 ], [ 257166.250347455759766, 7037284.90534957870841 ], [ 257171.253538045712048, 7037284.90534957870841 ], [ 257171.253538045712048, 7037294.911730758845806 ], [ 257176.256728635664331, 7037294.911730758845806 ], [ 257176.256728635664331, 7037299.914921348914504 ], [ 257181.25991922558751, 7037299.914921348914504 ], [ 257181.25991922558751, 7037304.918111938983202 ], [ 257186.263109815539792, 7037304.918111938983202 ], [ 257186.263109815539792, 7037309.921302528120577 ], [ 257191.266300405492075, 7037309.921302528120577 ], [ 257191.266300405492075, 7037359.953208427876234 ], [ 257196.269490995444357, 7037359.953208427876234 ], [ 257196.269490995444357, 7037364.956399017944932 ], [ 257206.275872175348923, 7037364.956399017944932 ], [ 257206.275872175348923, 7037369.95958960801363 ], [ 257211.279062765272101, 7037369.95958960801363 ], [ 257211.279062765272101, 7037379.965970788151026 ], [ 257216.282253355224384, 7037379.965970788151026 ], [ 257216.282253355224384, 7037585.096784975379705 ], [ 257211.279062765272101, 7037585.096784975379705 ], [ 257211.279062765272101, 7037595.103166155517101 ], [ 257206.275872175348923, 7037595.103166155517101 ], [ 257206.275872175348923, 7037605.109547335654497 ], [ 257201.27268158539664, 7037605.109547335654497 ], [ 257201.27268158539664, 7037615.115928515791893 ], [ 257196.269490995444357, 7037615.115928515791893 ], [ 257196.269490995444357, 7037620.119119104929268 ], [ 257191.266300405492075, 7037620.119119104929268 ], [ 257191.266300405492075, 7037625.122309694997966 ], [ 257186.263109815539792, 7037625.122309694997966 ], [ 257186.263109815539792, 7037630.125500285066664 ], [ 257176.256728635664331, 7037630.125500285066664 ], [ 257176.256728635664331, 7037635.128690875135362 ], [ 257171.253538045712048, 7037635.128690875135362 ], [ 257171.253538045712048, 7037640.13188146520406 ], [ 257161.247156865807483, 7037640.13188146520406 ], [ 257161.247156865807483, 7037645.135072055272758 ], [ 257151.240775685932022, 7037645.135072055272758 ], [ 257151.240775685932022, 7037650.138262645341456 ], [ 257111.215250966342865, 7037650.138262645341456 ], [ 257111.215250966342865, 7037645.135072055272758 ], [ 257101.208869786438299, 7037645.135072055272758 ], [ 257101.208869786438299, 7037640.13188146520406 ], [ 257066.186535656830529, 7037640.13188146520406 ], [ 257066.186535656830529, 7037630.125500285066664 ], [ 257061.183345066878246, 7037630.125500285066664 ], [ 257061.183345066878246, 7037625.122309694997966 ], [ 257051.176963886973681, 7037625.122309694997966 ], [ 257051.176963886973681, 7037620.119119104929268 ], [ 257036.167392117145937, 7037620.119119104929268 ], [ 257036.167392117145937, 7037625.122309694997966 ], [ 257031.164201527193654, 7037625.122309694997966 ], [ 257031.164201527193654, 7037630.125500285066664 ], [ 257026.161010937241372, 7037630.125500285066664 ], [ 257026.161010937241372, 7037635.128690875135362 ], [ 257021.157820347289089, 7037635.128690875135362 ], [ 257021.157820347289089, 7037645.135072055272758 ], [ 257026.161010937241372, 7037645.135072055272758 ], [ 257026.161010937241372, 7037650.138262645341456 ], [ 257031.164201527193654, 7037650.138262645341456 ], [ 257031.164201527193654, 7037655.141453234478831 ], [ 257036.167392117145937, 7037655.141453234478831 ], [ 257036.167392117145937, 7037665.147834414616227 ], [ 257031.164201527193654, 7037665.147834414616227 ], [ 257031.164201527193654, 7037725.18612149450928 ], [ 257036.167392117145937, 7037725.18612149450928 ], [ 257036.167392117145937, 7037730.189312084577978 ], [ 257041.17058270709822, 7037730.189312084577978 ], [ 257041.17058270709822, 7037735.192502673715353 ], [ 257046.173773297021398, 7037735.192502673715353 ], [ 257046.173773297021398, 7037740.195693263784051 ], [ 257056.180154476925964, 7037740.195693263784051 ], [ 257056.180154476925964, 7037745.198883853852749 ], [ 257066.186535656830529, 7037745.198883853852749 ], [ 257066.186535656830529, 7037750.202074443921447 ], [ 257076.19291683670599, 7037750.202074443921447 ], [ 257076.19291683670599, 7037755.205265033990145 ], [ 257081.196107426658273, 7037755.205265033990145 ], [ 257081.196107426658273, 7037760.208455624058843 ], [ 257076.19291683670599, 7037760.208455624058843 ], [ 257076.19291683670599, 7037775.218027393333614 ], [ 257071.189726246753708, 7037775.218027393333614 ], [ 257071.189726246753708, 7037785.22440857347101 ], [ 257066.186535656830529, 7037785.22440857347101 ], [ 257066.186535656830529, 7037795.230789753608406 ], [ 257061.183345066878246, 7037795.230789753608406 ], [ 257061.183345066878246, 7037800.233980343677104 ], [ 257051.176963886973681, 7037800.233980343677104 ], [ 257051.176963886973681, 7037805.237170933745801 ], [ 257046.173773297021398, 7037805.237170933745801 ], [ 257046.173773297021398, 7037810.240361522883177 ], [ 257041.17058270709822, 7037810.240361522883177 ], [ 257041.17058270709822, 7037815.243552112951875 ], [ 257036.167392117145937, 7037815.243552112951875 ], [ 257036.167392117145937, 7037825.249933293089271 ], [ 257041.17058270709822, 7037825.249933293089271 ], [ 257041.17058270709822, 7037840.259505063295364 ], [ 257046.173773297021398, 7037840.259505063295364 ], [ 257046.173773297021398, 7037845.26269565243274 ], [ 257051.176963886973681, 7037845.26269565243274 ], [ 257051.176963886973681, 7037850.265886242501438 ], [ 257056.180154476925964, 7037850.265886242501438 ], [ 257056.180154476925964, 7037855.269076832570136 ], [ 257061.183345066878246, 7037855.269076832570136 ], [ 257061.183345066878246, 7037860.272267422638834 ], [ 257066.186535656830529, 7037860.272267422638834 ], [ 257066.186535656830529, 7037865.275458012707531 ], [ 257071.189726246753708, 7037865.275458012707531 ], [ 257071.189726246753708, 7037870.278648602776229 ], [ 257076.19291683670599, 7037870.278648602776229 ], [ 257076.19291683670599, 7037875.281839192844927 ], [ 257081.196107426658273, 7037875.281839192844927 ], [ 257081.196107426658273, 7037880.285029782913625 ], [ 257086.199298016610555, 7037880.285029782913625 ], [ 257086.199298016610555, 7037885.288220372051001 ], [ 257091.202488606562838, 7037885.288220372051001 ], [ 257091.202488606562838, 7037895.294601552188396 ], [ 257096.205679196515121, 7037895.294601552188396 ], [ 257096.205679196515121, 7037905.300982732325792 ], [ 257101.208869786438299, 7037905.300982732325792 ], [ 257101.208869786438299, 7037925.313745091669261 ], [ 257096.205679196515121, 7037925.313745091669261 ], [ 257096.205679196515121, 7037930.316935681737959 ], [ 257046.173773297021398, 7037930.316935681737959 ], [ 257046.173773297021398, 7037940.323316861875355 ], [ 257041.17058270709822, 7037940.323316861875355 ], [ 257041.17058270709822, 7037945.326507451944053 ], [ 257036.167392117145937, 7037945.326507451944053 ], [ 257036.167392117145937, 7037950.329698042012751 ], [ 257031.164201527193654, 7037950.329698042012751 ], [ 257031.164201527193654, 7037955.332888632081449 ], [ 257021.157820347289089, 7037955.332888632081449 ], [ 257021.157820347289089, 7037960.336079221218824 ], [ 257016.154629757336807, 7037960.336079221218824 ], [ 257016.154629757336807, 7037955.332888632081449 ], [ 257011.151439167413628, 7037955.332888632081449 ], [ 257011.151439167413628, 7037950.329698042012751 ], [ 257006.148248577461345, 7037950.329698042012751 ], [ 257006.148248577461345, 7037940.323316861875355 ], [ 257001.145057987509063, 7037940.323316861875355 ], [ 257001.145057987509063, 7037935.320126271806657 ], [ 256991.138676807604497, 7037935.320126271806657 ], [ 256991.138676807604497, 7037940.323316861875355 ], [ 256986.135486217681319, 7037940.323316861875355 ], [ 256986.135486217681319, 7037945.326507451944053 ], [ 256976.129105037776753, 7037945.326507451944053 ], [ 256976.129105037776753, 7037950.329698042012751 ], [ 256966.122723857872188, 7037950.329698042012751 ], [ 256966.122723857872188, 7037955.332888632081449 ], [ 256961.119533267919905, 7037955.332888632081449 ], [ 256961.119533267919905, 7037960.336079221218824 ], [ 256951.113152088044444, 7037960.336079221218824 ], [ 256951.113152088044444, 7037965.339269811287522 ], [ 256941.106770908139879, 7037965.339269811287522 ], [ 256941.106770908139879, 7037970.34246040135622 ], [ 256926.097199138312135, 7037970.34246040135622 ], [ 256926.097199138312135, 7037975.345650991424918 ], [ 256921.094008548359852, 7037975.345650991424918 ], [ 256921.094008548359852, 7037980.348841581493616 ], [ 256916.09081795840757, 7037980.348841581493616 ], [ 256916.09081795840757, 7037985.352032171562314 ], [ 256911.087627368455287, 7037985.352032171562314 ], [ 256911.087627368455287, 7037990.355222761631012 ], [ 256906.084436778503004, 7037990.355222761631012 ], [ 256906.084436778503004, 7037995.35841335169971 ], [ 256901.081246188579826, 7037995.35841335169971 ], [ 256901.081246188579826, 7038000.361603940837085 ], [ 256896.078055598627543, 7038000.361603940837085 ], [ 256896.078055598627543, 7038005.364794530905783 ], [ 256891.07486500867526, 7038005.364794530905783 ], [ 256891.07486500867526, 7038010.367985120974481 ], [ 256886.071674418722978, 7038010.367985120974481 ], [ 256886.071674418722978, 7038015.371175711043179 ], [ 256881.068483828770695, 7038015.371175711043179 ], [ 256881.068483828770695, 7038020.374366301111877 ], [ 256876.065293238847516, 7038020.374366301111877 ], [ 256876.065293238847516, 7038025.377556891180575 ], [ 256881.068483828770695, 7038025.377556891180575 ], [ 256881.068483828770695, 7038030.380747481249273 ], [ 256886.071674418722978, 7038030.380747481249273 ], [ 256886.071674418722978, 7038035.383938071317971 ], [ 256891.07486500867526, 7038035.383938071317971 ], [ 256891.07486500867526, 7038040.387128660455346 ], [ 256906.084436778503004, 7038040.387128660455346 ], [ 256906.084436778503004, 7038045.390319250524044 ], [ 256911.087627368455287, 7038045.390319250524044 ], [ 256911.087627368455287, 7038050.393509840592742 ], [ 256916.09081795840757, 7038050.393509840592742 ], [ 256916.09081795840757, 7038060.399891020730138 ], [ 256906.084436778503004, 7038060.399891020730138 ], [ 256906.084436778503004, 7038065.403081610798836 ], [ 256901.081246188579826, 7038065.403081610798836 ], [ 256901.081246188579826, 7038070.406272200867534 ], [ 256896.078055598627543, 7038070.406272200867534 ], [ 256896.078055598627543, 7038075.409462790004909 ], [ 256891.07486500867526, 7038075.409462790004909 ], [ 256891.07486500867526, 7038080.412653380073607 ], [ 256886.071674418722978, 7038080.412653380073607 ], [ 256886.071674418722978, 7038085.415843970142305 ], [ 256881.068483828770695, 7038085.415843970142305 ], [ 256881.068483828770695, 7038095.422225150279701 ], [ 256871.062102648895234, 7038095.422225150279701 ], [ 256871.062102648895234, 7038105.428606330417097 ], [ 256861.055721468990669, 7038105.428606330417097 ], [ 256861.055721468990669, 7038110.431796920485795 ], [ 256856.052530879038386, 7038110.431796920485795 ], [ 256856.052530879038386, 7038115.43498750962317 ], [ 256851.049340289086103, 7038115.43498750962317 ], [ 256851.049340289086103, 7038120.438178099691868 ], [ 256846.046149699162925, 7038120.438178099691868 ], [ 256846.046149699162925, 7038125.441368689760566 ], [ 256836.039768519258359, 7038125.441368689760566 ], [ 256836.039768519258359, 7038140.45094045996666 ], [ 256831.036577929306077, 7038140.45094045996666 ], [ 256831.036577929306077, 7038150.457321640104055 ], [ 256821.030196749430615, 7038150.457321640104055 ], [ 256821.030196749430615, 7038155.460512229241431 ], [ 256816.027006159478333, 7038155.460512229241431 ], [ 256816.027006159478333, 7038160.463702819310129 ], [ 256811.02381556952605, 7038160.463702819310129 ], [ 256811.02381556952605, 7038165.466893409378827 ], [ 256806.020624979573768, 7038165.466893409378827 ], [ 256806.020624979573768, 7038170.470083999447525 ], [ 256801.017434389621485, 7038170.470083999447525 ], [ 256801.017434389621485, 7038175.473274589516222 ], [ 256796.014243799669202, 7038175.473274589516222 ], [ 256796.014243799669202, 7038180.47646517958492 ], [ 256791.011053209746024, 7038180.47646517958492 ], [ 256791.011053209746024, 7038190.482846358790994 ], [ 256786.007862619793741, 7038190.482846358790994 ], [ 256786.007862619793741, 7038200.48922753892839 ], [ 256755.988719080109149, 7038200.48922753892839 ] ], [ [ 256901.081246188579826, 7037890.291410962119699 ], [ 256906.084436778503004, 7037890.291410962119699 ], [ 256906.084436778503004, 7037885.288220372051001 ], [ 256901.081246188579826, 7037885.288220372051001 ], [ 256901.081246188579826, 7037890.291410962119699 ] ], [ [ 256876.065293238847516, 7037595.103166155517101 ], [ 256881.068483828770695, 7037595.103166155517101 ], [ 256881.068483828770695, 7037590.099975565448403 ], [ 256886.071674418722978, 7037590.099975565448403 ], [ 256886.071674418722978, 7037585.096784975379705 ], [ 256891.07486500867526, 7037585.096784975379705 ], [ 256891.07486500867526, 7037580.093594385311007 ], [ 256896.078055598627543, 7037580.093594385311007 ], [ 256896.078055598627543, 7037565.084022616036236 ], [ 256891.07486500867526, 7037565.084022616036236 ], [ 256891.07486500867526, 7037545.071260255761445 ], [ 256896.078055598627543, 7037545.071260255761445 ], [ 256896.078055598627543, 7037535.064879076555371 ], [ 256891.07486500867526, 7037535.064879076555371 ], [ 256891.07486500867526, 7037530.061688486486673 ], [ 256886.071674418722978, 7037530.061688486486673 ], [ 256886.071674418722978, 7037525.058497896417975 ], [ 256876.065293238847516, 7037525.058497896417975 ], [ 256876.065293238847516, 7037535.064879076555371 ], [ 256871.062102648895234, 7037535.064879076555371 ], [ 256871.062102648895234, 7037540.068069665692747 ], [ 256866.058912058942951, 7037540.068069665692747 ], [ 256866.058912058942951, 7037570.087213206104934 ], [ 256861.055721468990669, 7037570.087213206104934 ], [ 256861.055721468990669, 7037575.090403796173632 ], [ 256866.058912058942951, 7037575.090403796173632 ], [ 256866.058912058942951, 7037580.093594385311007 ], [ 256871.062102648895234, 7037580.093594385311007 ], [ 256871.062102648895234, 7037585.096784975379705 ], [ 256876.065293238847516, 7037585.096784975379705 ], [ 256876.065293238847516, 7037595.103166155517101 ] ] ] } },
{ "type": "Feature", "properties": { "id": 36, "slope": 1 }, "geometry": { "type": "Polygon", "coordinates": [ [ [ 257526.480069931945764, 7037379.965970788151026 ], [ 257526.480069931945764, 7037374.962780198082328 ], [ 257521.476879341993481, 7037374.962780198082328 ], [ 257521.476879341993481, 7037369.95958960801363 ], [ 257501.464116982213454, 7037369.95958960801363 ], [ 257501.464116982213454, 7037364.956399017944932 ], [ 257486.454545212356606, 7037364.956399017944932 ], [ 257486.454545212356606, 7037359.953208427876234 ], [ 257481.451354622433428, 7037359.953208427876234 ], [ 257481.451354622433428, 7037354.950017837807536 ], [ 257471.444973442528863, 7037354.950017837807536 ], [ 257471.444973442528863, 7037349.946827247738838 ], [ 257461.438592262624297, 7037349.946827247738838 ], [ 257461.438592262624297, 7037344.943636658601463 ], [ 257456.435401672672015, 7037344.943636658601463 ], [ 257456.435401672672015, 7037339.940446068532765 ], [ 257446.429020492796553, 7037339.940446068532765 ], [ 257446.429020492796553, 7037334.937255478464067 ], [ 257436.422639312891988, 7037334.937255478464067 ], [ 257436.422639312891988, 7037329.934064888395369 ], [ 257431.419448722939705, 7037329.934064888395369 ], [ 257431.419448722939705, 7037324.930874298326671 ], [ 257421.413067543064244, 7037324.930874298326671 ], [ 257421.413067543064244, 7037319.927683708257973 ], [ 257416.409876953111961, 7037319.927683708257973 ], [ 257416.409876953111961, 7037314.924493118189275 ], [ 257411.406686363159679, 7037314.924493118189275 ], [ 257411.406686363159679, 7037309.921302528120577 ], [ 257406.403495773207396, 7037309.921302528120577 ], [ 257406.403495773207396, 7037304.918111938983202 ], [ 257401.400305183255114, 7037304.918111938983202 ], [ 257401.400305183255114, 7037299.914921348914504 ], [ 257396.397114593331935, 7037299.914921348914504 ], [ 257396.397114593331935, 7037294.911730758845806 ], [ 257391.393924003379652, 7037294.911730758845806 ], [ 257391.393924003379652, 7037289.908540168777108 ], [ 257386.39073341342737, 7037289.908540168777108 ], [ 257386.39073341342737, 7037284.90534957870841 ], [ 257381.387542823475087, 7037284.90534957870841 ], [ 257381.387542823475087, 7037279.902158988639712 ], [ 257376.384352233522804, 7037279.902158988639712 ], [ 257376.384352233522804, 7037274.898968398571014 ], [ 257371.381161643599626, 7037274.898968398571014 ], [ 257371.381161643599626, 7037269.895777809433639 ], [ 257366.377971053647343, 7037269.895777809433639 ], [ 257366.377971053647343, 7037264.892587219364941 ], [ 257361.37478046369506, 7037264.892587219364941 ], [ 257361.37478046369506, 7037249.883015449158847 ], [ 257356.371589873742778, 7037249.883015449158847 ], [ 257356.371589873742778, 7037244.879824859090149 ], [ 257361.37478046369506, 7037244.879824859090149 ], [ 257361.37478046369506, 7037234.873443678952754 ], [ 257366.377971053647343, 7037234.873443678952754 ], [ 257366.377971053647343, 7037209.857490729540586 ], [ 257361.37478046369506, 7037209.857490729540586 ], [ 257361.37478046369506, 7037204.854300139471889 ], [ 257356.371589873742778, 7037204.854300139471889 ], [ 257356.371589873742778, 7037189.844728370197117 ], [ 257351.368399283790495, 7037189.844728370197117 ], [ 257351.368399283790495, 7037184.841537780128419 ], [ 257346.365208693838213, 7037184.841537780128419 ], [ 257346.365208693838213, 7037179.838347190059721 ], [ 257341.362018103915034, 7037179.838347190059721 ], [ 257341.362018103915034, 7037169.831966009922326 ], [ 257331.355636924010469, 7037169.831966009922326 ], [ 257331.355636924010469, 7037164.828775419853628 ], [ 257326.352446334058186, 7037164.828775419853628 ], [ 257326.352446334058186, 7037159.82558482978493 ], [ 257321.349255744105903, 7037159.82558482978493 ], [ 257321.349255744105903, 7037154.822394240647554 ], [ 257316.346065154182725, 7037154.822394240647554 ], [ 257316.346065154182725, 7037149.819203650578856 ], [ 257311.342874564230442, 7037149.819203650578856 ], [ 257311.342874564230442, 7037144.816013060510159 ], [ 257316.346065154182725, 7037144.816013060510159 ], [ 257316.346065154182725, 7037134.809631880372763 ], [ 257321.349255744105903, 7037134.809631880372763 ], [ 257321.349255744105903, 7037129.806441290304065 ], [ 257326.352446334058186, 7037129.806441290304065 ], [ 257326.352446334058186, 7037124.803250700235367 ], [ 257331.355636924010469, 7037124.803250700235367 ], [ 257331.355636924010469, 7037119.800060110166669 ], [ 257341.362018103915034, 7037119.800060110166669 ], [ 257341.362018103915034, 7037109.793678930960596 ], [ 257346.365208693838213, 7037109.793678930960596 ], [ 257346.365208693838213, 7037099.7872977508232 ], [ 257436.422639312891988, 7037099.7872977508232 ], [ 257436.422639312891988, 7037104.790488340891898 ], [ 257456.435401672672015, 7037104.790488340891898 ], [ 257456.435401672672015, 7037109.793678930960596 ], [ 257461.438592262624297, 7037109.793678930960596 ], [ 257461.438592262624297, 7037104.790488340891898 ], [ 257466.44178285257658, 7037104.790488340891898 ], [ 257466.44178285257658, 7037099.7872977508232 ], [ 257471.444973442528863, 7037099.7872977508232 ], [ 257471.444973442528863, 7037094.784107160754502 ], [ 257476.448164032481145, 7037094.784107160754502 ], [ 257476.448164032481145, 7037089.780916570685804 ], [ 257481.451354622433428, 7037089.780916570685804 ], [ 257481.451354622433428, 7037084.777725980617106 ], [ 257486.454545212356606, 7037084.777725980617106 ], [ 257486.454545212356606, 7037079.774535390548408 ], [ 257491.457735802308889, 7037079.774535390548408 ], [ 257491.457735802308889, 7037074.771344801411033 ], [ 257496.460926392261172, 7037074.771344801411033 ], [ 257496.460926392261172, 7037069.768154211342335 ], [ 257501.464116982213454, 7037069.768154211342335 ], [ 257501.464116982213454, 7037059.761773031204939 ], [ 257496.460926392261172, 7037059.761773031204939 ], [ 257496.460926392261172, 7037064.764963621273637 ], [ 257491.457735802308889, 7037064.764963621273637 ], [ 257491.457735802308889, 7037059.761773031204939 ], [ 257471.444973442528863, 7037059.761773031204939 ], [ 257471.444973442528863, 7037054.758582441136241 ], [ 257456.435401672672015, 7037054.758582441136241 ], [ 257456.435401672672015, 7037059.761773031204939 ], [ 257451.432211082748836, 7037059.761773031204939 ], [ 257451.432211082748836, 7037054.758582441136241 ], [ 257446.429020492796553, 7037054.758582441136241 ], [ 257446.429020492796553, 7037049.755391851067543 ], [ 257441.425829902844271, 7037049.755391851067543 ], [ 257441.425829902844271, 7037044.752201260998845 ], [ 257436.422639312891988, 7037044.752201260998845 ], [ 257436.422639312891988, 7037034.745820081792772 ], [ 257431.419448722939705, 7037034.745820081792772 ], [ 257431.419448722939705, 7037019.736248311586678 ], [ 257436.422639312891988, 7037019.736248311586678 ], [ 257436.422639312891988, 7036999.723485952243209 ], [ 257441.425829902844271, 7036999.723485952243209 ], [ 257441.425829902844271, 7036989.717104772105813 ], [ 257446.429020492796553, 7036989.717104772105813 ], [ 257446.429020492796553, 7036979.710723591968417 ], [ 257451.432211082748836, 7036979.710723591968417 ], [ 257451.432211082748836, 7036974.707533001899719 ], [ 257456.435401672672015, 7036974.707533001899719 ], [ 257456.435401672672015, 7036969.704342411831021 ], [ 257461.438592262624297, 7036969.704342411831021 ], [ 257461.438592262624297, 7036964.701151821762323 ], [ 257471.444973442528863, 7036964.701151821762323 ], [ 257471.444973442528863, 7036959.697961232624948 ], [ 257476.448164032481145, 7036959.697961232624948 ], [ 257476.448164032481145, 7036954.69477064255625 ], [ 257486.454545212356606, 7036954.69477064255625 ], [ 257486.454545212356606, 7036949.691580052487552 ], [ 257501.464116982213454, 7036949.691580052487552 ], [ 257501.464116982213454, 7036944.688389462418854 ], [ 257516.473688752041198, 7036944.688389462418854 ], [ 257516.473688752041198, 7036939.685198872350156 ], [ 257531.483260521898046, 7036939.685198872350156 ], [ 257531.483260521898046, 7036934.682008282281458 ], [ 257551.496022881678073, 7036934.682008282281458 ], [ 257551.496022881678073, 7036929.67881769221276 ], [ 257566.505594651505817, 7036929.67881769221276 ], [ 257566.505594651505817, 7036924.675627103075385 ], [ 257676.575787630339619, 7036924.675627103075385 ], [ 257676.575787630339619, 7036919.672436513006687 ], [ 257696.588549990148749, 7036919.672436513006687 ], [ 257696.588549990148749, 7036924.675627103075385 ], [ 257736.614074709708802, 7036924.675627103075385 ], [ 257736.614074709708802, 7036919.672436513006687 ], [ 257746.620455889613368, 7036919.672436513006687 ], [ 257746.620455889613368, 7036914.669245922937989 ], [ 257766.633218249393394, 7036914.669245922937989 ], [ 257766.633218249393394, 7036909.666055332869291 ], [ 257786.645980609173421, 7036909.666055332869291 ], [ 257786.645980609173421, 7036914.669245922937989 ], [ 257836.677886508667143, 7036914.669245922937989 ], [ 257836.677886508667143, 7036909.666055332869291 ], [ 257841.681077098590322, 7036909.666055332869291 ], [ 257841.681077098590322, 7036914.669245922937989 ], [ 257876.703411228227196, 7036914.669245922937989 ], [ 257876.703411228227196, 7036919.672436513006687 ], [ 257886.709792408131761, 7036919.672436513006687 ], [ 257886.709792408131761, 7037019.736248311586678 ], [ 257876.703411228227196, 7037019.736248311586678 ], [ 257876.703411228227196, 7037029.742629491724074 ], [ 257881.706601818179479, 7037029.742629491724074 ], [ 257881.706601818179479, 7037024.739438901655376 ], [ 257886.709792408131761, 7037024.739438901655376 ], [ 257886.709792408131761, 7037109.793678930960596 ], [ 257861.693839458399452, 7037109.793678930960596 ], [ 257861.693839458399452, 7037104.790488340891898 ], [ 257846.684267688542604, 7037104.790488340891898 ], [ 257846.684267688542604, 7037094.784107160754502 ], [ 257841.681077098590322, 7037094.784107160754502 ], [ 257841.681077098590322, 7037084.777725980617106 ], [ 257836.677886508667143, 7037084.777725980617106 ], [ 257836.677886508667143, 7037079.774535390548408 ], [ 257826.671505328762578, 7037079.774535390548408 ], [ 257826.671505328762578, 7037084.777725980617106 ], [ 257816.665124148858013, 7037084.777725980617106 ], [ 257816.665124148858013, 7037089.780916570685804 ], [ 257806.658742968982551, 7037089.780916570685804 ], [ 257806.658742968982551, 7037094.784107160754502 ], [ 257786.645980609173421, 7037094.784107160754502 ], [ 257786.645980609173421, 7037099.7872977508232 ], [ 257781.642790019250242, 7037099.7872977508232 ], [ 257781.642790019250242, 7037094.784107160754502 ], [ 257771.636408839345677, 7037094.784107160754502 ], [ 257771.636408839345677, 7037089.780916570685804 ], [ 257761.630027659441112, 7037089.780916570685804 ], [ 257761.630027659441112, 7037079.774535390548408 ], [ 257756.626837069517933, 7037079.774535390548408 ], [ 257756.626837069517933, 7037074.771344801411033 ], [ 257751.62364647956565, 7037074.771344801411033 ], [ 257751.62364647956565, 7037079.774535390548408 ], [ 257731.61088411975652, 7037079.774535390548408 ], [ 257731.61088411975652, 7037084.777725980617106 ], [ 257706.594931170024211, 7037084.777725980617106 ], [ 257706.594931170024211, 7037079.774535390548408 ], [ 257691.585359400196467, 7037079.774535390548408 ], [ 257691.585359400196467, 7037074.771344801411033 ], [ 257681.578978220291901, 7037074.771344801411033 ], [ 257681.578978220291901, 7037079.774535390548408 ], [ 257686.582168810244184, 7037079.774535390548408 ], [ 257686.582168810244184, 7037084.777725980617106 ], [ 257691.585359400196467, 7037084.777725980617106 ], [ 257691.585359400196467, 7037089.780916570685804 ], [ 257696.588549990148749, 7037089.780916570685804 ], [ 257696.588549990148749, 7037094.784107160754502 ], [ 257701.591740580101032, 7037094.784107160754502 ], [ 257701.591740580101032, 7037104.790488340891898 ], [ 257721.604502939881058, 7037104.790488340891898 ], [ 257721.604502939881058, 7037109.793678930960596 ], [ 257741.617265299661085, 7037109.793678930960596 ], [ 257741.617265299661085, 7037114.796869521029294 ], [ 257751.62364647956565, 7037114.796869521029294 ], [ 257751.62364647956565, 7037119.800060110166669 ], [ 257761.630027659441112, 7037119.800060110166669 ], [ 257761.630027659441112, 7037124.803250700235367 ], [ 257766.633218249393394, 7037124.803250700235367 ], [ 257766.633218249393394, 7037134.809631880372763 ], [ 257771.636408839345677, 7037134.809631880372763 ], [ 257771.636408839345677, 7037149.819203650578856 ], [ 257776.639599429297959, 7037149.819203650578856 ], [ 257776.639599429297959, 7037164.828775419853628 ], [ 257771.636408839345677, 7037164.828775419853628 ], [ 257771.636408839345677, 7037179.838347190059721 ], [ 257766.633218249393394, 7037179.838347190059721 ], [ 257766.633218249393394, 7037184.841537780128419 ], [ 257761.630027659441112, 7037184.841537780128419 ], [ 257761.630027659441112, 7037189.844728370197117 ], [ 257756.626837069517933, 7037189.844728370197117 ], [ 257756.626837069517933, 7037194.847918959334493 ], [ 257751.62364647956565, 7037194.847918959334493 ], [ 257751.62364647956565, 7037204.854300139471889 ], [ 257746.620455889613368, 7037204.854300139471889 ], [ 257746.620455889613368, 7037224.86706249974668 ], [ 257751.62364647956565, 7037224.86706249974668 ], [ 257751.62364647956565, 7037234.873443678952754 ], [ 257746.620455889613368, 7037234.873443678952754 ], [ 257746.620455889613368, 7037244.879824859090149 ], [ 257741.617265299661085, 7037244.879824859090149 ], [ 257741.617265299661085, 7037249.883015449158847 ], [ 257746.620455889613368, 7037249.883015449158847 ], [ 257746.620455889613368, 7037254.886206039227545 ], [ 257751.62364647956565, 7037254.886206039227545 ], [ 257751.62364647956565, 7037249.883015449158847 ], [ 257766.633218249393394, 7037249.883015449158847 ], [ 257766.633218249393394, 7037254.886206039227545 ], [ 257776.639599429297959, 7037254.886206039227545 ], [ 257776.639599429297959, 7037264.892587219364941 ], [ 257781.642790019250242, 7037264.892587219364941 ], [ 257781.642790019250242, 7037274.898968398571014 ], [ 257786.645980609173421, 7037274.898968398571014 ], [ 257786.645980609173421, 7037289.908540168777108 ], [ 257791.649171199125703, 7037289.908540168777108 ], [ 257791.649171199125703, 7037294.911730758845806 ], [ 257796.652361789077986, 7037294.911730758845806 ], [ 257796.652361789077986, 7037314.924493118189275 ], [ 257791.649171199125703, 7037314.924493118189275 ], [ 257791.649171199125703, 7037324.930874298326671 ], [ 257786.645980609173421, 7037324.930874298326671 ], [ 257786.645980609173421, 7037344.943636658601463 ], [ 257781.642790019250242, 7037344.943636658601463 ], [ 257781.642790019250242, 7037349.946827247738838 ], [ 257776.639599429297959, 7037349.946827247738838 ], [ 257776.639599429297959, 7037354.950017837807536 ], [ 257771.636408839345677, 7037354.950017837807536 ], [ 257771.636408839345677, 7037359.953208427876234 ], [ 257766.633218249393394, 7037359.953208427876234 ], [ 257766.633218249393394, 7037364.956399017944932 ], [ 257761.630027659441112, 7037364.956399017944932 ], [ 257761.630027659441112, 7037374.962780198082328 ], [ 257756.626837069517933, 7037374.962780198082328 ], [ 257756.626837069517933, 7037379.965970788151026 ], [ 257526.480069931945764, 7037379.965970788151026 ] ] ] } },
{ "type": "Feature", "properties": { "id": 38, "slope": 1 }, "geometry": { "type": "Polygon", "coordinates": [ [ [ 255960.481415278540226, 7037274.898968398571014 ], [ 255960.481415278540226, 7037269.895777809433639 ], [ 255955.478224688587943, 7037269.895777809433639 ], [ 255955.478224688587943, 7037264.892587219364941 ], [ 255950.47503409863566, 7037264.892587219364941 ], [ 255950.47503409863566, 7037259.889396629296243 ], [ 255940.468652918760199, 7037259.889396629296243 ], [ 255940.468652918760199, 7037264.892587219364941 ], [ 255900.443128199171042, 7037264.892587219364941 ], [ 255900.443128199171042, 7037259.889396629296243 ], [ 255875.427175249438733, 7037259.889396629296243 ], [ 255875.427175249438733, 7037254.886206039227545 ], [ 255865.420794069534168, 7037254.886206039227545 ], [ 255865.420794069534168, 7037249.883015449158847 ], [ 255855.414412889658706, 7037249.883015449158847 ], [ 255855.414412889658706, 7037244.879824859090149 ], [ 255850.411222299706424, 7037244.879824859090149 ], [ 255850.411222299706424, 7037239.876634269021451 ], [ 255840.404841119801858, 7037239.876634269021451 ], [ 255840.404841119801858, 7037234.873443678952754 ], [ 255835.401650529849576, 7037234.873443678952754 ], [ 255835.401650529849576, 7037229.870253089815378 ], [ 255830.398459939926397, 7037229.870253089815378 ], [ 255830.398459939926397, 7037224.86706249974668 ], [ 255825.395269349974114, 7037224.86706249974668 ], [ 255825.395269349974114, 7037214.860681319609284 ], [ 255820.392078760021832, 7037214.860681319609284 ], [ 255820.392078760021832, 7037189.844728370197117 ], [ 255825.395269349974114, 7037189.844728370197117 ], [ 255825.395269349974114, 7037179.838347190059721 ], [ 255830.398459939926397, 7037179.838347190059721 ], [ 255830.398459939926397, 7037174.835156599991024 ], [ 255840.404841119801858, 7037174.835156599991024 ], [ 255840.404841119801858, 7037169.831966009922326 ], [ 255850.411222299706424, 7037169.831966009922326 ], [ 255850.411222299706424, 7037159.82558482978493 ], [ 255845.408031709754141, 7037159.82558482978493 ], [ 255845.408031709754141, 7037154.822394240647554 ], [ 255840.404841119801858, 7037154.822394240647554 ], [ 255840.404841119801858, 7037159.82558482978493 ], [ 255815.388888170069549, 7037159.82558482978493 ], [ 255815.388888170069549, 7037154.822394240647554 ], [ 255810.385697580117267, 7037154.822394240647554 ], [ 255810.385697580117267, 7037149.819203650578856 ], [ 255800.379316400241805, 7037149.819203650578856 ], [ 255800.379316400241805, 7037129.806441290304065 ], [ 255805.382506990164984, 7037129.806441290304065 ], [ 255805.382506990164984, 7037124.803250700235367 ], [ 255810.385697580117267, 7037124.803250700235367 ], [ 255810.385697580117267, 7037119.800060110166669 ], [ 255820.392078760021832, 7037119.800060110166669 ], [ 255820.392078760021832, 7037114.796869521029294 ], [ 255830.398459939926397, 7037114.796869521029294 ], [ 255830.398459939926397, 7037109.793678930960596 ], [ 255835.401650529849576, 7037109.793678930960596 ], [ 255835.401650529849576, 7037104.790488340891898 ], [ 255840.404841119801858, 7037104.790488340891898 ], [ 255840.404841119801858, 7037099.7872977508232 ], [ 255845.408031709754141, 7037099.7872977508232 ], [ 255845.408031709754141, 7037094.784107160754502 ], [ 255855.414412889658706, 7037094.784107160754502 ], [ 255855.414412889658706, 7037089.780916570685804 ], [ 255860.417603479581885, 7037089.780916570685804 ], [ 255860.417603479581885, 7037084.777725980617106 ], [ 255870.42398465948645, 7037084.777725980617106 ], [ 255870.42398465948645, 7037079.774535390548408 ], [ 255875.427175249438733, 7037079.774535390548408 ], [ 255875.427175249438733, 7037064.764963621273637 ], [ 255885.433556429343298, 7037064.764963621273637 ], [ 255885.433556429343298, 7037059.761773031204939 ], [ 255895.439937609218759, 7037059.761773031204939 ], [ 255895.439937609218759, 7037054.758582441136241 ], [ 255915.452699968998786, 7037054.758582441136241 ], [ 255915.452699968998786, 7037049.755391851067543 ], [ 255930.462271738855634, 7037049.755391851067543 ], [ 255930.462271738855634, 7037044.752201260998845 ], [ 255940.468652918760199, 7037044.752201260998845 ], [ 255940.468652918760199, 7037039.74901067186147 ], [ 255975.49098704836797, 7037039.74901067186147 ], [ 255975.49098704836797, 7037034.745820081792772 ], [ 255990.500558818224818, 7037034.745820081792772 ], [ 255990.500558818224818, 7037039.74901067186147 ], [ 256000.506939998100279, 7037039.74901067186147 ], [ 256000.506939998100279, 7037044.752201260998845 ], [ 256005.510130588052562, 7037044.752201260998845 ], [ 256005.510130588052562, 7037039.74901067186147 ], [ 256025.522892947832588, 7037039.74901067186147 ], [ 256025.522892947832588, 7037034.745820081792772 ], [ 256035.529274127737153, 7037034.745820081792772 ], [ 256035.529274127737153, 7037029.742629491724074 ], [ 256050.538845897594001, 7037029.742629491724074 ], [ 256050.538845897594001, 7037044.752201260998845 ], [ 256045.535655307641719, 7037044.752201260998845 ], [ 256045.535655307641719, 7037049.755391851067543 ], [ 256030.526083537784871, 7037049.755391851067543 ], [ 256030.526083537784871, 7037054.758582441136241 ], [ 256025.522892947832588, 7037054.758582441136241 ], [ 256025.522892947832588, 7037059.761773031204939 ], [ 256020.519702357909409, 7037059.761773031204939 ], [ 256020.519702357909409, 7037064.764963621273637 ], [ 256015.516511767957127, 7037064.764963621273637 ], [ 256015.516511767957127, 7037069.768154211342335 ], [ 256010.513321178004844, 7037069.768154211342335 ], [ 256010.513321178004844, 7037074.771344801411033 ], [ 256005.510130588052562, 7037074.771344801411033 ], [ 256005.510130588052562, 7037079.774535390548408 ], [ 255995.5037494081771, 7037079.774535390548408 ], [ 255995.5037494081771, 7037084.777725980617106 ], [ 255990.500558818224818, 7037084.777725980617106 ], [ 255990.500558818224818, 7037099.7872977508232 ], [ 255985.497368228272535, 7037099.7872977508232 ], [ 255985.497368228272535, 7037104.790488340891898 ], [ 255990.500558818224818, 7037104.790488340891898 ], [ 255990.500558818224818, 7037109.793678930960596 ], [ 256000.506939998100279, 7037109.793678930960596 ], [ 256000.506939998100279, 7037099.7872977508232 ], [ 256005.510130588052562, 7037099.7872977508232 ], [ 256005.510130588052562, 7037094.784107160754502 ], [ 256010.513321178004844, 7037094.784107160754502 ], [ 256010.513321178004844, 7037089.780916570685804 ], [ 256020.519702357909409, 7037089.780916570685804 ], [ 256020.519702357909409, 7037084.777725980617106 ], [ 256025.522892947832588, 7037084.777725980617106 ], [ 256025.522892947832588, 7037079.774535390548408 ], [ 256030.526083537784871, 7037079.774535390548408 ], [ 256030.526083537784871, 7037074.771344801411033 ], [ 256035.529274127737153, 7037074.771344801411033 ], [ 256035.529274127737153, 7037069.768154211342335 ], [ 256040.532464717689436, 7037069.768154211342335 ], [ 256040.532464717689436, 7037064.764963621273637 ], [ 256050.538845897594001, 7037064.764963621273637 ], [ 256050.538845897594001, 7037059.761773031204939 ], [ 256065.548417667421745, 7037059.761773031204939 ], [ 256065.548417667421745, 7037049.755391851067543 ], [ 256070.551608257374028, 7037049.755391851067543 ], [ 256070.551608257374028, 7037044.752201260998845 ], [ 256075.55479884732631, 7037044.752201260998845 ], [ 256075.55479884732631, 7037034.745820081792772 ], [ 256070.551608257374028, 7037034.745820081792772 ], [ 256070.551608257374028, 7037029.742629491724074 ], [ 256065.548417667421745, 7037029.742629491724074 ], [ 256065.548417667421745, 7037024.739438901655376 ], [ 256060.545227077469463, 7037024.739438901655376 ], [ 256060.545227077469463, 7037019.736248311586678 ], [ 256055.54203648751718, 7037019.736248311586678 ], [ 256055.54203648751718, 7037014.73305772151798 ], [ 256045.535655307641719, 7037014.73305772151798 ], [ 256045.535655307641719, 7037009.729867131449282 ], [ 256035.529274127737153, 7037009.729867131449282 ], [ 256035.529274127737153, 7037014.73305772151798 ], [ 256020.519702357909409, 7037014.73305772151798 ], [ 256020.519702357909409, 7037019.736248311586678 ], [ 256000.506939998100279, 7037019.736248311586678 ], [ 256000.506939998100279, 7037014.73305772151798 ], [ 255990.500558818224818, 7037014.73305772151798 ], [ 255990.500558818224818, 7037009.729867131449282 ], [ 255980.494177638320252, 7037009.729867131449282 ], [ 255980.494177638320252, 7037004.726676541380584 ], [ 255975.49098704836797, 7037004.726676541380584 ], [ 255975.49098704836797, 7037009.729867131449282 ], [ 255940.468652918760199, 7037009.729867131449282 ], [ 255940.468652918760199, 7037004.726676541380584 ], [ 255930.462271738855634, 7037004.726676541380584 ], [ 255930.462271738855634, 7037009.729867131449282 ], [ 255920.455890558951069, 7037009.729867131449282 ], [ 255920.455890558951069, 7037004.726676541380584 ], [ 255910.449509379075607, 7037004.726676541380584 ], [ 255910.449509379075607, 7036999.723485952243209 ], [ 255905.446318789123325, 7036999.723485952243209 ], [ 255905.446318789123325, 7036994.720295362174511 ], [ 255895.439937609218759, 7036994.720295362174511 ], [ 255895.439937609218759, 7036989.717104772105813 ], [ 255885.433556429343298, 7036989.717104772105813 ], [ 255885.433556429343298, 7036994.720295362174511 ], [ 255875.427175249438733, 7036994.720295362174511 ], [ 255875.427175249438733, 7036914.669245922937989 ], [ 255880.430365839391015, 7036914.669245922937989 ], [ 255880.430365839391015, 7036919.672436513006687 ], [ 255895.439937609218759, 7036919.672436513006687 ], [ 255895.439937609218759, 7036924.675627103075385 ], [ 255905.446318789123325, 7036924.675627103075385 ], [ 255905.446318789123325, 7036929.67881769221276 ], [ 255925.459081148903351, 7036929.67881769221276 ], [ 255925.459081148903351, 7036934.682008282281458 ], [ 255940.468652918760199, 7036934.682008282281458 ], [ 255940.468652918760199, 7036939.685198872350156 ], [ 255960.481415278540226, 7036939.685198872350156 ], [ 255960.481415278540226, 7036944.688389462418854 ], [ 255985.497368228272535, 7036944.688389462418854 ], [ 255985.497368228272535, 7036949.691580052487552 ], [ 256010.513321178004844, 7036949.691580052487552 ], [ 256010.513321178004844, 7036954.69477064255625 ], [ 256070.551608257374028, 7036954.69477064255625 ], [ 256070.551608257374028, 7036949.691580052487552 ], [ 256040.532464717689436, 7036949.691580052487552 ], [ 256040.532464717689436, 7036944.688389462418854 ], [ 256000.506939998100279, 7036944.688389462418854 ], [ 256000.506939998100279, 7036939.685198872350156 ], [ 255975.49098704836797, 7036939.685198872350156 ], [ 255975.49098704836797, 7036934.682008282281458 ], [ 255955.478224688587943, 7036934.682008282281458 ], [ 255955.478224688587943, 7036929.67881769221276 ], [ 255935.465462328807916, 7036929.67881769221276 ], [ 255935.465462328807916, 7036924.675627103075385 ], [ 255925.459081148903351, 7036924.675627103075385 ], [ 255925.459081148903351, 7036919.672436513006687 ], [ 255915.452699968998786, 7036919.672436513006687 ], [ 255915.452699968998786, 7036924.675627103075385 ], [ 255910.449509379075607, 7036924.675627103075385 ], [ 255910.449509379075607, 7036919.672436513006687 ], [ 255905.446318789123325, 7036919.672436513006687 ], [ 255905.446318789123325, 7036914.669245922937989 ], [ 255900.443128199171042, 7036914.669245922937989 ], [ 255900.443128199171042, 7036909.666055332869291 ], [ 255885.433556429343298, 7036909.666055332869291 ], [ 255885.433556429343298, 7036904.662864742800593 ], [ 255880.430365839391015, 7036904.662864742800593 ], [ 255880.430365839391015, 7036899.659674152731895 ], [ 255875.427175249438733, 7036899.659674152731895 ], [ 255875.427175249438733, 7036809.6022435342893 ], [ 255880.430365839391015, 7036809.6022435342893 ], [ 255880.430365839391015, 7036814.605434123426676 ], [ 255890.436747019266477, 7036814.605434123426676 ], [ 255890.436747019266477, 7036819.608624713495374 ], [ 255900.443128199171042, 7036819.608624713495374 ], [ 255900.443128199171042, 7036824.611815303564072 ], [ 255915.452699968998786, 7036824.611815303564072 ], [ 255915.452699968998786, 7036829.61500589363277 ], [ 255925.459081148903351, 7036829.61500589363277 ], [ 255925.459081148903351, 7036834.618196483701468 ], [ 255940.468652918760199, 7036834.618196483701468 ], [ 255940.468652918760199, 7036839.621387073770165 ], [ 255955.478224688587943, 7036839.621387073770165 ], [ 255955.478224688587943, 7036844.624577663838863 ], [ 255965.484605868492508, 7036844.624577663838863 ], [ 255965.484605868492508, 7036849.627768253907561 ], [ 255975.49098704836797, 7036849.627768253907561 ], [ 255975.49098704836797, 7036854.630958843044937 ], [ 255985.497368228272535, 7036854.630958843044937 ], [ 255985.497368228272535, 7036859.634149433113635 ], [ 256000.506939998100279, 7036859.634149433113635 ], [ 256000.506939998100279, 7036864.637340023182333 ], [ 256010.513321178004844, 7036864.637340023182333 ], [ 256010.513321178004844, 7036869.64053061325103 ], [ 256020.519702357909409, 7036869.64053061325103 ], [ 256020.519702357909409, 7036874.643721203319728 ], [ 256030.526083537784871, 7036874.643721203319728 ], [ 256030.526083537784871, 7036879.646911793388426 ], [ 256035.529274127737153, 7036879.646911793388426 ], [ 256035.529274127737153, 7036884.650102383457124 ], [ 256045.535655307641719, 7036884.650102383457124 ], [ 256045.535655307641719, 7036889.6532929725945 ], [ 256050.538845897594001, 7036889.6532929725945 ], [ 256050.538845897594001, 7036894.656483562663198 ], [ 256055.54203648751718, 7036894.656483562663198 ], [ 256055.54203648751718, 7036904.662864742800593 ], [ 256060.545227077469463, 7036904.662864742800593 ], [ 256060.545227077469463, 7036909.666055332869291 ], [ 256065.548417667421745, 7036909.666055332869291 ], [ 256065.548417667421745, 7036914.669245922937989 ], [ 256070.551608257374028, 7036914.669245922937989 ], [ 256070.551608257374028, 7036919.672436513006687 ], [ 256080.557989437249489, 7036919.672436513006687 ], [ 256080.557989437249489, 7036924.675627103075385 ], [ 256110.577132976934081, 7036924.675627103075385 ], [ 256110.577132976934081, 7036929.67881769221276 ], [ 256135.59308592666639, 7036929.67881769221276 ], [ 256135.59308592666639, 7036924.675627103075385 ], [ 256150.602657696523238, 7036924.675627103075385 ], [ 256150.602657696523238, 7036929.67881769221276 ], [ 256155.605848286475521, 7036929.67881769221276 ], [ 256155.605848286475521, 7036934.682008282281458 ], [ 256160.609038876427803, 7036934.682008282281458 ], [ 256160.609038876427803, 7036939.685198872350156 ], [ 256165.612229466350982, 7036939.685198872350156 ], [ 256165.612229466350982, 7036944.688389462418854 ], [ 256170.615420056303265, 7036944.688389462418854 ], [ 256170.615420056303265, 7036949.691580052487552 ], [ 256175.618610646255547, 7036949.691580052487552 ], [ 256175.618610646255547, 7036954.69477064255625 ], [ 256180.62180123620783, 7036954.69477064255625 ], [ 256180.62180123620783, 7036959.697961232624948 ], [ 256185.624991826160112, 7036959.697961232624948 ], [ 256185.624991826160112, 7036964.701151821762323 ], [ 256190.628182416083291, 7036964.701151821762323 ], [ 256190.628182416083291, 7036969.704342411831021 ], [ 256195.631373006035574, 7036969.704342411831021 ], [ 256195.631373006035574, 7036974.707533001899719 ], [ 256200.634563595987856, 7036974.707533001899719 ], [ 256200.634563595987856, 7036979.710723591968417 ], [ 256205.637754185940139, 7036979.710723591968417 ], [ 256205.637754185940139, 7036984.713914182037115 ], [ 256210.640944775892422, 7036984.713914182037115 ], [ 256210.640944775892422, 7036989.717104772105813 ], [ 256215.644135365844704, 7036989.717104772105813 ], [ 256215.644135365844704, 7036994.720295362174511 ], [ 256220.647325955767883, 7036994.720295362174511 ], [ 256220.647325955767883, 7036999.723485952243209 ], [ 256225.650516545720166, 7036999.723485952243209 ], [ 256225.650516545720166, 7037004.726676541380584 ], [ 256240.660088315577013, 7037004.726676541380584 ], [ 256240.660088315577013, 7036999.723485952243209 ], [ 256250.666469495452475, 7036999.723485952243209 ], [ 256250.666469495452475, 7036994.720295362174511 ], [ 256275.682422445184784, 7036994.720295362174511 ], [ 256275.682422445184784, 7036999.723485952243209 ], [ 256280.685613035137067, 7036999.723485952243209 ], [ 256280.685613035137067, 7037004.726676541380584 ], [ 256285.688803625089349, 7037004.726676541380584 ], [ 256285.688803625089349, 7037014.73305772151798 ], [ 256280.685613035137067, 7037014.73305772151798 ], [ 256280.685613035137067, 7037029.742629491724074 ], [ 256285.688803625089349, 7037029.742629491724074 ], [ 256285.688803625089349, 7037034.745820081792772 ], [ 256290.691994215041632, 7037034.745820081792772 ], [ 256290.691994215041632, 7037049.755391851067543 ], [ 256285.688803625089349, 7037049.755391851067543 ], [ 256285.688803625089349, 7037059.761773031204939 ], [ 256280.685613035137067, 7037059.761773031204939 ], [ 256280.685613035137067, 7037069.768154211342335 ], [ 256275.682422445184784, 7037069.768154211342335 ], [ 256275.682422445184784, 7037089.780916570685804 ], [ 256270.679231855261605, 7037089.780916570685804 ], [ 256270.679231855261605, 7037094.784107160754502 ], [ 256265.676041265309323, 7037094.784107160754502 ], [ 256265.676041265309323, 7037104.790488340891898 ], [ 256255.669660085404757, 7037104.790488340891898 ], [ 256255.669660085404757, 7037114.796869521029294 ], [ 256250.666469495452475, 7037114.796869521029294 ], [ 256250.666469495452475, 7037119.800060110166669 ], [ 256255.669660085404757, 7037119.800060110166669 ], [ 256255.669660085404757, 7037124.803250700235367 ], [ 256275.682422445184784, 7037124.803250700235367 ], [ 256275.682422445184784, 7037119.800060110166669 ], [ 256285.688803625089349, 7037119.800060110166669 ], [ 256285.688803625089349, 7037114.796869521029294 ], [ 256295.695184804993914, 7037114.796869521029294 ], [ 256295.695184804993914, 7037109.793678930960596 ], [ 256300.698375394917093, 7037109.793678930960596 ], [ 256300.698375394917093, 7037104.790488340891898 ], [ 256320.711137754726224, 7037104.790488340891898 ], [ 256320.711137754726224, 7037124.803250700235367 ], [ 256315.707947164773941, 7037124.803250700235367 ], [ 256315.707947164773941, 7037149.819203650578856 ], [ 256310.704756574821658, 7037149.819203650578856 ], [ 256310.704756574821658, 7037159.82558482978493 ], [ 256305.701565984869376, 7037159.82558482978493 ], [ 256305.701565984869376, 7037174.835156599991024 ], [ 256300.698375394917093, 7037174.835156599991024 ], [ 256300.698375394917093, 7037189.844728370197117 ], [ 256295.695184804993914, 7037189.844728370197117 ], [ 256295.695184804993914, 7037194.847918959334493 ], [ 256290.691994215041632, 7037194.847918959334493 ], [ 256290.691994215041632, 7037204.854300139471889 ], [ 256285.688803625089349, 7037204.854300139471889 ], [ 256285.688803625089349, 7037209.857490729540586 ], [ 256280.685613035137067, 7037209.857490729540586 ], [ 256280.685613035137067, 7037214.860681319609284 ], [ 256275.682422445184784, 7037214.860681319609284 ], [ 256275.682422445184784, 7037219.863871909677982 ], [ 256270.679231855261605, 7037219.863871909677982 ], [ 256270.679231855261605, 7037224.86706249974668 ], [ 256265.676041265309323, 7037224.86706249974668 ], [ 256265.676041265309323, 7037229.870253089815378 ], [ 256260.67285067535704, 7037229.870253089815378 ], [ 256260.67285067535704, 7037234.873443678952754 ], [ 256255.669660085404757, 7037234.873443678952754 ], [ 256255.669660085404757, 7037239.876634269021451 ], [ 256250.666469495452475, 7037239.876634269021451 ], [ 256250.666469495452475, 7037244.879824859090149 ], [ 256240.660088315577013, 7037244.879824859090149 ], [ 256240.660088315577013, 7037249.883015449158847 ], [ 256235.656897725624731, 7037249.883015449158847 ], [ 256235.656897725624731, 7037254.886206039227545 ], [ 256230.653707135672448, 7037254.886206039227545 ], [ 256230.653707135672448, 7037259.889396629296243 ], [ 256225.650516545720166, 7037259.889396629296243 ], [ 256225.650516545720166, 7037264.892587219364941 ], [ 256215.644135365844704, 7037264.892587219364941 ], [ 256215.644135365844704, 7037269.895777809433639 ], [ 256205.637754185940139, 7037269.895777809433639 ], [ 256205.637754185940139, 7037274.898968398571014 ], [ 255960.481415278540226, 7037274.898968398571014 ] ] ] } },
{ "type": "Feature", "properties": { "id": 45, "slope": 1 }, "geometry": { "type": "Polygon", "coordinates": [ [ [ 258622.178809130331501, 7037084.777725980617106 ], [ 258622.178809130331501, 7037079.774535390548408 ], [ 258627.181999720283784, 7037079.774535390548408 ], [ 258627.181999720283784, 7037074.771344801411033 ], [ 258632.185190310236067, 7037074.771344801411033 ], [ 258632.185190310236067, 7037064.764963621273637 ], [ 258637.188380900188349, 7037064.764963621273637 ], [ 258637.188380900188349, 7037059.761773031204939 ], [ 258647.194762080063811, 7037059.761773031204939 ], [ 258647.194762080063811, 7037054.758582441136241 ], [ 258652.197952670016093, 7037054.758582441136241 ], [ 258652.197952670016093, 7037049.755391851067543 ], [ 258662.204333849920658, 7037049.755391851067543 ], [ 258662.204333849920658, 7037044.752201260998845 ], [ 258667.207524439843837, 7037044.752201260998845 ], [ 258667.207524439843837, 7037039.74901067186147 ], [ 258677.213905619748402, 7037039.74901067186147 ], [ 258677.213905619748402, 7037034.745820081792772 ], [ 258682.217096209700685, 7037034.745820081792772 ], [ 258682.217096209700685, 7037039.74901067186147 ], [ 258692.22347738960525, 7037039.74901067186147 ], [ 258692.22347738960525, 7037034.745820081792772 ], [ 258697.226667979528429, 7037034.745820081792772 ], [ 258697.226667979528429, 7037024.739438901655376 ], [ 258692.22347738960525, 7037024.739438901655376 ], [ 258692.22347738960525, 7037014.73305772151798 ], [ 258697.226667979528429, 7037014.73305772151798 ], [ 258697.226667979528429, 7037004.726676541380584 ], [ 258702.229858569480712, 7037004.726676541380584 ], [ 258702.229858569480712, 7036999.723485952243209 ], [ 258727.245811519213021, 7036999.723485952243209 ], [ 258727.245811519213021, 7036989.717104772105813 ], [ 258732.249002109165303, 7036989.717104772105813 ], [ 258732.249002109165303, 7036984.713914182037115 ], [ 258737.252192699117586, 7036984.713914182037115 ], [ 258737.252192699117586, 7036969.704342411831021 ], [ 258742.255383289069869, 7036969.704342411831021 ], [ 258742.255383289069869, 7036939.685198872350156 ], [ 258737.252192699117586, 7036939.685198872350156 ], [ 258737.252192699117586, 7036934.682008282281458 ], [ 258732.249002109165303, 7036934.682008282281458 ], [ 258732.249002109165303, 7036919.672436513006687 ], [ 258727.245811519213021, 7036919.672436513006687 ], [ 258727.245811519213021, 7036914.669245922937989 ], [ 258722.242620929260738, 7036914.669245922937989 ], [ 258722.242620929260738, 7036909.666055332869291 ], [ 258712.236239749385277, 7036909.666055332869291 ], [ 258712.236239749385277, 7036904.662864742800593 ], [ 258707.233049159432994, 7036904.662864742800593 ], [ 258707.233049159432994, 7036899.659674152731895 ], [ 258692.22347738960525, 7036899.659674152731895 ], [ 258692.22347738960525, 7036904.662864742800593 ], [ 258667.207524439843837, 7036904.662864742800593 ], [ 258667.207524439843837, 7036899.659674152731895 ], [ 258662.204333849920658, 7036899.659674152731895 ], [ 258662.204333849920658, 7036894.656483562663198 ], [ 258657.201143259968376, 7036894.656483562663198 ], [ 258657.201143259968376, 7036889.6532929725945 ], [ 258652.197952670016093, 7036889.6532929725945 ], [ 258652.197952670016093, 7036884.650102383457124 ], [ 258647.194762080063811, 7036884.650102383457124 ], [ 258647.194762080063811, 7036879.646911793388426 ], [ 258642.191571490111528, 7036879.646911793388426 ], [ 258642.191571490111528, 7036874.643721203319728 ], [ 258637.188380900188349, 7036874.643721203319728 ], [ 258637.188380900188349, 7036869.64053061325103 ], [ 258632.185190310236067, 7036869.64053061325103 ], [ 258632.185190310236067, 7036864.637340023182333 ], [ 258627.181999720283784, 7036864.637340023182333 ], [ 258627.181999720283784, 7036859.634149433113635 ], [ 258622.178809130331501, 7036859.634149433113635 ], [ 258622.178809130331501, 7036854.630958843044937 ], [ 258617.175618540379219, 7036854.630958843044937 ], [ 258617.175618540379219, 7036849.627768253907561 ], [ 258612.172427950426936, 7036849.627768253907561 ], [ 258612.172427950426936, 7036844.624577663838863 ], [ 258607.169237360503757, 7036844.624577663838863 ], [ 258607.169237360503757, 7036839.621387073770165 ], [ 258602.166046770551475, 7036839.621387073770165 ], [ 258602.166046770551475, 7036834.618196483701468 ], [ 258597.162856180599192, 7036834.618196483701468 ], [ 258597.162856180599192, 7036809.6022435342893 ], [ 258602.166046770551475, 7036809.6022435342893 ], [ 258602.166046770551475, 7036804.599052944220603 ], [ 258607.169237360503757, 7036804.599052944220603 ], [ 258607.169237360503757, 7036799.595862354151905 ], [ 258612.172427950426936, 7036799.595862354151905 ], [ 258612.172427950426936, 7036794.592671764083207 ], [ 258617.175618540379219, 7036794.592671764083207 ], [ 258617.175618540379219, 7036789.589481174014509 ], [ 258622.178809130331501, 7036789.589481174014509 ], [ 258622.178809130331501, 7036764.573528224602342 ], [ 258627.181999720283784, 7036764.573528224602342 ], [ 258627.181999720283784, 7036759.570337634533644 ], [ 258632.185190310236067, 7036759.570337634533644 ], [ 258632.185190310236067, 7036754.567147044464946 ], [ 258642.191571490111528, 7036754.567147044464946 ], [ 258642.191571490111528, 7036749.563956454396248 ], [ 258647.194762080063811, 7036749.563956454396248 ], [ 258647.194762080063811, 7036744.56076586432755 ], [ 258652.197952670016093, 7036744.56076586432755 ], [ 258652.197952670016093, 7036739.557575274258852 ], [ 258657.201143259968376, 7036739.557575274258852 ], [ 258657.201143259968376, 7036734.554384685121477 ], [ 258662.204333849920658, 7036734.554384685121477 ], [ 258662.204333849920658, 7036729.551194095052779 ], [ 258672.21071502979612, 7036729.551194095052779 ], [ 258672.21071502979612, 7036724.548003504984081 ], [ 258677.213905619748402, 7036724.548003504984081 ], [ 258677.213905619748402, 7036719.544812914915383 ], [ 258682.217096209700685, 7036719.544812914915383 ], [ 258682.217096209700685, 7036714.541622324846685 ], [ 258687.220286799652968, 7036714.541622324846685 ], [ 258687.220286799652968, 7036709.538431734777987 ], [ 258692.22347738960525, 7036709.538431734777987 ], [ 258692.22347738960525, 7036704.535241144709289 ], [ 258697.226667979528429, 7036704.535241144709289 ], [ 258697.226667979528429, 7036699.532050554640591 ], [ 258707.233049159432994, 7036699.532050554640591 ], [ 258707.233049159432994, 7036639.493763475678861 ], [ 258712.236239749385277, 7036639.493763475678861 ], [ 258712.236239749385277, 7036634.490572885610163 ], [ 258717.239430339337559, 7036634.490572885610163 ], [ 258717.239430339337559, 7036619.481001116335392 ], [ 258712.236239749385277, 7036619.481001116335392 ], [ 258712.236239749385277, 7036604.471429346129298 ], [ 258717.239430339337559, 7036604.471429346129298 ], [ 258717.239430339337559, 7036594.465048165991902 ], [ 258722.242620929260738, 7036594.465048165991902 ], [ 258722.242620929260738, 7036589.461857575923204 ], [ 258727.245811519213021, 7036589.461857575923204 ], [ 258727.245811519213021, 7036584.458666985854506 ], [ 258732.249002109165303, 7036584.458666985854506 ], [ 258732.249002109165303, 7036579.455476396717131 ], [ 258737.252192699117586, 7036579.455476396717131 ], [ 258737.252192699117586, 7036574.452285806648433 ], [ 258742.255383289069869, 7036574.452285806648433 ], [ 258742.255383289069869, 7036569.449095216579735 ], [ 258747.258573879022151, 7036569.449095216579735 ], [ 258747.258573879022151, 7036564.445904626511037 ], [ 258752.26176446894533, 7036564.445904626511037 ], [ 258752.26176446894533, 7036554.439523446373641 ], [ 258977.405341016565217, 7036554.439523446373641 ], [ 258977.405341016565217, 7037084.777725980617106 ], [ 258622.178809130331501, 7037084.777725980617106 ] ], [ [ 258942.383006886928342, 7036849.627768253907561 ], [ 258957.39257865678519, 7036849.627768253907561 ], [ 258957.39257865678519, 7036844.624577663838863 ], [ 258947.386197476880625, 7036844.624577663838863 ], [ 258947.386197476880625, 7036839.621387073770165 ], [ 258927.373435117100598, 7036839.621387073770165 ], [ 258927.373435117100598, 7036844.624577663838863 ], [ 258942.383006886928342, 7036844.624577663838863 ], [ 258942.383006886928342, 7036849.627768253907561 ] ], [ [ 258792.287289188534487, 7036809.6022435342893 ], [ 258802.293670368439052, 7036809.6022435342893 ], [ 258802.293670368439052, 7036804.599052944220603 ], [ 258807.296860958362231, 7036804.599052944220603 ], [ 258807.296860958362231, 7036799.595862354151905 ], [ 258787.284098598582204, 7036799.595862354151905 ], [ 258787.284098598582204, 7036804.599052944220603 ], [ 258792.287289188534487, 7036804.599052944220603 ], [ 258792.287289188534487, 7036809.6022435342893 ] ], [ [ 258782.280908008629922, 7036799.595862354151905 ], [ 258787.284098598582204, 7036799.595862354151905 ], [ 258787.284098598582204, 7036794.592671764083207 ], [ 258782.280908008629922, 7036794.592671764083207 ], [ 258782.280908008629922, 7036799.595862354151905 ] ] ] } },
{ "type": "Feature", "properties": { "id": 47, "slope": 1 }, "geometry": { "type": "Polygon", "coordinates": [ [ [ 258136.869321905483957, 7036934.682008282281458 ], [ 258136.869321905483957, 7036929.67881769221276 ], [ 258131.866131315531675, 7036929.67881769221276 ], [ 258131.866131315531675, 7036924.675627103075385 ], [ 258121.85975013562711, 7036924.675627103075385 ], [ 258121.85975013562711, 7036919.672436513006687 ], [ 258116.856559545674827, 7036919.672436513006687 ], [ 258116.856559545674827, 7036914.669245922937989 ], [ 258111.853368955751648, 7036914.669245922937989 ], [ 258111.853368955751648, 7036909.666055332869291 ], [ 258101.846987775847083, 7036909.666055332869291 ], [ 258101.846987775847083, 7036904.662864742800593 ], [ 258096.8437971858948, 7036904.662864742800593 ], [ 258096.8437971858948, 7036894.656483562663198 ], [ 258091.840606595942518, 7036894.656483562663198 ], [ 258091.840606595942518, 7036884.650102383457124 ], [ 258086.837416006019339, 7036884.650102383457124 ], [ 258086.837416006019339, 7036864.637340023182333 ], [ 258091.840606595942518, 7036864.637340023182333 ], [ 258091.840606595942518, 7036854.630958843044937 ], [ 258121.85975013562711, 7036854.630958843044937 ], [ 258121.85975013562711, 7036859.634149433113635 ], [ 258131.866131315531675, 7036859.634149433113635 ], [ 258131.866131315531675, 7036854.630958843044937 ], [ 258126.862940725579392, 7036854.630958843044937 ], [ 258126.862940725579392, 7036844.624577663838863 ], [ 258121.85975013562711, 7036844.624577663838863 ], [ 258121.85975013562711, 7036839.621387073770165 ], [ 258116.856559545674827, 7036839.621387073770165 ], [ 258116.856559545674827, 7036834.618196483701468 ], [ 258111.853368955751648, 7036834.618196483701468 ], [ 258111.853368955751648, 7036824.611815303564072 ], [ 258106.850178365799366, 7036824.611815303564072 ], [ 258106.850178365799366, 7036814.605434123426676 ], [ 258101.846987775847083, 7036814.605434123426676 ], [ 258101.846987775847083, 7036799.595862354151905 ], [ 258096.8437971858948, 7036799.595862354151905 ], [ 258096.8437971858948, 7036794.592671764083207 ], [ 258091.840606595942518, 7036794.592671764083207 ], [ 258091.840606595942518, 7036774.579909403808415 ], [ 258086.837416006019339, 7036774.579909403808415 ], [ 258086.837416006019339, 7036769.57671881467104 ], [ 258081.834225416067056, 7036769.57671881467104 ], [ 258081.834225416067056, 7036759.570337634533644 ], [ 258086.837416006019339, 7036759.570337634533644 ], [ 258086.837416006019339, 7036764.573528224602342 ], [ 258106.850178365799366, 7036764.573528224602342 ], [ 258106.850178365799366, 7036769.57671881467104 ], [ 258116.856559545674827, 7036769.57671881467104 ], [ 258116.856559545674827, 7036759.570337634533644 ], [ 258111.853368955751648, 7036759.570337634533644 ], [ 258111.853368955751648, 7036749.563956454396248 ], [ 258106.850178365799366, 7036749.563956454396248 ], [ 258106.850178365799366, 7036734.554384685121477 ], [ 258101.846987775847083, 7036734.554384685121477 ], [ 258101.846987775847083, 7036714.541622324846685 ], [ 258096.8437971858948, 7036714.541622324846685 ], [ 258096.8437971858948, 7036694.528859965503216 ], [ 258091.840606595942518, 7036694.528859965503216 ], [ 258091.840606595942518, 7036684.52247878536582 ], [ 258096.8437971858948, 7036684.52247878536582 ], [ 258096.8437971858948, 7036674.516097605228424 ], [ 258101.846987775847083, 7036674.516097605228424 ], [ 258101.846987775847083, 7036659.50652583502233 ], [ 258096.8437971858948, 7036659.50652583502233 ], [ 258096.8437971858948, 7036654.503335245884955 ], [ 258091.840606595942518, 7036654.503335245884955 ], [ 258091.840606595942518, 7036644.496954065747559 ], [ 258086.837416006019339, 7036644.496954065747559 ], [ 258086.837416006019339, 7036639.493763475678861 ], [ 258081.834225416067056, 7036639.493763475678861 ], [ 258081.834225416067056, 7036634.490572885610163 ], [ 258066.824653646210209, 7036634.490572885610163 ], [ 258066.824653646210209, 7036629.487382295541465 ], [ 258056.818272466334747, 7036629.487382295541465 ], [ 258056.818272466334747, 7036624.484191705472767 ], [ 258051.815081876382465, 7036624.484191705472767 ], [ 258051.815081876382465, 7036619.481001116335392 ], [ 258046.811891286430182, 7036619.481001116335392 ], [ 258046.811891286430182, 7036614.477810526266694 ], [ 258041.808700696477899, 7036614.477810526266694 ], [ 258041.808700696477899, 7036609.474619936197996 ], [ 258036.805510106525617, 7036609.474619936197996 ], [ 258036.805510106525617, 7036604.471429346129298 ], [ 258031.802319516602438, 7036604.471429346129298 ], [ 258031.802319516602438, 7036599.4682387560606 ], [ 258026.799128926650155, 7036599.4682387560606 ], [ 258026.799128926650155, 7036594.465048165991902 ], [ 258031.802319516602438, 7036594.465048165991902 ], [ 258031.802319516602438, 7036584.458666985854506 ], [ 258036.805510106525617, 7036584.458666985854506 ], [ 258036.805510106525617, 7036579.455476396717131 ], [ 258041.808700696477899, 7036579.455476396717131 ], [ 258041.808700696477899, 7036569.449095216579735 ], [ 258051.815081876382465, 7036569.449095216579735 ], [ 258051.815081876382465, 7036564.445904626511037 ], [ 258061.821463056257926, 7036564.445904626511037 ], [ 258061.821463056257926, 7036559.442714036442339 ], [ 258066.824653646210209, 7036559.442714036442339 ], [ 258066.824653646210209, 7036554.439523446373641 ], [ 258076.831034826114774, 7036554.439523446373641 ], [ 258076.831034826114774, 7036549.436332856304944 ], [ 258086.837416006019339, 7036549.436332856304944 ], [ 258086.837416006019339, 7036544.433142266236246 ], [ 258091.840606595942518, 7036544.433142266236246 ], [ 258091.840606595942518, 7036539.42995167709887 ], [ 258096.8437971858948, 7036539.42995167709887 ], [ 258096.8437971858948, 7036534.426761087030172 ], [ 258106.850178365799366, 7036534.426761087030172 ], [ 258106.850178365799366, 7036529.423570496961474 ], [ 258111.853368955751648, 7036529.423570496961474 ], [ 258111.853368955751648, 7036524.420379906892776 ], [ 258121.85975013562711, 7036524.420379906892776 ], [ 258121.85975013562711, 7036519.417189316824079 ], [ 258131.866131315531675, 7036519.417189316824079 ], [ 258131.866131315531675, 7036514.413998726755381 ], [ 258151.878893675311701, 7036514.413998726755381 ], [ 258151.878893675311701, 7036509.410808136686683 ], [ 258226.926752524508629, 7036509.410808136686683 ], [ 258226.926752524508629, 7036504.407617547549307 ], [ 258241.936324294365477, 7036504.407617547549307 ], [ 258241.936324294365477, 7036499.404426957480609 ], [ 258331.993754913419252, 7036499.404426957480609 ], [ 258331.993754913419252, 7036494.401236367411911 ], [ 258367.016089043027023, 7036494.401236367411911 ], [ 258367.016089043027023, 7036489.398045777343214 ], [ 258382.025660812883871, 7036489.398045777343214 ], [ 258382.025660812883871, 7036484.394855187274516 ], [ 258417.047994942520745, 7036484.394855187274516 ], [ 258417.047994942520745, 7036489.398045777343214 ], [ 258427.054376122396206, 7036489.398045777343214 ], [ 258427.054376122396206, 7036494.401236367411911 ], [ 258432.057566712348489, 7036494.401236367411911 ], [ 258432.057566712348489, 7036499.404426957480609 ], [ 258442.063947892253054, 7036499.404426957480609 ], [ 258442.063947892253054, 7036514.413998726755381 ], [ 258437.060757302300772, 7036514.413998726755381 ], [ 258437.060757302300772, 7036519.417189316824079 ], [ 258432.057566712348489, 7036519.417189316824079 ], [ 258432.057566712348489, 7036524.420379906892776 ], [ 258422.051185532443924, 7036524.420379906892776 ], [ 258422.051185532443924, 7036529.423570496961474 ], [ 258417.047994942520745, 7036529.423570496961474 ], [ 258417.047994942520745, 7036534.426761087030172 ], [ 258412.044804352568462, 7036534.426761087030172 ], [ 258412.044804352568462, 7036539.42995167709887 ], [ 258397.035232582711615, 7036539.42995167709887 ], [ 258397.035232582711615, 7036544.433142266236246 ], [ 258367.016089043027023, 7036544.433142266236246 ], [ 258367.016089043027023, 7036549.436332856304944 ], [ 258357.009707863151561, 7036549.436332856304944 ], [ 258357.009707863151561, 7036554.439523446373641 ], [ 258352.006517273199279, 7036554.439523446373641 ], [ 258352.006517273199279, 7036559.442714036442339 ], [ 258347.003326683246996, 7036559.442714036442339 ], [ 258347.003326683246996, 7036564.445904626511037 ], [ 258342.000136093294714, 7036564.445904626511037 ], [ 258342.000136093294714, 7036569.449095216579735 ], [ 258336.996945503342431, 7036569.449095216579735 ], [ 258336.996945503342431, 7036574.452285806648433 ], [ 258331.993754913419252, 7036574.452285806648433 ], [ 258331.993754913419252, 7036579.455476396717131 ], [ 258321.987373733514687, 7036579.455476396717131 ], [ 258321.987373733514687, 7036584.458666985854506 ], [ 258311.980992553610122, 7036584.458666985854506 ], [ 258311.980992553610122, 7036599.4682387560606 ], [ 258316.984183143562404, 7036599.4682387560606 ], [ 258316.984183143562404, 7036604.471429346129298 ], [ 258377.022470222931588, 7036604.471429346129298 ], [ 258377.022470222931588, 7036599.4682387560606 ], [ 258387.028851402836153, 7036599.4682387560606 ], [ 258387.028851402836153, 7036594.465048165991902 ], [ 258422.051185532443924, 7036594.465048165991902 ], [ 258422.051185532443924, 7036599.4682387560606 ], [ 258427.054376122396206, 7036599.4682387560606 ], [ 258427.054376122396206, 7036604.471429346129298 ], [ 258432.057566712348489, 7036604.471429346129298 ], [ 258432.057566712348489, 7036609.474619936197996 ], [ 258452.070329072128516, 7036609.474619936197996 ], [ 258452.070329072128516, 7036784.586290583945811 ], [ 258442.063947892253054, 7036784.586290583945811 ], [ 258442.063947892253054, 7036779.583099993877113 ], [ 258432.057566712348489, 7036779.583099993877113 ], [ 258432.057566712348489, 7036784.586290583945811 ], [ 258397.035232582711615, 7036784.586290583945811 ], [ 258397.035232582711615, 7036779.583099993877113 ], [ 258382.025660812883871, 7036779.583099993877113 ], [ 258382.025660812883871, 7036774.579909403808415 ], [ 258372.019279632979305, 7036774.579909403808415 ], [ 258372.019279632979305, 7036779.583099993877113 ], [ 258367.016089043027023, 7036779.583099993877113 ], [ 258367.016089043027023, 7036774.579909403808415 ], [ 258357.009707863151561, 7036774.579909403808415 ], [ 258357.009707863151561, 7036769.57671881467104 ], [ 258342.000136093294714, 7036769.57671881467104 ], [ 258342.000136093294714, 7036764.573528224602342 ], [ 258321.987373733514687, 7036764.573528224602342 ], [ 258321.987373733514687, 7036769.57671881467104 ], [ 258311.980992553610122, 7036769.57671881467104 ], [ 258311.980992553610122, 7036764.573528224602342 ], [ 258296.971420783782378, 7036764.573528224602342 ], [ 258296.971420783782378, 7036769.57671881467104 ], [ 258291.968230193830095, 7036769.57671881467104 ], [ 258291.968230193830095, 7036764.573528224602342 ], [ 258281.96184901392553, 7036764.573528224602342 ], [ 258281.96184901392553, 7036759.570337634533644 ], [ 258276.958658424002351, 7036759.570337634533644 ], [ 258276.958658424002351, 7036754.567147044464946 ], [ 258271.955467834050069, 7036754.567147044464946 ], [ 258271.955467834050069, 7036749.563956454396248 ], [ 258266.952277244097786, 7036749.563956454396248 ], [ 258266.952277244097786, 7036744.56076586432755 ], [ 258261.949086654145503, 7036744.56076586432755 ], [ 258261.949086654145503, 7036739.557575274258852 ], [ 258256.945896064193221, 7036739.557575274258852 ], [ 258256.945896064193221, 7036729.551194095052779 ], [ 258251.942705474270042, 7036729.551194095052779 ], [ 258251.942705474270042, 7036724.548003504984081 ], [ 258246.939514884317759, 7036724.548003504984081 ], [ 258246.939514884317759, 7036709.538431734777987 ], [ 258236.933133704413194, 7036709.538431734777987 ], [ 258236.933133704413194, 7036714.541622324846685 ], [ 258231.929943114460912, 7036714.541622324846685 ], [ 258231.929943114460912, 7036719.544812914915383 ], [ 258226.926752524508629, 7036719.544812914915383 ], [ 258226.926752524508629, 7036729.551194095052779 ], [ 258236.933133704413194, 7036729.551194095052779 ], [ 258236.933133704413194, 7036734.554384685121477 ], [ 258241.936324294365477, 7036734.554384685121477 ], [ 258241.936324294365477, 7036739.557575274258852 ], [ 258246.939514884317759, 7036739.557575274258852 ], [ 258246.939514884317759, 7036749.563956454396248 ], [ 258251.942705474270042, 7036749.563956454396248 ], [ 258251.942705474270042, 7036764.573528224602342 ], [ 258256.945896064193221, 7036764.573528224602342 ], [ 258256.945896064193221, 7036769.57671881467104 ], [ 258261.949086654145503, 7036769.57671881467104 ], [ 258261.949086654145503, 7036779.583099993877113 ], [ 258271.955467834050069, 7036779.583099993877113 ], [ 258271.955467834050069, 7036784.586290583945811 ], [ 258276.958658424002351, 7036784.586290583945811 ], [ 258276.958658424002351, 7036789.589481174014509 ], [ 258286.965039603877813, 7036789.589481174014509 ], [ 258286.965039603877813, 7036794.592671764083207 ], [ 258306.977801963686943, 7036794.592671764083207 ], [ 258306.977801963686943, 7036799.595862354151905 ], [ 258316.984183143562404, 7036799.595862354151905 ], [ 258316.984183143562404, 7036804.599052944220603 ], [ 258331.993754913419252, 7036804.599052944220603 ], [ 258331.993754913419252, 7036799.595862354151905 ], [ 258347.003326683246996, 7036799.595862354151905 ], [ 258347.003326683246996, 7036804.599052944220603 ], [ 258352.006517273199279, 7036804.599052944220603 ], [ 258352.006517273199279, 7036809.6022435342893 ], [ 258357.009707863151561, 7036809.6022435342893 ], [ 258357.009707863151561, 7036819.608624713495374 ], [ 258362.012898453103844, 7036819.608624713495374 ], [ 258362.012898453103844, 7036829.61500589363277 ], [ 258367.016089043027023, 7036829.61500589363277 ], [ 258367.016089043027023, 7036844.624577663838863 ], [ 258372.019279632979305, 7036844.624577663838863 ], [ 258372.019279632979305, 7036879.646911793388426 ], [ 258377.022470222931588, 7036879.646911793388426 ], [ 258377.022470222931588, 7036899.659674152731895 ], [ 258382.025660812883871, 7036899.659674152731895 ], [ 258382.025660812883871, 7036914.669245922937989 ], [ 258387.028851402836153, 7036914.669245922937989 ], [ 258387.028851402836153, 7036934.682008282281458 ], [ 258136.869321905483957, 7036934.682008282281458 ] ] ] } },
{ "type": "Feature", "properties": { "id": 54, "slope": 1 }, "geometry": { "type": "Polygon", "coordinates": [ [ [ 253699.039268622495001, 7036819.608624713495374 ], [ 253699.039268622495001, 7036809.6022435342893 ], [ 253704.042459212447284, 7036809.6022435342893 ], [ 253704.042459212447284, 7036789.589481174014509 ], [ 253709.045649802399566, 7036789.589481174014509 ], [ 253709.045649802399566, 7036694.528859965503216 ], [ 253704.042459212447284, 7036694.528859965503216 ], [ 253704.042459212447284, 7036674.516097605228424 ], [ 253699.039268622495001, 7036674.516097605228424 ], [ 253699.039268622495001, 7036659.50652583502233 ], [ 253694.036078032542719, 7036659.50652583502233 ], [ 253694.036078032542719, 7036634.490572885610163 ], [ 253699.039268622495001, 7036634.490572885610163 ], [ 253699.039268622495001, 7036614.477810526266694 ], [ 253694.036078032542719, 7036614.477810526266694 ], [ 253694.036078032542719, 7036619.481001116335392 ], [ 253689.032887442590436, 7036619.481001116335392 ], [ 253689.032887442590436, 7036624.484191705472767 ], [ 253684.029696852667257, 7036624.484191705472767 ], [ 253684.029696852667257, 7036629.487382295541465 ], [ 253679.026506262714975, 7036629.487382295541465 ], [ 253679.026506262714975, 7036634.490572885610163 ], [ 253674.023315672762692, 7036634.490572885610163 ], [ 253674.023315672762692, 7036639.493763475678861 ], [ 253654.010553312982665, 7036639.493763475678861 ], [ 253654.010553312982665, 7036634.490572885610163 ], [ 253639.000981543125818, 7036634.490572885610163 ], [ 253639.000981543125818, 7036629.487382295541465 ], [ 253633.997790953173535, 7036629.487382295541465 ], [ 253633.997790953173535, 7036624.484191705472767 ], [ 253618.988219183345791, 7036624.484191705472767 ], [ 253618.988219183345791, 7036619.481001116335392 ], [ 253603.978647413518047, 7036619.481001116335392 ], [ 253603.978647413518047, 7036614.477810526266694 ], [ 253598.975456823565764, 7036614.477810526266694 ], [ 253598.975456823565764, 7036609.474619936197996 ], [ 253593.972266233613482, 7036609.474619936197996 ], [ 253593.972266233613482, 7036604.471429346129298 ], [ 253588.969075643661199, 7036604.471429346129298 ], [ 253588.969075643661199, 7036599.4682387560606 ], [ 253583.965885053708917, 7036599.4682387560606 ], [ 253583.965885053708917, 7036594.465048165991902 ], [ 253578.962694463756634, 7036594.465048165991902 ], [ 253578.962694463756634, 7036589.461857575923204 ], [ 253573.959503873833455, 7036589.461857575923204 ], [ 253573.959503873833455, 7036584.458666985854506 ], [ 253568.956313283881173, 7036584.458666985854506 ], [ 253568.956313283881173, 7036579.455476396717131 ], [ 253563.95312269392889, 7036579.455476396717131 ], [ 253563.95312269392889, 7036574.452285806648433 ], [ 253558.949932103976607, 7036574.452285806648433 ], [ 253558.949932103976607, 7036569.449095216579735 ], [ 253553.946741514024325, 7036569.449095216579735 ], [ 253553.946741514024325, 7036564.445904626511037 ], [ 253548.943550924101146, 7036564.445904626511037 ], [ 253548.943550924101146, 7036559.442714036442339 ], [ 253543.940360334148863, 7036559.442714036442339 ], [ 253543.940360334148863, 7036554.439523446373641 ], [ 253538.937169744196581, 7036554.439523446373641 ], [ 253538.937169744196581, 7036549.436332856304944 ], [ 253533.933979154244298, 7036549.436332856304944 ], [ 253533.933979154244298, 7036544.433142266236246 ], [ 253528.930788564292016, 7036544.433142266236246 ], [ 253528.930788564292016, 7036539.42995167709887 ], [ 253523.927597974339733, 7036539.42995167709887 ], [ 253523.927597974339733, 7036529.423570496961474 ], [ 253518.924407384416554, 7036529.423570496961474 ], [ 253518.924407384416554, 7036499.404426957480609 ], [ 253523.927597974339733, 7036499.404426957480609 ], [ 253523.927597974339733, 7036494.401236367411911 ], [ 253528.930788564292016, 7036494.401236367411911 ], [ 253528.930788564292016, 7036489.398045777343214 ], [ 253533.933979154244298, 7036489.398045777343214 ], [ 253533.933979154244298, 7036484.394855187274516 ], [ 253538.937169744196581, 7036484.394855187274516 ], [ 253538.937169744196581, 7036479.391664597205818 ], [ 253543.940360334148863, 7036479.391664597205818 ], [ 253543.940360334148863, 7036474.38847400713712 ], [ 253548.943550924101146, 7036474.38847400713712 ], [ 253548.943550924101146, 7036469.385283417068422 ], [ 253553.946741514024325, 7036469.385283417068422 ], [ 253553.946741514024325, 7036464.382092827931046 ], [ 253558.949932103976607, 7036464.382092827931046 ], [ 253558.949932103976607, 7036459.378902237862349 ], [ 253563.95312269392889, 7036459.378902237862349 ], [ 253563.95312269392889, 7036454.375711647793651 ], [ 253568.956313283881173, 7036454.375711647793651 ], [ 253568.956313283881173, 7036449.372521057724953 ], [ 253573.959503873833455, 7036449.372521057724953 ], [ 253573.959503873833455, 7036444.369330467656255 ], [ 253578.962694463756634, 7036444.369330467656255 ], [ 253578.962694463756634, 7036439.366139877587557 ], [ 253583.965885053708917, 7036439.366139877587557 ], [ 253583.965885053708917, 7036434.362949287518859 ], [ 253588.969075643661199, 7036434.362949287518859 ], [ 253588.969075643661199, 7036429.359758697450161 ], [ 253593.972266233613482, 7036429.359758697450161 ], [ 253593.972266233613482, 7036424.356568108312786 ], [ 253608.981838003441226, 7036424.356568108312786 ], [ 253608.981838003441226, 7036429.359758697450161 ], [ 253613.985028593393508, 7036429.359758697450161 ], [ 253613.985028593393508, 7036434.362949287518859 ], [ 253618.988219183345791, 7036434.362949287518859 ], [ 253618.988219183345791, 7036439.366139877587557 ], [ 253623.991409773298074, 7036439.366139877587557 ], [ 253623.991409773298074, 7036444.369330467656255 ], [ 253628.994600363250356, 7036444.369330467656255 ], [ 253628.994600363250356, 7036449.372521057724953 ], [ 253633.997790953173535, 7036449.372521057724953 ], [ 253633.997790953173535, 7036454.375711647793651 ], [ 253639.000981543125818, 7036454.375711647793651 ], [ 253639.000981543125818, 7036459.378902237862349 ], [ 253649.007362723030383, 7036459.378902237862349 ], [ 253649.007362723030383, 7036454.375711647793651 ], [ 253654.010553312982665, 7036454.375711647793651 ], [ 253654.010553312982665, 7036429.359758697450161 ], [ 253659.013743902934948, 7036429.359758697450161 ], [ 253659.013743902934948, 7036414.35018692817539 ], [ 253664.016934492858127, 7036414.35018692817539 ], [ 253664.016934492858127, 7036404.343805748037994 ], [ 253669.020125082810409, 7036404.343805748037994 ], [ 253669.020125082810409, 7036399.340615157969296 ], [ 253674.023315672762692, 7036399.340615157969296 ], [ 253674.023315672762692, 7036394.337424567900598 ], [ 253684.029696852667257, 7036394.337424567900598 ], [ 253684.029696852667257, 7036389.334233978763223 ], [ 253704.042459212447284, 7036389.334233978763223 ], [ 253704.042459212447284, 7036394.337424567900598 ], [ 253709.045649802399566, 7036394.337424567900598 ], [ 253709.045649802399566, 7036389.334233978763223 ], [ 253719.052030982275028, 7036389.334233978763223 ], [ 253719.052030982275028, 7036394.337424567900598 ], [ 253724.05522157222731, 7036394.337424567900598 ], [ 253724.05522157222731, 7036409.346996338106692 ], [ 253729.058412162179593, 7036409.346996338106692 ], [ 253729.058412162179593, 7036404.343805748037994 ], [ 253734.061602752131876, 7036404.343805748037994 ], [ 253734.061602752131876, 7036409.346996338106692 ], [ 253744.067983932007337, 7036409.346996338106692 ], [ 253744.067983932007337, 7036404.343805748037994 ], [ 253754.074365111911902, 7036404.343805748037994 ], [ 253754.074365111911902, 7036409.346996338106692 ], [ 253764.080746291816467, 7036409.346996338106692 ], [ 253764.080746291816467, 7036414.35018692817539 ], [ 253769.08393688176875, 7036414.35018692817539 ], [ 253769.08393688176875, 7036409.346996338106692 ], [ 253779.090318061644211, 7036409.346996338106692 ], [ 253779.090318061644211, 7036404.343805748037994 ], [ 253784.093508651596494, 7036404.343805748037994 ], [ 253784.093508651596494, 7036399.340615157969296 ], [ 253794.099889831501059, 7036399.340615157969296 ], [ 253794.099889831501059, 7036394.337424567900598 ], [ 253799.103080421424238, 7036394.337424567900598 ], [ 253799.103080421424238, 7036389.334233978763223 ], [ 253814.112652191281086, 7036389.334233978763223 ], [ 253814.112652191281086, 7036394.337424567900598 ], [ 253829.12222396110883, 7036394.337424567900598 ], [ 253829.12222396110883, 7036399.340615157969296 ], [ 253844.131795730965678, 7036399.340615157969296 ], [ 253844.131795730965678, 7036404.343805748037994 ], [ 253849.13498632091796, 7036404.343805748037994 ], [ 253849.13498632091796, 7036409.346996338106692 ], [ 253854.138176910841139, 7036409.346996338106692 ], [ 253854.138176910841139, 7036414.35018692817539 ], [ 253859.141367500793422, 7036414.35018692817539 ], [ 253859.141367500793422, 7036419.353377518244088 ], [ 253864.144558090745704, 7036419.353377518244088 ], [ 253864.144558090745704, 7036429.359758697450161 ], [ 253869.147748680697987, 7036429.359758697450161 ], [ 253869.147748680697987, 7036434.362949287518859 ], [ 253889.160511040478013, 7036434.362949287518859 ], [ 253889.160511040478013, 7036429.359758697450161 ], [ 253909.17327340025804, 7036429.359758697450161 ], [ 253909.17327340025804, 7036424.356568108312786 ], [ 253919.179654580162605, 7036424.356568108312786 ], [ 253919.179654580162605, 7036419.353377518244088 ], [ 253924.182845170114888, 7036419.353377518244088 ], [ 253924.182845170114888, 7036819.608624713495374 ], [ 253699.039268622495001, 7036819.608624713495374 ] ] ] } },
{ "type": "Feature", "properties": { "id": 58, "slope": 1 }, "geometry": { "type": "Polygon", "coordinates": [ [ [ 257121.22163214624743, 7036884.650102383457124 ], [ 257121.22163214624743, 7036879.646911793388426 ], [ 257116.218441556295147, 7036879.646911793388426 ], [ 257116.218441556295147, 7036874.643721203319728 ], [ 257111.215250966342865, 7036874.643721203319728 ], [ 257111.215250966342865, 7036864.637340023182333 ], [ 257106.212060376390582, 7036864.637340023182333 ], [ 257106.212060376390582, 7036859.634149433113635 ], [ 257101.208869786438299, 7036859.634149433113635 ], [ 257101.208869786438299, 7036854.630958843044937 ], [ 257096.205679196515121, 7036854.630958843044937 ], [ 257096.205679196515121, 7036844.624577663838863 ], [ 257091.202488606562838, 7036844.624577663838863 ], [ 257091.202488606562838, 7036834.618196483701468 ], [ 257086.199298016610555, 7036834.618196483701468 ], [ 257086.199298016610555, 7036819.608624713495374 ], [ 257081.196107426658273, 7036819.608624713495374 ], [ 257081.196107426658273, 7036814.605434123426676 ], [ 257076.19291683670599, 7036814.605434123426676 ], [ 257076.19291683670599, 7036804.599052944220603 ], [ 257071.189726246753708, 7036804.599052944220603 ], [ 257071.189726246753708, 7036794.592671764083207 ], [ 257066.186535656830529, 7036794.592671764083207 ], [ 257066.186535656830529, 7036784.586290583945811 ], [ 257061.183345066878246, 7036784.586290583945811 ], [ 257061.183345066878246, 7036779.583099993877113 ], [ 257051.176963886973681, 7036779.583099993877113 ], [ 257051.176963886973681, 7036774.579909403808415 ], [ 257046.173773297021398, 7036774.579909403808415 ], [ 257046.173773297021398, 7036769.57671881467104 ], [ 257036.167392117145937, 7036769.57671881467104 ], [ 257036.167392117145937, 7036764.573528224602342 ], [ 257031.164201527193654, 7036764.573528224602342 ], [ 257031.164201527193654, 7036759.570337634533644 ], [ 257021.157820347289089, 7036759.570337634533644 ], [ 257021.157820347289089, 7036754.567147044464946 ], [ 256996.14186739755678, 7036754.567147044464946 ], [ 256996.14186739755678, 7036749.563956454396248 ], [ 256976.129105037776753, 7036749.563956454396248 ], [ 256976.129105037776753, 7036744.56076586432755 ], [ 256956.116342677996727, 7036744.56076586432755 ], [ 256956.116342677996727, 7036739.557575274258852 ], [ 256946.109961498092161, 7036739.557575274258852 ], [ 256946.109961498092161, 7036734.554384685121477 ], [ 256936.103580318187596, 7036734.554384685121477 ], [ 256936.103580318187596, 7036729.551194095052779 ], [ 256926.097199138312135, 7036729.551194095052779 ], [ 256926.097199138312135, 7036734.554384685121477 ], [ 256911.087627368455287, 7036734.554384685121477 ], [ 256911.087627368455287, 7036739.557575274258852 ], [ 256901.081246188579826, 7036739.557575274258852 ], [ 256901.081246188579826, 7036744.56076586432755 ], [ 256891.07486500867526, 7036744.56076586432755 ], [ 256891.07486500867526, 7036749.563956454396248 ], [ 256886.071674418722978, 7036749.563956454396248 ], [ 256886.071674418722978, 7036754.567147044464946 ], [ 256866.058912058942951, 7036754.567147044464946 ], [ 256866.058912058942951, 7036759.570337634533644 ], [ 256851.049340289086103, 7036759.570337634533644 ], [ 256851.049340289086103, 7036764.573528224602342 ], [ 256841.042959109210642, 7036764.573528224602342 ], [ 256841.042959109210642, 7036769.57671881467104 ], [ 256826.033387339353794, 7036769.57671881467104 ], [ 256826.033387339353794, 7036774.579909403808415 ], [ 256811.02381556952605, 7036774.579909403808415 ], [ 256811.02381556952605, 7036779.583099993877113 ], [ 256801.017434389621485, 7036779.583099993877113 ], [ 256801.017434389621485, 7036784.586290583945811 ], [ 256791.011053209746024, 7036784.586290583945811 ], [ 256791.011053209746024, 7036789.589481174014509 ], [ 256786.007862619793741, 7036789.589481174014509 ], [ 256786.007862619793741, 7036794.592671764083207 ], [ 256770.998290849936893, 7036794.592671764083207 ], [ 256770.998290849936893, 7036789.589481174014509 ], [ 256765.995100260013714, 7036789.589481174014509 ], [ 256765.995100260013714, 7036784.586290583945811 ], [ 256760.991909670061432, 7036784.586290583945811 ], [ 256760.991909670061432, 7036659.50652583502233 ], [ 256791.011053209746024, 7036659.50652583502233 ], [ 256791.011053209746024, 7036664.509716425091028 ], [ 256801.017434389621485, 7036664.509716425091028 ], [ 256801.017434389621485, 7036659.50652583502233 ], [ 256806.020624979573768, 7036659.50652583502233 ], [ 256806.020624979573768, 7036654.503335245884955 ], [ 256811.02381556952605, 7036654.503335245884955 ], [ 256811.02381556952605, 7036644.496954065747559 ], [ 256786.007862619793741, 7036644.496954065747559 ], [ 256786.007862619793741, 7036649.500144655816257 ], [ 256760.991909670061432, 7036649.500144655816257 ], [ 256760.991909670061432, 7036619.481001116335392 ], [ 256745.982337900204584, 7036619.481001116335392 ], [ 256745.982337900204584, 7036609.474619936197996 ], [ 256740.979147310252301, 7036609.474619936197996 ], [ 256740.979147310252301, 7036599.4682387560606 ], [ 256735.975956720329123, 7036599.4682387560606 ], [ 256735.975956720329123, 7036509.410808136686683 ], [ 256745.982337900204584, 7036509.410808136686683 ], [ 256745.982337900204584, 7036514.413998726755381 ], [ 256760.991909670061432, 7036514.413998726755381 ], [ 256760.991909670061432, 7036504.407617547549307 ], [ 256781.004672029841458, 7036504.407617547549307 ], [ 256781.004672029841458, 7036499.404426957480609 ], [ 256791.011053209746024, 7036499.404426957480609 ], [ 256791.011053209746024, 7036504.407617547549307 ], [ 256796.014243799669202, 7036504.407617547549307 ], [ 256796.014243799669202, 7036509.410808136686683 ], [ 256801.017434389621485, 7036509.410808136686683 ], [ 256801.017434389621485, 7036514.413998726755381 ], [ 256806.020624979573768, 7036514.413998726755381 ], [ 256806.020624979573768, 7036519.417189316824079 ], [ 256811.02381556952605, 7036519.417189316824079 ], [ 256811.02381556952605, 7036529.423570496961474 ], [ 256816.027006159478333, 7036529.423570496961474 ], [ 256816.027006159478333, 7036539.42995167709887 ], [ 256826.033387339353794, 7036539.42995167709887 ], [ 256826.033387339353794, 7036544.433142266236246 ], [ 256861.055721468990669, 7036544.433142266236246 ], [ 256861.055721468990669, 7036549.436332856304944 ], [ 256876.065293238847516, 7036549.436332856304944 ], [ 256876.065293238847516, 7036554.439523446373641 ], [ 256896.078055598627543, 7036554.439523446373641 ], [ 256896.078055598627543, 7036559.442714036442339 ], [ 256906.084436778503004, 7036559.442714036442339 ], [ 256906.084436778503004, 7036554.439523446373641 ], [ 256901.081246188579826, 7036554.439523446373641 ], [ 256901.081246188579826, 7036549.436332856304944 ], [ 256896.078055598627543, 7036549.436332856304944 ], [ 256896.078055598627543, 7036544.433142266236246 ], [ 256886.071674418722978, 7036544.433142266236246 ], [ 256886.071674418722978, 7036539.42995167709887 ], [ 256881.068483828770695, 7036539.42995167709887 ], [ 256881.068483828770695, 7036529.423570496961474 ], [ 256876.065293238847516, 7036529.423570496961474 ], [ 256876.065293238847516, 7036519.417189316824079 ], [ 256871.062102648895234, 7036519.417189316824079 ], [ 256871.062102648895234, 7036524.420379906892776 ], [ 256866.058912058942951, 7036524.420379906892776 ], [ 256866.058912058942951, 7036529.423570496961474 ], [ 256846.046149699162925, 7036529.423570496961474 ], [ 256846.046149699162925, 7036524.420379906892776 ], [ 256841.042959109210642, 7036524.420379906892776 ], [ 256841.042959109210642, 7036519.417189316824079 ], [ 256836.039768519258359, 7036519.417189316824079 ], [ 256836.039768519258359, 7036514.413998726755381 ], [ 256831.036577929306077, 7036514.413998726755381 ], [ 256831.036577929306077, 7036509.410808136686683 ], [ 256826.033387339353794, 7036509.410808136686683 ], [ 256826.033387339353794, 7036499.404426957480609 ], [ 256821.030196749430615, 7036499.404426957480609 ], [ 256821.030196749430615, 7036494.401236367411911 ], [ 256811.02381556952605, 7036494.401236367411911 ], [ 256811.02381556952605, 7036489.398045777343214 ], [ 256806.020624979573768, 7036489.398045777343214 ], [ 256806.020624979573768, 7036484.394855187274516 ], [ 256801.017434389621485, 7036484.394855187274516 ], [ 256801.017434389621485, 7036479.391664597205818 ], [ 256796.014243799669202, 7036479.391664597205818 ], [ 256796.014243799669202, 7036469.385283417068422 ], [ 256791.011053209746024, 7036469.385283417068422 ], [ 256791.011053209746024, 7036464.382092827931046 ], [ 256781.004672029841458, 7036464.382092827931046 ], [ 256781.004672029841458, 7036479.391664597205818 ], [ 256776.001481439889176, 7036479.391664597205818 ], [ 256776.001481439889176, 7036484.394855187274516 ], [ 256745.982337900204584, 7036484.394855187274516 ], [ 256745.982337900204584, 7036479.391664597205818 ], [ 256735.975956720329123, 7036479.391664597205818 ], [ 256735.975956720329123, 7036329.29594689887017 ], [ 256770.998290849936893, 7036329.29594689887017 ], [ 256770.998290849936893, 7036334.299137488938868 ], [ 256786.007862619793741, 7036334.299137488938868 ], [ 256786.007862619793741, 7036339.302328079007566 ], [ 256801.017434389621485, 7036339.302328079007566 ], [ 256801.017434389621485, 7036344.305518669076264 ], [ 256816.027006159478333, 7036344.305518669076264 ], [ 256816.027006159478333, 7036349.308709259144962 ], [ 256821.030196749430615, 7036349.308709259144962 ], [ 256821.030196749430615, 7036354.311899848282337 ], [ 256831.036577929306077, 7036354.311899848282337 ], [ 256831.036577929306077, 7036359.315090438351035 ], [ 256841.042959109210642, 7036359.315090438351035 ], [ 256841.042959109210642, 7036364.318281028419733 ], [ 256846.046149699162925, 7036364.318281028419733 ], [ 256846.046149699162925, 7036369.321471618488431 ], [ 256851.049340289086103, 7036369.321471618488431 ], [ 256851.049340289086103, 7036374.324662208557129 ], [ 256856.052530879038386, 7036374.324662208557129 ], [ 256856.052530879038386, 7036379.327852798625827 ], [ 256861.055721468990669, 7036379.327852798625827 ], [ 256861.055721468990669, 7036384.331043388694525 ], [ 256866.058912058942951, 7036384.331043388694525 ], [ 256866.058912058942951, 7036389.334233978763223 ], [ 256871.062102648895234, 7036389.334233978763223 ], [ 256871.062102648895234, 7036394.337424567900598 ], [ 256881.068483828770695, 7036394.337424567900598 ], [ 256881.068483828770695, 7036399.340615157969296 ], [ 256896.078055598627543, 7036399.340615157969296 ], [ 256896.078055598627543, 7036404.343805748037994 ], [ 256921.094008548359852, 7036404.343805748037994 ], [ 256921.094008548359852, 7036409.346996338106692 ], [ 256936.103580318187596, 7036409.346996338106692 ], [ 256936.103580318187596, 7036414.35018692817539 ], [ 256976.129105037776753, 7036414.35018692817539 ], [ 256976.129105037776753, 7036394.337424567900598 ], [ 256981.132295627729036, 7036394.337424567900598 ], [ 256981.132295627729036, 7036359.315090438351035 ], [ 256976.129105037776753, 7036359.315090438351035 ], [ 256976.129105037776753, 7036354.311899848282337 ], [ 256966.122723857872188, 7036354.311899848282337 ], [ 256966.122723857872188, 7036349.308709259144962 ], [ 256941.106770908139879, 7036349.308709259144962 ], [ 256941.106770908139879, 7036354.311899848282337 ], [ 256916.09081795840757, 7036354.311899848282337 ], [ 256916.09081795840757, 7036349.308709259144962 ], [ 256911.087627368455287, 7036349.308709259144962 ], [ 256911.087627368455287, 7036319.289565718732774 ], [ 256916.09081795840757, 7036319.289565718732774 ], [ 256916.09081795840757, 7036304.279993949458003 ], [ 256906.084436778503004, 7036304.279993949458003 ], [ 256906.084436778503004, 7036309.283184539526701 ], [ 256901.081246188579826, 7036309.283184539526701 ], [ 256901.081246188579826, 7036319.289565718732774 ], [ 256896.078055598627543, 7036319.289565718732774 ], [ 256896.078055598627543, 7036324.292756308801472 ], [ 256891.07486500867526, 7036324.292756308801472 ], [ 256891.07486500867526, 7036314.286375128664076 ], [ 256886.071674418722978, 7036314.286375128664076 ], [ 256886.071674418722978, 7036289.270422179251909 ], [ 256881.068483828770695, 7036289.270422179251909 ], [ 256881.068483828770695, 7036279.264040999114513 ], [ 256876.065293238847516, 7036279.264040999114513 ], [ 256876.065293238847516, 7036269.25765981990844 ], [ 256871.062102648895234, 7036269.25765981990844 ], [ 256871.062102648895234, 7036264.254469229839742 ], [ 256866.058912058942951, 7036264.254469229839742 ], [ 256866.058912058942951, 7036249.244897459633648 ], [ 256871.062102648895234, 7036249.244897459633648 ], [ 256871.062102648895234, 7036254.248088049702346 ], [ 256886.071674418722978, 7036254.248088049702346 ], [ 256886.071674418722978, 7036259.251278639771044 ], [ 256896.078055598627543, 7036259.251278639771044 ], [ 256896.078055598627543, 7036264.254469229839742 ], [ 256921.094008548359852, 7036264.254469229839742 ], [ 256921.094008548359852, 7036259.251278639771044 ], [ 256931.100389728264417, 7036259.251278639771044 ], [ 256931.100389728264417, 7036254.248088049702346 ], [ 256956.116342677996727, 7036254.248088049702346 ], [ 256956.116342677996727, 7036259.251278639771044 ], [ 256966.122723857872188, 7036259.251278639771044 ], [ 256966.122723857872188, 7036264.254469229839742 ], [ 256991.138676807604497, 7036264.254469229839742 ], [ 256991.138676807604497, 7036274.260850409977138 ], [ 256996.14186739755678, 7036274.260850409977138 ], [ 256996.14186739755678, 7036279.264040999114513 ], [ 257001.145057987509063, 7036279.264040999114513 ], [ 257001.145057987509063, 7036284.267231589183211 ], [ 257006.148248577461345, 7036284.267231589183211 ], [ 257006.148248577461345, 7036289.270422179251909 ], [ 256996.14186739755678, 7036289.270422179251909 ], [ 256996.14186739755678, 7036294.273612769320607 ], [ 256991.138676807604497, 7036294.273612769320607 ], [ 256991.138676807604497, 7036314.286375128664076 ], [ 256996.14186739755678, 7036314.286375128664076 ], [ 256996.14186739755678, 7036319.289565718732774 ], [ 257011.151439167413628, 7036319.289565718732774 ], [ 257011.151439167413628, 7036324.292756308801472 ], [ 257021.157820347289089, 7036324.292756308801472 ], [ 257021.157820347289089, 7036329.29594689887017 ], [ 257026.161010937241372, 7036329.29594689887017 ], [ 257026.161010937241372, 7036324.292756308801472 ], [ 257041.17058270709822, 7036324.292756308801472 ], [ 257041.17058270709822, 7036329.29594689887017 ], [ 257046.173773297021398, 7036329.29594689887017 ], [ 257046.173773297021398, 7036334.299137488938868 ], [ 257041.17058270709822, 7036334.299137488938868 ], [ 257041.17058270709822, 7036339.302328079007566 ], [ 257011.151439167413628, 7036339.302328079007566 ], [ 257011.151439167413628, 7036349.308709259144962 ], [ 257021.157820347289089, 7036349.308709259144962 ], [ 257021.157820347289089, 7036354.311899848282337 ], [ 257026.161010937241372, 7036354.311899848282337 ], [ 257026.161010937241372, 7036359.315090438351035 ], [ 257036.167392117145937, 7036359.315090438351035 ], [ 257036.167392117145937, 7036364.318281028419733 ], [ 257056.180154476925964, 7036364.318281028419733 ], [ 257056.180154476925964, 7036369.321471618488431 ], [ 257061.183345066878246, 7036369.321471618488431 ], [ 257061.183345066878246, 7036379.327852798625827 ], [ 257066.186535656830529, 7036379.327852798625827 ], [ 257066.186535656830529, 7036419.353377518244088 ], [ 257056.180154476925964, 7036419.353377518244088 ], [ 257056.180154476925964, 7036424.356568108312786 ], [ 257076.19291683670599, 7036424.356568108312786 ], [ 257076.19291683670599, 7036429.359758697450161 ], [ 257081.196107426658273, 7036429.359758697450161 ], [ 257081.196107426658273, 7036434.362949287518859 ], [ 257086.199298016610555, 7036434.362949287518859 ], [ 257086.199298016610555, 7036439.366139877587557 ], [ 257091.202488606562838, 7036439.366139877587557 ], [ 257091.202488606562838, 7036444.369330467656255 ], [ 257096.205679196515121, 7036444.369330467656255 ], [ 257096.205679196515121, 7036449.372521057724953 ], [ 257101.208869786438299, 7036449.372521057724953 ], [ 257101.208869786438299, 7036454.375711647793651 ], [ 257106.212060376390582, 7036454.375711647793651 ], [ 257106.212060376390582, 7036459.378902237862349 ], [ 257111.215250966342865, 7036459.378902237862349 ], [ 257111.215250966342865, 7036464.382092827931046 ], [ 257116.218441556295147, 7036464.382092827931046 ], [ 257116.218441556295147, 7036469.385283417068422 ], [ 257121.22163214624743, 7036469.385283417068422 ], [ 257121.22163214624743, 7036474.38847400713712 ], [ 257126.224822736170609, 7036474.38847400713712 ], [ 257126.224822736170609, 7036479.391664597205818 ], [ 257131.228013326122891, 7036479.391664597205818 ], [ 257131.228013326122891, 7036484.394855187274516 ], [ 257136.231203916075174, 7036484.394855187274516 ], [ 257136.231203916075174, 7036489.398045777343214 ], [ 257141.234394506027456, 7036489.398045777343214 ], [ 257141.234394506027456, 7036494.401236367411911 ], [ 257146.237585095979739, 7036494.401236367411911 ], [ 257146.237585095979739, 7036499.404426957480609 ], [ 257151.240775685932022, 7036499.404426957480609 ], [ 257151.240775685932022, 7036509.410808136686683 ], [ 257156.2439662758552, 7036509.410808136686683 ], [ 257156.2439662758552, 7036489.398045777343214 ], [ 257161.247156865807483, 7036489.398045777343214 ], [ 257161.247156865807483, 7036484.394855187274516 ], [ 257166.250347455759766, 7036484.394855187274516 ], [ 257166.250347455759766, 7036469.385283417068422 ], [ 257171.253538045712048, 7036469.385283417068422 ], [ 257171.253538045712048, 7036454.375711647793651 ], [ 257201.27268158539664, 7036454.375711647793651 ], [ 257201.27268158539664, 7036449.372521057724953 ], [ 257206.275872175348923, 7036449.372521057724953 ], [ 257206.275872175348923, 7036444.369330467656255 ], [ 257221.285443945176667, 7036444.369330467656255 ], [ 257221.285443945176667, 7036439.366139877587557 ], [ 257231.291825125081232, 7036439.366139877587557 ], [ 257231.291825125081232, 7036444.369330467656255 ], [ 257246.301396894908976, 7036444.369330467656255 ], [ 257246.301396894908976, 7036439.366139877587557 ], [ 257256.307778074813541, 7036439.366139877587557 ], [ 257256.307778074813541, 7036434.362949287518859 ], [ 257266.314159254689002, 7036434.362949287518859 ], [ 257266.314159254689002, 7036424.356568108312786 ], [ 257271.317349844641285, 7036424.356568108312786 ], [ 257271.317349844641285, 7036419.353377518244088 ], [ 257276.320540434593568, 7036419.353377518244088 ], [ 257276.320540434593568, 7036414.35018692817539 ], [ 257281.32373102454585, 7036414.35018692817539 ], [ 257281.32373102454585, 7036404.343805748037994 ], [ 257286.326921614498133, 7036404.343805748037994 ], [ 257286.326921614498133, 7036399.340615157969296 ], [ 257296.333302794373594, 7036399.340615157969296 ], [ 257296.333302794373594, 7036394.337424567900598 ], [ 257311.342874564230442, 7036394.337424567900598 ], [ 257311.342874564230442, 7036389.334233978763223 ], [ 257326.352446334058186, 7036389.334233978763223 ], [ 257326.352446334058186, 7036384.331043388694525 ], [ 257351.368399283790495, 7036384.331043388694525 ], [ 257351.368399283790495, 7036379.327852798625827 ], [ 257371.381161643599626, 7036379.327852798625827 ], [ 257371.381161643599626, 7036374.324662208557129 ], [ 257381.387542823475087, 7036374.324662208557129 ], [ 257381.387542823475087, 7036369.321471618488431 ], [ 257391.393924003379652, 7036369.321471618488431 ], [ 257391.393924003379652, 7036364.318281028419733 ], [ 257401.400305183255114, 7036364.318281028419733 ], [ 257401.400305183255114, 7036359.315090438351035 ], [ 257421.413067543064244, 7036359.315090438351035 ], [ 257421.413067543064244, 7036364.318281028419733 ], [ 257426.416258133016527, 7036364.318281028419733 ], [ 257426.416258133016527, 7036369.321471618488431 ], [ 257431.419448722939705, 7036369.321471618488431 ], [ 257431.419448722939705, 7036374.324662208557129 ], [ 257436.422639312891988, 7036374.324662208557129 ], [ 257436.422639312891988, 7036384.331043388694525 ], [ 257441.425829902844271, 7036384.331043388694525 ], [ 257441.425829902844271, 7036389.334233978763223 ], [ 257446.429020492796553, 7036389.334233978763223 ], [ 257446.429020492796553, 7036399.340615157969296 ], [ 257451.432211082748836, 7036399.340615157969296 ], [ 257451.432211082748836, 7036404.343805748037994 ], [ 257456.435401672672015, 7036404.343805748037994 ], [ 257456.435401672672015, 7036409.346996338106692 ], [ 257471.444973442528863, 7036409.346996338106692 ], [ 257471.444973442528863, 7036404.343805748037994 ], [ 257481.451354622433428, 7036404.343805748037994 ], [ 257481.451354622433428, 7036399.340615157969296 ], [ 257491.457735802308889, 7036399.340615157969296 ], [ 257491.457735802308889, 7036394.337424567900598 ], [ 257496.460926392261172, 7036394.337424567900598 ], [ 257496.460926392261172, 7036389.334233978763223 ], [ 257516.473688752041198, 7036389.334233978763223 ], [ 257516.473688752041198, 7036394.337424567900598 ], [ 257521.476879341993481, 7036394.337424567900598 ], [ 257521.476879341993481, 7036409.346996338106692 ], [ 257531.483260521898046, 7036409.346996338106692 ], [ 257531.483260521898046, 7036414.35018692817539 ], [ 257541.489641701773508, 7036414.35018692817539 ], [ 257541.489641701773508, 7036419.353377518244088 ], [ 257546.49283229172579, 7036419.353377518244088 ], [ 257546.49283229172579, 7036424.356568108312786 ], [ 257561.502404061582638, 7036424.356568108312786 ], [ 257561.502404061582638, 7036419.353377518244088 ], [ 257566.505594651505817, 7036419.353377518244088 ], [ 257566.505594651505817, 7036424.356568108312786 ], [ 257581.515166421362665, 7036424.356568108312786 ], [ 257581.515166421362665, 7036419.353377518244088 ], [ 257586.518357011314947, 7036419.353377518244088 ], [ 257586.518357011314947, 7036409.346996338106692 ], [ 257581.515166421362665, 7036409.346996338106692 ], [ 257581.515166421362665, 7036399.340615157969296 ], [ 257576.511975831410382, 7036399.340615157969296 ], [ 257576.511975831410382, 7036389.334233978763223 ], [ 257571.508785241458099, 7036389.334233978763223 ], [ 257571.508785241458099, 7036384.331043388694525 ], [ 257556.499213471630355, 7036384.331043388694525 ], [ 257556.499213471630355, 7036379.327852798625827 ], [ 257551.496022881678073, 7036379.327852798625827 ], [ 257551.496022881678073, 7036374.324662208557129 ], [ 257546.49283229172579, 7036374.324662208557129 ], [ 257546.49283229172579, 7036369.321471618488431 ], [ 257541.489641701773508, 7036369.321471618488431 ], [ 257541.489641701773508, 7036364.318281028419733 ], [ 257536.486451111850329, 7036364.318281028419733 ], [ 257536.486451111850329, 7036359.315090438351035 ], [ 257531.483260521898046, 7036359.315090438351035 ], [ 257531.483260521898046, 7036339.302328079007566 ], [ 257521.476879341993481, 7036339.302328079007566 ], [ 257521.476879341993481, 7036334.299137488938868 ], [ 257511.470498162088916, 7036334.299137488938868 ], [ 257511.470498162088916, 7036329.29594689887017 ], [ 257501.464116982213454, 7036329.29594689887017 ], [ 257501.464116982213454, 7036324.292756308801472 ], [ 257496.460926392261172, 7036324.292756308801472 ], [ 257496.460926392261172, 7036319.289565718732774 ], [ 257486.454545212356606, 7036319.289565718732774 ], [ 257486.454545212356606, 7036309.283184539526701 ], [ 257476.448164032481145, 7036309.283184539526701 ], [ 257476.448164032481145, 7036304.279993949458003 ], [ 257471.444973442528863, 7036304.279993949458003 ], [ 257471.444973442528863, 7036299.276803359389305 ], [ 257451.432211082748836, 7036299.276803359389305 ], [ 257451.432211082748836, 7036294.273612769320607 ], [ 257436.422639312891988, 7036294.273612769320607 ], [ 257436.422639312891988, 7036289.270422179251909 ], [ 257406.403495773207396, 7036289.270422179251909 ], [ 257406.403495773207396, 7036284.267231589183211 ], [ 257391.393924003379652, 7036284.267231589183211 ], [ 257391.393924003379652, 7036279.264040999114513 ], [ 257381.387542823475087, 7036279.264040999114513 ], [ 257381.387542823475087, 7036274.260850409977138 ], [ 257371.381161643599626, 7036274.260850409977138 ], [ 257371.381161643599626, 7036269.25765981990844 ], [ 257361.37478046369506, 7036269.25765981990844 ], [ 257361.37478046369506, 7036264.254469229839742 ], [ 257356.371589873742778, 7036264.254469229839742 ], [ 257356.371589873742778, 7036269.25765981990844 ], [ 257316.346065154182725, 7036269.25765981990844 ], [ 257316.346065154182725, 7036249.244897459633648 ], [ 257321.349255744105903, 7036249.244897459633648 ], [ 257321.349255744105903, 7036244.24170686956495 ], [ 257336.358827513962751, 7036244.24170686956495 ], [ 257336.358827513962751, 7036239.238516279496253 ], [ 257341.362018103915034, 7036239.238516279496253 ], [ 257341.362018103915034, 7036234.235325690358877 ], [ 257346.365208693838213, 7036234.235325690358877 ], [ 257346.365208693838213, 7036219.225753920152783 ], [ 257351.368399283790495, 7036219.225753920152783 ], [ 257351.368399283790495, 7036209.219372740015388 ], [ 257356.371589873742778, 7036209.219372740015388 ], [ 257356.371589873742778, 7036204.21618214994669 ], [ 257361.37478046369506, 7036204.21618214994669 ], [ 257361.37478046369506, 7036199.212991559877992 ], [ 257376.384352233522804, 7036199.212991559877992 ], [ 257376.384352233522804, 7036194.209800970740616 ], [ 257381.387542823475087, 7036194.209800970740616 ], [ 257381.387542823475087, 7036189.206610380671918 ], [ 257396.397114593331935, 7036189.206610380671918 ], [ 257396.397114593331935, 7036179.200229200534523 ], [ 257401.400305183255114, 7036179.200229200534523 ], [ 257401.400305183255114, 7036174.197038610465825 ], [ 257416.409876953111961, 7036174.197038610465825 ], [ 257416.409876953111961, 7036179.200229200534523 ], [ 257421.413067543064244, 7036179.200229200534523 ], [ 257421.413067543064244, 7036174.197038610465825 ], [ 257426.416258133016527, 7036174.197038610465825 ], [ 257426.416258133016527, 7036169.193848020397127 ], [ 257431.419448722939705, 7036169.193848020397127 ], [ 257431.419448722939705, 7036164.190657430328429 ], [ 257436.422639312891988, 7036164.190657430328429 ], [ 257436.422639312891988, 7036159.187466841191053 ], [ 257441.425829902844271, 7036159.187466841191053 ], [ 257441.425829902844271, 7036154.184276251122355 ], [ 257446.429020492796553, 7036154.184276251122355 ], [ 257446.429020492796553, 7036144.17789507098496 ], [ 257441.425829902844271, 7036144.17789507098496 ], [ 257441.425829902844271, 7036139.174704480916262 ], [ 257436.422639312891988, 7036139.174704480916262 ], [ 257436.422639312891988, 7036134.171513890847564 ], [ 257431.419448722939705, 7036134.171513890847564 ], [ 257431.419448722939705, 7036129.168323300778866 ], [ 257426.416258133016527, 7036129.168323300778866 ], [ 257426.416258133016527, 7036124.165132710710168 ], [ 257411.406686363159679, 7036124.165132710710168 ], [ 257411.406686363159679, 7036119.161942121572793 ], [ 257401.400305183255114, 7036119.161942121572793 ], [ 257401.400305183255114, 7036114.158751531504095 ], [ 257391.393924003379652, 7036114.158751531504095 ], [ 257391.393924003379652, 7036109.155560941435397 ], [ 257376.384352233522804, 7036109.155560941435397 ], [ 257376.384352233522804, 7036104.152370351366699 ], [ 257366.377971053647343, 7036104.152370351366699 ], [ 257366.377971053647343, 7036099.149179761298001 ], [ 257351.368399283790495, 7036099.149179761298001 ], [ 257351.368399283790495, 7036084.139607991091907 ], [ 257356.371589873742778, 7036084.139607991091907 ], [ 257356.371589873742778, 7036079.136417401954532 ], [ 257361.37478046369506, 7036079.136417401954532 ], [ 257361.37478046369506, 7036074.133226811885834 ], [ 257366.377971053647343, 7036074.133226811885834 ], [ 257366.377971053647343, 7036069.130036221817136 ], [ 257371.381161643599626, 7036069.130036221817136 ], [ 257371.381161643599626, 7036059.12365504167974 ], [ 257376.384352233522804, 7036059.12365504167974 ], [ 257376.384352233522804, 7036054.120464451611042 ], [ 257386.39073341342737, 7036054.120464451611042 ], [ 257386.39073341342737, 7036049.117273861542344 ], [ 257391.393924003379652, 7036049.117273861542344 ], [ 257391.393924003379652, 7036054.120464451611042 ], [ 257406.403495773207396, 7036054.120464451611042 ], [ 257406.403495773207396, 7036064.126845631748438 ], [ 257411.406686363159679, 7036064.126845631748438 ], [ 257411.406686363159679, 7036069.130036221817136 ], [ 257436.422639312891988, 7036069.130036221817136 ], [ 257436.422639312891988, 7036064.126845631748438 ], [ 257446.429020492796553, 7036064.126845631748438 ], [ 257446.429020492796553, 7036059.12365504167974 ], [ 257451.432211082748836, 7036059.12365504167974 ], [ 257451.432211082748836, 7036054.120464451611042 ], [ 257456.435401672672015, 7036054.120464451611042 ], [ 257456.435401672672015, 7036049.117273861542344 ], [ 257461.438592262624297, 7036049.117273861542344 ], [ 257461.438592262624297, 7036044.114083272404969 ], [ 257466.44178285257658, 7036044.114083272404969 ], [ 257466.44178285257658, 7036039.110892682336271 ], [ 257471.444973442528863, 7036039.110892682336271 ], [ 257471.444973442528863, 7036034.107702092267573 ], [ 257476.448164032481145, 7036034.107702092267573 ], [ 257476.448164032481145, 7036029.104511502198875 ], [ 257481.451354622433428, 7036029.104511502198875 ], [ 257481.451354622433428, 7036019.098130322061479 ], [ 257486.454545212356606, 7036019.098130322061479 ], [ 257486.454545212356606, 7036014.094939731992781 ], [ 257491.457735802308889, 7036014.094939731992781 ], [ 257491.457735802308889, 7036009.091749141924083 ], [ 257501.464116982213454, 7036009.091749141924083 ], [ 257501.464116982213454, 7036004.088558552786708 ], [ 257516.473688752041198, 7036004.088558552786708 ], [ 257516.473688752041198, 7035999.08536796271801 ], [ 257521.476879341993481, 7035999.08536796271801 ], [ 257521.476879341993481, 7035984.075796192511916 ], [ 257516.473688752041198, 7035984.075796192511916 ], [ 257516.473688752041198, 7035979.072605602443218 ], [ 257511.470498162088916, 7035979.072605602443218 ], [ 257511.470498162088916, 7035974.06941501237452 ], [ 257506.467307572165737, 7035974.06941501237452 ], [ 257506.467307572165737, 7035969.066224423237145 ], [ 257501.464116982213454, 7035969.066224423237145 ], [ 257501.464116982213454, 7035964.063033833168447 ], [ 257496.460926392261172, 7035964.063033833168447 ], [ 257496.460926392261172, 7035954.056652653031051 ], [ 257491.457735802308889, 7035954.056652653031051 ], [ 257491.457735802308889, 7035949.053462062962353 ], [ 257486.454545212356606, 7035949.053462062962353 ], [ 257486.454545212356606, 7035929.040699703618884 ], [ 257661.566215860511875, 7035929.040699703618884 ], [ 257661.566215860511875, 7035934.043890292756259 ], [ 257666.569406450464157, 7035934.043890292756259 ], [ 257666.569406450464157, 7035939.047080882824957 ], [ 257671.57259704041644, 7035939.047080882824957 ], [ 257671.57259704041644, 7035944.050271472893655 ], [ 257676.575787630339619, 7035944.050271472893655 ], [ 257676.575787630339619, 7035954.056652653031051 ], [ 257681.578978220291901, 7035954.056652653031051 ], [ 257681.578978220291901, 7035989.078986782580614 ], [ 257676.575787630339619, 7035989.078986782580614 ], [ 257676.575787630339619, 7036014.094939731992781 ], [ 257671.57259704041644, 7036014.094939731992781 ], [ 257671.57259704041644, 7036054.120464451611042 ], [ 257676.575787630339619, 7036054.120464451611042 ], [ 257676.575787630339619, 7036084.139607991091907 ], [ 257681.578978220291901, 7036084.139607991091907 ], [ 257681.578978220291901, 7036089.142798581160605 ], [ 257686.582168810244184, 7036089.142798581160605 ], [ 257686.582168810244184, 7036124.165132710710168 ], [ 257681.578978220291901, 7036124.165132710710168 ], [ 257681.578978220291901, 7036139.174704480916262 ], [ 257676.575787630339619, 7036139.174704480916262 ], [ 257676.575787630339619, 7036154.184276251122355 ], [ 257671.57259704041644, 7036154.184276251122355 ], [ 257671.57259704041644, 7036164.190657430328429 ], [ 257666.569406450464157, 7036164.190657430328429 ], [ 257666.569406450464157, 7036174.197038610465825 ], [ 257661.566215860511875, 7036174.197038610465825 ], [ 257661.566215860511875, 7036179.200229200534523 ], [ 257651.55983468060731, 7036179.200229200534523 ], [ 257651.55983468060731, 7036184.20341979060322 ], [ 257646.556644090684131, 7036184.20341979060322 ], [ 257646.556644090684131, 7036189.206610380671918 ], [ 257641.553453500731848, 7036189.206610380671918 ], [ 257641.553453500731848, 7036194.209800970740616 ], [ 257636.550262910779566, 7036194.209800970740616 ], [ 257636.550262910779566, 7036219.225753920152783 ], [ 257631.547072320827283, 7036219.225753920152783 ], [ 257631.547072320827283, 7036224.228944510221481 ], [ 257626.543881730875, 7036224.228944510221481 ], [ 257626.543881730875, 7036229.232135100290179 ], [ 257621.540691140922718, 7036229.232135100290179 ], [ 257621.540691140922718, 7036234.235325690358877 ], [ 257616.537500550999539, 7036234.235325690358877 ], [ 257616.537500550999539, 7036239.238516279496253 ], [ 257636.550262910779566, 7036239.238516279496253 ], [ 257636.550262910779566, 7036234.235325690358877 ], [ 257646.556644090684131, 7036234.235325690358877 ], [ 257646.556644090684131, 7036229.232135100290179 ], [ 257666.569406450464157, 7036229.232135100290179 ], [ 257666.569406450464157, 7036224.228944510221481 ], [ 257671.57259704041644, 7036224.228944510221481 ], [ 257671.57259704041644, 7036229.232135100290179 ], [ 257691.585359400196467, 7036229.232135100290179 ], [ 257691.585359400196467, 7036234.235325690358877 ], [ 257711.598121759976493, 7036234.235325690358877 ], [ 257711.598121759976493, 7036229.232135100290179 ], [ 257741.617265299661085, 7036229.232135100290179 ], [ 257741.617265299661085, 7036234.235325690358877 ], [ 257746.620455889613368, 7036234.235325690358877 ], [ 257746.620455889613368, 7036239.238516279496253 ], [ 257756.626837069517933, 7036239.238516279496253 ], [ 257756.626837069517933, 7036244.24170686956495 ], [ 257761.630027659441112, 7036244.24170686956495 ], [ 257761.630027659441112, 7036249.244897459633648 ], [ 257771.636408839345677, 7036249.244897459633648 ], [ 257771.636408839345677, 7036254.248088049702346 ], [ 257781.642790019250242, 7036254.248088049702346 ], [ 257781.642790019250242, 7036259.251278639771044 ], [ 257811.661933558934834, 7036259.251278639771044 ], [ 257811.661933558934834, 7036264.254469229839742 ], [ 257816.665124148858013, 7036264.254469229839742 ], [ 257816.665124148858013, 7036379.327852798625827 ], [ 257811.661933558934834, 7036379.327852798625827 ], [ 257811.661933558934834, 7036384.331043388694525 ], [ 257806.658742968982551, 7036384.331043388694525 ], [ 257806.658742968982551, 7036389.334233978763223 ], [ 257801.655552379030269, 7036389.334233978763223 ], [ 257801.655552379030269, 7036394.337424567900598 ], [ 257791.649171199125703, 7036394.337424567900598 ], [ 257791.649171199125703, 7036399.340615157969296 ], [ 257786.645980609173421, 7036399.340615157969296 ], [ 257786.645980609173421, 7036404.343805748037994 ], [ 257781.642790019250242, 7036404.343805748037994 ], [ 257781.642790019250242, 7036409.346996338106692 ], [ 257771.636408839345677, 7036409.346996338106692 ], [ 257771.636408839345677, 7036414.35018692817539 ], [ 257766.633218249393394, 7036414.35018692817539 ], [ 257766.633218249393394, 7036419.353377518244088 ], [ 257761.630027659441112, 7036419.353377518244088 ], [ 257761.630027659441112, 7036424.356568108312786 ], [ 257756.626837069517933, 7036424.356568108312786 ], [ 257756.626837069517933, 7036429.359758697450161 ], [ 257751.62364647956565, 7036429.359758697450161 ], [ 257751.62364647956565, 7036434.362949287518859 ], [ 257731.61088411975652, 7036434.362949287518859 ], [ 257731.61088411975652, 7036429.359758697450161 ], [ 257726.607693529833341, 7036429.359758697450161 ], [ 257726.607693529833341, 7036424.356568108312786 ], [ 257721.604502939881058, 7036424.356568108312786 ], [ 257721.604502939881058, 7036419.353377518244088 ], [ 257716.601312349928776, 7036419.353377518244088 ], [ 257716.601312349928776, 7036414.35018692817539 ], [ 257711.598121759976493, 7036414.35018692817539 ], [ 257711.598121759976493, 7036409.346996338106692 ], [ 257706.594931170024211, 7036409.346996338106692 ], [ 257706.594931170024211, 7036404.343805748037994 ], [ 257686.582168810244184, 7036404.343805748037994 ], [ 257686.582168810244184, 7036409.346996338106692 ], [ 257681.578978220291901, 7036409.346996338106692 ], [ 257681.578978220291901, 7036414.35018692817539 ], [ 257671.57259704041644, 7036414.35018692817539 ], [ 257671.57259704041644, 7036419.353377518244088 ], [ 257661.566215860511875, 7036419.353377518244088 ], [ 257661.566215860511875, 7036424.356568108312786 ], [ 257651.55983468060731, 7036424.356568108312786 ], [ 257651.55983468060731, 7036429.359758697450161 ], [ 257641.553453500731848, 7036429.359758697450161 ], [ 257641.553453500731848, 7036434.362949287518859 ], [ 257631.547072320827283, 7036434.362949287518859 ], [ 257631.547072320827283, 7036439.366139877587557 ], [ 257616.537500550999539, 7036439.366139877587557 ], [ 257616.537500550999539, 7036444.369330467656255 ], [ 257601.527928781142691, 7036444.369330467656255 ], [ 257601.527928781142691, 7036449.372521057724953 ], [ 257591.52154760126723, 7036449.372521057724953 ], [ 257591.52154760126723, 7036454.375711647793651 ], [ 257576.511975831410382, 7036454.375711647793651 ], [ 257576.511975831410382, 7036459.378902237862349 ], [ 257571.508785241458099, 7036459.378902237862349 ], [ 257571.508785241458099, 7036584.458666985854506 ], [ 257566.505594651505817, 7036584.458666985854506 ], [ 257566.505594651505817, 7036589.461857575923204 ], [ 257561.502404061582638, 7036589.461857575923204 ], [ 257561.502404061582638, 7036594.465048165991902 ], [ 257556.499213471630355, 7036594.465048165991902 ], [ 257556.499213471630355, 7036599.4682387560606 ], [ 257551.496022881678073, 7036599.4682387560606 ], [ 257551.496022881678073, 7036604.471429346129298 ], [ 257546.49283229172579, 7036604.471429346129298 ], [ 257546.49283229172579, 7036609.474619936197996 ], [ 257541.489641701773508, 7036609.474619936197996 ], [ 257541.489641701773508, 7036614.477810526266694 ], [ 257536.486451111850329, 7036614.477810526266694 ], [ 257536.486451111850329, 7036619.481001116335392 ], [ 257526.480069931945764, 7036619.481001116335392 ], [ 257526.480069931945764, 7036624.484191705472767 ], [ 257496.460926392261172, 7036624.484191705472767 ], [ 257496.460926392261172, 7036619.481001116335392 ], [ 257491.457735802308889, 7036619.481001116335392 ], [ 257491.457735802308889, 7036614.477810526266694 ], [ 257486.454545212356606, 7036614.477810526266694 ], [ 257486.454545212356606, 7036609.474619936197996 ], [ 257481.451354622433428, 7036609.474619936197996 ], [ 257481.451354622433428, 7036599.4682387560606 ], [ 257476.448164032481145, 7036599.4682387560606 ], [ 257476.448164032481145, 7036589.461857575923204 ], [ 257481.451354622433428, 7036589.461857575923204 ], [ 257481.451354622433428, 7036574.452285806648433 ], [ 257486.454545212356606, 7036574.452285806648433 ], [ 257486.454545212356606, 7036559.442714036442339 ], [ 257471.444973442528863, 7036559.442714036442339 ], [ 257471.444973442528863, 7036564.445904626511037 ], [ 257466.44178285257658, 7036564.445904626511037 ], [ 257466.44178285257658, 7036569.449095216579735 ], [ 257461.438592262624297, 7036569.449095216579735 ], [ 257461.438592262624297, 7036574.452285806648433 ], [ 257456.435401672672015, 7036574.452285806648433 ], [ 257456.435401672672015, 7036579.455476396717131 ], [ 257451.432211082748836, 7036579.455476396717131 ], [ 257451.432211082748836, 7036589.461857575923204 ], [ 257456.435401672672015, 7036589.461857575923204 ], [ 257456.435401672672015, 7036599.4682387560606 ], [ 257461.438592262624297, 7036599.4682387560606 ], [ 257461.438592262624297, 7036609.474619936197996 ], [ 257441.425829902844271, 7036609.474619936197996 ], [ 257441.425829902844271, 7036604.471429346129298 ], [ 257421.413067543064244, 7036604.471429346129298 ], [ 257421.413067543064244, 7036594.465048165991902 ], [ 257426.416258133016527, 7036594.465048165991902 ], [ 257426.416258133016527, 7036589.461857575923204 ], [ 257411.406686363159679, 7036589.461857575923204 ], [ 257411.406686363159679, 7036594.465048165991902 ], [ 257406.403495773207396, 7036594.465048165991902 ], [ 257406.403495773207396, 7036599.4682387560606 ], [ 257401.400305183255114, 7036599.4682387560606 ], [ 257401.400305183255114, 7036604.471429346129298 ], [ 257396.397114593331935, 7036604.471429346129298 ], [ 257396.397114593331935, 7036609.474619936197996 ], [ 257386.39073341342737, 7036609.474619936197996 ], [ 257386.39073341342737, 7036614.477810526266694 ], [ 257391.393924003379652, 7036614.477810526266694 ], [ 257391.393924003379652, 7036624.484191705472767 ], [ 257386.39073341342737, 7036624.484191705472767 ], [ 257386.39073341342737, 7036629.487382295541465 ], [ 257381.387542823475087, 7036629.487382295541465 ], [ 257381.387542823475087, 7036634.490572885610163 ], [ 257376.384352233522804, 7036634.490572885610163 ], [ 257376.384352233522804, 7036639.493763475678861 ], [ 257396.397114593331935, 7036639.493763475678861 ], [ 257396.397114593331935, 7036634.490572885610163 ], [ 257406.403495773207396, 7036634.490572885610163 ], [ 257406.403495773207396, 7036639.493763475678861 ], [ 257426.416258133016527, 7036639.493763475678861 ], [ 257426.416258133016527, 7036644.496954065747559 ], [ 257431.419448722939705, 7036644.496954065747559 ], [ 257431.419448722939705, 7036654.503335245884955 ], [ 257436.422639312891988, 7036654.503335245884955 ], [ 257436.422639312891988, 7036659.50652583502233 ], [ 257441.425829902844271, 7036659.50652583502233 ], [ 257441.425829902844271, 7036664.509716425091028 ], [ 257451.432211082748836, 7036664.509716425091028 ], [ 257451.432211082748836, 7036669.512907015159726 ], [ 257456.435401672672015, 7036669.512907015159726 ], [ 257456.435401672672015, 7036674.516097605228424 ], [ 257461.438592262624297, 7036674.516097605228424 ], [ 257461.438592262624297, 7036689.525669375434518 ], [ 257466.44178285257658, 7036689.525669375434518 ], [ 257466.44178285257658, 7036694.528859965503216 ], [ 257471.444973442528863, 7036694.528859965503216 ], [ 257471.444973442528863, 7036699.532050554640591 ], [ 257476.448164032481145, 7036699.532050554640591 ], [ 257476.448164032481145, 7036704.535241144709289 ], [ 257481.451354622433428, 7036704.535241144709289 ], [ 257481.451354622433428, 7036709.538431734777987 ], [ 257486.454545212356606, 7036709.538431734777987 ], [ 257486.454545212356606, 7036714.541622324846685 ], [ 257496.460926392261172, 7036714.541622324846685 ], [ 257496.460926392261172, 7036719.544812914915383 ], [ 257506.467307572165737, 7036719.544812914915383 ], [ 257506.467307572165737, 7036724.548003504984081 ], [ 257516.473688752041198, 7036724.548003504984081 ], [ 257516.473688752041198, 7036714.541622324846685 ], [ 257526.480069931945764, 7036714.541622324846685 ], [ 257526.480069931945764, 7036719.544812914915383 ], [ 257531.483260521898046, 7036719.544812914915383 ], [ 257531.483260521898046, 7036729.551194095052779 ], [ 257536.486451111850329, 7036729.551194095052779 ], [ 257536.486451111850329, 7036734.554384685121477 ], [ 257541.489641701773508, 7036734.554384685121477 ], [ 257541.489641701773508, 7036739.557575274258852 ], [ 257546.49283229172579, 7036739.557575274258852 ], [ 257546.49283229172579, 7036744.56076586432755 ], [ 257551.496022881678073, 7036744.56076586432755 ], [ 257551.496022881678073, 7036749.563956454396248 ], [ 257556.499213471630355, 7036749.563956454396248 ], [ 257556.499213471630355, 7036744.56076586432755 ], [ 257561.502404061582638, 7036744.56076586432755 ], [ 257561.502404061582638, 7036739.557575274258852 ], [ 257556.499213471630355, 7036739.557575274258852 ], [ 257556.499213471630355, 7036734.554384685121477 ], [ 257561.502404061582638, 7036734.554384685121477 ], [ 257561.502404061582638, 7036729.551194095052779 ], [ 257556.499213471630355, 7036729.551194095052779 ], [ 257556.499213471630355, 7036714.541622324846685 ], [ 257561.502404061582638, 7036714.541622324846685 ], [ 257561.502404061582638, 7036704.535241144709289 ], [ 257566.505594651505817, 7036704.535241144709289 ], [ 257566.505594651505817, 7036699.532050554640591 ], [ 257571.508785241458099, 7036699.532050554640591 ], [ 257571.508785241458099, 7036844.624577663838863 ], [ 257566.505594651505817, 7036844.624577663838863 ], [ 257566.505594651505817, 7036839.621387073770165 ], [ 257556.499213471630355, 7036839.621387073770165 ], [ 257556.499213471630355, 7036844.624577663838863 ], [ 257531.483260521898046, 7036844.624577663838863 ], [ 257531.483260521898046, 7036839.621387073770165 ], [ 257516.473688752041198, 7036839.621387073770165 ], [ 257516.473688752041198, 7036834.618196483701468 ], [ 257491.457735802308889, 7036834.618196483701468 ], [ 257491.457735802308889, 7036839.621387073770165 ], [ 257486.454545212356606, 7036839.621387073770165 ], [ 257486.454545212356606, 7036844.624577663838863 ], [ 257481.451354622433428, 7036844.624577663838863 ], [ 257481.451354622433428, 7036849.627768253907561 ], [ 257466.44178285257658, 7036849.627768253907561 ], [ 257466.44178285257658, 7036854.630958843044937 ], [ 257451.432211082748836, 7036854.630958843044937 ], [ 257451.432211082748836, 7036859.634149433113635 ], [ 257441.425829902844271, 7036859.634149433113635 ], [ 257441.425829902844271, 7036864.637340023182333 ], [ 257431.419448722939705, 7036864.637340023182333 ], [ 257431.419448722939705, 7036869.64053061325103 ], [ 257421.413067543064244, 7036869.64053061325103 ], [ 257421.413067543064244, 7036874.643721203319728 ], [ 257416.409876953111961, 7036874.643721203319728 ], [ 257416.409876953111961, 7036879.646911793388426 ], [ 257411.406686363159679, 7036879.646911793388426 ], [ 257411.406686363159679, 7036884.650102383457124 ], [ 257346.365208693838213, 7036884.650102383457124 ], [ 257346.365208693838213, 7036874.643721203319728 ], [ 257351.368399283790495, 7036874.643721203319728 ], [ 257351.368399283790495, 7036869.64053061325103 ], [ 257361.37478046369506, 7036869.64053061325103 ], [ 257361.37478046369506, 7036874.643721203319728 ], [ 257366.377971053647343, 7036874.643721203319728 ], [ 257366.377971053647343, 7036864.637340023182333 ], [ 257371.381161643599626, 7036864.637340023182333 ], [ 257371.381161643599626, 7036849.627768253907561 ], [ 257366.377971053647343, 7036849.627768253907561 ], [ 257366.377971053647343, 7036844.624577663838863 ], [ 257361.37478046369506, 7036844.624577663838863 ], [ 257361.37478046369506, 7036839.621387073770165 ], [ 257356.371589873742778, 7036839.621387073770165 ], [ 257356.371589873742778, 7036834.618196483701468 ], [ 257351.368399283790495, 7036834.618196483701468 ], [ 257351.368399283790495, 7036829.61500589363277 ], [ 257346.365208693838213, 7036829.61500589363277 ], [ 257346.365208693838213, 7036819.608624713495374 ], [ 257341.362018103915034, 7036819.608624713495374 ], [ 257341.362018103915034, 7036809.6022435342893 ], [ 257331.355636924010469, 7036809.6022435342893 ], [ 257331.355636924010469, 7036814.605434123426676 ], [ 257326.352446334058186, 7036814.605434123426676 ], [ 257326.352446334058186, 7036839.621387073770165 ], [ 257321.349255744105903, 7036839.621387073770165 ], [ 257321.349255744105903, 7036844.624577663838863 ], [ 257311.342874564230442, 7036844.624577663838863 ], [ 257311.342874564230442, 7036849.627768253907561 ], [ 257306.339683974278159, 7036849.627768253907561 ], [ 257306.339683974278159, 7036854.630958843044937 ], [ 257296.333302794373594, 7036854.630958843044937 ], [ 257296.333302794373594, 7036874.643721203319728 ], [ 257306.339683974278159, 7036874.643721203319728 ], [ 257306.339683974278159, 7036879.646911793388426 ], [ 257316.346065154182725, 7036879.646911793388426 ], [ 257316.346065154182725, 7036884.650102383457124 ], [ 257121.22163214624743, 7036884.650102383457124 ] ], [ [ 257046.173773297021398, 7036754.567147044464946 ], [ 257061.183345066878246, 7036754.567147044464946 ], [ 257061.183345066878246, 7036709.538431734777987 ], [ 257056.180154476925964, 7036709.538431734777987 ], [ 257056.180154476925964, 7036704.535241144709289 ], [ 257036.167392117145937, 7036704.535241144709289 ], [ 257036.167392117145937, 7036699.532050554640591 ], [ 257031.164201527193654, 7036699.532050554640591 ], [ 257031.164201527193654, 7036704.535241144709289 ], [ 257026.161010937241372, 7036704.535241144709289 ], [ 257026.161010937241372, 7036709.538431734777987 ], [ 257021.157820347289089, 7036709.538431734777987 ], [ 257021.157820347289089, 7036719.544812914915383 ], [ 257016.154629757336807, 7036719.544812914915383 ], [ 257016.154629757336807, 7036729.551194095052779 ], [ 257021.157820347289089, 7036729.551194095052779 ], [ 257021.157820347289089, 7036739.557575274258852 ], [ 257031.164201527193654, 7036739.557575274258852 ], [ 257031.164201527193654, 7036744.56076586432755 ], [ 257036.167392117145937, 7036744.56076586432755 ], [ 257036.167392117145937, 7036749.563956454396248 ], [ 257046.173773297021398, 7036749.563956454396248 ], [ 257046.173773297021398, 7036754.567147044464946 ] ], [ [ 257056.180154476925964, 7036704.535241144709289 ], [ 257061.183345066878246, 7036704.535241144709289 ], [ 257061.183345066878246, 7036699.532050554640591 ], [ 257056.180154476925964, 7036699.532050554640591 ], [ 257056.180154476925964, 7036704.535241144709289 ] ], [ [ 256831.036577929306077, 7036649.500144655816257 ], [ 256836.039768519258359, 7036649.500144655816257 ], [ 256836.039768519258359, 7036644.496954065747559 ], [ 256831.036577929306077, 7036644.496954065747559 ], [ 256831.036577929306077, 7036649.500144655816257 ] ], [ [ 257206.275872175348923, 7036619.481001116335392 ], [ 257216.282253355224384, 7036619.481001116335392 ], [ 257216.282253355224384, 7036609.474619936197996 ], [ 257221.285443945176667, 7036609.474619936197996 ], [ 257221.285443945176667, 7036604.471429346129298 ], [ 257226.288634535128949, 7036604.471429346129298 ], [ 257226.288634535128949, 7036599.4682387560606 ], [ 257231.291825125081232, 7036599.4682387560606 ], [ 257231.291825125081232, 7036594.465048165991902 ], [ 257236.295015715004411, 7036594.465048165991902 ], [ 257236.295015715004411, 7036584.458666985854506 ], [ 257231.291825125081232, 7036584.458666985854506 ], [ 257231.291825125081232, 7036579.455476396717131 ], [ 257221.285443945176667, 7036579.455476396717131 ], [ 257221.285443945176667, 7036574.452285806648433 ], [ 257211.279062765272101, 7036574.452285806648433 ], [ 257211.279062765272101, 7036569.449095216579735 ], [ 257206.275872175348923, 7036569.449095216579735 ], [ 257206.275872175348923, 7036564.445904626511037 ], [ 257201.27268158539664, 7036564.445904626511037 ], [ 257201.27268158539664, 7036559.442714036442339 ], [ 257191.266300405492075, 7036559.442714036442339 ], [ 257191.266300405492075, 7036554.439523446373641 ], [ 257186.263109815539792, 7036554.439523446373641 ], [ 257186.263109815539792, 7036549.436332856304944 ], [ 257161.247156865807483, 7036549.436332856304944 ], [ 257161.247156865807483, 7036544.433142266236246 ], [ 257156.2439662758552, 7036544.433142266236246 ], [ 257156.2439662758552, 7036539.42995167709887 ], [ 257146.237585095979739, 7036539.42995167709887 ], [ 257146.237585095979739, 7036534.426761087030172 ], [ 257141.234394506027456, 7036534.426761087030172 ], [ 257141.234394506027456, 7036529.423570496961474 ], [ 257136.231203916075174, 7036529.423570496961474 ], [ 257136.231203916075174, 7036534.426761087030172 ], [ 257131.228013326122891, 7036534.426761087030172 ], [ 257131.228013326122891, 7036544.433142266236246 ], [ 257126.224822736170609, 7036544.433142266236246 ], [ 257126.224822736170609, 7036554.439523446373641 ], [ 257121.22163214624743, 7036554.439523446373641 ], [ 257121.22163214624743, 7036559.442714036442339 ], [ 257116.218441556295147, 7036559.442714036442339 ], [ 257116.218441556295147, 7036564.445904626511037 ], [ 257121.22163214624743, 7036564.445904626511037 ], [ 257121.22163214624743, 7036569.449095216579735 ], [ 257126.224822736170609, 7036569.449095216579735 ], [ 257126.224822736170609, 7036579.455476396717131 ], [ 257131.228013326122891, 7036579.455476396717131 ], [ 257131.228013326122891, 7036584.458666985854506 ], [ 257141.234394506027456, 7036584.458666985854506 ], [ 257141.234394506027456, 7036589.461857575923204 ], [ 257161.247156865807483, 7036589.461857575923204 ], [ 257161.247156865807483, 7036594.465048165991902 ], [ 257166.250347455759766, 7036594.465048165991902 ], [ 257166.250347455759766, 7036599.4682387560606 ], [ 257171.253538045712048, 7036599.4682387560606 ], [ 257171.253538045712048, 7036604.471429346129298 ], [ 257176.256728635664331, 7036604.471429346129298 ], [ 257176.256728635664331, 7036609.474619936197996 ], [ 257186.263109815539792, 7036609.474619936197996 ], [ 257186.263109815539792, 7036614.477810526266694 ], [ 257206.275872175348923, 7036614.477810526266694 ], [ 257206.275872175348923, 7036619.481001116335392 ] ], [ [ 257426.416258133016527, 7036589.461857575923204 ], [ 257431.419448722939705, 7036589.461857575923204 ], [ 257431.419448722939705, 7036584.458666985854506 ], [ 257426.416258133016527, 7036584.458666985854506 ], [ 257426.416258133016527, 7036589.461857575923204 ] ], [ [ 256991.138676807604497, 7036454.375711647793651 ], [ 256996.14186739755678, 7036454.375711647793651 ], [ 256996.14186739755678, 7036449.372521057724953 ], [ 256991.138676807604497, 7036449.372521057724953 ], [ 256991.138676807604497, 7036454.375711647793651 ] ], [ [ 256986.135486217681319, 7036444.369330467656255 ], [ 256996.14186739755678, 7036444.369330467656255 ], [ 256996.14186739755678, 7036439.366139877587557 ], [ 256991.138676807604497, 7036439.366139877587557 ], [ 256991.138676807604497, 7036434.362949287518859 ], [ 256986.135486217681319, 7036434.362949287518859 ], [ 256986.135486217681319, 7036444.369330467656255 ] ], [ [ 256981.132295627729036, 7036434.362949287518859 ], [ 256986.135486217681319, 7036434.362949287518859 ], [ 256986.135486217681319, 7036429.359758697450161 ], [ 256981.132295627729036, 7036429.359758697450161 ], [ 256981.132295627729036, 7036434.362949287518859 ] ], [ [ 257046.173773297021398, 7036434.362949287518859 ], [ 257051.176963886973681, 7036434.362949287518859 ], [ 257051.176963886973681, 7036429.359758697450161 ], [ 257046.173773297021398, 7036429.359758697450161 ], [ 257046.173773297021398, 7036434.362949287518859 ] ], [ [ 256976.129105037776753, 7036429.359758697450161 ], [ 256981.132295627729036, 7036429.359758697450161 ], [ 256981.132295627729036, 7036419.353377518244088 ], [ 256976.129105037776753, 7036419.353377518244088 ], [ 256976.129105037776753, 7036429.359758697450161 ] ], [ [ 257051.176963886973681, 7036429.359758697450161 ], [ 257056.180154476925964, 7036429.359758697450161 ], [ 257056.180154476925964, 7036424.356568108312786 ], [ 257051.176963886973681, 7036424.356568108312786 ], [ 257051.176963886973681, 7036429.359758697450161 ] ] ] } },
{ "type": "Feature", "properties": { "id": 59, "slope": 1 }, "geometry": { "type": "Polygon", "coordinates": [ [ [ 256470.806855453120079, 7036114.158751531504095 ], [ 256470.806855453120079, 7036109.155560941435397 ], [ 256465.803664863167796, 7036109.155560941435397 ], [ 256465.803664863167796, 7036104.152370351366699 ], [ 256460.800474273244618, 7036104.152370351366699 ], [ 256460.800474273244618, 7036099.149179761298001 ], [ 256455.797283683292335, 7036099.149179761298001 ], [ 256455.797283683292335, 7036094.145989171229303 ], [ 256445.79090250338777, 7036094.145989171229303 ], [ 256445.79090250338777, 7036089.142798581160605 ], [ 256385.752615424018586, 7036089.142798581160605 ], [ 256385.752615424018586, 7035969.066224423237145 ], [ 256400.762187193875434, 7035969.066224423237145 ], [ 256400.762187193875434, 7035974.06941501237452 ], [ 256410.768568373750895, 7035974.06941501237452 ], [ 256410.768568373750895, 7035979.072605602443218 ], [ 256425.778140143607743, 7035979.072605602443218 ], [ 256425.778140143607743, 7035974.06941501237452 ], [ 256435.784521323512308, 7035974.06941501237452 ], [ 256435.784521323512308, 7035969.066224423237145 ], [ 256450.794093093340052, 7035969.066224423237145 ], [ 256450.794093093340052, 7035964.063033833168447 ], [ 256455.797283683292335, 7035964.063033833168447 ], [ 256455.797283683292335, 7035959.059843243099749 ], [ 256460.800474273244618, 7035959.059843243099749 ], [ 256460.800474273244618, 7035954.056652653031051 ], [ 256455.797283683292335, 7035954.056652653031051 ], [ 256455.797283683292335, 7035949.053462062962353 ], [ 256445.79090250338777, 7035949.053462062962353 ], [ 256445.79090250338777, 7035944.050271472893655 ], [ 256435.784521323512308, 7035944.050271472893655 ], [ 256435.784521323512308, 7035939.047080882824957 ], [ 256430.781330733560026, 7035939.047080882824957 ], [ 256430.781330733560026, 7035934.043890292756259 ], [ 256420.77494955365546, 7035934.043890292756259 ], [ 256420.77494955365546, 7035929.040699703618884 ], [ 256415.771758963703178, 7035929.040699703618884 ], [ 256415.771758963703178, 7035924.037509113550186 ], [ 256405.765377783827716, 7035924.037509113550186 ], [ 256405.765377783827716, 7035919.034318523481488 ], [ 256395.758996603923151, 7035919.034318523481488 ], [ 256395.758996603923151, 7035914.03112793341279 ], [ 256390.755806013970869, 7035914.03112793341279 ], [ 256390.755806013970869, 7035909.027937343344092 ], [ 256385.752615424018586, 7035909.027937343344092 ], [ 256385.752615424018586, 7035753.929029054939747 ], [ 256405.765377783827716, 7035753.929029054939747 ], [ 256405.765377783827716, 7035758.932219645008445 ], [ 256410.768568373750895, 7035758.932219645008445 ], [ 256410.768568373750895, 7035768.938600825145841 ], [ 256415.771758963703178, 7035768.938600825145841 ], [ 256415.771758963703178, 7035773.941791415214539 ], [ 256420.77494955365546, 7035773.941791415214539 ], [ 256420.77494955365546, 7035783.948172594420612 ], [ 256425.778140143607743, 7035783.948172594420612 ], [ 256425.778140143607743, 7035798.957744364626706 ], [ 256430.781330733560026, 7035798.957744364626706 ], [ 256430.781330733560026, 7035813.967316134832799 ], [ 256435.784521323512308, 7035813.967316134832799 ], [ 256435.784521323512308, 7035818.970506723970175 ], [ 256440.787711913435487, 7035818.970506723970175 ], [ 256440.787711913435487, 7035823.973697314038873 ], [ 256445.79090250338777, 7035823.973697314038873 ], [ 256445.79090250338777, 7035828.976887904107571 ], [ 256460.800474273244618, 7035828.976887904107571 ], [ 256460.800474273244618, 7035833.980078494176269 ], [ 256510.832380172709236, 7035833.980078494176269 ], [ 256510.832380172709236, 7035838.983269084244967 ], [ 256530.845142532489263, 7035838.983269084244967 ], [ 256530.845142532489263, 7035843.986459674313664 ], [ 256535.848333122441545, 7035843.986459674313664 ], [ 256535.848333122441545, 7035848.989650264382362 ], [ 256545.85471430234611, 7035848.989650264382362 ], [ 256545.85471430234611, 7035853.99284085445106 ], [ 256560.864286072173854, 7035853.99284085445106 ], [ 256560.864286072173854, 7035848.989650264382362 ], [ 256580.877048431953881, 7035848.989650264382362 ], [ 256580.877048431953881, 7035843.986459674313664 ], [ 256595.886620201810729, 7035843.986459674313664 ], [ 256595.886620201810729, 7035838.983269084244967 ], [ 256600.889810791763011, 7035838.983269084244967 ], [ 256600.889810791763011, 7035833.980078494176269 ], [ 256605.89300138168619, 7035833.980078494176269 ], [ 256605.89300138168619, 7035828.976887904107571 ], [ 256610.896191971638473, 7035828.976887904107571 ], [ 256610.896191971638473, 7035823.973697314038873 ], [ 256620.902573151543038, 7035823.973697314038873 ], [ 256620.902573151543038, 7035818.970506723970175 ], [ 256645.918526101275347, 7035818.970506723970175 ], [ 256645.918526101275347, 7035823.973697314038873 ], [ 256660.928097871103091, 7035823.973697314038873 ], [ 256660.928097871103091, 7035828.976887904107571 ], [ 256665.931288461055374, 7035828.976887904107571 ], [ 256665.931288461055374, 7035833.980078494176269 ], [ 256670.934479051007656, 7035833.980078494176269 ], [ 256670.934479051007656, 7035838.983269084244967 ], [ 256680.940860230912222, 7035838.983269084244967 ], [ 256680.940860230912222, 7035848.989650264382362 ], [ 256685.9440508208354, 7035848.989650264382362 ], [ 256685.9440508208354, 7035853.99284085445106 ], [ 256680.940860230912222, 7035853.99284085445106 ], [ 256680.940860230912222, 7035874.005603213794529 ], [ 256685.9440508208354, 7035874.005603213794529 ], [ 256685.9440508208354, 7035894.018365573137999 ], [ 256690.947241410787683, 7035894.018365573137999 ], [ 256690.947241410787683, 7035899.021556163206697 ], [ 256695.950432000739966, 7035899.021556163206697 ], [ 256695.950432000739966, 7035904.024746753275394 ], [ 256700.953622590692248, 7035904.024746753275394 ], [ 256700.953622590692248, 7035909.027937343344092 ], [ 256705.956813180644531, 7035909.027937343344092 ], [ 256705.956813180644531, 7035919.034318523481488 ], [ 256710.960003770596813, 7035919.034318523481488 ], [ 256710.960003770596813, 7035934.043890292756259 ], [ 256715.963194360519992, 7035934.043890292756259 ], [ 256715.963194360519992, 7035939.047080882824957 ], [ 256720.966384950472275, 7035939.047080882824957 ], [ 256720.966384950472275, 7035944.050271472893655 ], [ 256730.97276613037684, 7035944.050271472893655 ], [ 256730.97276613037684, 7035949.053462062962353 ], [ 256735.975956720329123, 7035949.053462062962353 ], [ 256735.975956720329123, 7035959.059843243099749 ], [ 256740.979147310252301, 7035959.059843243099749 ], [ 256740.979147310252301, 7035969.066224423237145 ], [ 256735.975956720329123, 7035969.066224423237145 ], [ 256735.975956720329123, 7035989.078986782580614 ], [ 256730.97276613037684, 7035989.078986782580614 ], [ 256730.97276613037684, 7035994.082177372649312 ], [ 256725.969575540424557, 7035994.082177372649312 ], [ 256725.969575540424557, 7035999.08536796271801 ], [ 256720.966384950472275, 7035999.08536796271801 ], [ 256720.966384950472275, 7036004.088558552786708 ], [ 256715.963194360519992, 7036004.088558552786708 ], [ 256715.963194360519992, 7036014.094939731992781 ], [ 256735.975956720329123, 7036014.094939731992781 ], [ 256735.975956720329123, 7036019.098130322061479 ], [ 256740.979147310252301, 7036019.098130322061479 ], [ 256740.979147310252301, 7036024.101320912130177 ], [ 256750.985528490156867, 7036024.101320912130177 ], [ 256750.985528490156867, 7036029.104511502198875 ], [ 256755.988719080109149, 7036029.104511502198875 ], [ 256755.988719080109149, 7036039.110892682336271 ], [ 256760.991909670061432, 7036039.110892682336271 ], [ 256760.991909670061432, 7036044.114083272404969 ], [ 256765.995100260013714, 7036044.114083272404969 ], [ 256765.995100260013714, 7036049.117273861542344 ], [ 256776.001481439889176, 7036049.117273861542344 ], [ 256776.001481439889176, 7036059.12365504167974 ], [ 256765.995100260013714, 7036059.12365504167974 ], [ 256765.995100260013714, 7036064.126845631748438 ], [ 256760.991909670061432, 7036064.126845631748438 ], [ 256760.991909670061432, 7036069.130036221817136 ], [ 256755.988719080109149, 7036069.130036221817136 ], [ 256755.988719080109149, 7036064.126845631748438 ], [ 256745.982337900204584, 7036064.126845631748438 ], [ 256745.982337900204584, 7036059.12365504167974 ], [ 256690.947241410787683, 7036059.12365504167974 ], [ 256690.947241410787683, 7036054.120464451611042 ], [ 256680.940860230912222, 7036054.120464451611042 ], [ 256680.940860230912222, 7036059.12365504167974 ], [ 256670.934479051007656, 7036059.12365504167974 ], [ 256670.934479051007656, 7036064.126845631748438 ], [ 256665.931288461055374, 7036064.126845631748438 ], [ 256665.931288461055374, 7036069.130036221817136 ], [ 256640.915335511323065, 7036069.130036221817136 ], [ 256640.915335511323065, 7036074.133226811885834 ], [ 256620.902573151543038, 7036074.133226811885834 ], [ 256620.902573151543038, 7036079.136417401954532 ], [ 256610.896191971638473, 7036079.136417401954532 ], [ 256610.896191971638473, 7036084.139607991091907 ], [ 256605.89300138168619, 7036084.139607991091907 ], [ 256605.89300138168619, 7036089.142798581160605 ], [ 256575.873857842001598, 7036089.142798581160605 ], [ 256575.873857842001598, 7036104.152370351366699 ], [ 256545.85471430234611, 7036104.152370351366699 ], [ 256545.85471430234611, 7036099.149179761298001 ], [ 256495.822808402852388, 7036099.149179761298001 ], [ 256495.822808402852388, 7036104.152370351366699 ], [ 256490.819617812929209, 7036104.152370351366699 ], [ 256490.819617812929209, 7036109.155560941435397 ], [ 256485.816427222976927, 7036109.155560941435397 ], [ 256485.816427222976927, 7036114.158751531504095 ], [ 256470.806855453120079, 7036114.158751531504095 ] ], [ [ 256565.867476662126137, 7035994.082177372649312 ], [ 256570.87066725207842, 7035994.082177372649312 ], [ 256570.87066725207842, 7035989.078986782580614 ], [ 256565.867476662126137, 7035989.078986782580614 ], [ 256565.867476662126137, 7035994.082177372649312 ] ], [ [ 256555.861095482221572, 7035989.078986782580614 ], [ 256565.867476662126137, 7035989.078986782580614 ], [ 256565.867476662126137, 7035984.075796192511916 ], [ 256555.861095482221572, 7035984.075796192511916 ], [ 256555.861095482221572, 7035989.078986782580614 ] ], [ [ 256535.848333122441545, 7035984.075796192511916 ], [ 256555.861095482221572, 7035984.075796192511916 ], [ 256555.861095482221572, 7035979.072605602443218 ], [ 256540.851523712393828, 7035979.072605602443218 ], [ 256540.851523712393828, 7035974.06941501237452 ], [ 256535.848333122441545, 7035974.06941501237452 ], [ 256535.848333122441545, 7035969.066224423237145 ], [ 256525.84195194253698, 7035969.066224423237145 ], [ 256525.84195194253698, 7035964.063033833168447 ], [ 256520.838761352584697, 7035964.063033833168447 ], [ 256520.838761352584697, 7035959.059843243099749 ], [ 256510.832380172709236, 7035959.059843243099749 ], [ 256510.832380172709236, 7035954.056652653031051 ], [ 256495.822808402852388, 7035954.056652653031051 ], [ 256495.822808402852388, 7035949.053462062962353 ], [ 256480.813236633024644, 7035949.053462062962353 ], [ 256480.813236633024644, 7035954.056652653031051 ], [ 256485.816427222976927, 7035954.056652653031051 ], [ 256485.816427222976927, 7035959.059843243099749 ], [ 256490.819617812929209, 7035959.059843243099749 ], [ 256490.819617812929209, 7035969.066224423237145 ], [ 256510.832380172709236, 7035969.066224423237145 ], [ 256510.832380172709236, 7035974.06941501237452 ], [ 256520.838761352584697, 7035974.06941501237452 ], [ 256520.838761352584697, 7035979.072605602443218 ], [ 256535.848333122441545, 7035979.072605602443218 ], [ 256535.848333122441545, 7035984.075796192511916 ] ] ] } },
{ "type": "Feature", "properties": { "id": 60, "slope": 1 }, "geometry": { "type": "Polygon", "coordinates": [ [ [ 258362.012898453103844, 7035934.043890292756259 ], [ 258362.012898453103844, 7035929.040699703618884 ], [ 258357.009707863151561, 7035929.040699703618884 ], [ 258357.009707863151561, 7035909.027937343344092 ], [ 258336.996945503342431, 7035909.027937343344092 ], [ 258336.996945503342431, 7035914.03112793341279 ], [ 258316.984183143562404, 7035914.03112793341279 ], [ 258316.984183143562404, 7035904.024746753275394 ], [ 258311.980992553610122, 7035904.024746753275394 ], [ 258311.980992553610122, 7035899.021556163206697 ], [ 258301.97461137373466, 7035899.021556163206697 ], [ 258301.97461137373466, 7035894.018365573137999 ], [ 258291.968230193830095, 7035894.018365573137999 ], [ 258291.968230193830095, 7035889.015174984000623 ], [ 258286.965039603877813, 7035889.015174984000623 ], [ 258286.965039603877813, 7035884.011984393931925 ], [ 258276.958658424002351, 7035884.011984393931925 ], [ 258276.958658424002351, 7035879.008793803863227 ], [ 258266.952277244097786, 7035879.008793803863227 ], [ 258266.952277244097786, 7035874.005603213794529 ], [ 258256.945896064193221, 7035874.005603213794529 ], [ 258256.945896064193221, 7035843.986459674313664 ], [ 258276.958658424002351, 7035843.986459674313664 ], [ 258276.958658424002351, 7035848.989650264382362 ], [ 258291.968230193830095, 7035848.989650264382362 ], [ 258291.968230193830095, 7035843.986459674313664 ], [ 258311.980992553610122, 7035843.986459674313664 ], [ 258311.980992553610122, 7035848.989650264382362 ], [ 258326.99056432346697, 7035848.989650264382362 ], [ 258326.99056432346697, 7035843.986459674313664 ], [ 258321.987373733514687, 7035843.986459674313664 ], [ 258321.987373733514687, 7035833.980078494176269 ], [ 258296.971420783782378, 7035833.980078494176269 ], [ 258296.971420783782378, 7035828.976887904107571 ], [ 258291.968230193830095, 7035828.976887904107571 ], [ 258291.968230193830095, 7035823.973697314038873 ], [ 258286.965039603877813, 7035823.973697314038873 ], [ 258286.965039603877813, 7035828.976887904107571 ], [ 258256.945896064193221, 7035828.976887904107571 ], [ 258256.945896064193221, 7035833.980078494176269 ], [ 258246.939514884317759, 7035833.980078494176269 ], [ 258246.939514884317759, 7035838.983269084244967 ], [ 258236.933133704413194, 7035838.983269084244967 ], [ 258236.933133704413194, 7035843.986459674313664 ], [ 258231.929943114460912, 7035843.986459674313664 ], [ 258231.929943114460912, 7035848.989650264382362 ], [ 258226.926752524508629, 7035848.989650264382362 ], [ 258226.926752524508629, 7035853.99284085445106 ], [ 258216.920371344633168, 7035853.99284085445106 ], [ 258216.920371344633168, 7035858.996031443588436 ], [ 258206.913990164728602, 7035858.996031443588436 ], [ 258206.913990164728602, 7035853.99284085445106 ], [ 258201.91079957477632, 7035853.99284085445106 ], [ 258201.91079957477632, 7035848.989650264382362 ], [ 258196.907608984853141, 7035848.989650264382362 ], [ 258196.907608984853141, 7035838.983269084244967 ], [ 258201.91079957477632, 7035838.983269084244967 ], [ 258201.91079957477632, 7035833.980078494176269 ], [ 258206.913990164728602, 7035833.980078494176269 ], [ 258206.913990164728602, 7035828.976887904107571 ], [ 258201.91079957477632, 7035828.976887904107571 ], [ 258201.91079957477632, 7035818.970506723970175 ], [ 258196.907608984853141, 7035818.970506723970175 ], [ 258196.907608984853141, 7035813.967316134832799 ], [ 258191.904418394900858, 7035813.967316134832799 ], [ 258191.904418394900858, 7035808.964125544764102 ], [ 258186.901227804948576, 7035808.964125544764102 ], [ 258186.901227804948576, 7035803.960934954695404 ], [ 258171.891656035091728, 7035803.960934954695404 ], [ 258171.891656035091728, 7035798.957744364626706 ], [ 258156.882084265263984, 7035798.957744364626706 ], [ 258156.882084265263984, 7035803.960934954695404 ], [ 258146.875703085359419, 7035803.960934954695404 ], [ 258146.875703085359419, 7035808.964125544764102 ], [ 258136.869321905483957, 7035808.964125544764102 ], [ 258136.869321905483957, 7035813.967316134832799 ], [ 258131.866131315531675, 7035813.967316134832799 ], [ 258131.866131315531675, 7035818.970506723970175 ], [ 258121.85975013562711, 7035818.970506723970175 ], [ 258121.85975013562711, 7035813.967316134832799 ], [ 258101.846987775847083, 7035813.967316134832799 ], [ 258101.846987775847083, 7035818.970506723970175 ], [ 258086.837416006019339, 7035818.970506723970175 ], [ 258086.837416006019339, 7035823.973697314038873 ], [ 258071.827844236162491, 7035823.973697314038873 ], [ 258071.827844236162491, 7035828.976887904107571 ], [ 258061.821463056257926, 7035828.976887904107571 ], [ 258061.821463056257926, 7035833.980078494176269 ], [ 258056.818272466334747, 7035833.980078494176269 ], [ 258056.818272466334747, 7035823.973697314038873 ], [ 258061.821463056257926, 7035823.973697314038873 ], [ 258061.821463056257926, 7035818.970506723970175 ], [ 258066.824653646210209, 7035818.970506723970175 ], [ 258066.824653646210209, 7035803.960934954695404 ], [ 258071.827844236162491, 7035803.960934954695404 ], [ 258071.827844236162491, 7035798.957744364626706 ], [ 258076.831034826114774, 7035798.957744364626706 ], [ 258076.831034826114774, 7035788.95136318448931 ], [ 258071.827844236162491, 7035788.95136318448931 ], [ 258071.827844236162491, 7035783.948172594420612 ], [ 258066.824653646210209, 7035783.948172594420612 ], [ 258066.824653646210209, 7035778.944982004351914 ], [ 258061.821463056257926, 7035778.944982004351914 ], [ 258061.821463056257926, 7035773.941791415214539 ], [ 258056.818272466334747, 7035773.941791415214539 ], [ 258056.818272466334747, 7035768.938600825145841 ], [ 258051.815081876382465, 7035768.938600825145841 ], [ 258051.815081876382465, 7035763.935410235077143 ], [ 258041.808700696477899, 7035763.935410235077143 ], [ 258041.808700696477899, 7035768.938600825145841 ], [ 258036.805510106525617, 7035768.938600825145841 ], [ 258036.805510106525617, 7035773.941791415214539 ], [ 258031.802319516602438, 7035773.941791415214539 ], [ 258031.802319516602438, 7035778.944982004351914 ], [ 258021.795938336697873, 7035778.944982004351914 ], [ 258021.795938336697873, 7035783.948172594420612 ], [ 258011.789557156793308, 7035783.948172594420612 ], [ 258011.789557156793308, 7035788.95136318448931 ], [ 258001.783175976917846, 7035788.95136318448931 ], [ 258001.783175976917846, 7035793.954553774558008 ], [ 257996.779985386965564, 7035793.954553774558008 ], [ 257996.779985386965564, 7035798.957744364626706 ], [ 257991.776794797013281, 7035798.957744364626706 ], [ 257991.776794797013281, 7035803.960934954695404 ], [ 257986.773604207060998, 7035803.960934954695404 ], [ 257986.773604207060998, 7035808.964125544764102 ], [ 257976.767223027185537, 7035808.964125544764102 ], [ 257976.767223027185537, 7035813.967316134832799 ], [ 257951.751270077424124, 7035813.967316134832799 ], [ 257951.751270077424124, 7035808.964125544764102 ], [ 257941.744888897548662, 7035808.964125544764102 ], [ 257941.744888897548662, 7035813.967316134832799 ], [ 257931.738507717644097, 7035813.967316134832799 ], [ 257931.738507717644097, 7035808.964125544764102 ], [ 257921.732126537768636, 7035808.964125544764102 ], [ 257921.732126537768636, 7035803.960934954695404 ], [ 257916.728935947816353, 7035803.960934954695404 ], [ 257916.728935947816353, 7035798.957744364626706 ], [ 257911.725745357864071, 7035798.957744364626706 ], [ 257911.725745357864071, 7035793.954553774558008 ], [ 257891.712982998084044, 7035793.954553774558008 ], [ 257891.712982998084044, 7035788.95136318448931 ], [ 257876.703411228227196, 7035788.95136318448931 ], [ 257876.703411228227196, 7035783.948172594420612 ], [ 257871.700220638274914, 7035783.948172594420612 ], [ 257871.700220638274914, 7035733.916266695596278 ], [ 257876.703411228227196, 7035733.916266695596278 ], [ 257876.703411228227196, 7035708.900313745252788 ], [ 257881.706601818179479, 7035708.900313745252788 ], [ 257881.706601818179479, 7035688.887551385909319 ], [ 257886.709792408131761, 7035688.887551385909319 ], [ 257886.709792408131761, 7035678.881170205771923 ], [ 257891.712982998084044, 7035678.881170205771923 ], [ 257891.712982998084044, 7035668.874789025634527 ], [ 257896.716173588007223, 7035668.874789025634527 ], [ 257896.716173588007223, 7035663.871598435565829 ], [ 257901.719364177959505, 7035663.871598435565829 ], [ 257901.719364177959505, 7035658.868407846428454 ], [ 257906.722554767911788, 7035658.868407846428454 ], [ 257906.722554767911788, 7035653.865217256359756 ], [ 257916.728935947816353, 7035653.865217256359756 ], [ 257916.728935947816353, 7035643.85883607622236 ], [ 257921.732126537768636, 7035643.85883607622236 ], [ 257921.732126537768636, 7035628.849264306016266 ], [ 257926.735317127691815, 7035628.849264306016266 ], [ 257926.735317127691815, 7035613.839692536741495 ], [ 257931.738507717644097, 7035613.839692536741495 ], [ 257931.738507717644097, 7035598.830120766535401 ], [ 257936.74169830759638, 7035598.830120766535401 ], [ 257936.74169830759638, 7035583.82054899726063 ], [ 257941.744888897548662, 7035583.82054899726063 ], [ 257941.744888897548662, 7035553.801405456848443 ], [ 257946.748079487500945, 7035553.801405456848443 ], [ 257946.748079487500945, 7035543.795024277642369 ], [ 257951.751270077424124, 7035543.795024277642369 ], [ 257951.751270077424124, 7035533.788643097504973 ], [ 257956.754460667376406, 7035533.788643097504973 ], [ 257956.754460667376406, 7035528.785452507436275 ], [ 257961.757651257328689, 7035528.785452507436275 ], [ 257961.757651257328689, 7035523.782261917367578 ], [ 257966.760841847280972, 7035523.782261917367578 ], [ 257966.760841847280972, 7035513.775880737230182 ], [ 257971.764032437233254, 7035513.775880737230182 ], [ 257971.764032437233254, 7035503.769499558024108 ], [ 257966.760841847280972, 7035503.769499558024108 ], [ 257966.760841847280972, 7035493.763118377886713 ], [ 257971.764032437233254, 7035493.763118377886713 ], [ 257971.764032437233254, 7035483.756737197749317 ], [ 257976.767223027185537, 7035483.756737197749317 ], [ 257976.767223027185537, 7035478.753546607680619 ], [ 257981.770413617108716, 7035478.753546607680619 ], [ 257981.770413617108716, 7035473.750356017611921 ], [ 257986.773604207060998, 7035473.750356017611921 ], [ 257986.773604207060998, 7035468.747165428474545 ], [ 257991.776794797013281, 7035468.747165428474545 ], [ 257991.776794797013281, 7035463.743974838405848 ], [ 257996.779985386965564, 7035463.743974838405848 ], [ 257996.779985386965564, 7035443.731212478131056 ], [ 258001.783175976917846, 7035443.731212478131056 ], [ 258001.783175976917846, 7035438.728021888062358 ], [ 258006.786366566841025, 7035438.728021888062358 ], [ 258006.786366566841025, 7035418.715259528718889 ], [ 258026.799128926650155, 7035418.715259528718889 ], [ 258026.799128926650155, 7035408.708878348581493 ], [ 258036.805510106525617, 7035408.708878348581493 ], [ 258036.805510106525617, 7035403.705687758512795 ], [ 258041.808700696477899, 7035403.705687758512795 ], [ 258041.808700696477899, 7035408.708878348581493 ], [ 258061.821463056257926, 7035408.708878348581493 ], [ 258061.821463056257926, 7035403.705687758512795 ], [ 258066.824653646210209, 7035403.705687758512795 ], [ 258066.824653646210209, 7035398.702497168444097 ], [ 258071.827844236162491, 7035398.702497168444097 ], [ 258071.827844236162491, 7035393.699306579306722 ], [ 258216.920371344633168, 7035393.699306579306722 ], [ 258216.920371344633168, 7035403.705687758512795 ], [ 258221.92356193458545, 7035403.705687758512795 ], [ 258221.92356193458545, 7035433.72483129799366 ], [ 258216.920371344633168, 7035433.72483129799366 ], [ 258216.920371344633168, 7035448.734403068199754 ], [ 258211.917180754680885, 7035448.734403068199754 ], [ 258211.917180754680885, 7035463.743974838405848 ], [ 258206.913990164728602, 7035463.743974838405848 ], [ 258206.913990164728602, 7035473.750356017611921 ], [ 258201.91079957477632, 7035473.750356017611921 ], [ 258201.91079957477632, 7035488.759927787818015 ], [ 258196.907608984853141, 7035488.759927787818015 ], [ 258196.907608984853141, 7035508.772690148092806 ], [ 258191.904418394900858, 7035508.772690148092806 ], [ 258191.904418394900858, 7035528.785452507436275 ], [ 258186.901227804948576, 7035528.785452507436275 ], [ 258186.901227804948576, 7035538.791833687573671 ], [ 258181.898037214996293, 7035538.791833687573671 ], [ 258181.898037214996293, 7035548.798214866779745 ], [ 258176.894846625044011, 7035548.798214866779745 ], [ 258176.894846625044011, 7035583.82054899726063 ], [ 258181.898037214996293, 7035583.82054899726063 ], [ 258181.898037214996293, 7035593.826930176466703 ], [ 258236.933133704413194, 7035593.826930176466703 ], [ 258236.933133704413194, 7035598.830120766535401 ], [ 258261.949086654145503, 7035598.830120766535401 ], [ 258261.949086654145503, 7035593.826930176466703 ], [ 258311.980992553610122, 7035593.826930176466703 ], [ 258311.980992553610122, 7035588.823739586398005 ], [ 258362.012898453103844, 7035588.823739586398005 ], [ 258362.012898453103844, 7035593.826930176466703 ], [ 258377.022470222931588, 7035593.826930176466703 ], [ 258377.022470222931588, 7035598.830120766535401 ], [ 258387.028851402836153, 7035598.830120766535401 ], [ 258387.028851402836153, 7035603.833311356604099 ], [ 258392.032041992759332, 7035603.833311356604099 ], [ 258392.032041992759332, 7035598.830120766535401 ], [ 258397.035232582711615, 7035598.830120766535401 ], [ 258397.035232582711615, 7035593.826930176466703 ], [ 258402.038423172663897, 7035593.826930176466703 ], [ 258402.038423172663897, 7035588.823739586398005 ], [ 258407.04161376261618, 7035588.823739586398005 ], [ 258407.04161376261618, 7035583.82054899726063 ], [ 258412.044804352568462, 7035583.82054899726063 ], [ 258412.044804352568462, 7035578.817358407191932 ], [ 258417.047994942520745, 7035578.817358407191932 ], [ 258417.047994942520745, 7035573.814167817123234 ], [ 258422.051185532443924, 7035573.814167817123234 ], [ 258422.051185532443924, 7035568.810977227054536 ], [ 258427.054376122396206, 7035568.810977227054536 ], [ 258427.054376122396206, 7035563.807786636985838 ], [ 258432.057566712348489, 7035563.807786636985838 ], [ 258432.057566712348489, 7035558.80459604691714 ], [ 258437.060757302300772, 7035558.80459604691714 ], [ 258437.060757302300772, 7035553.801405456848443 ], [ 258442.063947892253054, 7035553.801405456848443 ], [ 258442.063947892253054, 7035548.798214866779745 ], [ 258437.060757302300772, 7035548.798214866779745 ], [ 258437.060757302300772, 7035543.795024277642369 ], [ 258432.057566712348489, 7035543.795024277642369 ], [ 258432.057566712348489, 7035518.77907132729888 ], [ 258437.060757302300772, 7035518.77907132729888 ], [ 258437.060757302300772, 7035508.772690148092806 ], [ 258442.063947892253054, 7035508.772690148092806 ], [ 258442.063947892253054, 7035503.769499558024108 ], [ 258527.118187921354547, 7035503.769499558024108 ], [ 258527.118187921354547, 7035508.772690148092806 ], [ 258542.127759691182291, 7035508.772690148092806 ], [ 258542.127759691182291, 7035513.775880737230182 ], [ 258547.130950281134574, 7035513.775880737230182 ], [ 258547.130950281134574, 7035518.77907132729888 ], [ 258552.134140871086856, 7035518.77907132729888 ], [ 258552.134140871086856, 7035528.785452507436275 ], [ 258557.137331461010035, 7035528.785452507436275 ], [ 258557.137331461010035, 7035533.788643097504973 ], [ 258567.1437126409146, 7035533.788643097504973 ], [ 258567.1437126409146, 7035538.791833687573671 ], [ 258572.146903230866883, 7035538.791833687573671 ], [ 258572.146903230866883, 7035548.798214866779745 ], [ 258577.150093820819166, 7035548.798214866779745 ], [ 258577.150093820819166, 7035553.801405456848443 ], [ 258582.153284410771448, 7035553.801405456848443 ], [ 258582.153284410771448, 7035573.814167817123234 ], [ 258587.156475000694627, 7035573.814167817123234 ], [ 258587.156475000694627, 7035578.817358407191932 ], [ 258592.15966559064691, 7035578.817358407191932 ], [ 258592.15966559064691, 7035588.823739586398005 ], [ 258597.162856180599192, 7035588.823739586398005 ], [ 258597.162856180599192, 7035593.826930176466703 ], [ 258602.166046770551475, 7035593.826930176466703 ], [ 258602.166046770551475, 7035608.836501946672797 ], [ 258582.153284410771448, 7035608.836501946672797 ], [ 258582.153284410771448, 7035613.839692536741495 ], [ 258587.156475000694627, 7035613.839692536741495 ], [ 258587.156475000694627, 7035618.842883126810193 ], [ 258607.169237360503757, 7035618.842883126810193 ], [ 258607.169237360503757, 7035633.852454896084964 ], [ 258582.153284410771448, 7035633.852454896084964 ], [ 258582.153284410771448, 7035658.868407846428454 ], [ 258587.156475000694627, 7035658.868407846428454 ], [ 258587.156475000694627, 7035668.874789025634527 ], [ 258592.15966559064691, 7035668.874789025634527 ], [ 258592.15966559064691, 7035673.877979615703225 ], [ 258587.156475000694627, 7035673.877979615703225 ], [ 258587.156475000694627, 7035683.884360795840621 ], [ 258582.153284410771448, 7035683.884360795840621 ], [ 258582.153284410771448, 7035703.89712315518409 ], [ 258577.150093820819166, 7035703.89712315518409 ], [ 258577.150093820819166, 7035713.903504335321486 ], [ 258567.1437126409146, 7035713.903504335321486 ], [ 258567.1437126409146, 7035718.906694925390184 ], [ 258562.140522050962318, 7035718.906694925390184 ], [ 258562.140522050962318, 7035713.903504335321486 ], [ 258552.134140871086856, 7035713.903504335321486 ], [ 258552.134140871086856, 7035728.91307610552758 ], [ 258532.121378511277726, 7035728.91307610552758 ], [ 258532.121378511277726, 7035733.916266695596278 ], [ 258467.079900841985364, 7035733.916266695596278 ], [ 258467.079900841985364, 7035728.91307610552758 ], [ 258452.070329072128516, 7035728.91307610552758 ], [ 258452.070329072128516, 7035723.909885515458882 ], [ 258442.063947892253054, 7035723.909885515458882 ], [ 258442.063947892253054, 7035718.906694925390184 ], [ 258427.054376122396206, 7035718.906694925390184 ], [ 258427.054376122396206, 7035713.903504335321486 ], [ 258417.047994942520745, 7035713.903504335321486 ], [ 258417.047994942520745, 7035708.900313745252788 ], [ 258412.044804352568462, 7035708.900313745252788 ], [ 258412.044804352568462, 7035703.89712315518409 ], [ 258407.04161376261618, 7035703.89712315518409 ], [ 258407.04161376261618, 7035838.983269084244967 ], [ 258402.038423172663897, 7035838.983269084244967 ], [ 258402.038423172663897, 7035833.980078494176269 ], [ 258387.028851402836153, 7035833.980078494176269 ], [ 258387.028851402836153, 7035838.983269084244967 ], [ 258382.025660812883871, 7035838.983269084244967 ], [ 258382.025660812883871, 7035843.986459674313664 ], [ 258372.019279632979305, 7035843.986459674313664 ], [ 258372.019279632979305, 7035848.989650264382362 ], [ 258367.016089043027023, 7035848.989650264382362 ], [ 258367.016089043027023, 7035853.99284085445106 ], [ 258372.019279632979305, 7035853.99284085445106 ], [ 258372.019279632979305, 7035863.999222033657134 ], [ 258377.022470222931588, 7035863.999222033657134 ], [ 258377.022470222931588, 7035869.002412623725832 ], [ 258382.025660812883871, 7035869.002412623725832 ], [ 258382.025660812883871, 7035874.005603213794529 ], [ 258407.04161376261618, 7035874.005603213794529 ], [ 258407.04161376261618, 7035914.03112793341279 ], [ 258402.038423172663897, 7035914.03112793341279 ], [ 258402.038423172663897, 7035919.034318523481488 ], [ 258387.028851402836153, 7035919.034318523481488 ], [ 258387.028851402836153, 7035924.037509113550186 ], [ 258382.025660812883871, 7035924.037509113550186 ], [ 258382.025660812883871, 7035929.040699703618884 ], [ 258372.019279632979305, 7035929.040699703618884 ], [ 258372.019279632979305, 7035934.043890292756259 ], [ 258362.012898453103844, 7035934.043890292756259 ] ] ] } },
{ "type": "Feature", "properties": { "id": 68, "slope": 1 }, "geometry": { "type": "Polygon", "coordinates": [ [ [ 256680.940860230912222, 7035508.772690148092806 ], [ 256680.940860230912222, 7035328.657828909344971 ], [ 256555.861095482221572, 7035328.657828909344971 ], [ 256555.861095482221572, 7035323.654638319276273 ], [ 256560.864286072173854, 7035323.654638319276273 ], [ 256560.864286072173854, 7035318.651447729207575 ], [ 256565.867476662126137, 7035318.651447729207575 ], [ 256565.867476662126137, 7035313.6482571400702 ], [ 256570.87066725207842, 7035313.6482571400702 ], [ 256570.87066725207842, 7035308.645066550001502 ], [ 256575.873857842001598, 7035308.645066550001502 ], [ 256575.873857842001598, 7035298.638685369864106 ], [ 256580.877048431953881, 7035298.638685369864106 ], [ 256580.877048431953881, 7035278.625923010520637 ], [ 256575.873857842001598, 7035278.625923010520637 ], [ 256575.873857842001598, 7035273.622732420451939 ], [ 256570.87066725207842, 7035273.622732420451939 ], [ 256570.87066725207842, 7035278.625923010520637 ], [ 256560.864286072173854, 7035278.625923010520637 ], [ 256560.864286072173854, 7035283.629113599658012 ], [ 256555.861095482221572, 7035283.629113599658012 ], [ 256555.861095482221572, 7035288.63230418972671 ], [ 256540.851523712393828, 7035288.63230418972671 ], [ 256540.851523712393828, 7035293.635494779795408 ], [ 256530.845142532489263, 7035293.635494779795408 ], [ 256530.845142532489263, 7035088.504680592566729 ], [ 256310.704756574821658, 7035088.504680592566729 ], [ 256310.704756574821658, 7034918.396200533956289 ], [ 256120.583514156838646, 7034918.396200533956289 ], [ 256120.583514156838646, 7034623.207955727353692 ], [ 256125.586704746790929, 7034623.207955727353692 ], [ 256125.586704746790929, 7034618.204765137284994 ], [ 256140.596276516618673, 7034618.204765137284994 ], [ 256140.596276516618673, 7034613.201574547216296 ], [ 256150.602657696523238, 7034613.201574547216296 ], [ 256150.602657696523238, 7034608.198383957147598 ], [ 256160.609038876427803, 7034608.198383957147598 ], [ 256160.609038876427803, 7034603.1951933670789 ], [ 256170.615420056303265, 7034603.1951933670789 ], [ 256170.615420056303265, 7034598.192002777010202 ], [ 256180.62180123620783, 7034598.192002777010202 ], [ 256180.62180123620783, 7034593.188812186941504 ], [ 256185.624991826160112, 7034593.188812186941504 ], [ 256185.624991826160112, 7034588.185621597804129 ], [ 256195.631373006035574, 7034588.185621597804129 ], [ 256195.631373006035574, 7034583.182431007735431 ], [ 256200.634563595987856, 7034583.182431007735431 ], [ 256200.634563595987856, 7034578.179240417666733 ], [ 256205.637754185940139, 7034578.179240417666733 ], [ 256205.637754185940139, 7034573.176049827598035 ], [ 256210.640944775892422, 7034573.176049827598035 ], [ 256210.640944775892422, 7034568.172859237529337 ], [ 256215.644135365844704, 7034568.172859237529337 ], [ 256215.644135365844704, 7034563.169668647460639 ], [ 256220.647325955767883, 7034563.169668647460639 ], [ 256220.647325955767883, 7034558.166478057391942 ], [ 256225.650516545720166, 7034558.166478057391942 ], [ 256225.650516545720166, 7034553.163287467323244 ], [ 256230.653707135672448, 7034553.163287467323244 ], [ 256230.653707135672448, 7034548.160096878185868 ], [ 256235.656897725624731, 7034548.160096878185868 ], [ 256235.656897725624731, 7034543.15690628811717 ], [ 256255.669660085404757, 7034543.15690628811717 ], [ 256255.669660085404757, 7034538.153715698048472 ], [ 256260.67285067535704, 7034538.153715698048472 ], [ 256260.67285067535704, 7034533.150525107979774 ], [ 256270.679231855261605, 7034533.150525107979774 ], [ 256270.679231855261605, 7034528.147334517911077 ], [ 256285.688803625089349, 7034528.147334517911077 ], [ 256285.688803625089349, 7034538.153715698048472 ], [ 256280.685613035137067, 7034538.153715698048472 ], [ 256280.685613035137067, 7034558.166478057391942 ], [ 256285.688803625089349, 7034558.166478057391942 ], [ 256285.688803625089349, 7034563.169668647460639 ], [ 256310.704756574821658, 7034563.169668647460639 ], [ 256310.704756574821658, 7034568.172859237529337 ], [ 256315.707947164773941, 7034568.172859237529337 ], [ 256315.707947164773941, 7034573.176049827598035 ], [ 256330.717518934601685, 7034573.176049827598035 ], [ 256330.717518934601685, 7034578.179240417666733 ], [ 256340.72390011450625, 7034578.179240417666733 ], [ 256340.72390011450625, 7034573.176049827598035 ], [ 256345.727090704458533, 7034573.176049827598035 ], [ 256345.727090704458533, 7034568.172859237529337 ], [ 256350.730281294410815, 7034568.172859237529337 ], [ 256350.730281294410815, 7034563.169668647460639 ], [ 256355.733471884333994, 7034563.169668647460639 ], [ 256355.733471884333994, 7034558.166478057391942 ], [ 256360.736662474286277, 7034558.166478057391942 ], [ 256360.736662474286277, 7034553.163287467323244 ], [ 256365.739853064238559, 7034553.163287467323244 ], [ 256365.739853064238559, 7034548.160096878185868 ], [ 256370.743043654190842, 7034548.160096878185868 ], [ 256370.743043654190842, 7034543.15690628811717 ], [ 256375.746234244143125, 7034543.15690628811717 ], [ 256375.746234244143125, 7034538.153715698048472 ], [ 256380.749424834095407, 7034538.153715698048472 ], [ 256380.749424834095407, 7034533.150525107979774 ], [ 256385.752615424018586, 7034533.150525107979774 ], [ 256385.752615424018586, 7034528.147334517911077 ], [ 256380.749424834095407, 7034528.147334517911077 ], [ 256380.749424834095407, 7034513.137762748636305 ], [ 256385.752615424018586, 7034513.137762748636305 ], [ 256385.752615424018586, 7034503.131381568498909 ], [ 256390.755806013970869, 7034503.131381568498909 ], [ 256390.755806013970869, 7034493.125000388361514 ], [ 256395.758996603923151, 7034493.125000388361514 ], [ 256395.758996603923151, 7034488.121809798292816 ], [ 256400.762187193875434, 7034488.121809798292816 ], [ 256400.762187193875434, 7034483.118619208224118 ], [ 256405.765377783827716, 7034483.118619208224118 ], [ 256405.765377783827716, 7034468.109047438949347 ], [ 256410.768568373750895, 7034468.109047438949347 ], [ 256410.768568373750895, 7034443.093094488605857 ], [ 256415.771758963703178, 7034443.093094488605857 ], [ 256415.771758963703178, 7034438.089903898537159 ], [ 256420.77494955365546, 7034438.089903898537159 ], [ 256420.77494955365546, 7034433.086713309399784 ], [ 256425.778140143607743, 7034433.086713309399784 ], [ 256425.778140143607743, 7034428.083522719331086 ], [ 256435.784521323512308, 7034428.083522719331086 ], [ 256435.784521323512308, 7034423.080332129262388 ], [ 256440.787711913435487, 7034423.080332129262388 ], [ 256440.787711913435487, 7034418.07714153919369 ], [ 256455.797283683292335, 7034418.07714153919369 ], [ 256455.797283683292335, 7034413.073950949124992 ], [ 256465.803664863167796, 7034413.073950949124992 ], [ 256465.803664863167796, 7034408.070760359056294 ], [ 256470.806855453120079, 7034408.070760359056294 ], [ 256470.806855453120079, 7034403.067569768987596 ], [ 256480.813236633024644, 7034403.067569768987596 ], [ 256480.813236633024644, 7034398.064379179850221 ], [ 256485.816427222976927, 7034398.064379179850221 ], [ 256485.816427222976927, 7034393.061188589781523 ], [ 256490.819617812929209, 7034393.061188589781523 ], [ 256490.819617812929209, 7034388.057997999712825 ], [ 256500.825998992804671, 7034388.057997999712825 ], [ 256500.825998992804671, 7034383.054807409644127 ], [ 256505.829189582756953, 7034383.054807409644127 ], [ 256505.829189582756953, 7034378.051616819575429 ], [ 256515.835570762661519, 7034378.051616819575429 ], [ 256515.835570762661519, 7034373.048426229506731 ], [ 256525.84195194253698, 7034373.048426229506731 ], [ 256525.84195194253698, 7034368.045235639438033 ], [ 256530.845142532489263, 7034368.045235639438033 ], [ 256530.845142532489263, 7034363.042045049369335 ], [ 256535.848333122441545, 7034363.042045049369335 ], [ 256535.848333122441545, 7034358.03885446023196 ], [ 256540.851523712393828, 7034358.03885446023196 ], [ 256540.851523712393828, 7034353.035663870163262 ], [ 256545.85471430234611, 7034353.035663870163262 ], [ 256545.85471430234611, 7034348.032473280094564 ], [ 256555.861095482221572, 7034348.032473280094564 ], [ 256555.861095482221572, 7034343.029282690025866 ], [ 256685.9440508208354, 7034343.029282690025866 ], [ 256685.9440508208354, 7034483.118619208224118 ], [ 256881.068483828770695, 7034483.118619208224118 ], [ 256881.068483828770695, 7034763.297292245551944 ], [ 257141.234394506027456, 7034763.297292245551944 ], [ 257141.234394506027456, 7034978.434487612918019 ], [ 257206.275872175348923, 7034978.434487612918019 ], [ 257206.275872175348923, 7035193.571682981215417 ], [ 257201.27268158539664, 7035193.571682981215417 ], [ 257201.27268158539664, 7035198.574873571284115 ], [ 257196.269490995444357, 7035198.574873571284115 ], [ 257196.269490995444357, 7035203.578064160421491 ], [ 257191.266300405492075, 7035203.578064160421491 ], [ 257191.266300405492075, 7035208.581254750490189 ], [ 257186.263109815539792, 7035208.581254750490189 ], [ 257186.263109815539792, 7035213.584445340558887 ], [ 257176.256728635664331, 7035213.584445340558887 ], [ 257176.256728635664331, 7035218.587635930627584 ], [ 257161.247156865807483, 7035218.587635930627584 ], [ 257161.247156865807483, 7035223.590826520696282 ], [ 257146.237585095979739, 7035223.590826520696282 ], [ 257146.237585095979739, 7035228.59401711076498 ], [ 257131.228013326122891, 7035228.59401711076498 ], [ 257131.228013326122891, 7035233.597207700833678 ], [ 257106.212060376390582, 7035233.597207700833678 ], [ 257106.212060376390582, 7035238.600398290902376 ], [ 257081.196107426658273, 7035238.600398290902376 ], [ 257081.196107426658273, 7035243.603588880039752 ], [ 257076.19291683670599, 7035243.603588880039752 ], [ 257076.19291683670599, 7035238.600398290902376 ], [ 257031.164201527193654, 7035238.600398290902376 ], [ 257031.164201527193654, 7035233.597207700833678 ], [ 257026.161010937241372, 7035233.597207700833678 ], [ 257026.161010937241372, 7035248.606779470108449 ], [ 257041.17058270709822, 7035248.606779470108449 ], [ 257041.17058270709822, 7035253.609970060177147 ], [ 257056.180154476925964, 7035253.609970060177147 ], [ 257056.180154476925964, 7035258.613160650245845 ], [ 257071.189726246753708, 7035258.613160650245845 ], [ 257071.189726246753708, 7035263.616351240314543 ], [ 257076.19291683670599, 7035263.616351240314543 ], [ 257076.19291683670599, 7035258.613160650245845 ], [ 257126.224822736170609, 7035258.613160650245845 ], [ 257126.224822736170609, 7035263.616351240314543 ], [ 257156.2439662758552, 7035263.616351240314543 ], [ 257156.2439662758552, 7035258.613160650245845 ], [ 257171.253538045712048, 7035258.613160650245845 ], [ 257171.253538045712048, 7035253.609970060177147 ], [ 257201.27268158539664, 7035253.609970060177147 ], [ 257201.27268158539664, 7035248.606779470108449 ], [ 257206.275872175348923, 7035248.606779470108449 ], [ 257206.275872175348923, 7035398.702497168444097 ], [ 257201.27268158539664, 7035398.702497168444097 ], [ 257201.27268158539664, 7035403.705687758512795 ], [ 257191.266300405492075, 7035403.705687758512795 ], [ 257191.266300405492075, 7035408.708878348581493 ], [ 257181.25991922558751, 7035408.708878348581493 ], [ 257181.25991922558751, 7035413.712068938650191 ], [ 257176.256728635664331, 7035413.712068938650191 ], [ 257176.256728635664331, 7035418.715259528718889 ], [ 257171.253538045712048, 7035418.715259528718889 ], [ 257171.253538045712048, 7035423.718450118787587 ], [ 257166.250347455759766, 7035423.718450118787587 ], [ 257166.250347455759766, 7035428.721640708856285 ], [ 257161.247156865807483, 7035428.721640708856285 ], [ 257161.247156865807483, 7035433.72483129799366 ], [ 257156.2439662758552, 7035433.72483129799366 ], [ 257156.2439662758552, 7035438.728021888062358 ], [ 257151.240775685932022, 7035438.728021888062358 ], [ 257151.240775685932022, 7035443.731212478131056 ], [ 257146.237585095979739, 7035443.731212478131056 ], [ 257146.237585095979739, 7035448.734403068199754 ], [ 257136.231203916075174, 7035448.734403068199754 ], [ 257136.231203916075174, 7035453.737593658268452 ], [ 257131.228013326122891, 7035453.737593658268452 ], [ 257131.228013326122891, 7035458.74078424833715 ], [ 257121.22163214624743, 7035458.74078424833715 ], [ 257121.22163214624743, 7035468.747165428474545 ], [ 257086.199298016610555, 7035468.747165428474545 ], [ 257086.199298016610555, 7035473.750356017611921 ], [ 257066.186535656830529, 7035473.750356017611921 ], [ 257066.186535656830529, 7035468.747165428474545 ], [ 257061.183345066878246, 7035468.747165428474545 ], [ 257061.183345066878246, 7035453.737593658268452 ], [ 257056.180154476925964, 7035453.737593658268452 ], [ 257056.180154476925964, 7035443.731212478131056 ], [ 257051.176963886973681, 7035443.731212478131056 ], [ 257051.176963886973681, 7035438.728021888062358 ], [ 257041.17058270709822, 7035438.728021888062358 ], [ 257041.17058270709822, 7035433.72483129799366 ], [ 257036.167392117145937, 7035433.72483129799366 ], [ 257036.167392117145937, 7035428.721640708856285 ], [ 257026.161010937241372, 7035428.721640708856285 ], [ 257026.161010937241372, 7035423.718450118787587 ], [ 257016.154629757336807, 7035423.718450118787587 ], [ 257016.154629757336807, 7035418.715259528718889 ], [ 257011.151439167413628, 7035418.715259528718889 ], [ 257011.151439167413628, 7035408.708878348581493 ], [ 257016.154629757336807, 7035408.708878348581493 ], [ 257016.154629757336807, 7035393.699306579306722 ], [ 257026.161010937241372, 7035393.699306579306722 ], [ 257026.161010937241372, 7035383.692925399169326 ], [ 257021.157820347289089, 7035383.692925399169326 ], [ 257021.157820347289089, 7035378.689734809100628 ], [ 257016.154629757336807, 7035378.689734809100628 ], [ 257016.154629757336807, 7035363.680163038894534 ], [ 257011.151439167413628, 7035363.680163038894534 ], [ 257011.151439167413628, 7035348.670591269619763 ], [ 257006.148248577461345, 7035348.670591269619763 ], [ 257006.148248577461345, 7035318.651447729207575 ], [ 257001.145057987509063, 7035318.651447729207575 ], [ 257001.145057987509063, 7035308.645066550001502 ], [ 256991.138676807604497, 7035308.645066550001502 ], [ 256991.138676807604497, 7035303.641875959932804 ], [ 256986.135486217681319, 7035303.641875959932804 ], [ 256986.135486217681319, 7035298.638685369864106 ], [ 256976.129105037776753, 7035298.638685369864106 ], [ 256976.129105037776753, 7035303.641875959932804 ], [ 256971.125914447824471, 7035303.641875959932804 ], [ 256971.125914447824471, 7035308.645066550001502 ], [ 256966.122723857872188, 7035308.645066550001502 ], [ 256966.122723857872188, 7035313.6482571400702 ], [ 256961.119533267919905, 7035313.6482571400702 ], [ 256961.119533267919905, 7035318.651447729207575 ], [ 256956.116342677996727, 7035318.651447729207575 ], [ 256956.116342677996727, 7035323.654638319276273 ], [ 256951.113152088044444, 7035323.654638319276273 ], [ 256951.113152088044444, 7035328.657828909344971 ], [ 256936.103580318187596, 7035328.657828909344971 ], [ 256936.103580318187596, 7035333.661019499413669 ], [ 256941.106770908139879, 7035333.661019499413669 ], [ 256941.106770908139879, 7035358.676972448825836 ], [ 256936.103580318187596, 7035358.676972448825836 ], [ 256936.103580318187596, 7035368.683353628963232 ], [ 256931.100389728264417, 7035368.683353628963232 ], [ 256931.100389728264417, 7035373.68654421903193 ], [ 256926.097199138312135, 7035373.68654421903193 ], [ 256926.097199138312135, 7035383.692925399169326 ], [ 256921.094008548359852, 7035383.692925399169326 ], [ 256921.094008548359852, 7035433.72483129799366 ], [ 256926.097199138312135, 7035433.72483129799366 ], [ 256926.097199138312135, 7035448.734403068199754 ], [ 256931.100389728264417, 7035448.734403068199754 ], [ 256931.100389728264417, 7035453.737593658268452 ], [ 256926.097199138312135, 7035453.737593658268452 ], [ 256926.097199138312135, 7035463.743974838405848 ], [ 256921.094008548359852, 7035463.743974838405848 ], [ 256921.094008548359852, 7035473.750356017611921 ], [ 256916.09081795840757, 7035473.750356017611921 ], [ 256916.09081795840757, 7035478.753546607680619 ], [ 256911.087627368455287, 7035478.753546607680619 ], [ 256911.087627368455287, 7035483.756737197749317 ], [ 256906.084436778503004, 7035483.756737197749317 ], [ 256906.084436778503004, 7035488.759927787818015 ], [ 256901.081246188579826, 7035488.759927787818015 ], [ 256901.081246188579826, 7035498.76630896795541 ], [ 256896.078055598627543, 7035498.76630896795541 ], [ 256896.078055598627543, 7035508.772690148092806 ], [ 256680.940860230912222, 7035508.772690148092806 ] ], [ [ 256886.071674418722978, 7035393.699306579306722 ], [ 256891.07486500867526, 7035393.699306579306722 ], [ 256891.07486500867526, 7035388.696115989238024 ], [ 256886.071674418722978, 7035388.696115989238024 ], [ 256886.071674418722978, 7035393.699306579306722 ] ], [ [ 256891.07486500867526, 7035373.68654421903193 ], [ 256896.078055598627543, 7035373.68654421903193 ], [ 256896.078055598627543, 7035363.680163038894534 ], [ 256901.081246188579826, 7035363.680163038894534 ], [ 256901.081246188579826, 7035328.657828909344971 ], [ 256906.084436778503004, 7035328.657828909344971 ], [ 256906.084436778503004, 7035323.654638319276273 ], [ 256911.087627368455287, 7035323.654638319276273 ], [ 256911.087627368455287, 7035318.651447729207575 ], [ 256916.09081795840757, 7035318.651447729207575 ], [ 256916.09081795840757, 7035308.645066550001502 ], [ 256911.087627368455287, 7035308.645066550001502 ], [ 256911.087627368455287, 7035303.641875959932804 ], [ 256906.084436778503004, 7035303.641875959932804 ], [ 256906.084436778503004, 7035308.645066550001502 ], [ 256876.065293238847516, 7035308.645066550001502 ], [ 256876.065293238847516, 7035313.6482571400702 ], [ 256891.07486500867526, 7035313.6482571400702 ], [ 256891.07486500867526, 7035318.651447729207575 ], [ 256896.078055598627543, 7035318.651447729207575 ], [ 256896.078055598627543, 7035333.661019499413669 ], [ 256891.07486500867526, 7035333.661019499413669 ], [ 256891.07486500867526, 7035343.667400679551065 ], [ 256896.078055598627543, 7035343.667400679551065 ], [ 256896.078055598627543, 7035353.673781859688461 ], [ 256891.07486500867526, 7035353.673781859688461 ], [ 256891.07486500867526, 7035373.68654421903193 ] ], [ [ 256896.078055598627543, 7035193.571682981215417 ], [ 256906.084436778503004, 7035193.571682981215417 ], [ 256906.084436778503004, 7035188.568492391146719 ], [ 256911.087627368455287, 7035188.568492391146719 ], [ 256911.087627368455287, 7035183.565301801078022 ], [ 256916.09081795840757, 7035183.565301801078022 ], [ 256916.09081795840757, 7035178.562111211009324 ], [ 256921.094008548359852, 7035178.562111211009324 ], [ 256921.094008548359852, 7035173.558920620940626 ], [ 256926.097199138312135, 7035173.558920620940626 ], [ 256926.097199138312135, 7035168.555730030871928 ], [ 256931.100389728264417, 7035168.555730030871928 ], [ 256931.100389728264417, 7035158.549348851665854 ], [ 256926.097199138312135, 7035158.549348851665854 ], [ 256926.097199138312135, 7035133.533395901322365 ], [ 256921.094008548359852, 7035133.533395901322365 ], [ 256921.094008548359852, 7035123.527014722116292 ], [ 256916.09081795840757, 7035123.527014722116292 ], [ 256916.09081795840757, 7035118.523824132047594 ], [ 256911.087627368455287, 7035118.523824132047594 ], [ 256911.087627368455287, 7035123.527014722116292 ], [ 256906.084436778503004, 7035123.527014722116292 ], [ 256906.084436778503004, 7035128.530205311253667 ], [ 256901.081246188579826, 7035128.530205311253667 ], [ 256901.081246188579826, 7035133.533395901322365 ], [ 256896.078055598627543, 7035133.533395901322365 ], [ 256896.078055598627543, 7035138.536586491391063 ], [ 256891.07486500867526, 7035138.536586491391063 ], [ 256891.07486500867526, 7035143.539777081459761 ], [ 256886.071674418722978, 7035143.539777081459761 ], [ 256886.071674418722978, 7035158.549348851665854 ], [ 256891.07486500867526, 7035158.549348851665854 ], [ 256891.07486500867526, 7035183.565301801078022 ], [ 256896.078055598627543, 7035183.565301801078022 ], [ 256896.078055598627543, 7035193.571682981215417 ] ], [ [ 256680.940860230912222, 7035028.466393512673676 ], [ 256690.947241410787683, 7035028.466393512673676 ], [ 256690.947241410787683, 7035008.453631153330207 ], [ 256695.950432000739966, 7035008.453631153330207 ], [ 256695.950432000739966, 7034993.444059383124113 ], [ 256700.953622590692248, 7034993.444059383124113 ], [ 256700.953622590692248, 7034988.440868793055415 ], [ 256710.960003770596813, 7034988.440868793055415 ], [ 256710.960003770596813, 7035003.450440563261509 ], [ 256715.963194360519992, 7035003.450440563261509 ], [ 256715.963194360519992, 7035013.456821742467582 ], [ 256725.969575540424557, 7035013.456821742467582 ], [ 256725.969575540424557, 7035008.453631153330207 ], [ 256730.97276613037684, 7035008.453631153330207 ], [ 256730.97276613037684, 7035003.450440563261509 ], [ 256735.975956720329123, 7035003.450440563261509 ], [ 256735.975956720329123, 7034998.447249973192811 ], [ 256740.979147310252301, 7034998.447249973192811 ], [ 256740.979147310252301, 7034993.444059383124113 ], [ 256745.982337900204584, 7034993.444059383124113 ], [ 256745.982337900204584, 7034988.440868793055415 ], [ 256750.985528490156867, 7034988.440868793055415 ], [ 256750.985528490156867, 7034983.437678202986717 ], [ 256755.988719080109149, 7034983.437678202986717 ], [ 256755.988719080109149, 7034978.434487612918019 ], [ 256760.991909670061432, 7034978.434487612918019 ], [ 256760.991909670061432, 7034973.431297023780644 ], [ 256765.995100260013714, 7034973.431297023780644 ], [ 256765.995100260013714, 7034968.428106433711946 ], [ 256770.998290849936893, 7034968.428106433711946 ], [ 256770.998290849936893, 7034963.424915843643248 ], [ 256776.001481439889176, 7034963.424915843643248 ], [ 256776.001481439889176, 7034958.42172525357455 ], [ 256770.998290849936893, 7034958.42172525357455 ], [ 256770.998290849936893, 7034943.412153483368456 ], [ 256765.995100260013714, 7034943.412153483368456 ], [ 256765.995100260013714, 7034928.402581714093685 ], [ 256786.007862619793741, 7034928.402581714093685 ], [ 256786.007862619793741, 7034923.399391124024987 ], [ 256796.014243799669202, 7034923.399391124024987 ], [ 256796.014243799669202, 7034918.396200533956289 ], [ 256806.020624979573768, 7034918.396200533956289 ], [ 256806.020624979573768, 7034913.393009943887591 ], [ 256811.02381556952605, 7034913.393009943887591 ], [ 256811.02381556952605, 7034908.389819353818893 ], [ 256816.027006159478333, 7034908.389819353818893 ], [ 256816.027006159478333, 7034903.386628763750196 ], [ 256821.030196749430615, 7034903.386628763750196 ], [ 256821.030196749430615, 7034898.383438173681498 ], [ 256826.033387339353794, 7034898.383438173681498 ], [ 256826.033387339353794, 7034893.380247584544122 ], [ 256831.036577929306077, 7034893.380247584544122 ], [ 256831.036577929306077, 7034888.377056994475424 ], [ 256836.039768519258359, 7034888.377056994475424 ], [ 256836.039768519258359, 7034883.373866404406726 ], [ 256841.042959109210642, 7034883.373866404406726 ], [ 256841.042959109210642, 7034878.370675814338028 ], [ 256851.049340289086103, 7034878.370675814338028 ], [ 256851.049340289086103, 7034873.367485224269331 ], [ 256841.042959109210642, 7034873.367485224269331 ], [ 256841.042959109210642, 7034858.357913454994559 ], [ 256836.039768519258359, 7034858.357913454994559 ], [ 256836.039768519258359, 7034873.367485224269331 ], [ 256831.036577929306077, 7034873.367485224269331 ], [ 256831.036577929306077, 7034883.373866404406726 ], [ 256826.033387339353794, 7034883.373866404406726 ], [ 256826.033387339353794, 7034888.377056994475424 ], [ 256816.027006159478333, 7034888.377056994475424 ], [ 256816.027006159478333, 7034893.380247584544122 ], [ 256811.02381556952605, 7034893.380247584544122 ], [ 256811.02381556952605, 7034898.383438173681498 ], [ 256801.017434389621485, 7034898.383438173681498 ], [ 256801.017434389621485, 7034903.386628763750196 ], [ 256796.014243799669202, 7034903.386628763750196 ], [ 256796.014243799669202, 7034908.389819353818893 ], [ 256765.995100260013714, 7034908.389819353818893 ], [ 256765.995100260013714, 7034903.386628763750196 ], [ 256755.988719080109149, 7034903.386628763750196 ], [ 256755.988719080109149, 7034898.383438173681498 ], [ 256750.985528490156867, 7034898.383438173681498 ], [ 256750.985528490156867, 7034883.373866404406726 ], [ 256745.982337900204584, 7034883.373866404406726 ], [ 256745.982337900204584, 7034878.370675814338028 ], [ 256740.979147310252301, 7034878.370675814338028 ], [ 256740.979147310252301, 7034868.364294634200633 ], [ 256725.969575540424557, 7034868.364294634200633 ], [ 256725.969575540424557, 7034863.361104044131935 ], [ 256715.963194360519992, 7034863.361104044131935 ], [ 256715.963194360519992, 7034858.357913454994559 ], [ 256710.960003770596813, 7034858.357913454994559 ], [ 256710.960003770596813, 7034853.354722864925861 ], [ 256695.950432000739966, 7034853.354722864925861 ], [ 256695.950432000739966, 7034848.351532274857163 ], [ 256685.9440508208354, 7034848.351532274857163 ], [ 256685.9440508208354, 7034843.348341684788465 ], [ 256675.937669640959939, 7034843.348341684788465 ], [ 256675.937669640959939, 7034848.351532274857163 ], [ 256670.934479051007656, 7034848.351532274857163 ], [ 256670.934479051007656, 7034853.354722864925861 ], [ 256665.931288461055374, 7034853.354722864925861 ], [ 256665.931288461055374, 7034858.357913454994559 ], [ 256660.928097871103091, 7034858.357913454994559 ], [ 256660.928097871103091, 7034863.361104044131935 ], [ 256655.924907281179912, 7034863.361104044131935 ], [ 256655.924907281179912, 7034868.364294634200633 ], [ 256650.92171669122763, 7034868.364294634200633 ], [ 256650.92171669122763, 7034873.367485224269331 ], [ 256645.918526101275347, 7034873.367485224269331 ], [ 256645.918526101275347, 7034878.370675814338028 ], [ 256640.915335511323065, 7034878.370675814338028 ], [ 256640.915335511323065, 7034883.373866404406726 ], [ 256635.912144921370782, 7034883.373866404406726 ], [ 256635.912144921370782, 7034888.377056994475424 ], [ 256630.908954331418499, 7034888.377056994475424 ], [ 256630.908954331418499, 7034893.380247584544122 ], [ 256625.905763741495321, 7034893.380247584544122 ], [ 256625.905763741495321, 7034903.386628763750196 ], [ 256620.902573151543038, 7034903.386628763750196 ], [ 256620.902573151543038, 7034928.402581714093685 ], [ 256615.899382561590755, 7034928.402581714093685 ], [ 256615.899382561590755, 7034943.412153483368456 ], [ 256620.902573151543038, 7034943.412153483368456 ], [ 256620.902573151543038, 7034933.405772304162383 ], [ 256625.905763741495321, 7034933.405772304162383 ], [ 256625.905763741495321, 7034918.396200533956289 ], [ 256630.908954331418499, 7034918.396200533956289 ], [ 256630.908954331418499, 7034903.386628763750196 ], [ 256640.915335511323065, 7034903.386628763750196 ], [ 256640.915335511323065, 7034898.383438173681498 ], [ 256645.918526101275347, 7034898.383438173681498 ], [ 256645.918526101275347, 7034893.380247584544122 ], [ 256665.931288461055374, 7034893.380247584544122 ], [ 256665.931288461055374, 7034908.389819353818893 ], [ 256670.934479051007656, 7034908.389819353818893 ], [ 256670.934479051007656, 7034953.418534663505852 ], [ 256675.937669640959939, 7034953.418534663505852 ], [ 256675.937669640959939, 7034963.424915843643248 ], [ 256680.940860230912222, 7034963.424915843643248 ], [ 256680.940860230912222, 7035028.466393512673676 ] ], [ [ 256615.899382561590755, 7034973.431297023780644 ], [ 256620.902573151543038, 7034973.431297023780644 ], [ 256620.902573151543038, 7034958.42172525357455 ], [ 256610.896191971638473, 7034958.42172525357455 ], [ 256610.896191971638473, 7034963.424915843643248 ], [ 256615.899382561590755, 7034963.424915843643248 ], [ 256615.899382561590755, 7034973.431297023780644 ] ], [ [ 257116.218441556295147, 7034938.408962893299758 ], [ 257121.22163214624743, 7034938.408962893299758 ], [ 257121.22163214624743, 7034933.405772304162383 ], [ 257126.224822736170609, 7034933.405772304162383 ], [ 257126.224822736170609, 7034928.402581714093685 ], [ 257131.228013326122891, 7034928.402581714093685 ], [ 257131.228013326122891, 7034923.399391124024987 ], [ 257136.231203916075174, 7034923.399391124024987 ], [ 257136.231203916075174, 7034903.386628763750196 ], [ 257131.228013326122891, 7034903.386628763750196 ], [ 257131.228013326122891, 7034898.383438173681498 ], [ 257126.224822736170609, 7034898.383438173681498 ], [ 257126.224822736170609, 7034903.386628763750196 ], [ 257121.22163214624743, 7034903.386628763750196 ], [ 257121.22163214624743, 7034928.402581714093685 ], [ 257116.218441556295147, 7034928.402581714093685 ], [ 257116.218441556295147, 7034938.408962893299758 ] ], [ [ 256520.838761352584697, 7034708.262195755727589 ], [ 256525.84195194253698, 7034708.262195755727589 ], [ 256525.84195194253698, 7034703.259005166590214 ], [ 256530.845142532489263, 7034703.259005166590214 ], [ 256530.845142532489263, 7034698.255814576521516 ], [ 256535.848333122441545, 7034698.255814576521516 ], [ 256535.848333122441545, 7034693.252623986452818 ], [ 256540.851523712393828, 7034693.252623986452818 ], [ 256540.851523712393828, 7034688.24943339638412 ], [ 256545.85471430234611, 7034688.24943339638412 ], [ 256545.85471430234611, 7034683.246242806315422 ], [ 256550.857904892269289, 7034683.246242806315422 ], [ 256550.857904892269289, 7034678.243052216246724 ], [ 256555.861095482221572, 7034678.243052216246724 ], [ 256555.861095482221572, 7034668.236671036109328 ], [ 256550.857904892269289, 7034668.236671036109328 ], [ 256550.857904892269289, 7034653.227099266834557 ], [ 256540.851523712393828, 7034653.227099266834557 ], [ 256540.851523712393828, 7034658.230289856903255 ], [ 256535.848333122441545, 7034658.230289856903255 ], [ 256535.848333122441545, 7034653.227099266834557 ], [ 256530.845142532489263, 7034653.227099266834557 ], [ 256530.845142532489263, 7034648.223908676765859 ], [ 256525.84195194253698, 7034648.223908676765859 ], [ 256525.84195194253698, 7034643.220718086697161 ], [ 256505.829189582756953, 7034643.220718086697161 ], [ 256505.829189582756953, 7034663.233480446971953 ], [ 256500.825998992804671, 7034663.233480446971953 ], [ 256500.825998992804671, 7034668.236671036109328 ], [ 256495.822808402852388, 7034668.236671036109328 ], [ 256495.822808402852388, 7034673.239861626178026 ], [ 256490.819617812929209, 7034673.239861626178026 ], [ 256490.819617812929209, 7034678.243052216246724 ], [ 256485.816427222976927, 7034678.243052216246724 ], [ 256485.816427222976927, 7034683.246242806315422 ], [ 256480.813236633024644, 7034683.246242806315422 ], [ 256480.813236633024644, 7034688.24943339638412 ], [ 256495.822808402852388, 7034688.24943339638412 ], [ 256495.822808402852388, 7034693.252623986452818 ], [ 256505.829189582756953, 7034693.252623986452818 ], [ 256505.829189582756953, 7034698.255814576521516 ], [ 256515.835570762661519, 7034698.255814576521516 ], [ 256515.835570762661519, 7034703.259005166590214 ], [ 256520.838761352584697, 7034703.259005166590214 ], [ 256520.838761352584697, 7034708.262195755727589 ] ] ] } },
{ "type": "Feature", "properties": { "id": 69, "slope": 1 }, "geometry": { "type": "Polygon", "coordinates": [ [ [ 258692.22347738960525, 7034798.319626375101507 ], [ 258692.22347738960525, 7034493.125000388361514 ], [ 258712.236239749385277, 7034493.125000388361514 ], [ 258712.236239749385277, 7034488.121809798292816 ], [ 258697.226667979528429, 7034488.121809798292816 ], [ 258697.226667979528429, 7034483.118619208224118 ], [ 258692.22347738960525, 7034483.118619208224118 ], [ 258692.22347738960525, 7034242.965470891445875 ], [ 258942.383006886928342, 7034242.965470891445875 ], [ 258942.383006886928342, 7034247.968661480583251 ], [ 258947.386197476880625, 7034247.968661480583251 ], [ 258947.386197476880625, 7034262.978233250789344 ], [ 258942.383006886928342, 7034262.978233250789344 ], [ 258942.383006886928342, 7034272.98461443092674 ], [ 258947.386197476880625, 7034272.98461443092674 ], [ 258947.386197476880625, 7034303.003757970407605 ], [ 258957.39257865678519, 7034303.003757970407605 ], [ 258957.39257865678519, 7034298.000567380338907 ], [ 258977.405341016565217, 7034298.000567380338907 ], [ 258977.405341016565217, 7034303.003757970407605 ], [ 258982.408531606517499, 7034303.003757970407605 ], [ 258982.408531606517499, 7034308.006948560476303 ], [ 258987.411722196469782, 7034308.006948560476303 ], [ 258987.411722196469782, 7034318.013329740613699 ], [ 258992.414912786422065, 7034318.013329740613699 ], [ 258992.414912786422065, 7034323.016520330682397 ], [ 258997.418103376345243, 7034323.016520330682397 ], [ 258997.418103376345243, 7034333.02290150988847 ], [ 258992.414912786422065, 7034333.02290150988847 ], [ 258992.414912786422065, 7034338.026092099957168 ], [ 258987.411722196469782, 7034338.026092099957168 ], [ 258987.411722196469782, 7034348.032473280094564 ], [ 258997.418103376345243, 7034348.032473280094564 ], [ 258997.418103376345243, 7034343.029282690025866 ], [ 259022.434056326106656, 7034343.029282690025866 ], [ 259022.434056326106656, 7034368.045235639438033 ], [ 259027.437246916029835, 7034368.045235639438033 ], [ 259027.437246916029835, 7034383.054807409644127 ], [ 259032.440437505982118, 7034383.054807409644127 ], [ 259032.440437505982118, 7034393.061188589781523 ], [ 259037.4436280959344, 7034393.061188589781523 ], [ 259037.4436280959344, 7034403.067569768987596 ], [ 259042.446818685886683, 7034403.067569768987596 ], [ 259042.446818685886683, 7034413.073950949124992 ], [ 259032.440437505982118, 7034413.073950949124992 ], [ 259032.440437505982118, 7034418.07714153919369 ], [ 259027.437246916029835, 7034418.07714153919369 ], [ 259027.437246916029835, 7034428.083522719331086 ], [ 259022.434056326106656, 7034428.083522719331086 ], [ 259022.434056326106656, 7034433.086713309399784 ], [ 259017.430865736154374, 7034433.086713309399784 ], [ 259017.430865736154374, 7034443.093094488605857 ], [ 259012.427675146202091, 7034443.093094488605857 ], [ 259012.427675146202091, 7034448.096285078674555 ], [ 259002.421293966297526, 7034448.096285078674555 ], [ 259002.421293966297526, 7034453.099475668743253 ], [ 259007.424484556249809, 7034453.099475668743253 ], [ 259007.424484556249809, 7034458.102666258811951 ], [ 259012.427675146202091, 7034458.102666258811951 ], [ 259012.427675146202091, 7034463.105856848880649 ], [ 259017.430865736154374, 7034463.105856848880649 ], [ 259017.430865736154374, 7034468.109047438949347 ], [ 259022.434056326106656, 7034468.109047438949347 ], [ 259022.434056326106656, 7034473.112238029018044 ], [ 259027.437246916029835, 7034473.112238029018044 ], [ 259027.437246916029835, 7034478.11542861815542 ], [ 259032.440437505982118, 7034478.11542861815542 ], [ 259032.440437505982118, 7034473.112238029018044 ], [ 259037.4436280959344, 7034473.112238029018044 ], [ 259037.4436280959344, 7034468.109047438949347 ], [ 259047.450009275838966, 7034468.109047438949347 ], [ 259047.450009275838966, 7034463.105856848880649 ], [ 259062.45958104566671, 7034463.105856848880649 ], [ 259062.45958104566671, 7034458.102666258811951 ], [ 259077.469152815523557, 7034458.102666258811951 ], [ 259077.469152815523557, 7034453.099475668743253 ], [ 259087.475533995399019, 7034453.099475668743253 ], [ 259087.475533995399019, 7034448.096285078674555 ], [ 259092.478724585351301, 7034448.096285078674555 ], [ 259092.478724585351301, 7034453.099475668743253 ], [ 259117.494677535083611, 7034453.099475668743253 ], [ 259117.494677535083611, 7034463.105856848880649 ], [ 259122.497868125035893, 7034463.105856848880649 ], [ 259122.497868125035893, 7034468.109047438949347 ], [ 259132.504249304911355, 7034468.109047438949347 ], [ 259132.504249304911355, 7034488.121809798292816 ], [ 259137.507439894863637, 7034488.121809798292816 ], [ 259137.507439894863637, 7034503.131381568498909 ], [ 259142.51063048481592, 7034503.131381568498909 ], [ 259142.51063048481592, 7034513.137762748636305 ], [ 259147.513821074768202, 7034513.137762748636305 ], [ 259147.513821074768202, 7034498.128190978430212 ], [ 259152.517011664720485, 7034498.128190978430212 ], [ 259152.517011664720485, 7034488.121809798292816 ], [ 259157.520202254672768, 7034488.121809798292816 ], [ 259157.520202254672768, 7034483.118619208224118 ], [ 259182.536155204405077, 7034483.118619208224118 ], [ 259182.536155204405077, 7034488.121809798292816 ], [ 259207.552108154137386, 7034488.121809798292816 ], [ 259207.552108154137386, 7034493.125000388361514 ], [ 259217.558489334012847, 7034493.125000388361514 ], [ 259217.558489334012847, 7034488.121809798292816 ], [ 259227.564870513917413, 7034488.121809798292816 ], [ 259227.564870513917413, 7034478.11542861815542 ], [ 259217.558489334012847, 7034478.11542861815542 ], [ 259217.558489334012847, 7034473.112238029018044 ], [ 259202.548917564185103, 7034473.112238029018044 ], [ 259202.548917564185103, 7034478.11542861815542 ], [ 259187.539345794328256, 7034478.11542861815542 ], [ 259187.539345794328256, 7034473.112238029018044 ], [ 259177.532964614452794, 7034473.112238029018044 ], [ 259177.532964614452794, 7034468.109047438949347 ], [ 259172.529774024500512, 7034468.109047438949347 ], [ 259172.529774024500512, 7034463.105856848880649 ], [ 259162.523392844595946, 7034463.105856848880649 ], [ 259162.523392844595946, 7034458.102666258811951 ], [ 259157.520202254672768, 7034458.102666258811951 ], [ 259157.520202254672768, 7034453.099475668743253 ], [ 259152.517011664720485, 7034453.099475668743253 ], [ 259152.517011664720485, 7034443.093094488605857 ], [ 259147.513821074768202, 7034443.093094488605857 ], [ 259147.513821074768202, 7034438.089903898537159 ], [ 259142.51063048481592, 7034438.089903898537159 ], [ 259142.51063048481592, 7034408.070760359056294 ], [ 259147.513821074768202, 7034408.070760359056294 ], [ 259147.513821074768202, 7034403.067569768987596 ], [ 259152.517011664720485, 7034403.067569768987596 ], [ 259152.517011664720485, 7034393.061188589781523 ], [ 259157.520202254672768, 7034393.061188589781523 ], [ 259157.520202254672768, 7034388.057997999712825 ], [ 259162.523392844595946, 7034388.057997999712825 ], [ 259162.523392844595946, 7034378.051616819575429 ], [ 259167.526583434548229, 7034378.051616819575429 ], [ 259167.526583434548229, 7034368.045235639438033 ], [ 259172.529774024500512, 7034368.045235639438033 ], [ 259172.529774024500512, 7034358.03885446023196 ], [ 259177.532964614452794, 7034358.03885446023196 ], [ 259177.532964614452794, 7034348.032473280094564 ], [ 259182.536155204405077, 7034348.032473280094564 ], [ 259182.536155204405077, 7034338.026092099957168 ], [ 259187.539345794328256, 7034338.026092099957168 ], [ 259187.539345794328256, 7034333.02290150988847 ], [ 259197.545726974232821, 7034333.02290150988847 ], [ 259197.545726974232821, 7034318.013329740613699 ], [ 259202.548917564185103, 7034318.013329740613699 ], [ 259202.548917564185103, 7034308.006948560476303 ], [ 259207.552108154137386, 7034308.006948560476303 ], [ 259207.552108154137386, 7034298.000567380338907 ], [ 259212.555298744089669, 7034298.000567380338907 ], [ 259212.555298744089669, 7034287.994186200201511 ], [ 259217.558489334012847, 7034287.994186200201511 ], [ 259217.558489334012847, 7034282.990995611064136 ], [ 259222.56167992396513, 7034282.990995611064136 ], [ 259222.56167992396513, 7034267.981423840858042 ], [ 259217.558489334012847, 7034267.981423840858042 ], [ 259217.558489334012847, 7034262.978233250789344 ], [ 259212.555298744089669, 7034262.978233250789344 ], [ 259212.555298744089669, 7034252.971852070651948 ], [ 259207.552108154137386, 7034252.971852070651948 ], [ 259207.552108154137386, 7034242.965470891445875 ], [ 259232.568061103869695, 7034242.965470891445875 ], [ 259232.568061103869695, 7034798.319626375101507 ], [ 259177.532964614452794, 7034798.319626375101507 ], [ 259177.532964614452794, 7034793.316435785032809 ], [ 259172.529774024500512, 7034793.316435785032809 ], [ 259172.529774024500512, 7034798.319626375101507 ], [ 259127.501058714988176, 7034798.319626375101507 ], [ 259127.501058714988176, 7034793.316435785032809 ], [ 259107.488296355179045, 7034793.316435785032809 ], [ 259107.488296355179045, 7034788.313245194964111 ], [ 259092.478724585351301, 7034788.313245194964111 ], [ 259092.478724585351301, 7034793.316435785032809 ], [ 259077.469152815523557, 7034793.316435785032809 ], [ 259077.469152815523557, 7034788.313245194964111 ], [ 259067.462771635618992, 7034788.313245194964111 ], [ 259067.462771635618992, 7034793.316435785032809 ], [ 259007.424484556249809, 7034793.316435785032809 ], [ 259007.424484556249809, 7034788.313245194964111 ], [ 259012.427675146202091, 7034788.313245194964111 ], [ 259012.427675146202091, 7034768.300482835620642 ], [ 259007.424484556249809, 7034768.300482835620642 ], [ 259007.424484556249809, 7034763.297292245551944 ], [ 259002.421293966297526, 7034763.297292245551944 ], [ 259002.421293966297526, 7034748.28772047534585 ], [ 258997.418103376345243, 7034748.28772047534585 ], [ 258997.418103376345243, 7034723.271767525933683 ], [ 258992.414912786422065, 7034723.271767525933683 ], [ 258992.414912786422065, 7034718.268576935864985 ], [ 258987.411722196469782, 7034718.268576935864985 ], [ 258987.411722196469782, 7034708.262195755727589 ], [ 258982.408531606517499, 7034708.262195755727589 ], [ 258982.408531606517499, 7034698.255814576521516 ], [ 258977.405341016565217, 7034698.255814576521516 ], [ 258977.405341016565217, 7034683.246242806315422 ], [ 258972.402150426612934, 7034683.246242806315422 ], [ 258972.402150426612934, 7034678.243052216246724 ], [ 258977.405341016565217, 7034678.243052216246724 ], [ 258977.405341016565217, 7034668.236671036109328 ], [ 258972.402150426612934, 7034668.236671036109328 ], [ 258972.402150426612934, 7034648.223908676765859 ], [ 258977.405341016565217, 7034648.223908676765859 ], [ 258977.405341016565217, 7034623.207955727353692 ], [ 258982.408531606517499, 7034623.207955727353692 ], [ 258982.408531606517499, 7034613.201574547216296 ], [ 258987.411722196469782, 7034613.201574547216296 ], [ 258987.411722196469782, 7034608.198383957147598 ], [ 258982.408531606517499, 7034608.198383957147598 ], [ 258982.408531606517499, 7034603.1951933670789 ], [ 258977.405341016565217, 7034603.1951933670789 ], [ 258977.405341016565217, 7034608.198383957147598 ], [ 258972.402150426612934, 7034608.198383957147598 ], [ 258972.402150426612934, 7034613.201574547216296 ], [ 258967.398959836689755, 7034613.201574547216296 ], [ 258967.398959836689755, 7034618.204765137284994 ], [ 258962.395769246737473, 7034618.204765137284994 ], [ 258962.395769246737473, 7034623.207955727353692 ], [ 258957.39257865678519, 7034623.207955727353692 ], [ 258957.39257865678519, 7034638.217527496628463 ], [ 258952.389388066832907, 7034638.217527496628463 ], [ 258952.389388066832907, 7034643.220718086697161 ], [ 258947.386197476880625, 7034643.220718086697161 ], [ 258947.386197476880625, 7034658.230289856903255 ], [ 258942.383006886928342, 7034658.230289856903255 ], [ 258942.383006886928342, 7034668.236671036109328 ], [ 258937.379816297005164, 7034668.236671036109328 ], [ 258937.379816297005164, 7034678.243052216246724 ], [ 258942.383006886928342, 7034678.243052216246724 ], [ 258942.383006886928342, 7034703.259005166590214 ], [ 258947.386197476880625, 7034703.259005166590214 ], [ 258947.386197476880625, 7034713.265386345796287 ], [ 258952.389388066832907, 7034713.265386345796287 ], [ 258952.389388066832907, 7034723.271767525933683 ], [ 258957.39257865678519, 7034723.271767525933683 ], [ 258957.39257865678519, 7034728.274958116002381 ], [ 258962.395769246737473, 7034728.274958116002381 ], [ 258962.395769246737473, 7034768.300482835620642 ], [ 258942.383006886928342, 7034768.300482835620642 ], [ 258942.383006886928342, 7034773.30367342568934 ], [ 258927.373435117100598, 7034773.30367342568934 ], [ 258927.373435117100598, 7034778.306864015758038 ], [ 258917.367053937196033, 7034778.306864015758038 ], [ 258917.367053937196033, 7034783.310054604895413 ], [ 258907.360672757320572, 7034783.310054604895413 ], [ 258907.360672757320572, 7034788.313245194964111 ], [ 258902.357482167368289, 7034788.313245194964111 ], [ 258902.357482167368289, 7034793.316435785032809 ], [ 258897.354291577416006, 7034793.316435785032809 ], [ 258897.354291577416006, 7034798.319626375101507 ], [ 258797.29047977848677, 7034798.319626375101507 ], [ 258797.29047977848677, 7034783.310054604895413 ], [ 258792.287289188534487, 7034783.310054604895413 ], [ 258792.287289188534487, 7034778.306864015758038 ], [ 258787.284098598582204, 7034778.306864015758038 ], [ 258787.284098598582204, 7034773.30367342568934 ], [ 258782.280908008629922, 7034773.30367342568934 ], [ 258782.280908008629922, 7034778.306864015758038 ], [ 258777.277717418677639, 7034778.306864015758038 ], [ 258777.277717418677639, 7034783.310054604895413 ], [ 258767.271336238802178, 7034783.310054604895413 ], [ 258767.271336238802178, 7034788.313245194964111 ], [ 258762.268145648849895, 7034788.313245194964111 ], [ 258762.268145648849895, 7034793.316435785032809 ], [ 258752.26176446894533, 7034793.316435785032809 ], [ 258752.26176446894533, 7034798.319626375101507 ], [ 258692.22347738960525, 7034798.319626375101507 ] ] ] } },
{ "type": "Feature", "properties": { "id": 70, "slope": 1 }, "geometry": { "type": "Polygon", "coordinates": [ [ [ 256801.017434389621485, 7033782.671936616301537 ], [ 256801.017434389621485, 7033777.668746026232839 ], [ 256811.02381556952605, 7033777.668746026232839 ], [ 256811.02381556952605, 7033772.665555436164141 ], [ 256816.027006159478333, 7033772.665555436164141 ], [ 256816.027006159478333, 7033767.662364846095443 ], [ 256821.030196749430615, 7033767.662364846095443 ], [ 256821.030196749430615, 7033762.659174256026745 ], [ 256826.033387339353794, 7033762.659174256026745 ], [ 256826.033387339353794, 7033757.655983665958047 ], [ 256831.036577929306077, 7033757.655983665958047 ], [ 256831.036577929306077, 7033752.652793075889349 ], [ 256836.039768519258359, 7033752.652793075889349 ], [ 256836.039768519258359, 7033747.649602486751974 ], [ 256846.046149699162925, 7033747.649602486751974 ], [ 256846.046149699162925, 7033742.646411896683276 ], [ 256851.049340289086103, 7033742.646411896683276 ], [ 256851.049340289086103, 7033737.643221306614578 ], [ 256856.052530879038386, 7033737.643221306614578 ], [ 256856.052530879038386, 7033732.64003071654588 ], [ 256861.055721468990669, 7033732.64003071654588 ], [ 256861.055721468990669, 7033727.636840126477182 ], [ 256866.058912058942951, 7033727.636840126477182 ], [ 256866.058912058942951, 7033722.633649536408484 ], [ 256871.062102648895234, 7033722.633649536408484 ], [ 256871.062102648895234, 7033717.630458946339786 ], [ 256876.065293238847516, 7033717.630458946339786 ], [ 256876.065293238847516, 7033707.624077767133713 ], [ 256881.068483828770695, 7033707.624077767133713 ], [ 256881.068483828770695, 7033697.617696586996317 ], [ 256886.071674418722978, 7033697.617696586996317 ], [ 256886.071674418722978, 7033687.611315406858921 ], [ 256891.07486500867526, 7033687.611315406858921 ], [ 256891.07486500867526, 7033677.604934226721525 ], [ 256896.078055598627543, 7033677.604934226721525 ], [ 256896.078055598627543, 7033667.598553047515452 ], [ 256901.081246188579826, 7033667.598553047515452 ], [ 256901.081246188579826, 7033662.595362457446754 ], [ 256906.084436778503004, 7033662.595362457446754 ], [ 256906.084436778503004, 7033627.573028327897191 ], [ 256911.087627368455287, 7033627.573028327897191 ], [ 256911.087627368455287, 7033612.563456557691097 ], [ 256916.09081795840757, 7033612.563456557691097 ], [ 256916.09081795840757, 7033607.560265967622399 ], [ 256911.087627368455287, 7033607.560265967622399 ], [ 256911.087627368455287, 7033597.553884787485003 ], [ 256916.09081795840757, 7033597.553884787485003 ], [ 256916.09081795840757, 7033592.550694198347628 ], [ 256911.087627368455287, 7033592.550694198347628 ], [ 256911.087627368455287, 7033587.54750360827893 ], [ 256906.084436778503004, 7033587.54750360827893 ], [ 256906.084436778503004, 7033582.544313018210232 ], [ 256901.081246188579826, 7033582.544313018210232 ], [ 256901.081246188579826, 7033577.541122428141534 ], [ 256896.078055598627543, 7033577.541122428141534 ], [ 256896.078055598627543, 7033572.537931838072836 ], [ 256891.07486500867526, 7033572.537931838072836 ], [ 256891.07486500867526, 7033567.534741248004138 ], [ 256886.071674418722978, 7033567.534741248004138 ], [ 256886.071674418722978, 7033562.531550657935441 ], [ 256881.068483828770695, 7033562.531550657935441 ], [ 256881.068483828770695, 7033557.528360067866743 ], [ 256876.065293238847516, 7033557.528360067866743 ], [ 256876.065293238847516, 7033552.525169478729367 ], [ 256871.062102648895234, 7033552.525169478729367 ], [ 256871.062102648895234, 7033547.521978888660669 ], [ 256866.058912058942951, 7033547.521978888660669 ], [ 256866.058912058942951, 7033542.518788298591971 ], [ 256861.055721468990669, 7033542.518788298591971 ], [ 256861.055721468990669, 7033537.515597708523273 ], [ 256856.052530879038386, 7033537.515597708523273 ], [ 256856.052530879038386, 7033532.512407118454576 ], [ 256851.049340289086103, 7033532.512407118454576 ], [ 256851.049340289086103, 7033527.509216528385878 ], [ 256846.046149699162925, 7033527.509216528385878 ], [ 256846.046149699162925, 7033512.499644759111106 ], [ 256851.049340289086103, 7033512.499644759111106 ], [ 256851.049340289086103, 7033507.496454169042408 ], [ 256856.052530879038386, 7033507.496454169042408 ], [ 256856.052530879038386, 7033502.493263578973711 ], [ 256861.055721468990669, 7033502.493263578973711 ], [ 256861.055721468990669, 7033497.490072988905013 ], [ 256866.058912058942951, 7033497.490072988905013 ], [ 256866.058912058942951, 7033492.486882398836315 ], [ 256871.062102648895234, 7033492.486882398836315 ], [ 256871.062102648895234, 7033487.483691808767617 ], [ 256876.065293238847516, 7033487.483691808767617 ], [ 256876.065293238847516, 7033482.480501218698919 ], [ 256881.068483828770695, 7033482.480501218698919 ], [ 256881.068483828770695, 7033477.477310629561543 ], [ 256886.071674418722978, 7033477.477310629561543 ], [ 256886.071674418722978, 7033472.474120039492846 ], [ 256891.07486500867526, 7033472.474120039492846 ], [ 256891.07486500867526, 7033467.470929449424148 ], [ 256896.078055598627543, 7033467.470929449424148 ], [ 256896.078055598627543, 7033462.46773885935545 ], [ 256901.081246188579826, 7033462.46773885935545 ], [ 256901.081246188579826, 7033457.464548269286752 ], [ 256906.084436778503004, 7033457.464548269286752 ], [ 256906.084436778503004, 7033452.461357679218054 ], [ 256911.087627368455287, 7033452.461357679218054 ], [ 256911.087627368455287, 7033447.458167089149356 ], [ 256916.09081795840757, 7033447.458167089149356 ], [ 256916.09081795840757, 7033442.454976499080658 ], [ 256926.097199138312135, 7033442.454976499080658 ], [ 256926.097199138312135, 7033437.451785909943283 ], [ 256931.100389728264417, 7033437.451785909943283 ], [ 256931.100389728264417, 7033432.448595319874585 ], [ 256941.106770908139879, 7033432.448595319874585 ], [ 256941.106770908139879, 7033427.445404729805887 ], [ 256951.113152088044444, 7033427.445404729805887 ], [ 256951.113152088044444, 7033422.442214139737189 ], [ 256956.116342677996727, 7033422.442214139737189 ], [ 256956.116342677996727, 7033417.439023549668491 ], [ 256966.122723857872188, 7033417.439023549668491 ], [ 256966.122723857872188, 7033412.435832959599793 ], [ 256976.129105037776753, 7033412.435832959599793 ], [ 256976.129105037776753, 7033407.432642369531095 ], [ 256991.138676807604497, 7033407.432642369531095 ], [ 256991.138676807604497, 7033402.42945178039372 ], [ 257031.164201527193654, 7033402.42945178039372 ], [ 257031.164201527193654, 7033407.432642369531095 ], [ 257036.167392117145937, 7033407.432642369531095 ], [ 257036.167392117145937, 7033412.435832959599793 ], [ 257041.17058270709822, 7033412.435832959599793 ], [ 257041.17058270709822, 7033417.439023549668491 ], [ 257046.173773297021398, 7033417.439023549668491 ], [ 257046.173773297021398, 7033422.442214139737189 ], [ 257051.176963886973681, 7033422.442214139737189 ], [ 257051.176963886973681, 7033427.445404729805887 ], [ 257056.180154476925964, 7033427.445404729805887 ], [ 257056.180154476925964, 7033432.448595319874585 ], [ 257061.183345066878246, 7033432.448595319874585 ], [ 257061.183345066878246, 7033437.451785909943283 ], [ 257066.186535656830529, 7033437.451785909943283 ], [ 257066.186535656830529, 7033442.454976499080658 ], [ 257071.189726246753708, 7033442.454976499080658 ], [ 257071.189726246753708, 7033447.458167089149356 ], [ 257076.19291683670599, 7033447.458167089149356 ], [ 257076.19291683670599, 7033452.461357679218054 ], [ 257081.196107426658273, 7033452.461357679218054 ], [ 257081.196107426658273, 7033457.464548269286752 ], [ 257086.199298016610555, 7033457.464548269286752 ], [ 257086.199298016610555, 7033462.46773885935545 ], [ 257091.202488606562838, 7033462.46773885935545 ], [ 257091.202488606562838, 7033467.470929449424148 ], [ 257096.205679196515121, 7033467.470929449424148 ], [ 257096.205679196515121, 7033472.474120039492846 ], [ 257101.208869786438299, 7033472.474120039492846 ], [ 257101.208869786438299, 7033482.480501218698919 ], [ 257136.231203916075174, 7033482.480501218698919 ], [ 257136.231203916075174, 7033477.477310629561543 ], [ 257166.250347455759766, 7033477.477310629561543 ], [ 257166.250347455759766, 7033472.474120039492846 ], [ 257176.256728635664331, 7033472.474120039492846 ], [ 257176.256728635664331, 7033477.477310629561543 ], [ 257186.263109815539792, 7033477.477310629561543 ], [ 257186.263109815539792, 7033482.480501218698919 ], [ 257206.275872175348923, 7033482.480501218698919 ], [ 257206.275872175348923, 7033487.483691808767617 ], [ 257211.279062765272101, 7033487.483691808767617 ], [ 257211.279062765272101, 7033482.480501218698919 ], [ 257221.285443945176667, 7033482.480501218698919 ], [ 257221.285443945176667, 7033477.477310629561543 ], [ 257231.291825125081232, 7033477.477310629561543 ], [ 257231.291825125081232, 7033472.474120039492846 ], [ 257236.295015715004411, 7033472.474120039492846 ], [ 257236.295015715004411, 7033462.46773885935545 ], [ 257241.298206304956693, 7033462.46773885935545 ], [ 257241.298206304956693, 7033457.464548269286752 ], [ 257246.301396894908976, 7033457.464548269286752 ], [ 257246.301396894908976, 7033452.461357679218054 ], [ 257256.307778074813541, 7033452.461357679218054 ], [ 257256.307778074813541, 7033442.454976499080658 ], [ 257261.310968664765824, 7033442.454976499080658 ], [ 257261.310968664765824, 7033432.448595319874585 ], [ 257266.314159254689002, 7033432.448595319874585 ], [ 257266.314159254689002, 7033422.442214139737189 ], [ 257271.317349844641285, 7033422.442214139737189 ], [ 257271.317349844641285, 7033417.439023549668491 ], [ 257276.320540434593568, 7033417.439023549668491 ], [ 257276.320540434593568, 7033412.435832959599793 ], [ 257281.32373102454585, 7033412.435832959599793 ], [ 257281.32373102454585, 7033782.671936616301537 ], [ 256801.017434389621485, 7033782.671936616301537 ] ] ] } }
]
}
