{
"type": "FeatureCollection",
"name": "retrogression_independent",
"crs": { "type": "name", "properties": { "name": "urn:ogc:def:crs:EPSG::25833" } },
"features": [
{ "type": "Feature", "properties": { "id": 12, "slope": 1 }, "geometry": { "type": "Polygon", "coordinates": [ [ [ 258347.003326683246996, 7040431.912230655550957 ], [ 258347.003326683246996, 7040426.909040065482259 ], [ 258342.000136093294714, 7040426.909040065482259 ], [ 258342.000136093294714, 7040421.905849475413561 ], [ 258336.996945503342431, 7040421.905849475413561 ], [ 258336.996945503342431, 7040416.902658885344863 ], [ 258331.993754913419252, 7040416.902658885344863 ], [ 258331.993754913419252, 7040411.899468295276165 ], [ 258326.99056432346697, 7040411.899468295276165 ], [ 258326.99056432346697, 7040406.89627770613879 ], [ 258301.97461137373466, 7040406.89627770613879 ], [ 258301.97461137373466, 7040401.893087116070092 ], [ 258296.971420783782378, 7040401.893087116070092 ], [ 258296.971420783782378, 7040396.889896526001394 ], [ 258291.968230193830095, 7040396.889896526001394 ], [ 258291.968230193830095, 7040391.886705935932696 ], [ 258286.965039603877813, 7040391.886705935932696 ], [ 258286.965039603877813, 7040386.883515345863998 ], [ 258281.96184901392553, 7040386.883515345863998 ], [ 258281.96184901392553, 7040381.8803247557953 ], [ 258276.958658424002351, 7040381.8803247557953 ], [ 258276.958658424002351, 7040376.877134165726602 ], [ 258271.955467834050069, 7040376.877134165726602 ], [ 258271.955467834050069, 7040371.873943575657904 ], [ 258266.952277244097786, 7040371.873943575657904 ], [ 258266.952277244097786, 7040366.870752986520529 ], [ 258261.949086654145503, 7040366.870752986520529 ], [ 258261.949086654145503, 7040361.867562396451831 ], [ 258256.945896064193221, 7040361.867562396451831 ], [ 258256.945896064193221, 7040356.864371806383133 ], [ 258251.942705474270042, 7040356.864371806383133 ], [ 258251.942705474270042, 7040351.861181216314435 ], [ 258246.939514884317759, 7040351.861181216314435 ], [ 258246.939514884317759, 7040346.857990626245737 ], [ 258241.936324294365477, 7040346.857990626245737 ], [ 258241.936324294365477, 7040341.854800036177039 ], [ 258236.933133704413194, 7040341.854800036177039 ], [ 258236.933133704413194, 7040336.851609446108341 ], [ 258231.929943114460912, 7040336.851609446108341 ], [ 258231.929943114460912, 7040316.838847086764872 ], [ 258236.933133704413194, 7040316.838847086764872 ], [ 258236.933133704413194, 7040311.835656496696174 ], [ 258241.936324294365477, 7040311.835656496696174 ], [ 258241.936324294365477, 7040306.832465906627476 ], [ 258246.939514884317759, 7040306.832465906627476 ], [ 258246.939514884317759, 7040301.829275316558778 ], [ 258251.942705474270042, 7040301.829275316558778 ], [ 258251.942705474270042, 7040296.82608472649008 ], [ 258256.945896064193221, 7040296.82608472649008 ], [ 258256.945896064193221, 7040291.822894137352705 ], [ 258261.949086654145503, 7040291.822894137352705 ], [ 258261.949086654145503, 7040286.819703547284007 ], [ 258266.952277244097786, 7040286.819703547284007 ], [ 258266.952277244097786, 7040281.816512957215309 ], [ 258271.955467834050069, 7040281.816512957215309 ], [ 258271.955467834050069, 7040276.813322367146611 ], [ 258276.958658424002351, 7040276.813322367146611 ], [ 258276.958658424002351, 7040271.810131777077913 ], [ 258281.96184901392553, 7040271.810131777077913 ], [ 258281.96184901392553, 7040266.806941187009215 ], [ 258286.965039603877813, 7040266.806941187009215 ], [ 258286.965039603877813, 7040261.803750596940517 ], [ 258291.968230193830095, 7040261.803750596940517 ], [ 258291.968230193830095, 7040256.800560007803142 ], [ 258296.971420783782378, 7040256.800560007803142 ], [ 258296.971420783782378, 7040251.797369417734444 ], [ 258301.97461137373466, 7040251.797369417734444 ], [ 258301.97461137373466, 7040246.794178827665746 ], [ 258306.977801963686943, 7040246.794178827665746 ], [ 258306.977801963686943, 7040241.790988237597048 ], [ 258321.987373733514687, 7040241.790988237597048 ], [ 258321.987373733514687, 7040246.794178827665746 ], [ 258326.99056432346697, 7040246.794178827665746 ], [ 258326.99056432346697, 7040251.797369417734444 ], [ 258331.993754913419252, 7040251.797369417734444 ], [ 258331.993754913419252, 7040256.800560007803142 ], [ 258336.996945503342431, 7040256.800560007803142 ], [ 258336.996945503342431, 7040261.803750596940517 ], [ 258342.000136093294714, 7040261.803750596940517 ], [ 258342.000136093294714, 7040266.806941187009215 ], [ 258347.003326683246996, 7040266.806941187009215 ], [ 258347.003326683246996, 7040271.810131777077913 ], [ 258352.006517273199279, 7040271.810131777077913 ], [ 258352.006517273199279, 7040266.806941187009215 ], [ 258367.016089043027023, 7040266.806941187009215 ], [ 258367.016089043027023, 7040271.810131777077913 ], [ 258372.019279632979305, 7040271.810131777077913 ], [ 258372.019279632979305, 7040276.813322367146611 ], [ 258377.022470222931588, 7040276.813322367146611 ], [ 258377.022470222931588, 7040281.816512957215309 ], [ 258382.025660812883871, 7040281.816512957215309 ], [ 258382.025660812883871, 7040286.819703547284007 ], [ 258387.028851402836153, 7040286.819703547284007 ], [ 258387.028851402836153, 7040291.822894137352705 ], [ 258392.032041992759332, 7040291.822894137352705 ], [ 258392.032041992759332, 7040296.82608472649008 ], [ 258397.035232582711615, 7040296.82608472649008 ], [ 258397.035232582711615, 7040301.829275316558778 ], [ 258402.038423172663897, 7040301.829275316558778 ], [ 258402.038423172663897, 7040306.832465906627476 ], [ 258407.04161376261618, 7040306.832465906627476 ], [ 258407.04161376261618, 7040311.835656496696174 ], [ 258412.044804352568462, 7040311.835656496696174 ], [ 258412.044804352568462, 7040316.838847086764872 ], [ 258417.047994942520745, 7040316.838847086764872 ], [ 258417.047994942520745, 7040321.84203767683357 ], [ 258422.051185532443924, 7040321.84203767683357 ], [ 258422.051185532443924, 7040326.845228266902268 ], [ 258427.054376122396206, 7040326.845228266902268 ], [ 258427.054376122396206, 7040331.848418856970966 ], [ 258432.057566712348489, 7040331.848418856970966 ], [ 258432.057566712348489, 7040336.851609446108341 ], [ 258437.060757302300772, 7040336.851609446108341 ], [ 258437.060757302300772, 7040341.854800036177039 ], [ 258442.063947892253054, 7040341.854800036177039 ], [ 258442.063947892253054, 7040361.867562396451831 ], [ 258437.060757302300772, 7040361.867562396451831 ], [ 258437.060757302300772, 7040366.870752986520529 ], [ 258432.057566712348489, 7040366.870752986520529 ], [ 258432.057566712348489, 7040371.873943575657904 ], [ 258427.054376122396206, 7040371.873943575657904 ], [ 258427.054376122396206, 7040376.877134165726602 ], [ 258422.051185532443924, 7040376.877134165726602 ], [ 258422.051185532443924, 7040381.8803247557953 ], [ 258417.047994942520745, 7040381.8803247557953 ], [ 258417.047994942520745, 7040386.883515345863998 ], [ 258412.044804352568462, 7040386.883515345863998 ], [ 258412.044804352568462, 7040391.886705935932696 ], [ 258407.04161376261618, 7040391.886705935932696 ], [ 258407.04161376261618, 7040396.889896526001394 ], [ 258402.038423172663897, 7040396.889896526001394 ], [ 258402.038423172663897, 7040401.893087116070092 ], [ 258397.035232582711615, 7040401.893087116070092 ], [ 258397.035232582711615, 7040406.89627770613879 ], [ 258392.032041992759332, 7040406.89627770613879 ], [ 258392.032041992759332, 7040411.899468295276165 ], [ 258387.028851402836153, 7040411.899468295276165 ], [ 258387.028851402836153, 7040416.902658885344863 ], [ 258382.025660812883871, 7040416.902658885344863 ], [ 258382.025660812883871, 7040421.905849475413561 ], [ 258377.022470222931588, 7040421.905849475413561 ], [ 258377.022470222931588, 7040426.909040065482259 ], [ 258372.019279632979305, 7040426.909040065482259 ], [ 258372.019279632979305, 7040431.912230655550957 ], [ 258347.003326683246996, 7040431.912230655550957 ] ] ] } },
{ "type": "Feature", "properties": { "id": 14, "slope": 1 }, "geometry": { "type": "Polygon", "coordinates": [ [ [ 256175.618610646255547, 7039781.49745396245271 ], [ 256175.618610646255547, 7039776.494263372384012 ], [ 256170.615420056303265, 7039776.494263372384012 ], [ 256170.615420056303265, 7039771.491072782315314 ], [ 256165.612229466350982, 7039771.491072782315314 ], [ 256165.612229466350982, 7039766.487882192246616 ], [ 256160.609038876427803, 7039766.487882192246616 ], [ 256160.609038876427803, 7039761.484691602177918 ], [ 256155.605848286475521, 7039761.484691602177918 ], [ 256155.605848286475521, 7039756.481501013040543 ], [ 256150.602657696523238, 7039756.481501013040543 ], [ 256150.602657696523238, 7039751.478310422971845 ], [ 256145.599467106570955, 7039751.478310422971845 ], [ 256145.599467106570955, 7039746.475119832903147 ], [ 256140.596276516618673, 7039746.475119832903147 ], [ 256140.596276516618673, 7039741.471929242834449 ], [ 256135.59308592666639, 7039741.471929242834449 ], [ 256135.59308592666639, 7039736.468738652765751 ], [ 256130.589895336743211, 7039736.468738652765751 ], [ 256130.589895336743211, 7039731.465548062697053 ], [ 256125.586704746790929, 7039731.465548062697053 ], [ 256125.586704746790929, 7039726.462357472628355 ], [ 256120.583514156838646, 7039726.462357472628355 ], [ 256120.583514156838646, 7039721.459166882559657 ], [ 256115.580323566886364, 7039721.459166882559657 ], [ 256115.580323566886364, 7039716.455976293422282 ], [ 256110.577132976934081, 7039716.455976293422282 ], [ 256110.577132976934081, 7039711.452785703353584 ], [ 256105.573942387010902, 7039711.452785703353584 ], [ 256105.573942387010902, 7039691.440023343078792 ], [ 256110.577132976934081, 7039691.440023343078792 ], [ 256110.577132976934081, 7039686.436832753010094 ], [ 256115.580323566886364, 7039686.436832753010094 ], [ 256115.580323566886364, 7039681.433642163872719 ], [ 256120.583514156838646, 7039681.433642163872719 ], [ 256120.583514156838646, 7039676.430451573804021 ], [ 256125.586704746790929, 7039676.430451573804021 ], [ 256125.586704746790929, 7039671.427260983735323 ], [ 256120.583514156838646, 7039671.427260983735323 ], [ 256120.583514156838646, 7039666.424070393666625 ], [ 256110.577132976934081, 7039666.424070393666625 ], [ 256110.577132976934081, 7039641.408117444254458 ], [ 256130.589895336743211, 7039641.408117444254458 ], [ 256130.589895336743211, 7039646.411308033391833 ], [ 256135.59308592666639, 7039646.411308033391833 ], [ 256135.59308592666639, 7039651.414498623460531 ], [ 256140.596276516618673, 7039651.414498623460531 ], [ 256140.596276516618673, 7039656.417689213529229 ], [ 256145.599467106570955, 7039656.417689213529229 ], [ 256145.599467106570955, 7039651.414498623460531 ], [ 256150.602657696523238, 7039651.414498623460531 ], [ 256150.602657696523238, 7039646.411308033391833 ], [ 256155.605848286475521, 7039646.411308033391833 ], [ 256155.605848286475521, 7039641.408117444254458 ], [ 256160.609038876427803, 7039641.408117444254458 ], [ 256160.609038876427803, 7039636.40492685418576 ], [ 256165.612229466350982, 7039636.40492685418576 ], [ 256165.612229466350982, 7039631.401736264117062 ], [ 256170.615420056303265, 7039631.401736264117062 ], [ 256170.615420056303265, 7039626.398545674048364 ], [ 256175.618610646255547, 7039626.398545674048364 ], [ 256175.618610646255547, 7039621.395355083979666 ], [ 256180.62180123620783, 7039621.395355083979666 ], [ 256180.62180123620783, 7039616.392164493910968 ], [ 256195.631373006035574, 7039616.392164493910968 ], [ 256195.631373006035574, 7039621.395355083979666 ], [ 256200.634563595987856, 7039621.395355083979666 ], [ 256200.634563595987856, 7039626.398545674048364 ], [ 256205.637754185940139, 7039626.398545674048364 ], [ 256205.637754185940139, 7039631.401736264117062 ], [ 256210.640944775892422, 7039631.401736264117062 ], [ 256210.640944775892422, 7039636.40492685418576 ], [ 256215.644135365844704, 7039636.40492685418576 ], [ 256215.644135365844704, 7039641.408117444254458 ], [ 256220.647325955767883, 7039641.408117444254458 ], [ 256220.647325955767883, 7039646.411308033391833 ], [ 256225.650516545720166, 7039646.411308033391833 ], [ 256225.650516545720166, 7039651.414498623460531 ], [ 256230.653707135672448, 7039651.414498623460531 ], [ 256230.653707135672448, 7039656.417689213529229 ], [ 256235.656897725624731, 7039656.417689213529229 ], [ 256235.656897725624731, 7039661.420879803597927 ], [ 256240.660088315577013, 7039661.420879803597927 ], [ 256240.660088315577013, 7039666.424070393666625 ], [ 256245.663278905500192, 7039666.424070393666625 ], [ 256245.663278905500192, 7039671.427260983735323 ], [ 256250.666469495452475, 7039671.427260983735323 ], [ 256250.666469495452475, 7039676.430451573804021 ], [ 256255.669660085404757, 7039676.430451573804021 ], [ 256255.669660085404757, 7039681.433642163872719 ], [ 256260.67285067535704, 7039681.433642163872719 ], [ 256260.67285067535704, 7039686.436832753010094 ], [ 256265.676041265309323, 7039686.436832753010094 ], [ 256265.676041265309323, 7039691.440023343078792 ], [ 256270.679231855261605, 7039691.440023343078792 ], [ 256270.679231855261605, 7039706.449595113284886 ], [ 256265.676041265309323, 7039706.449595113284886 ], [ 256265.676041265309323, 7039711.452785703353584 ], [ 256260.67285067535704, 7039711.452785703353584 ], [ 256260.67285067535704, 7039716.455976293422282 ], [ 256255.669660085404757, 7039716.455976293422282 ], [ 256255.669660085404757, 7039721.459166882559657 ], [ 256250.666469495452475, 7039721.459166882559657 ], [ 256250.666469495452475, 7039726.462357472628355 ], [ 256245.663278905500192, 7039726.462357472628355 ], [ 256245.663278905500192, 7039731.465548062697053 ], [ 256240.660088315577013, 7039731.465548062697053 ], [ 256240.660088315577013, 7039736.468738652765751 ], [ 256235.656897725624731, 7039736.468738652765751 ], [ 256235.656897725624731, 7039741.471929242834449 ], [ 256230.653707135672448, 7039741.471929242834449 ], [ 256230.653707135672448, 7039746.475119832903147 ], [ 256225.650516545720166, 7039746.475119832903147 ], [ 256225.650516545720166, 7039751.478310422971845 ], [ 256220.647325955767883, 7039751.478310422971845 ], [ 256220.647325955767883, 7039756.481501013040543 ], [ 256215.644135365844704, 7039756.481501013040543 ], [ 256215.644135365844704, 7039761.484691602177918 ], [ 256210.640944775892422, 7039761.484691602177918 ], [ 256210.640944775892422, 7039766.487882192246616 ], [ 256205.637754185940139, 7039766.487882192246616 ], [ 256205.637754185940139, 7039771.491072782315314 ], [ 256200.634563595987856, 7039771.491072782315314 ], [ 256200.634563595987856, 7039776.494263372384012 ], [ 256195.631373006035574, 7039776.494263372384012 ], [ 256195.631373006035574, 7039781.49745396245271 ], [ 256175.618610646255547, 7039781.49745396245271 ] ] ] } },
{ "type": "Feature", "properties": { "id": 18, "slope": 1 }, "geometry": { "type": "Polygon", "coordinates": [ [ [ 256355.733471884333994, 7039701.446404523216188 ], [ 256355.733471884333994, 7039696.44321393314749 ], [ 256350.730281294410815, 7039696.44321393314749 ], [ 256350.730281294410815, 7039691.440023343078792 ], [ 256345.727090704458533, 7039691.440023343078792 ], [ 256345.727090704458533, 7039686.436832753010094 ], [ 256340.72390011450625, 7039686.436832753010094 ], [ 256340.72390011450625, 7039681.433642163872719 ], [ 256335.720709524553968, 7039681.433642163872719 ], [ 256335.720709524553968, 7039676.430451573804021 ], [ 256330.717518934601685, 7039676.430451573804021 ], [ 256330.717518934601685, 7039671.427260983735323 ], [ 256325.714328344678506, 7039671.427260983735323 ], [ 256325.714328344678506, 7039666.424070393666625 ], [ 256320.711137754726224, 7039666.424070393666625 ], [ 256320.711137754726224, 7039661.420879803597927 ], [ 256315.707947164773941, 7039661.420879803597927 ], [ 256315.707947164773941, 7039656.417689213529229 ], [ 256310.704756574821658, 7039656.417689213529229 ], [ 256310.704756574821658, 7039651.414498623460531 ], [ 256305.701565984869376, 7039651.414498623460531 ], [ 256305.701565984869376, 7039646.411308033391833 ], [ 256300.698375394917093, 7039646.411308033391833 ], [ 256300.698375394917093, 7039641.408117444254458 ], [ 256295.695184804993914, 7039641.408117444254458 ], [ 256295.695184804993914, 7039636.40492685418576 ], [ 256290.691994215041632, 7039636.40492685418576 ], [ 256290.691994215041632, 7039631.401736264117062 ], [ 256285.688803625089349, 7039631.401736264117062 ], [ 256285.688803625089349, 7039626.398545674048364 ], [ 256280.685613035137067, 7039626.398545674048364 ], [ 256280.685613035137067, 7039606.385783313773572 ], [ 256285.688803625089349, 7039606.385783313773572 ], [ 256285.688803625089349, 7039601.382592724636197 ], [ 256290.691994215041632, 7039601.382592724636197 ], [ 256290.691994215041632, 7039596.379402134567499 ], [ 256295.695184804993914, 7039596.379402134567499 ], [ 256295.695184804993914, 7039591.376211544498801 ], [ 256300.698375394917093, 7039591.376211544498801 ], [ 256300.698375394917093, 7039586.373020954430103 ], [ 256305.701565984869376, 7039586.373020954430103 ], [ 256305.701565984869376, 7039581.369830364361405 ], [ 256310.704756574821658, 7039581.369830364361405 ], [ 256310.704756574821658, 7039576.366639774292707 ], [ 256315.707947164773941, 7039576.366639774292707 ], [ 256315.707947164773941, 7039571.36344918422401 ], [ 256320.711137754726224, 7039571.36344918422401 ], [ 256320.711137754726224, 7039566.360258595086634 ], [ 256325.714328344678506, 7039566.360258595086634 ], [ 256325.714328344678506, 7039561.357068005017936 ], [ 256330.717518934601685, 7039561.357068005017936 ], [ 256330.717518934601685, 7039556.353877414949238 ], [ 256325.714328344678506, 7039556.353877414949238 ], [ 256325.714328344678506, 7039551.35068682488054 ], [ 256320.711137754726224, 7039551.35068682488054 ], [ 256320.711137754726224, 7039546.347496234811842 ], [ 256315.707947164773941, 7039546.347496234811842 ], [ 256315.707947164773941, 7039531.337924464605749 ], [ 256320.711137754726224, 7039531.337924464605749 ], [ 256320.711137754726224, 7039526.334733875468373 ], [ 256325.714328344678506, 7039526.334733875468373 ], [ 256325.714328344678506, 7039521.331543285399675 ], [ 256330.717518934601685, 7039521.331543285399675 ], [ 256330.717518934601685, 7039516.328352695330977 ], [ 256335.720709524553968, 7039516.328352695330977 ], [ 256335.720709524553968, 7039511.32516210526228 ], [ 256340.72390011450625, 7039511.32516210526228 ], [ 256340.72390011450625, 7039506.321971515193582 ], [ 256345.727090704458533, 7039506.321971515193582 ], [ 256345.727090704458533, 7039501.318780925124884 ], [ 256350.730281294410815, 7039501.318780925124884 ], [ 256350.730281294410815, 7039496.315590335056186 ], [ 256355.733471884333994, 7039496.315590335056186 ], [ 256355.733471884333994, 7039491.312399744987488 ], [ 256360.736662474286277, 7039491.312399744987488 ], [ 256360.736662474286277, 7039486.309209155850112 ], [ 256365.739853064238559, 7039486.309209155850112 ], [ 256365.739853064238559, 7039481.306018565781415 ], [ 256370.743043654190842, 7039481.306018565781415 ], [ 256370.743043654190842, 7039476.302827975712717 ], [ 256375.746234244143125, 7039476.302827975712717 ], [ 256375.746234244143125, 7039471.299637385644019 ], [ 256380.749424834095407, 7039471.299637385644019 ], [ 256380.749424834095407, 7039466.296446795575321 ], [ 256385.752615424018586, 7039466.296446795575321 ], [ 256385.752615424018586, 7039461.293256205506623 ], [ 256390.755806013970869, 7039461.293256205506623 ], [ 256390.755806013970869, 7039456.290065615437925 ], [ 256405.765377783827716, 7039456.290065615437925 ], [ 256405.765377783827716, 7039461.293256205506623 ], [ 256410.768568373750895, 7039461.293256205506623 ], [ 256410.768568373750895, 7039466.296446795575321 ], [ 256415.771758963703178, 7039466.296446795575321 ], [ 256415.771758963703178, 7039471.299637385644019 ], [ 256420.77494955365546, 7039471.299637385644019 ], [ 256420.77494955365546, 7039476.302827975712717 ], [ 256425.778140143607743, 7039476.302827975712717 ], [ 256425.778140143607743, 7039481.306018565781415 ], [ 256430.781330733560026, 7039481.306018565781415 ], [ 256430.781330733560026, 7039486.309209155850112 ], [ 256435.784521323512308, 7039486.309209155850112 ], [ 256435.784521323512308, 7039491.312399744987488 ], [ 256440.787711913435487, 7039491.312399744987488 ], [ 256440.787711913435487, 7039496.315590335056186 ], [ 256445.79090250338777, 7039496.315590335056186 ], [ 256445.79090250338777, 7039501.318780925124884 ], [ 256450.794093093340052, 7039501.318780925124884 ], [ 256450.794093093340052, 7039506.321971515193582 ], [ 256455.797283683292335, 7039506.321971515193582 ], [ 256455.797283683292335, 7039511.32516210526228 ], [ 256460.800474273244618, 7039511.32516210526228 ], [ 256460.800474273244618, 7039516.328352695330977 ], [ 256465.803664863167796, 7039516.328352695330977 ], [ 256465.803664863167796, 7039521.331543285399675 ], [ 256470.806855453120079, 7039521.331543285399675 ], [ 256470.806855453120079, 7039526.334733875468373 ], [ 256475.810046043072361, 7039526.334733875468373 ], [ 256475.810046043072361, 7039531.337924464605749 ], [ 256480.813236633024644, 7039531.337924464605749 ], [ 256480.813236633024644, 7039546.347496234811842 ], [ 256475.810046043072361, 7039546.347496234811842 ], [ 256475.810046043072361, 7039551.35068682488054 ], [ 256470.806855453120079, 7039551.35068682488054 ], [ 256470.806855453120079, 7039556.353877414949238 ], [ 256465.803664863167796, 7039556.353877414949238 ], [ 256465.803664863167796, 7039561.357068005017936 ], [ 256460.800474273244618, 7039561.357068005017936 ], [ 256460.800474273244618, 7039566.360258595086634 ], [ 256455.797283683292335, 7039566.360258595086634 ], [ 256455.797283683292335, 7039571.36344918422401 ], [ 256450.794093093340052, 7039571.36344918422401 ], [ 256450.794093093340052, 7039576.366639774292707 ], [ 256445.79090250338777, 7039576.366639774292707 ], [ 256445.79090250338777, 7039581.369830364361405 ], [ 256440.787711913435487, 7039581.369830364361405 ], [ 256440.787711913435487, 7039586.373020954430103 ], [ 256435.784521323512308, 7039586.373020954430103 ], [ 256435.784521323512308, 7039591.376211544498801 ], [ 256430.781330733560026, 7039591.376211544498801 ], [ 256430.781330733560026, 7039596.379402134567499 ], [ 256435.784521323512308, 7039596.379402134567499 ], [ 256435.784521323512308, 7039601.382592724636197 ], [ 256440.787711913435487, 7039601.382592724636197 ], [ 256440.787711913435487, 7039606.385783313773572 ], [ 256445.79090250338777, 7039606.385783313773572 ], [ 256445.79090250338777, 7039626.398545674048364 ], [ 256440.787711913435487, 7039626.398545674048364 ], [ 256440.787711913435487, 7039631.401736264117062 ], [ 256435.784521323512308, 7039631.401736264117062 ], [ 256435.784521323512308, 7039636.40492685418576 ], [ 256430.781330733560026, 7039636.40492685418576 ], [ 256430.781330733560026, 7039641.408117444254458 ], [ 256425.778140143607743, 7039641.408117444254458 ], [ 256425.778140143607743, 7039646.411308033391833 ], [ 256420.77494955365546, 7039646.411308033391833 ], [ 256420.77494955365546, 7039651.414498623460531 ], [ 256415.771758963703178, 7039651.414498623460531 ], [ 256415.771758963703178, 7039656.417689213529229 ], [ 256410.768568373750895, 7039656.417689213529229 ], [ 256410.768568373750895, 7039661.420879803597927 ], [ 256405.765377783827716, 7039661.420879803597927 ], [ 256405.765377783827716, 7039666.424070393666625 ], [ 256400.762187193875434, 7039666.424070393666625 ], [ 256400.762187193875434, 7039671.427260983735323 ], [ 256395.758996603923151, 7039671.427260983735323 ], [ 256395.758996603923151, 7039676.430451573804021 ], [ 256390.755806013970869, 7039676.430451573804021 ], [ 256390.755806013970869, 7039681.433642163872719 ], [ 256385.752615424018586, 7039681.433642163872719 ], [ 256385.752615424018586, 7039686.436832753010094 ], [ 256380.749424834095407, 7039686.436832753010094 ], [ 256380.749424834095407, 7039691.440023343078792 ], [ 256375.746234244143125, 7039691.440023343078792 ], [ 256375.746234244143125, 7039696.44321393314749 ], [ 256370.743043654190842, 7039696.44321393314749 ], [ 256370.743043654190842, 7039701.446404523216188 ], [ 256355.733471884333994, 7039701.446404523216188 ] ] ] } },
{ "type": "Feature", "properties": { "id": 20, "slope": 1 }, "geometry": { "type": "Polygon", "coordinates": [ [ [ 257601.527928781142691, 7039471.299637385644019 ], [ 257601.527928781142691, 7039466.296446795575321 ], [ 257596.524738191190409, 7039466.296446795575321 ], [ 257596.524738191190409, 7039461.293256205506623 ], [ 257591.52154760126723, 7039461.293256205506623 ], [ 257591.52154760126723, 7039456.290065615437925 ], [ 257586.518357011314947, 7039456.290065615437925 ], [ 257586.518357011314947, 7039451.28687502630055 ], [ 257581.515166421362665, 7039451.28687502630055 ], [ 257581.515166421362665, 7039446.283684436231852 ], [ 257576.511975831410382, 7039446.283684436231852 ], [ 257576.511975831410382, 7039441.280493846163154 ], [ 257571.508785241458099, 7039441.280493846163154 ], [ 257571.508785241458099, 7039436.277303256094456 ], [ 257566.505594651505817, 7039436.277303256094456 ], [ 257566.505594651505817, 7039431.274112666025758 ], [ 257561.502404061582638, 7039431.274112666025758 ], [ 257561.502404061582638, 7039426.27092207595706 ], [ 257556.499213471630355, 7039426.27092207595706 ], [ 257556.499213471630355, 7039421.267731485888362 ], [ 257551.496022881678073, 7039421.267731485888362 ], [ 257551.496022881678073, 7039416.264540895819664 ], [ 257546.49283229172579, 7039416.264540895819664 ], [ 257546.49283229172579, 7039411.261350306682289 ], [ 257541.489641701773508, 7039411.261350306682289 ], [ 257541.489641701773508, 7039406.258159716613591 ], [ 257536.486451111850329, 7039406.258159716613591 ], [ 257536.486451111850329, 7039401.254969126544893 ], [ 257531.483260521898046, 7039401.254969126544893 ], [ 257531.483260521898046, 7039396.251778536476195 ], [ 257526.480069931945764, 7039396.251778536476195 ], [ 257526.480069931945764, 7039381.242206766270101 ], [ 257531.483260521898046, 7039381.242206766270101 ], [ 257531.483260521898046, 7039376.239016177132726 ], [ 257536.486451111850329, 7039376.239016177132726 ], [ 257536.486451111850329, 7039371.235825587064028 ], [ 257541.489641701773508, 7039371.235825587064028 ], [ 257541.489641701773508, 7039366.23263499699533 ], [ 257546.49283229172579, 7039366.23263499699533 ], [ 257546.49283229172579, 7039361.229444406926632 ], [ 257551.496022881678073, 7039361.229444406926632 ], [ 257551.496022881678073, 7039356.226253816857934 ], [ 257556.499213471630355, 7039356.226253816857934 ], [ 257556.499213471630355, 7039351.223063226789236 ], [ 257561.502404061582638, 7039351.223063226789236 ], [ 257561.502404061582638, 7039346.219872636720538 ], [ 257566.505594651505817, 7039346.219872636720538 ], [ 257566.505594651505817, 7039341.21668204665184 ], [ 257571.508785241458099, 7039341.21668204665184 ], [ 257571.508785241458099, 7039336.213491457514465 ], [ 257576.511975831410382, 7039336.213491457514465 ], [ 257576.511975831410382, 7039331.210300867445767 ], [ 257581.515166421362665, 7039331.210300867445767 ], [ 257581.515166421362665, 7039326.207110277377069 ], [ 257586.518357011314947, 7039326.207110277377069 ], [ 257586.518357011314947, 7039321.203919687308371 ], [ 257591.52154760126723, 7039321.203919687308371 ], [ 257591.52154760126723, 7039316.200729097239673 ], [ 257596.524738191190409, 7039316.200729097239673 ], [ 257596.524738191190409, 7039311.197538507170975 ], [ 257601.527928781142691, 7039311.197538507170975 ], [ 257601.527928781142691, 7039306.194347917102277 ], [ 257616.537500550999539, 7039306.194347917102277 ], [ 257616.537500550999539, 7039311.197538507170975 ], [ 257621.540691140922718, 7039311.197538507170975 ], [ 257621.540691140922718, 7039316.200729097239673 ], [ 257626.543881730875, 7039316.200729097239673 ], [ 257626.543881730875, 7039321.203919687308371 ], [ 257631.547072320827283, 7039321.203919687308371 ], [ 257631.547072320827283, 7039316.200729097239673 ], [ 257636.550262910779566, 7039316.200729097239673 ], [ 257636.550262910779566, 7039311.197538507170975 ], [ 257641.553453500731848, 7039311.197538507170975 ], [ 257641.553453500731848, 7039306.194347917102277 ], [ 257646.556644090684131, 7039306.194347917102277 ], [ 257646.556644090684131, 7039301.191157327033579 ], [ 257651.55983468060731, 7039301.191157327033579 ], [ 257651.55983468060731, 7039296.187966737896204 ], [ 257656.563025270559592, 7039296.187966737896204 ], [ 257656.563025270559592, 7039291.184776147827506 ], [ 257661.566215860511875, 7039291.184776147827506 ], [ 257661.566215860511875, 7039286.181585557758808 ], [ 257666.569406450464157, 7039286.181585557758808 ], [ 257666.569406450464157, 7039281.17839496769011 ], [ 257671.57259704041644, 7039281.17839496769011 ], [ 257671.57259704041644, 7039276.175204377621412 ], [ 257676.575787630339619, 7039276.175204377621412 ], [ 257676.575787630339619, 7039271.172013787552714 ], [ 257691.585359400196467, 7039271.172013787552714 ], [ 257691.585359400196467, 7039276.175204377621412 ], [ 257696.588549990148749, 7039276.175204377621412 ], [ 257696.588549990148749, 7039281.17839496769011 ], [ 257701.591740580101032, 7039281.17839496769011 ], [ 257701.591740580101032, 7039286.181585557758808 ], [ 257706.594931170024211, 7039286.181585557758808 ], [ 257706.594931170024211, 7039291.184776147827506 ], [ 257711.598121759976493, 7039291.184776147827506 ], [ 257711.598121759976493, 7039296.187966737896204 ], [ 257716.601312349928776, 7039296.187966737896204 ], [ 257716.601312349928776, 7039301.191157327033579 ], [ 257721.604502939881058, 7039301.191157327033579 ], [ 257721.604502939881058, 7039306.194347917102277 ], [ 257726.607693529833341, 7039306.194347917102277 ], [ 257726.607693529833341, 7039311.197538507170975 ], [ 257731.61088411975652, 7039311.197538507170975 ], [ 257731.61088411975652, 7039316.200729097239673 ], [ 257736.614074709708802, 7039316.200729097239673 ], [ 257736.614074709708802, 7039321.203919687308371 ], [ 257741.617265299661085, 7039321.203919687308371 ], [ 257741.617265299661085, 7039326.207110277377069 ], [ 257746.620455889613368, 7039326.207110277377069 ], [ 257746.620455889613368, 7039331.210300867445767 ], [ 257751.62364647956565, 7039331.210300867445767 ], [ 257751.62364647956565, 7039336.213491457514465 ], [ 257756.626837069517933, 7039336.213491457514465 ], [ 257756.626837069517933, 7039341.21668204665184 ], [ 257761.630027659441112, 7039341.21668204665184 ], [ 257761.630027659441112, 7039346.219872636720538 ], [ 257766.633218249393394, 7039346.219872636720538 ], [ 257766.633218249393394, 7039361.229444406926632 ], [ 257761.630027659441112, 7039361.229444406926632 ], [ 257761.630027659441112, 7039366.23263499699533 ], [ 257756.626837069517933, 7039366.23263499699533 ], [ 257756.626837069517933, 7039371.235825587064028 ], [ 257751.62364647956565, 7039371.235825587064028 ], [ 257751.62364647956565, 7039376.239016177132726 ], [ 257746.620455889613368, 7039376.239016177132726 ], [ 257746.620455889613368, 7039381.242206766270101 ], [ 257741.617265299661085, 7039381.242206766270101 ], [ 257741.617265299661085, 7039386.245397356338799 ], [ 257736.614074709708802, 7039386.245397356338799 ], [ 257736.614074709708802, 7039391.248587946407497 ], [ 257731.61088411975652, 7039391.248587946407497 ], [ 257731.61088411975652, 7039396.251778536476195 ], [ 257726.607693529833341, 7039396.251778536476195 ], [ 257726.607693529833341, 7039401.254969126544893 ], [ 257721.604502939881058, 7039401.254969126544893 ], [ 257721.604502939881058, 7039406.258159716613591 ], [ 257716.601312349928776, 7039406.258159716613591 ], [ 257716.601312349928776, 7039411.261350306682289 ], [ 257711.598121759976493, 7039411.261350306682289 ], [ 257711.598121759976493, 7039416.264540895819664 ], [ 257706.594931170024211, 7039416.264540895819664 ], [ 257706.594931170024211, 7039421.267731485888362 ], [ 257701.591740580101032, 7039421.267731485888362 ], [ 257701.591740580101032, 7039426.27092207595706 ], [ 257696.588549990148749, 7039426.27092207595706 ], [ 257696.588549990148749, 7039431.274112666025758 ], [ 257691.585359400196467, 7039431.274112666025758 ], [ 257691.585359400196467, 7039436.277303256094456 ], [ 257676.575787630339619, 7039436.277303256094456 ], [ 257676.575787630339619, 7039431.274112666025758 ], [ 257671.57259704041644, 7039431.274112666025758 ], [ 257671.57259704041644, 7039426.27092207595706 ], [ 257666.569406450464157, 7039426.27092207595706 ], [ 257666.569406450464157, 7039421.267731485888362 ], [ 257661.566215860511875, 7039421.267731485888362 ], [ 257661.566215860511875, 7039426.27092207595706 ], [ 257656.563025270559592, 7039426.27092207595706 ], [ 257656.563025270559592, 7039431.274112666025758 ], [ 257651.55983468060731, 7039431.274112666025758 ], [ 257651.55983468060731, 7039436.277303256094456 ], [ 257646.556644090684131, 7039436.277303256094456 ], [ 257646.556644090684131, 7039441.280493846163154 ], [ 257641.553453500731848, 7039441.280493846163154 ], [ 257641.553453500731848, 7039446.283684436231852 ], [ 257636.550262910779566, 7039446.283684436231852 ], [ 257636.550262910779566, 7039451.28687502630055 ], [ 257631.547072320827283, 7039451.28687502630055 ], [ 257631.547072320827283, 7039456.290065615437925 ], [ 257626.543881730875, 7039456.290065615437925 ], [ 257626.543881730875, 7039461.293256205506623 ], [ 257621.540691140922718, 7039461.293256205506623 ], [ 257621.540691140922718, 7039466.296446795575321 ], [ 257616.537500550999539, 7039466.296446795575321 ], [ 257616.537500550999539, 7039471.299637385644019 ], [ 257601.527928781142691, 7039471.299637385644019 ] ] ] } },
{ "type": "Feature", "properties": { "id": 89, "slope": 1 }, "geometry": { "type": "Polygon", "coordinates": [ [ [ 258352.006517273199279, 7035418.715259528718889 ], [ 258352.006517273199279, 7035413.712068938650191 ], [ 258347.003326683246996, 7035413.712068938650191 ], [ 258347.003326683246996, 7035408.708878348581493 ], [ 258336.996945503342431, 7035408.708878348581493 ], [ 258336.996945503342431, 7035403.705687758512795 ], [ 258331.993754913419252, 7035403.705687758512795 ], [ 258331.993754913419252, 7035393.699306579306722 ], [ 258326.99056432346697, 7035393.699306579306722 ], [ 258326.99056432346697, 7035363.680163038894534 ], [ 258331.993754913419252, 7035363.680163038894534 ], [ 258331.993754913419252, 7035353.673781859688461 ], [ 258336.996945503342431, 7035353.673781859688461 ], [ 258336.996945503342431, 7035348.670591269619763 ], [ 258331.993754913419252, 7035348.670591269619763 ], [ 258331.993754913419252, 7035343.667400679551065 ], [ 258326.99056432346697, 7035343.667400679551065 ], [ 258326.99056432346697, 7035338.664210089482367 ], [ 258321.987373733514687, 7035338.664210089482367 ], [ 258321.987373733514687, 7035333.661019499413669 ], [ 258316.984183143562404, 7035333.661019499413669 ], [ 258316.984183143562404, 7035328.657828909344971 ], [ 258311.980992553610122, 7035328.657828909344971 ], [ 258311.980992553610122, 7035323.654638319276273 ], [ 258301.97461137373466, 7035323.654638319276273 ], [ 258301.97461137373466, 7035328.657828909344971 ], [ 258296.971420783782378, 7035328.657828909344971 ], [ 258296.971420783782378, 7035333.661019499413669 ], [ 258291.968230193830095, 7035333.661019499413669 ], [ 258291.968230193830095, 7035338.664210089482367 ], [ 258281.96184901392553, 7035338.664210089482367 ], [ 258281.96184901392553, 7035343.667400679551065 ], [ 258266.952277244097786, 7035343.667400679551065 ], [ 258266.952277244097786, 7035348.670591269619763 ], [ 258231.929943114460912, 7035348.670591269619763 ], [ 258231.929943114460912, 7035343.667400679551065 ], [ 258226.926752524508629, 7035343.667400679551065 ], [ 258226.926752524508629, 7035338.664210089482367 ], [ 258221.92356193458545, 7035338.664210089482367 ], [ 258221.92356193458545, 7035333.661019499413669 ], [ 258216.920371344633168, 7035333.661019499413669 ], [ 258216.920371344633168, 7035318.651447729207575 ], [ 258211.917180754680885, 7035318.651447729207575 ], [ 258211.917180754680885, 7035303.641875959932804 ], [ 258216.920371344633168, 7035303.641875959932804 ], [ 258216.920371344633168, 7035288.63230418972671 ], [ 258221.92356193458545, 7035288.63230418972671 ], [ 258221.92356193458545, 7035273.622732420451939 ], [ 258226.926752524508629, 7035273.622732420451939 ], [ 258226.926752524508629, 7035263.616351240314543 ], [ 258231.929943114460912, 7035263.616351240314543 ], [ 258231.929943114460912, 7035248.606779470108449 ], [ 258236.933133704413194, 7035248.606779470108449 ], [ 258236.933133704413194, 7035233.597207700833678 ], [ 258241.936324294365477, 7035233.597207700833678 ], [ 258241.936324294365477, 7035228.59401711076498 ], [ 258236.933133704413194, 7035228.59401711076498 ], [ 258236.933133704413194, 7035223.590826520696282 ], [ 258241.936324294365477, 7035223.590826520696282 ], [ 258241.936324294365477, 7035213.584445340558887 ], [ 258246.939514884317759, 7035213.584445340558887 ], [ 258246.939514884317759, 7035203.578064160421491 ], [ 258251.942705474270042, 7035203.578064160421491 ], [ 258251.942705474270042, 7035188.568492391146719 ], [ 258256.945896064193221, 7035188.568492391146719 ], [ 258256.945896064193221, 7035178.562111211009324 ], [ 258261.949086654145503, 7035178.562111211009324 ], [ 258261.949086654145503, 7035168.555730030871928 ], [ 258266.952277244097786, 7035168.555730030871928 ], [ 258266.952277244097786, 7035163.552539441734552 ], [ 258271.955467834050069, 7035163.552539441734552 ], [ 258271.955467834050069, 7035153.546158261597157 ], [ 258296.971420783782378, 7035153.546158261597157 ], [ 258296.971420783782378, 7035158.549348851665854 ], [ 258301.97461137373466, 7035158.549348851665854 ], [ 258301.97461137373466, 7035168.555730030871928 ], [ 258306.977801963686943, 7035168.555730030871928 ], [ 258306.977801963686943, 7035178.562111211009324 ], [ 258311.980992553610122, 7035178.562111211009324 ], [ 258311.980992553610122, 7035188.568492391146719 ], [ 258316.984183143562404, 7035188.568492391146719 ], [ 258316.984183143562404, 7035198.574873571284115 ], [ 258321.987373733514687, 7035198.574873571284115 ], [ 258321.987373733514687, 7035203.578064160421491 ], [ 258326.99056432346697, 7035203.578064160421491 ], [ 258326.99056432346697, 7035208.581254750490189 ], [ 258342.000136093294714, 7035208.581254750490189 ], [ 258342.000136093294714, 7035203.578064160421491 ], [ 258347.003326683246996, 7035203.578064160421491 ], [ 258347.003326683246996, 7035198.574873571284115 ], [ 258352.006517273199279, 7035198.574873571284115 ], [ 258352.006517273199279, 7035193.571682981215417 ], [ 258357.009707863151561, 7035193.571682981215417 ], [ 258357.009707863151561, 7035158.549348851665854 ], [ 258362.012898453103844, 7035158.549348851665854 ], [ 258362.012898453103844, 7035148.542967671528459 ], [ 258367.016089043027023, 7035148.542967671528459 ], [ 258367.016089043027023, 7035138.536586491391063 ], [ 258372.019279632979305, 7035138.536586491391063 ], [ 258372.019279632979305, 7035133.533395901322365 ], [ 258392.032041992759332, 7035133.533395901322365 ], [ 258392.032041992759332, 7035128.530205311253667 ], [ 258422.051185532443924, 7035128.530205311253667 ], [ 258422.051185532443924, 7035133.533395901322365 ], [ 258432.057566712348489, 7035133.533395901322365 ], [ 258432.057566712348489, 7035138.536586491391063 ], [ 258437.060757302300772, 7035138.536586491391063 ], [ 258437.060757302300772, 7035143.539777081459761 ], [ 258447.067138482176233, 7035143.539777081459761 ], [ 258447.067138482176233, 7035148.542967671528459 ], [ 258457.073519662080798, 7035148.542967671528459 ], [ 258457.073519662080798, 7035153.546158261597157 ], [ 258472.083091431937646, 7035153.546158261597157 ], [ 258472.083091431937646, 7035158.549348851665854 ], [ 258482.089472611813108, 7035158.549348851665854 ], [ 258482.089472611813108, 7035163.552539441734552 ], [ 258487.09266320176539, 7035163.552539441734552 ], [ 258487.09266320176539, 7035168.555730030871928 ], [ 258492.095853791717673, 7035168.555730030871928 ], [ 258492.095853791717673, 7035178.562111211009324 ], [ 258497.099044381669955, 7035178.562111211009324 ], [ 258497.099044381669955, 7035188.568492391146719 ], [ 258502.102234971593134, 7035188.568492391146719 ], [ 258502.102234971593134, 7035198.574873571284115 ], [ 258507.105425561545417, 7035198.574873571284115 ], [ 258507.105425561545417, 7035208.581254750490189 ], [ 258512.108616151497699, 7035208.581254750490189 ], [ 258512.108616151497699, 7035213.584445340558887 ], [ 258517.111806741449982, 7035213.584445340558887 ], [ 258517.111806741449982, 7035228.59401711076498 ], [ 258522.114997331402265, 7035228.59401711076498 ], [ 258522.114997331402265, 7035243.603588880039752 ], [ 258517.111806741449982, 7035243.603588880039752 ], [ 258517.111806741449982, 7035248.606779470108449 ], [ 258507.105425561545417, 7035248.606779470108449 ], [ 258507.105425561545417, 7035258.613160650245845 ], [ 258512.108616151497699, 7035258.613160650245845 ], [ 258512.108616151497699, 7035323.654638319276273 ], [ 258507.105425561545417, 7035323.654638319276273 ], [ 258507.105425561545417, 7035343.667400679551065 ], [ 258502.102234971593134, 7035343.667400679551065 ], [ 258502.102234971593134, 7035353.673781859688461 ], [ 258492.095853791717673, 7035353.673781859688461 ], [ 258492.095853791717673, 7035358.676972448825836 ], [ 258482.089472611813108, 7035358.676972448825836 ], [ 258482.089472611813108, 7035363.680163038894534 ], [ 258467.079900841985364, 7035363.680163038894534 ], [ 258467.079900841985364, 7035368.683353628963232 ], [ 258452.070329072128516, 7035368.683353628963232 ], [ 258452.070329072128516, 7035378.689734809100628 ], [ 258457.073519662080798, 7035378.689734809100628 ], [ 258457.073519662080798, 7035388.696115989238024 ], [ 258462.076710252033081, 7035388.696115989238024 ], [ 258462.076710252033081, 7035393.699306579306722 ], [ 258467.079900841985364, 7035393.699306579306722 ], [ 258467.079900841985364, 7035398.702497168444097 ], [ 258462.076710252033081, 7035398.702497168444097 ], [ 258462.076710252033081, 7035408.708878348581493 ], [ 258457.073519662080798, 7035408.708878348581493 ], [ 258457.073519662080798, 7035413.712068938650191 ], [ 258447.067138482176233, 7035413.712068938650191 ], [ 258447.067138482176233, 7035418.715259528718889 ], [ 258352.006517273199279, 7035418.715259528718889 ] ] ] } },
{ "type": "Feature", "properties": { "id": 108, "slope": 1 }, "geometry": { "type": "Polygon", "coordinates": [ [ [ 258717.239430339337559, 7043338.765963414683938 ], [ 258717.239430339337559, 7043328.759582234546542 ], [ 258712.236239749385277, 7043328.759582234546542 ], [ 258712.236239749385277, 7043323.756391644477844 ], [ 258707.233049159432994, 7043323.756391644477844 ], [ 258707.233049159432994, 7043318.753201055340469 ], [ 258702.229858569480712, 7043318.753201055340469 ], [ 258702.229858569480712, 7043313.750010465271771 ], [ 258697.226667979528429, 7043313.750010465271771 ], [ 258697.226667979528429, 7043308.746819875203073 ], [ 258702.229858569480712, 7043308.746819875203073 ], [ 258702.229858569480712, 7043298.740438695065677 ], [ 258697.226667979528429, 7043298.740438695065677 ], [ 258697.226667979528429, 7043288.734057514928281 ], [ 258687.220286799652968, 7043288.734057514928281 ], [ 258687.220286799652968, 7043278.727676335722208 ], [ 258677.213905619748402, 7043278.727676335722208 ], [ 258677.213905619748402, 7043273.72448574565351 ], [ 258642.191571490111528, 7043273.72448574565351 ], [ 258642.191571490111528, 7043268.721295155584812 ], [ 258637.188380900188349, 7043268.721295155584812 ], [ 258637.188380900188349, 7043263.718104565516114 ], [ 258632.185190310236067, 7043263.718104565516114 ], [ 258632.185190310236067, 7043258.714913975447416 ], [ 258627.181999720283784, 7043258.714913975447416 ], [ 258627.181999720283784, 7043253.711723385378718 ], [ 258622.178809130331501, 7043253.711723385378718 ], [ 258622.178809130331501, 7043248.70853279531002 ], [ 258617.175618540379219, 7043248.70853279531002 ], [ 258617.175618540379219, 7043243.705342205241323 ], [ 258612.172427950426936, 7043243.705342205241323 ], [ 258612.172427950426936, 7043238.702151616103947 ], [ 258607.169237360503757, 7043238.702151616103947 ], [ 258607.169237360503757, 7043233.698961026035249 ], [ 258602.166046770551475, 7043233.698961026035249 ], [ 258602.166046770551475, 7043223.692579845897853 ], [ 258597.162856180599192, 7043223.692579845897853 ], [ 258597.162856180599192, 7043218.689389255829155 ], [ 258592.15966559064691, 7043218.689389255829155 ], [ 258592.15966559064691, 7043208.68300807569176 ], [ 258582.153284410771448, 7043208.68300807569176 ], [ 258582.153284410771448, 7043203.679817486554384 ], [ 258572.146903230866883, 7043203.679817486554384 ], [ 258572.146903230866883, 7043198.676626896485686 ], [ 258567.1437126409146, 7043198.676626896485686 ], [ 258567.1437126409146, 7043193.673436306416988 ], [ 258562.140522050962318, 7043193.673436306416988 ], [ 258562.140522050962318, 7043188.67024571634829 ], [ 258557.137331461010035, 7043188.67024571634829 ], [ 258557.137331461010035, 7043173.660673946142197 ], [ 258552.134140871086856, 7043173.660673946142197 ], [ 258552.134140871086856, 7043178.663864536210895 ], [ 258537.124569101230009, 7043178.663864536210895 ], [ 258537.124569101230009, 7043173.660673946142197 ], [ 258532.121378511277726, 7043173.660673946142197 ], [ 258532.121378511277726, 7043168.657483356073499 ], [ 258522.114997331402265, 7043168.657483356073499 ], [ 258522.114997331402265, 7043163.654292766936123 ], [ 258517.111806741449982, 7043163.654292766936123 ], [ 258517.111806741449982, 7043158.651102176867425 ], [ 258512.108616151497699, 7043158.651102176867425 ], [ 258512.108616151497699, 7043153.647911586798728 ], [ 258502.102234971593134, 7043153.647911586798728 ], [ 258502.102234971593134, 7043148.64472099673003 ], [ 258497.099044381669955, 7043148.64472099673003 ], [ 258497.099044381669955, 7043143.641530406661332 ], [ 258492.095853791717673, 7043143.641530406661332 ], [ 258492.095853791717673, 7043138.638339816592634 ], [ 258482.089472611813108, 7043138.638339816592634 ], [ 258482.089472611813108, 7043133.635149226523936 ], [ 258477.086282021860825, 7043133.635149226523936 ], [ 258477.086282021860825, 7043128.631958636455238 ], [ 258447.067138482176233, 7043128.631958636455238 ], [ 258447.067138482176233, 7043123.628768047317863 ], [ 258442.063947892253054, 7043123.628768047317863 ], [ 258442.063947892253054, 7043118.625577457249165 ], [ 258432.057566712348489, 7043118.625577457249165 ], [ 258432.057566712348489, 7043123.628768047317863 ], [ 258427.054376122396206, 7043123.628768047317863 ], [ 258427.054376122396206, 7043128.631958636455238 ], [ 258422.051185532443924, 7043128.631958636455238 ], [ 258422.051185532443924, 7043133.635149226523936 ], [ 258417.047994942520745, 7043133.635149226523936 ], [ 258417.047994942520745, 7043138.638339816592634 ], [ 258402.038423172663897, 7043138.638339816592634 ], [ 258402.038423172663897, 7043133.635149226523936 ], [ 258397.035232582711615, 7043133.635149226523936 ], [ 258397.035232582711615, 7043128.631958636455238 ], [ 258392.032041992759332, 7043128.631958636455238 ], [ 258392.032041992759332, 7043123.628768047317863 ], [ 258387.028851402836153, 7043123.628768047317863 ], [ 258387.028851402836153, 7043118.625577457249165 ], [ 258382.025660812883871, 7043118.625577457249165 ], [ 258382.025660812883871, 7043113.622386867180467 ], [ 258372.019279632979305, 7043113.622386867180467 ], [ 258372.019279632979305, 7043118.625577457249165 ], [ 258367.016089043027023, 7043118.625577457249165 ], [ 258367.016089043027023, 7043123.628768047317863 ], [ 258362.012898453103844, 7043123.628768047317863 ], [ 258362.012898453103844, 7043128.631958636455238 ], [ 258357.009707863151561, 7043128.631958636455238 ], [ 258357.009707863151561, 7043133.635149226523936 ], [ 258352.006517273199279, 7043133.635149226523936 ], [ 258352.006517273199279, 7043138.638339816592634 ], [ 258336.996945503342431, 7043138.638339816592634 ], [ 258336.996945503342431, 7043133.635149226523936 ], [ 258331.993754913419252, 7043133.635149226523936 ], [ 258331.993754913419252, 7043128.631958636455238 ], [ 258326.99056432346697, 7043128.631958636455238 ], [ 258326.99056432346697, 7043123.628768047317863 ], [ 258321.987373733514687, 7043123.628768047317863 ], [ 258321.987373733514687, 7043118.625577457249165 ], [ 258316.984183143562404, 7043118.625577457249165 ], [ 258316.984183143562404, 7043113.622386867180467 ], [ 258311.980992553610122, 7043113.622386867180467 ], [ 258311.980992553610122, 7043108.619196277111769 ], [ 258306.977801963686943, 7043108.619196277111769 ], [ 258306.977801963686943, 7043103.616005687043071 ], [ 258301.97461137373466, 7043103.616005687043071 ], [ 258301.97461137373466, 7043098.612815096974373 ], [ 258296.971420783782378, 7043098.612815096974373 ], [ 258296.971420783782378, 7043093.609624506905675 ], [ 258291.968230193830095, 7043093.609624506905675 ], [ 258291.968230193830095, 7043088.6064339177683 ], [ 258286.965039603877813, 7043088.6064339177683 ], [ 258286.965039603877813, 7043083.603243327699602 ], [ 258281.96184901392553, 7043083.603243327699602 ], [ 258281.96184901392553, 7043078.600052737630904 ], [ 258276.958658424002351, 7043078.600052737630904 ], [ 258276.958658424002351, 7043073.596862147562206 ], [ 258271.955467834050069, 7043073.596862147562206 ], [ 258271.955467834050069, 7043068.593671557493508 ], [ 258266.952277244097786, 7043068.593671557493508 ], [ 258266.952277244097786, 7043063.59048096742481 ], [ 258261.949086654145503, 7043063.59048096742481 ], [ 258261.949086654145503, 7043043.577718608081341 ], [ 258256.945896064193221, 7043043.577718608081341 ], [ 258256.945896064193221, 7043038.574528018012643 ], [ 258251.942705474270042, 7043038.574528018012643 ], [ 258251.942705474270042, 7043033.571337427943945 ], [ 258246.939514884317759, 7043033.571337427943945 ], [ 258246.939514884317759, 7043028.568146837875247 ], [ 258241.936324294365477, 7043028.568146837875247 ], [ 258241.936324294365477, 7043023.564956247806549 ], [ 258236.933133704413194, 7043023.564956247806549 ], [ 258236.933133704413194, 7043018.561765657737851 ], [ 258231.929943114460912, 7043018.561765657737851 ], [ 258231.929943114460912, 7043008.555384478531778 ], [ 258226.926752524508629, 7043008.555384478531778 ], [ 258226.926752524508629, 7043003.55219388846308 ], [ 258221.92356193458545, 7043003.55219388846308 ], [ 258221.92356193458545, 7042998.549003298394382 ], [ 258216.920371344633168, 7042998.549003298394382 ], [ 258216.920371344633168, 7042993.545812708325684 ], [ 258211.917180754680885, 7042993.545812708325684 ], [ 258211.917180754680885, 7042988.542622118256986 ], [ 258206.913990164728602, 7042988.542622118256986 ], [ 258206.913990164728602, 7042983.539431528188288 ], [ 258201.91079957477632, 7042983.539431528188288 ], [ 258201.91079957477632, 7042978.53624093811959 ], [ 258196.907608984853141, 7042978.53624093811959 ], [ 258196.907608984853141, 7042973.533050348982215 ], [ 258191.904418394900858, 7042973.533050348982215 ], [ 258191.904418394900858, 7042968.529859758913517 ], [ 258186.901227804948576, 7042968.529859758913517 ], [ 258186.901227804948576, 7042958.523478578776121 ], [ 258181.898037214996293, 7042958.523478578776121 ], [ 258181.898037214996293, 7042953.520287988707423 ], [ 258186.901227804948576, 7042953.520287988707423 ], [ 258186.901227804948576, 7042943.513906808570027 ], [ 258191.904418394900858, 7042943.513906808570027 ], [ 258191.904418394900858, 7042938.510716218501329 ], [ 258196.907608984853141, 7042938.510716218501329 ], [ 258196.907608984853141, 7042933.507525629363954 ], [ 258201.91079957477632, 7042933.507525629363954 ], [ 258201.91079957477632, 7042928.504335039295256 ], [ 258206.913990164728602, 7042928.504335039295256 ], [ 258206.913990164728602, 7042923.501144449226558 ], [ 258211.917180754680885, 7042923.501144449226558 ], [ 258211.917180754680885, 7042913.494763269089162 ], [ 258206.913990164728602, 7042913.494763269089162 ], [ 258206.913990164728602, 7042908.491572679020464 ], [ 258201.91079957477632, 7042908.491572679020464 ], [ 258201.91079957477632, 7042903.488382088951766 ], [ 258196.907608984853141, 7042903.488382088951766 ], [ 258196.907608984853141, 7042898.485191499814391 ], [ 258191.904418394900858, 7042898.485191499814391 ], [ 258191.904418394900858, 7042893.482000909745693 ], [ 258186.901227804948576, 7042893.482000909745693 ], [ 258186.901227804948576, 7042888.478810319676995 ], [ 258181.898037214996293, 7042888.478810319676995 ], [ 258181.898037214996293, 7042868.466047959402204 ], [ 258186.901227804948576, 7042868.466047959402204 ], [ 258186.901227804948576, 7042863.462857369333506 ], [ 258191.904418394900858, 7042863.462857369333506 ], [ 258191.904418394900858, 7042858.45966678019613 ], [ 258196.907608984853141, 7042858.45966678019613 ], [ 258196.907608984853141, 7042853.456476190127432 ], [ 258201.91079957477632, 7042853.456476190127432 ], [ 258201.91079957477632, 7042843.450095009990036 ], [ 258196.907608984853141, 7042843.450095009990036 ], [ 258196.907608984853141, 7042838.446904419921339 ], [ 258191.904418394900858, 7042838.446904419921339 ], [ 258191.904418394900858, 7042818.434142060577869 ], [ 258196.907608984853141, 7042818.434142060577869 ], [ 258196.907608984853141, 7042813.430951470509171 ], [ 258201.91079957477632, 7042813.430951470509171 ], [ 258201.91079957477632, 7042808.427760880440474 ], [ 258206.913990164728602, 7042808.427760880440474 ], [ 258206.913990164728602, 7042803.424570290371776 ], [ 258211.917180754680885, 7042803.424570290371776 ], [ 258211.917180754680885, 7042798.421379700303078 ], [ 258216.920371344633168, 7042798.421379700303078 ], [ 258216.920371344633168, 7042793.41818911023438 ], [ 258221.92356193458545, 7042793.41818911023438 ], [ 258221.92356193458545, 7042788.414998520165682 ], [ 258226.926752524508629, 7042788.414998520165682 ], [ 258226.926752524508629, 7042783.411807931028306 ], [ 258231.929943114460912, 7042783.411807931028306 ], [ 258231.929943114460912, 7042778.408617340959609 ], [ 258226.926752524508629, 7042778.408617340959609 ], [ 258226.926752524508629, 7042773.405426750890911 ], [ 258221.92356193458545, 7042773.405426750890911 ], [ 258221.92356193458545, 7042768.402236160822213 ], [ 258216.920371344633168, 7042768.402236160822213 ], [ 258216.920371344633168, 7042763.399045570753515 ], [ 258211.917180754680885, 7042763.399045570753515 ], [ 258211.917180754680885, 7042748.389473800547421 ], [ 258206.913990164728602, 7042748.389473800547421 ], [ 258206.913990164728602, 7042753.392664390616119 ], [ 258201.91079957477632, 7042753.392664390616119 ], [ 258201.91079957477632, 7042758.395854980684817 ], [ 258196.907608984853141, 7042758.395854980684817 ], [ 258196.907608984853141, 7042763.399045570753515 ], [ 258191.904418394900858, 7042763.399045570753515 ], [ 258191.904418394900858, 7042768.402236160822213 ], [ 258186.901227804948576, 7042768.402236160822213 ], [ 258186.901227804948576, 7042773.405426750890911 ], [ 258181.898037214996293, 7042773.405426750890911 ], [ 258181.898037214996293, 7042778.408617340959609 ], [ 258166.888465445168549, 7042778.408617340959609 ], [ 258166.888465445168549, 7042773.405426750890911 ], [ 258161.885274855216267, 7042773.405426750890911 ], [ 258161.885274855216267, 7042768.402236160822213 ], [ 258156.882084265263984, 7042768.402236160822213 ], [ 258156.882084265263984, 7042763.399045570753515 ], [ 258151.878893675311701, 7042763.399045570753515 ], [ 258151.878893675311701, 7042758.395854980684817 ], [ 258146.875703085359419, 7042758.395854980684817 ], [ 258146.875703085359419, 7042753.392664390616119 ], [ 258141.87251249543624, 7042753.392664390616119 ], [ 258141.87251249543624, 7042758.395854980684817 ], [ 258136.869321905483957, 7042758.395854980684817 ], [ 258136.869321905483957, 7042763.399045570753515 ], [ 258131.866131315531675, 7042763.399045570753515 ], [ 258131.866131315531675, 7042768.402236160822213 ], [ 258111.853368955751648, 7042768.402236160822213 ], [ 258111.853368955751648, 7042763.399045570753515 ], [ 258106.850178365799366, 7042763.399045570753515 ], [ 258106.850178365799366, 7042758.395854980684817 ], [ 258101.846987775847083, 7042758.395854980684817 ], [ 258101.846987775847083, 7042763.399045570753515 ], [ 258096.8437971858948, 7042763.399045570753515 ], [ 258096.8437971858948, 7042768.402236160822213 ], [ 258091.840606595942518, 7042768.402236160822213 ], [ 258091.840606595942518, 7042773.405426750890911 ], [ 258086.837416006019339, 7042773.405426750890911 ], [ 258086.837416006019339, 7042778.408617340959609 ], [ 258081.834225416067056, 7042778.408617340959609 ], [ 258081.834225416067056, 7042783.411807931028306 ], [ 258076.831034826114774, 7042783.411807931028306 ], [ 258076.831034826114774, 7042788.414998520165682 ], [ 258051.815081876382465, 7042788.414998520165682 ], [ 258051.815081876382465, 7042783.411807931028306 ], [ 258046.811891286430182, 7042783.411807931028306 ], [ 258046.811891286430182, 7042778.408617340959609 ], [ 258041.808700696477899, 7042778.408617340959609 ], [ 258041.808700696477899, 7042773.405426750890911 ], [ 258036.805510106525617, 7042773.405426750890911 ], [ 258036.805510106525617, 7042768.402236160822213 ], [ 258031.802319516602438, 7042768.402236160822213 ], [ 258031.802319516602438, 7042763.399045570753515 ], [ 258026.799128926650155, 7042763.399045570753515 ], [ 258026.799128926650155, 7042758.395854980684817 ], [ 258021.795938336697873, 7042758.395854980684817 ], [ 258021.795938336697873, 7042753.392664390616119 ], [ 258016.79274774674559, 7042753.392664390616119 ], [ 258016.79274774674559, 7042748.389473800547421 ], [ 258011.789557156793308, 7042748.389473800547421 ], [ 258011.789557156793308, 7042743.386283211410046 ], [ 258006.786366566841025, 7042743.386283211410046 ], [ 258006.786366566841025, 7042738.383092621341348 ], [ 258001.783175976917846, 7042738.383092621341348 ], [ 258001.783175976917846, 7042733.37990203127265 ], [ 257996.779985386965564, 7042733.37990203127265 ], [ 257996.779985386965564, 7042728.376711441203952 ], [ 257991.776794797013281, 7042728.376711441203952 ], [ 257991.776794797013281, 7042723.373520851135254 ], [ 257986.773604207060998, 7042723.373520851135254 ], [ 257986.773604207060998, 7042718.370330261066556 ], [ 257981.770413617108716, 7042718.370330261066556 ], [ 257981.770413617108716, 7042698.357567901723087 ], [ 257986.773604207060998, 7042698.357567901723087 ], [ 257986.773604207060998, 7042693.354377311654389 ], [ 257991.776794797013281, 7042693.354377311654389 ], [ 257991.776794797013281, 7042688.351186721585691 ], [ 257996.779985386965564, 7042688.351186721585691 ], [ 257996.779985386965564, 7042683.347996131516993 ], [ 258001.783175976917846, 7042683.347996131516993 ], [ 258001.783175976917846, 7042678.344805541448295 ], [ 258006.786366566841025, 7042678.344805541448295 ], [ 258006.786366566841025, 7042673.341614951379597 ], [ 258011.789557156793308, 7042673.341614951379597 ], [ 258011.789557156793308, 7042668.338424362242222 ], [ 258016.79274774674559, 7042668.338424362242222 ], [ 258016.79274774674559, 7042663.335233772173524 ], [ 258011.789557156793308, 7042663.335233772173524 ], [ 258011.789557156793308, 7042658.332043182104826 ], [ 258006.786366566841025, 7042658.332043182104826 ], [ 258006.786366566841025, 7042653.328852592036128 ], [ 258001.783175976917846, 7042653.328852592036128 ], [ 258001.783175976917846, 7042648.32566200196743 ], [ 257996.779985386965564, 7042648.32566200196743 ], [ 257996.779985386965564, 7042643.322471411898732 ], [ 257991.776794797013281, 7042643.322471411898732 ], [ 257991.776794797013281, 7042633.316090231761336 ], [ 257986.773604207060998, 7042633.316090231761336 ], [ 257986.773604207060998, 7042628.312899642623961 ], [ 257981.770413617108716, 7042628.312899642623961 ], [ 257981.770413617108716, 7042623.309709052555263 ], [ 257976.767223027185537, 7042623.309709052555263 ], [ 257976.767223027185537, 7042618.306518462486565 ], [ 257971.764032437233254, 7042618.306518462486565 ], [ 257971.764032437233254, 7042613.303327872417867 ], [ 257966.760841847280972, 7042613.303327872417867 ], [ 257966.760841847280972, 7042608.300137282349169 ], [ 257961.757651257328689, 7042608.300137282349169 ], [ 257961.757651257328689, 7042603.296946692280471 ], [ 257956.754460667376406, 7042603.296946692280471 ], [ 257956.754460667376406, 7042598.293756102211773 ], [ 257951.751270077424124, 7042598.293756102211773 ], [ 257951.751270077424124, 7042593.290565512143075 ], [ 257926.735317127691815, 7042593.290565512143075 ], [ 257926.735317127691815, 7042588.2873749230057 ], [ 257921.732126537768636, 7042588.2873749230057 ], [ 257921.732126537768636, 7042583.284184332937002 ], [ 257916.728935947816353, 7042583.284184332937002 ], [ 257916.728935947816353, 7042578.280993742868304 ], [ 257911.725745357864071, 7042578.280993742868304 ], [ 257911.725745357864071, 7042573.277803152799606 ], [ 257906.722554767911788, 7042573.277803152799606 ], [ 257906.722554767911788, 7042568.274612562730908 ], [ 257901.719364177959505, 7042568.274612562730908 ], [ 257901.719364177959505, 7042563.27142197266221 ], [ 257896.716173588007223, 7042563.27142197266221 ], [ 257896.716173588007223, 7042558.268231382593513 ], [ 257891.712982998084044, 7042558.268231382593513 ], [ 257891.712982998084044, 7042553.265040793456137 ], [ 257886.709792408131761, 7042553.265040793456137 ], [ 257886.709792408131761, 7042548.261850203387439 ], [ 257881.706601818179479, 7042548.261850203387439 ], [ 257881.706601818179479, 7042543.258659613318741 ], [ 257876.703411228227196, 7042543.258659613318741 ], [ 257876.703411228227196, 7042538.255469023250043 ], [ 257871.700220638274914, 7042538.255469023250043 ], [ 257871.700220638274914, 7042533.252278433181345 ], [ 257866.697030048351735, 7042533.252278433181345 ], [ 257866.697030048351735, 7042528.249087843112648 ], [ 257861.693839458399452, 7042528.249087843112648 ], [ 257861.693839458399452, 7042523.24589725304395 ], [ 257856.69064886844717, 7042523.24589725304395 ], [ 257856.69064886844717, 7042518.242706662975252 ], [ 257851.687458278494887, 7042518.242706662975252 ], [ 257851.687458278494887, 7042508.236325483769178 ], [ 257856.69064886844717, 7042508.236325483769178 ], [ 257856.69064886844717, 7042503.23313489370048 ], [ 257851.687458278494887, 7042503.23313489370048 ], [ 257851.687458278494887, 7042473.213991354219615 ], [ 257856.69064886844717, 7042473.213991354219615 ], [ 257856.69064886844717, 7042468.210800764150918 ], [ 257861.693839458399452, 7042468.210800764150918 ], [ 257861.693839458399452, 7042463.20761017408222 ], [ 257866.697030048351735, 7042463.20761017408222 ], [ 257866.697030048351735, 7042458.204419584013522 ], [ 257871.700220638274914, 7042458.204419584013522 ], [ 257871.700220638274914, 7042453.201228993944824 ], [ 257876.703411228227196, 7042453.201228993944824 ], [ 257876.703411228227196, 7042443.194847813807428 ], [ 257871.700220638274914, 7042443.194847813807428 ], [ 257871.700220638274914, 7042438.191657224670053 ], [ 257866.697030048351735, 7042438.191657224670053 ], [ 257866.697030048351735, 7042433.188466634601355 ], [ 257861.693839458399452, 7042433.188466634601355 ], [ 257861.693839458399452, 7042428.185276044532657 ], [ 257856.69064886844717, 7042428.185276044532657 ], [ 257856.69064886844717, 7042423.182085454463959 ], [ 257851.687458278494887, 7042423.182085454463959 ], [ 257851.687458278494887, 7042418.178894864395261 ], [ 257846.684267688542604, 7042418.178894864395261 ], [ 257846.684267688542604, 7042413.175704274326563 ], [ 257841.681077098590322, 7042413.175704274326563 ], [ 257841.681077098590322, 7042408.172513684257865 ], [ 257836.677886508667143, 7042408.172513684257865 ], [ 257836.677886508667143, 7042403.169323094189167 ], [ 257831.67469591871486, 7042403.169323094189167 ], [ 257831.67469591871486, 7042398.166132505051792 ], [ 257826.671505328762578, 7042398.166132505051792 ], [ 257826.671505328762578, 7042393.162941914983094 ], [ 257821.668314738810295, 7042393.162941914983094 ], [ 257821.668314738810295, 7042388.159751324914396 ], [ 257816.665124148858013, 7042388.159751324914396 ], [ 257816.665124148858013, 7042383.156560734845698 ], [ 257811.661933558934834, 7042383.156560734845698 ], [ 257811.661933558934834, 7042378.153370144777 ], [ 257806.658742968982551, 7042378.153370144777 ], [ 257806.658742968982551, 7042373.150179554708302 ], [ 257801.655552379030269, 7042373.150179554708302 ], [ 257801.655552379030269, 7042353.137417195364833 ], [ 257806.658742968982551, 7042353.137417195364833 ], [ 257806.658742968982551, 7042348.134226605296135 ], [ 257801.655552379030269, 7042348.134226605296135 ], [ 257801.655552379030269, 7042343.131036015227437 ], [ 257796.652361789077986, 7042343.131036015227437 ], [ 257796.652361789077986, 7042338.127845425158739 ], [ 257791.649171199125703, 7042338.127845425158739 ], [ 257791.649171199125703, 7042333.124654835090041 ], [ 257786.645980609173421, 7042333.124654835090041 ], [ 257786.645980609173421, 7042328.121464245021343 ], [ 257781.642790019250242, 7042328.121464245021343 ], [ 257781.642790019250242, 7042323.118273655883968 ], [ 257776.639599429297959, 7042323.118273655883968 ], [ 257776.639599429297959, 7042318.11508306581527 ], [ 257771.636408839345677, 7042318.11508306581527 ], [ 257771.636408839345677, 7042313.111892475746572 ], [ 257766.633218249393394, 7042313.111892475746572 ], [ 257766.633218249393394, 7042308.108701885677874 ], [ 257761.630027659441112, 7042308.108701885677874 ], [ 257761.630027659441112, 7042303.105511295609176 ], [ 257756.626837069517933, 7042303.105511295609176 ], [ 257756.626837069517933, 7042298.102320705540478 ], [ 257751.62364647956565, 7042298.102320705540478 ], [ 257751.62364647956565, 7042288.095939525403082 ], [ 257746.620455889613368, 7042288.095939525403082 ], [ 257746.620455889613368, 7042283.092748936265707 ], [ 257741.617265299661085, 7042283.092748936265707 ], [ 257741.617265299661085, 7042268.083177166059613 ], [ 257736.614074709708802, 7042268.083177166059613 ], [ 257736.614074709708802, 7042263.079986575990915 ], [ 257731.61088411975652, 7042263.079986575990915 ], [ 257731.61088411975652, 7042258.076795985922217 ], [ 257726.607693529833341, 7042258.076795985922217 ], [ 257726.607693529833341, 7042253.073605395853519 ], [ 257721.604502939881058, 7042253.073605395853519 ], [ 257721.604502939881058, 7042248.070414805784822 ], [ 257716.601312349928776, 7042248.070414805784822 ], [ 257716.601312349928776, 7042243.067224216647446 ], [ 257711.598121759976493, 7042243.067224216647446 ], [ 257711.598121759976493, 7042238.064033626578748 ], [ 257706.594931170024211, 7042238.064033626578748 ], [ 257706.594931170024211, 7042233.06084303651005 ], [ 257701.591740580101032, 7042233.06084303651005 ], [ 257701.591740580101032, 7042228.057652446441352 ], [ 257696.588549990148749, 7042228.057652446441352 ], [ 257696.588549990148749, 7042223.054461856372654 ], [ 257691.585359400196467, 7042223.054461856372654 ], [ 257691.585359400196467, 7042228.057652446441352 ], [ 257676.575787630339619, 7042228.057652446441352 ], [ 257676.575787630339619, 7042223.054461856372654 ], [ 257671.57259704041644, 7042223.054461856372654 ], [ 257671.57259704041644, 7042218.051271266303957 ], [ 257666.569406450464157, 7042218.051271266303957 ], [ 257666.569406450464157, 7042213.048080676235259 ], [ 257661.566215860511875, 7042213.048080676235259 ], [ 257661.566215860511875, 7042208.044890087097883 ], [ 257656.563025270559592, 7042208.044890087097883 ], [ 257656.563025270559592, 7042203.041699497029185 ], [ 257651.55983468060731, 7042203.041699497029185 ], [ 257651.55983468060731, 7042198.038508906960487 ], [ 257646.556644090684131, 7042198.038508906960487 ], [ 257646.556644090684131, 7042193.035318316891789 ], [ 257641.553453500731848, 7042193.035318316891789 ], [ 257641.553453500731848, 7042188.032127726823092 ], [ 257636.550262910779566, 7042188.032127726823092 ], [ 257636.550262910779566, 7042183.028937136754394 ], [ 257631.547072320827283, 7042183.028937136754394 ], [ 257631.547072320827283, 7042178.025746546685696 ], [ 257626.543881730875, 7042178.025746546685696 ], [ 257626.543881730875, 7042173.022555956616998 ], [ 257621.540691140922718, 7042173.022555956616998 ], [ 257621.540691140922718, 7042168.019365367479622 ], [ 257611.534309961047256, 7042168.019365367479622 ], [ 257611.534309961047256, 7042173.022555956616998 ], [ 257606.531119371094974, 7042173.022555956616998 ], [ 257606.531119371094974, 7042178.025746546685696 ], [ 257601.527928781142691, 7042178.025746546685696 ], [ 257601.527928781142691, 7042183.028937136754394 ], [ 257591.52154760126723, 7042183.028937136754394 ], [ 257591.52154760126723, 7042178.025746546685696 ], [ 257586.518357011314947, 7042178.025746546685696 ], [ 257586.518357011314947, 7042173.022555956616998 ], [ 257581.515166421362665, 7042173.022555956616998 ], [ 257581.515166421362665, 7042168.019365367479622 ], [ 257551.496022881678073, 7042168.019365367479622 ], [ 257551.496022881678073, 7042163.016174777410924 ], [ 257546.49283229172579, 7042163.016174777410924 ], [ 257546.49283229172579, 7042168.019365367479622 ], [ 257541.489641701773508, 7042168.019365367479622 ], [ 257541.489641701773508, 7042173.022555956616998 ], [ 257536.486451111850329, 7042173.022555956616998 ], [ 257536.486451111850329, 7042178.025746546685696 ], [ 257531.483260521898046, 7042178.025746546685696 ], [ 257531.483260521898046, 7042183.028937136754394 ], [ 257526.480069931945764, 7042183.028937136754394 ], [ 257526.480069931945764, 7042188.032127726823092 ], [ 257521.476879341993481, 7042188.032127726823092 ], [ 257521.476879341993481, 7042193.035318316891789 ], [ 257516.473688752041198, 7042193.035318316891789 ], [ 257516.473688752041198, 7042198.038508906960487 ], [ 257511.470498162088916, 7042198.038508906960487 ], [ 257511.470498162088916, 7042203.041699497029185 ], [ 257506.467307572165737, 7042203.041699497029185 ], [ 257506.467307572165737, 7042208.044890087097883 ], [ 257501.464116982213454, 7042208.044890087097883 ], [ 257501.464116982213454, 7042213.048080676235259 ], [ 257496.460926392261172, 7042213.048080676235259 ], [ 257496.460926392261172, 7042223.054461856372654 ], [ 257501.464116982213454, 7042223.054461856372654 ], [ 257501.464116982213454, 7042228.057652446441352 ], [ 257496.460926392261172, 7042228.057652446441352 ], [ 257496.460926392261172, 7042238.064033626578748 ], [ 257491.457735802308889, 7042238.064033626578748 ], [ 257491.457735802308889, 7042243.067224216647446 ], [ 257486.454545212356606, 7042243.067224216647446 ], [ 257486.454545212356606, 7042248.070414805784822 ], [ 257481.451354622433428, 7042248.070414805784822 ], [ 257481.451354622433428, 7042253.073605395853519 ], [ 257476.448164032481145, 7042253.073605395853519 ], [ 257476.448164032481145, 7042258.076795985922217 ], [ 257471.444973442528863, 7042258.076795985922217 ], [ 257471.444973442528863, 7042263.079986575990915 ], [ 257466.44178285257658, 7042263.079986575990915 ], [ 257466.44178285257658, 7042268.083177166059613 ], [ 257461.438592262624297, 7042268.083177166059613 ], [ 257461.438592262624297, 7042273.086367756128311 ], [ 257456.435401672672015, 7042273.086367756128311 ], [ 257456.435401672672015, 7042278.089558346197009 ], [ 257451.432211082748836, 7042278.089558346197009 ], [ 257451.432211082748836, 7042283.092748936265707 ], [ 257446.429020492796553, 7042283.092748936265707 ], [ 257446.429020492796553, 7042288.095939525403082 ], [ 257441.425829902844271, 7042288.095939525403082 ], [ 257441.425829902844271, 7042293.09913011547178 ], [ 257436.422639312891988, 7042293.09913011547178 ], [ 257436.422639312891988, 7042298.102320705540478 ], [ 257431.419448722939705, 7042298.102320705540478 ], [ 257431.419448722939705, 7042303.105511295609176 ], [ 257426.416258133016527, 7042303.105511295609176 ], [ 257426.416258133016527, 7042308.108701885677874 ], [ 257406.403495773207396, 7042308.108701885677874 ], [ 257406.403495773207396, 7042303.105511295609176 ], [ 257401.400305183255114, 7042303.105511295609176 ], [ 257401.400305183255114, 7042298.102320705540478 ], [ 257396.397114593331935, 7042298.102320705540478 ], [ 257396.397114593331935, 7042293.09913011547178 ], [ 257391.393924003379652, 7042293.09913011547178 ], [ 257391.393924003379652, 7042288.095939525403082 ], [ 257386.39073341342737, 7042288.095939525403082 ], [ 257386.39073341342737, 7042283.092748936265707 ], [ 257381.387542823475087, 7042283.092748936265707 ], [ 257381.387542823475087, 7042278.089558346197009 ], [ 257376.384352233522804, 7042278.089558346197009 ], [ 257376.384352233522804, 7042273.086367756128311 ], [ 257371.381161643599626, 7042273.086367756128311 ], [ 257371.381161643599626, 7042268.083177166059613 ], [ 257366.377971053647343, 7042268.083177166059613 ], [ 257366.377971053647343, 7042263.079986575990915 ], [ 257361.37478046369506, 7042263.079986575990915 ], [ 257361.37478046369506, 7042258.076795985922217 ], [ 257341.362018103915034, 7042258.076795985922217 ], [ 257341.362018103915034, 7042253.073605395853519 ], [ 257336.358827513962751, 7042253.073605395853519 ], [ 257336.358827513962751, 7042248.070414805784822 ], [ 257331.355636924010469, 7042248.070414805784822 ], [ 257331.355636924010469, 7042243.067224216647446 ], [ 257326.352446334058186, 7042243.067224216647446 ], [ 257326.352446334058186, 7042238.064033626578748 ], [ 257321.349255744105903, 7042238.064033626578748 ], [ 257321.349255744105903, 7042233.06084303651005 ], [ 257316.346065154182725, 7042233.06084303651005 ], [ 257316.346065154182725, 7042228.057652446441352 ], [ 257311.342874564230442, 7042228.057652446441352 ], [ 257311.342874564230442, 7042223.054461856372654 ], [ 257306.339683974278159, 7042223.054461856372654 ], [ 257306.339683974278159, 7042218.051271266303957 ], [ 257301.336493384325877, 7042218.051271266303957 ], [ 257301.336493384325877, 7042213.048080676235259 ], [ 257296.333302794373594, 7042213.048080676235259 ], [ 257296.333302794373594, 7042208.044890087097883 ], [ 257291.330112204421312, 7042208.044890087097883 ], [ 257291.330112204421312, 7042213.048080676235259 ], [ 257286.326921614498133, 7042213.048080676235259 ], [ 257286.326921614498133, 7042218.051271266303957 ], [ 257281.32373102454585, 7042218.051271266303957 ], [ 257281.32373102454585, 7042223.054461856372654 ], [ 257276.320540434593568, 7042223.054461856372654 ], [ 257276.320540434593568, 7042228.057652446441352 ], [ 257271.317349844641285, 7042228.057652446441352 ], [ 257271.317349844641285, 7042233.06084303651005 ], [ 257266.314159254689002, 7042233.06084303651005 ], [ 257266.314159254689002, 7042238.064033626578748 ], [ 257246.301396894908976, 7042238.064033626578748 ], [ 257246.301396894908976, 7042233.06084303651005 ], [ 257241.298206304956693, 7042233.06084303651005 ], [ 257241.298206304956693, 7042228.057652446441352 ], [ 257236.295015715004411, 7042228.057652446441352 ], [ 257236.295015715004411, 7042223.054461856372654 ], [ 257231.291825125081232, 7042223.054461856372654 ], [ 257231.291825125081232, 7042218.051271266303957 ], [ 257226.288634535128949, 7042218.051271266303957 ], [ 257226.288634535128949, 7042213.048080676235259 ], [ 257221.285443945176667, 7042213.048080676235259 ], [ 257221.285443945176667, 7042208.044890087097883 ], [ 257216.282253355224384, 7042208.044890087097883 ], [ 257216.282253355224384, 7042203.041699497029185 ], [ 257211.279062765272101, 7042203.041699497029185 ], [ 257211.279062765272101, 7042198.038508906960487 ], [ 257206.275872175348923, 7042198.038508906960487 ], [ 257206.275872175348923, 7042193.035318316891789 ], [ 257201.27268158539664, 7042193.035318316891789 ], [ 257201.27268158539664, 7042188.032127726823092 ], [ 257191.266300405492075, 7042188.032127726823092 ], [ 257191.266300405492075, 7042193.035318316891789 ], [ 257186.263109815539792, 7042193.035318316891789 ], [ 257186.263109815539792, 7042198.038508906960487 ], [ 257181.25991922558751, 7042198.038508906960487 ], [ 257181.25991922558751, 7042203.041699497029185 ], [ 257176.256728635664331, 7042203.041699497029185 ], [ 257176.256728635664331, 7042208.044890087097883 ], [ 257171.253538045712048, 7042208.044890087097883 ], [ 257171.253538045712048, 7042213.048080676235259 ], [ 257166.250347455759766, 7042213.048080676235259 ], [ 257166.250347455759766, 7042218.051271266303957 ], [ 257146.237585095979739, 7042218.051271266303957 ], [ 257146.237585095979739, 7042213.048080676235259 ], [ 257141.234394506027456, 7042213.048080676235259 ], [ 257141.234394506027456, 7042208.044890087097883 ], [ 257136.231203916075174, 7042208.044890087097883 ], [ 257136.231203916075174, 7042203.041699497029185 ], [ 257131.228013326122891, 7042203.041699497029185 ], [ 257131.228013326122891, 7042198.038508906960487 ], [ 257126.224822736170609, 7042198.038508906960487 ], [ 257126.224822736170609, 7042193.035318316891789 ], [ 257121.22163214624743, 7042193.035318316891789 ], [ 257121.22163214624743, 7042188.032127726823092 ], [ 257116.218441556295147, 7042188.032127726823092 ], [ 257116.218441556295147, 7042183.028937136754394 ], [ 257111.215250966342865, 7042183.028937136754394 ], [ 257111.215250966342865, 7042178.025746546685696 ], [ 257106.212060376390582, 7042178.025746546685696 ], [ 257106.212060376390582, 7042173.022555956616998 ], [ 257096.205679196515121, 7042173.022555956616998 ], [ 257096.205679196515121, 7042178.025746546685696 ], [ 257091.202488606562838, 7042178.025746546685696 ], [ 257091.202488606562838, 7042183.028937136754394 ], [ 257086.199298016610555, 7042183.028937136754394 ], [ 257086.199298016610555, 7042188.032127726823092 ], [ 257081.196107426658273, 7042188.032127726823092 ], [ 257081.196107426658273, 7042193.035318316891789 ], [ 257076.19291683670599, 7042193.035318316891789 ], [ 257076.19291683670599, 7042198.038508906960487 ], [ 257071.189726246753708, 7042198.038508906960487 ], [ 257071.189726246753708, 7042203.041699497029185 ], [ 257051.176963886973681, 7042203.041699497029185 ], [ 257051.176963886973681, 7042198.038508906960487 ], [ 257046.173773297021398, 7042198.038508906960487 ], [ 257046.173773297021398, 7042193.035318316891789 ], [ 257041.17058270709822, 7042193.035318316891789 ], [ 257041.17058270709822, 7042188.032127726823092 ], [ 257036.167392117145937, 7042188.032127726823092 ], [ 257036.167392117145937, 7042183.028937136754394 ], [ 257031.164201527193654, 7042183.028937136754394 ], [ 257031.164201527193654, 7042178.025746546685696 ], [ 257026.161010937241372, 7042178.025746546685696 ], [ 257026.161010937241372, 7042173.022555956616998 ], [ 257021.157820347289089, 7042173.022555956616998 ], [ 257021.157820347289089, 7042168.019365367479622 ], [ 257016.154629757336807, 7042168.019365367479622 ], [ 257016.154629757336807, 7042163.016174777410924 ], [ 257011.151439167413628, 7042163.016174777410924 ], [ 257011.151439167413628, 7042168.019365367479622 ], [ 257006.148248577461345, 7042168.019365367479622 ], [ 257006.148248577461345, 7042173.022555956616998 ], [ 257001.145057987509063, 7042173.022555956616998 ], [ 257001.145057987509063, 7042178.025746546685696 ], [ 256996.14186739755678, 7042178.025746546685696 ], [ 256996.14186739755678, 7042183.028937136754394 ], [ 256991.138676807604497, 7042183.028937136754394 ], [ 256991.138676807604497, 7042188.032127726823092 ], [ 256986.135486217681319, 7042188.032127726823092 ], [ 256986.135486217681319, 7042193.035318316891789 ], [ 256981.132295627729036, 7042193.035318316891789 ], [ 256981.132295627729036, 7042198.038508906960487 ], [ 256976.129105037776753, 7042198.038508906960487 ], [ 256976.129105037776753, 7042203.041699497029185 ], [ 256971.125914447824471, 7042203.041699497029185 ], [ 256971.125914447824471, 7042208.044890087097883 ], [ 256951.113152088044444, 7042208.044890087097883 ], [ 256951.113152088044444, 7042203.041699497029185 ], [ 256946.109961498092161, 7042203.041699497029185 ], [ 256946.109961498092161, 7042198.038508906960487 ], [ 256941.106770908139879, 7042198.038508906960487 ], [ 256941.106770908139879, 7042203.041699497029185 ], [ 256936.103580318187596, 7042203.041699497029185 ], [ 256936.103580318187596, 7042208.044890087097883 ], [ 256931.100389728264417, 7042208.044890087097883 ], [ 256931.100389728264417, 7042213.048080676235259 ], [ 256911.087627368455287, 7042213.048080676235259 ], [ 256911.087627368455287, 7042208.044890087097883 ], [ 256906.084436778503004, 7042208.044890087097883 ], [ 256906.084436778503004, 7042203.041699497029185 ], [ 256901.081246188579826, 7042203.041699497029185 ], [ 256901.081246188579826, 7042198.038508906960487 ], [ 256896.078055598627543, 7042198.038508906960487 ], [ 256896.078055598627543, 7042193.035318316891789 ], [ 256891.07486500867526, 7042193.035318316891789 ], [ 256891.07486500867526, 7042188.032127726823092 ], [ 256886.071674418722978, 7042188.032127726823092 ], [ 256886.071674418722978, 7042183.028937136754394 ], [ 256881.068483828770695, 7042183.028937136754394 ], [ 256881.068483828770695, 7042178.025746546685696 ], [ 256876.065293238847516, 7042178.025746546685696 ], [ 256876.065293238847516, 7042173.022555956616998 ], [ 256866.058912058942951, 7042173.022555956616998 ], [ 256866.058912058942951, 7042178.025746546685696 ], [ 256861.055721468990669, 7042178.025746546685696 ], [ 256861.055721468990669, 7042183.028937136754394 ], [ 256856.052530879038386, 7042183.028937136754394 ], [ 256856.052530879038386, 7042188.032127726823092 ], [ 256851.049340289086103, 7042188.032127726823092 ], [ 256851.049340289086103, 7042193.035318316891789 ], [ 256846.046149699162925, 7042193.035318316891789 ], [ 256846.046149699162925, 7042198.038508906960487 ], [ 256841.042959109210642, 7042198.038508906960487 ], [ 256841.042959109210642, 7042203.041699497029185 ], [ 256836.039768519258359, 7042203.041699497029185 ], [ 256836.039768519258359, 7042208.044890087097883 ], [ 256831.036577929306077, 7042208.044890087097883 ], [ 256831.036577929306077, 7042213.048080676235259 ], [ 256811.02381556952605, 7042213.048080676235259 ], [ 256811.02381556952605, 7042208.044890087097883 ], [ 256806.020624979573768, 7042208.044890087097883 ], [ 256806.020624979573768, 7042203.041699497029185 ], [ 256801.017434389621485, 7042203.041699497029185 ], [ 256801.017434389621485, 7042198.038508906960487 ], [ 256796.014243799669202, 7042198.038508906960487 ], [ 256796.014243799669202, 7042193.035318316891789 ], [ 256791.011053209746024, 7042193.035318316891789 ], [ 256791.011053209746024, 7042188.032127726823092 ], [ 256786.007862619793741, 7042188.032127726823092 ], [ 256786.007862619793741, 7042183.028937136754394 ], [ 256776.001481439889176, 7042183.028937136754394 ], [ 256776.001481439889176, 7042188.032127726823092 ], [ 256770.998290849936893, 7042188.032127726823092 ], [ 256770.998290849936893, 7042193.035318316891789 ], [ 256765.995100260013714, 7042193.035318316891789 ], [ 256765.995100260013714, 7042198.038508906960487 ], [ 256760.991909670061432, 7042198.038508906960487 ], [ 256760.991909670061432, 7042203.041699497029185 ], [ 256755.988719080109149, 7042203.041699497029185 ], [ 256755.988719080109149, 7042208.044890087097883 ], [ 256750.985528490156867, 7042208.044890087097883 ], [ 256750.985528490156867, 7042213.048080676235259 ], [ 256745.982337900204584, 7042213.048080676235259 ], [ 256745.982337900204584, 7042218.051271266303957 ], [ 256740.979147310252301, 7042218.051271266303957 ], [ 256740.979147310252301, 7042223.054461856372654 ], [ 256735.975956720329123, 7042223.054461856372654 ], [ 256735.975956720329123, 7042228.057652446441352 ], [ 256730.97276613037684, 7042228.057652446441352 ], [ 256730.97276613037684, 7042233.06084303651005 ], [ 256710.960003770596813, 7042233.06084303651005 ], [ 256710.960003770596813, 7042228.057652446441352 ], [ 256705.956813180644531, 7042228.057652446441352 ], [ 256705.956813180644531, 7042223.054461856372654 ], [ 256700.953622590692248, 7042223.054461856372654 ], [ 256700.953622590692248, 7042218.051271266303957 ], [ 256695.950432000739966, 7042218.051271266303957 ], [ 256695.950432000739966, 7042213.048080676235259 ], [ 256690.947241410787683, 7042213.048080676235259 ], [ 256690.947241410787683, 7042208.044890087097883 ], [ 256685.9440508208354, 7042208.044890087097883 ], [ 256685.9440508208354, 7042203.041699497029185 ], [ 256680.940860230912222, 7042203.041699497029185 ], [ 256680.940860230912222, 7042198.038508906960487 ], [ 256675.937669640959939, 7042198.038508906960487 ], [ 256675.937669640959939, 7042203.041699497029185 ], [ 256670.934479051007656, 7042203.041699497029185 ], [ 256670.934479051007656, 7042208.044890087097883 ], [ 256665.931288461055374, 7042208.044890087097883 ], [ 256665.931288461055374, 7042213.048080676235259 ], [ 256660.928097871103091, 7042213.048080676235259 ], [ 256660.928097871103091, 7042218.051271266303957 ], [ 256655.924907281179912, 7042218.051271266303957 ], [ 256655.924907281179912, 7042223.054461856372654 ], [ 256650.92171669122763, 7042223.054461856372654 ], [ 256650.92171669122763, 7042228.057652446441352 ], [ 256645.918526101275347, 7042228.057652446441352 ], [ 256645.918526101275347, 7042233.06084303651005 ], [ 256640.915335511323065, 7042233.06084303651005 ], [ 256640.915335511323065, 7042238.064033626578748 ], [ 256635.912144921370782, 7042238.064033626578748 ], [ 256635.912144921370782, 7042243.067224216647446 ], [ 256630.908954331418499, 7042243.067224216647446 ], [ 256630.908954331418499, 7042248.070414805784822 ], [ 256615.899382561590755, 7042248.070414805784822 ], [ 256615.899382561590755, 7042243.067224216647446 ], [ 256610.896191971638473, 7042243.067224216647446 ], [ 256610.896191971638473, 7042238.064033626578748 ], [ 256605.89300138168619, 7042238.064033626578748 ], [ 256605.89300138168619, 7042233.06084303651005 ], [ 256600.889810791763011, 7042233.06084303651005 ], [ 256600.889810791763011, 7042228.057652446441352 ], [ 256595.886620201810729, 7042228.057652446441352 ], [ 256595.886620201810729, 7042223.054461856372654 ], [ 256590.883429611858446, 7042223.054461856372654 ], [ 256590.883429611858446, 7042218.051271266303957 ], [ 256585.880239021906164, 7042218.051271266303957 ], [ 256585.880239021906164, 7042213.048080676235259 ], [ 256580.877048431953881, 7042213.048080676235259 ], [ 256580.877048431953881, 7042208.044890087097883 ], [ 256575.873857842001598, 7042208.044890087097883 ], [ 256575.873857842001598, 7042203.041699497029185 ], [ 256570.87066725207842, 7042203.041699497029185 ], [ 256570.87066725207842, 7042198.038508906960487 ], [ 256560.864286072173854, 7042198.038508906960487 ], [ 256560.864286072173854, 7042203.041699497029185 ], [ 256555.861095482221572, 7042203.041699497029185 ], [ 256555.861095482221572, 7042208.044890087097883 ], [ 256550.857904892269289, 7042208.044890087097883 ], [ 256550.857904892269289, 7042213.048080676235259 ], [ 256545.85471430234611, 7042213.048080676235259 ], [ 256545.85471430234611, 7042218.051271266303957 ], [ 256540.851523712393828, 7042218.051271266303957 ], [ 256540.851523712393828, 7042223.054461856372654 ], [ 256535.848333122441545, 7042223.054461856372654 ], [ 256535.848333122441545, 7042228.057652446441352 ], [ 256530.845142532489263, 7042228.057652446441352 ], [ 256530.845142532489263, 7042233.06084303651005 ], [ 256515.835570762661519, 7042233.06084303651005 ], [ 256515.835570762661519, 7042228.057652446441352 ], [ 256510.832380172709236, 7042228.057652446441352 ], [ 256510.832380172709236, 7042223.054461856372654 ], [ 256505.829189582756953, 7042223.054461856372654 ], [ 256505.829189582756953, 7042218.051271266303957 ], [ 256500.825998992804671, 7042218.051271266303957 ], [ 256500.825998992804671, 7042213.048080676235259 ], [ 256495.822808402852388, 7042213.048080676235259 ], [ 256495.822808402852388, 7042208.044890087097883 ], [ 256490.819617812929209, 7042208.044890087097883 ], [ 256490.819617812929209, 7042203.041699497029185 ], [ 256485.816427222976927, 7042203.041699497029185 ], [ 256485.816427222976927, 7042198.038508906960487 ], [ 256480.813236633024644, 7042198.038508906960487 ], [ 256480.813236633024644, 7042193.035318316891789 ], [ 256475.810046043072361, 7042193.035318316891789 ], [ 256475.810046043072361, 7042188.032127726823092 ], [ 256470.806855453120079, 7042188.032127726823092 ], [ 256470.806855453120079, 7042183.028937136754394 ], [ 256465.803664863167796, 7042183.028937136754394 ], [ 256465.803664863167796, 7042178.025746546685696 ], [ 256460.800474273244618, 7042178.025746546685696 ], [ 256460.800474273244618, 7042183.028937136754394 ], [ 256455.797283683292335, 7042183.028937136754394 ], [ 256455.797283683292335, 7042188.032127726823092 ], [ 256450.794093093340052, 7042188.032127726823092 ], [ 256450.794093093340052, 7042193.035318316891789 ], [ 256445.79090250338777, 7042193.035318316891789 ], [ 256445.79090250338777, 7042198.038508906960487 ], [ 256440.787711913435487, 7042198.038508906960487 ], [ 256440.787711913435487, 7042203.041699497029185 ], [ 256425.778140143607743, 7042203.041699497029185 ], [ 256425.778140143607743, 7042198.038508906960487 ], [ 256420.77494955365546, 7042198.038508906960487 ], [ 256420.77494955365546, 7042193.035318316891789 ], [ 256415.771758963703178, 7042193.035318316891789 ], [ 256415.771758963703178, 7042188.032127726823092 ], [ 256410.768568373750895, 7042188.032127726823092 ], [ 256410.768568373750895, 7042193.035318316891789 ], [ 256385.752615424018586, 7042193.035318316891789 ], [ 256385.752615424018586, 7042188.032127726823092 ], [ 256380.749424834095407, 7042188.032127726823092 ], [ 256380.749424834095407, 7042183.028937136754394 ], [ 256375.746234244143125, 7042183.028937136754394 ], [ 256375.746234244143125, 7042178.025746546685696 ], [ 256370.743043654190842, 7042178.025746546685696 ], [ 256370.743043654190842, 7042173.022555956616998 ], [ 256365.739853064238559, 7042173.022555956616998 ], [ 256365.739853064238559, 7042168.019365367479622 ], [ 256360.736662474286277, 7042168.019365367479622 ], [ 256360.736662474286277, 7042163.016174777410924 ], [ 256355.733471884333994, 7042163.016174777410924 ], [ 256355.733471884333994, 7042158.012984187342227 ], [ 256350.730281294410815, 7042158.012984187342227 ], [ 256350.730281294410815, 7042153.009793597273529 ], [ 256345.727090704458533, 7042153.009793597273529 ], [ 256345.727090704458533, 7042148.006603007204831 ], [ 256340.72390011450625, 7042148.006603007204831 ], [ 256340.72390011450625, 7042153.009793597273529 ], [ 256335.720709524553968, 7042153.009793597273529 ], [ 256335.720709524553968, 7042158.012984187342227 ], [ 256330.717518934601685, 7042158.012984187342227 ], [ 256330.717518934601685, 7042163.016174777410924 ], [ 256325.714328344678506, 7042163.016174777410924 ], [ 256325.714328344678506, 7042168.019365367479622 ], [ 256305.701565984869376, 7042168.019365367479622 ], [ 256305.701565984869376, 7042163.016174777410924 ], [ 256300.698375394917093, 7042163.016174777410924 ], [ 256300.698375394917093, 7042158.012984187342227 ], [ 256295.695184804993914, 7042158.012984187342227 ], [ 256295.695184804993914, 7042153.009793597273529 ], [ 256290.691994215041632, 7042153.009793597273529 ], [ 256290.691994215041632, 7042148.006603007204831 ], [ 256285.688803625089349, 7042148.006603007204831 ], [ 256285.688803625089349, 7042143.003412417136133 ], [ 256280.685613035137067, 7042143.003412417136133 ], [ 256280.685613035137067, 7042138.000221827067435 ], [ 256275.682422445184784, 7042138.000221827067435 ], [ 256275.682422445184784, 7042132.997031236998737 ], [ 256270.679231855261605, 7042132.997031236998737 ], [ 256270.679231855261605, 7042127.993840647861362 ], [ 256265.676041265309323, 7042127.993840647861362 ], [ 256265.676041265309323, 7042122.990650057792664 ], [ 256260.67285067535704, 7042122.990650057792664 ], [ 256260.67285067535704, 7042117.987459467723966 ], [ 256255.669660085404757, 7042117.987459467723966 ], [ 256255.669660085404757, 7042112.984268877655268 ], [ 256250.666469495452475, 7042112.984268877655268 ], [ 256250.666469495452475, 7042107.98107828758657 ], [ 256245.663278905500192, 7042107.98107828758657 ], [ 256245.663278905500192, 7042112.984268877655268 ], [ 256240.660088315577013, 7042112.984268877655268 ], [ 256240.660088315577013, 7042117.987459467723966 ], [ 256225.650516545720166, 7042117.987459467723966 ], [ 256225.650516545720166, 7042112.984268877655268 ], [ 256220.647325955767883, 7042112.984268877655268 ], [ 256220.647325955767883, 7042107.98107828758657 ], [ 256215.644135365844704, 7042107.98107828758657 ], [ 256215.644135365844704, 7042102.977887697517872 ], [ 256210.640944775892422, 7042102.977887697517872 ], [ 256210.640944775892422, 7042097.974697107449174 ], [ 256205.637754185940139, 7042097.974697107449174 ], [ 256205.637754185940139, 7042092.971506518311799 ], [ 256200.634563595987856, 7042092.971506518311799 ], [ 256200.634563595987856, 7042087.968315928243101 ], [ 256195.631373006035574, 7042087.968315928243101 ], [ 256195.631373006035574, 7042082.965125338174403 ], [ 256190.628182416083291, 7042082.965125338174403 ], [ 256190.628182416083291, 7042077.961934748105705 ], [ 256185.624991826160112, 7042077.961934748105705 ], [ 256185.624991826160112, 7042072.958744158037007 ], [ 256180.62180123620783, 7042072.958744158037007 ], [ 256180.62180123620783, 7042067.955553567968309 ], [ 256175.618610646255547, 7042067.955553567968309 ], [ 256175.618610646255547, 7042062.952362977899611 ], [ 256170.615420056303265, 7042062.952362977899611 ], [ 256170.615420056303265, 7042057.949172387830913 ], [ 256160.609038876427803, 7042057.949172387830913 ], [ 256160.609038876427803, 7042062.952362977899611 ], [ 256155.605848286475521, 7042062.952362977899611 ], [ 256155.605848286475521, 7042067.955553567968309 ], [ 256135.59308592666639, 7042067.955553567968309 ], [ 256135.59308592666639, 7042062.952362977899611 ], [ 256130.589895336743211, 7042062.952362977899611 ], [ 256130.589895336743211, 7042057.949172387830913 ], [ 256125.586704746790929, 7042057.949172387830913 ], [ 256125.586704746790929, 7042052.945981798693538 ], [ 256120.583514156838646, 7042052.945981798693538 ], [ 256120.583514156838646, 7042047.94279120862484 ], [ 256115.580323566886364, 7042047.94279120862484 ], [ 256115.580323566886364, 7042042.939600618556142 ], [ 256110.577132976934081, 7042042.939600618556142 ], [ 256110.577132976934081, 7042037.936410028487444 ], [ 256105.573942387010902, 7042037.936410028487444 ], [ 256105.573942387010902, 7042032.933219438418746 ], [ 256100.57075179705862, 7042032.933219438418746 ], [ 256100.57075179705862, 7042027.930028848350048 ], [ 256095.567561207106337, 7042027.930028848350048 ], [ 256095.567561207106337, 7042022.92683825828135 ], [ 256090.564370617154054, 7042022.92683825828135 ], [ 256090.564370617154054, 7042017.923647669143975 ], [ 256085.561180027201772, 7042017.923647669143975 ], [ 256085.561180027201772, 7042012.920457079075277 ], [ 256080.557989437249489, 7042012.920457079075277 ], [ 256080.557989437249489, 7042007.917266489006579 ], [ 256075.55479884732631, 7042007.917266489006579 ], [ 256075.55479884732631, 7042012.920457079075277 ], [ 256070.551608257374028, 7042012.920457079075277 ], [ 256070.551608257374028, 7042017.923647669143975 ], [ 256065.548417667421745, 7042017.923647669143975 ], [ 256065.548417667421745, 7042022.92683825828135 ], [ 256050.538845897594001, 7042022.92683825828135 ], [ 256050.538845897594001, 7042017.923647669143975 ], [ 256045.535655307641719, 7042017.923647669143975 ], [ 256045.535655307641719, 7042012.920457079075277 ], [ 256040.532464717689436, 7042012.920457079075277 ], [ 256040.532464717689436, 7042007.917266489006579 ], [ 256035.529274127737153, 7042007.917266489006579 ], [ 256035.529274127737153, 7042002.914075898937881 ], [ 256030.526083537784871, 7042002.914075898937881 ], [ 256030.526083537784871, 7041997.910885308869183 ], [ 256025.522892947832588, 7041997.910885308869183 ], [ 256025.522892947832588, 7041992.907694718800485 ], [ 256020.519702357909409, 7041992.907694718800485 ], [ 256020.519702357909409, 7041987.904504128731787 ], [ 256015.516511767957127, 7041987.904504128731787 ], [ 256015.516511767957127, 7041982.901313538663089 ], [ 256010.513321178004844, 7041982.901313538663089 ], [ 256010.513321178004844, 7041977.898122949525714 ], [ 256005.510130588052562, 7041977.898122949525714 ], [ 256005.510130588052562, 7041972.894932359457016 ], [ 256000.506939998100279, 7041972.894932359457016 ], [ 256000.506939998100279, 7041967.891741769388318 ], [ 255995.5037494081771, 7041967.891741769388318 ], [ 255995.5037494081771, 7041962.88855117931962 ], [ 255990.500558818224818, 7041962.88855117931962 ], [ 255990.500558818224818, 7041967.891741769388318 ], [ 255985.497368228272535, 7041967.891741769388318 ], [ 255985.497368228272535, 7041972.894932359457016 ], [ 255960.481415278540226, 7041972.894932359457016 ], [ 255960.481415278540226, 7041967.891741769388318 ], [ 255955.478224688587943, 7041967.891741769388318 ], [ 255955.478224688587943, 7041962.88855117931962 ], [ 255950.47503409863566, 7041962.88855117931962 ], [ 255950.47503409863566, 7041957.885360589250922 ], [ 255945.471843508683378, 7041957.885360589250922 ], [ 255945.471843508683378, 7041952.882169999182224 ], [ 255940.468652918760199, 7041952.882169999182224 ], [ 255940.468652918760199, 7041947.878979409113526 ], [ 255935.465462328807916, 7041947.878979409113526 ], [ 255935.465462328807916, 7041942.875788819044828 ], [ 255930.462271738855634, 7041942.875788819044828 ], [ 255930.462271738855634, 7041937.872598229907453 ], [ 255925.459081148903351, 7041937.872598229907453 ], [ 255925.459081148903351, 7041932.869407639838755 ], [ 255920.455890558951069, 7041932.869407639838755 ], [ 255920.455890558951069, 7041927.866217049770057 ], [ 255915.452699968998786, 7041927.866217049770057 ], [ 255915.452699968998786, 7041922.863026459701359 ], [ 255910.449509379075607, 7041922.863026459701359 ], [ 255910.449509379075607, 7041927.866217049770057 ], [ 255905.446318789123325, 7041927.866217049770057 ], [ 255905.446318789123325, 7041932.869407639838755 ], [ 255900.443128199171042, 7041932.869407639838755 ], [ 255900.443128199171042, 7041937.872598229907453 ], [ 255880.430365839391015, 7041937.872598229907453 ], [ 255880.430365839391015, 7041932.869407639838755 ], [ 255875.427175249438733, 7041932.869407639838755 ], [ 255875.427175249438733, 7041927.866217049770057 ], [ 255870.42398465948645, 7041927.866217049770057 ], [ 255870.42398465948645, 7041922.863026459701359 ], [ 255865.420794069534168, 7041922.863026459701359 ], [ 255865.420794069534168, 7041917.859835869632661 ], [ 255860.417603479581885, 7041917.859835869632661 ], [ 255860.417603479581885, 7041912.856645279563963 ], [ 255855.414412889658706, 7041912.856645279563963 ], [ 255855.414412889658706, 7041907.853454689495265 ], [ 255850.411222299706424, 7041907.853454689495265 ], [ 255850.411222299706424, 7041902.85026410035789 ], [ 255845.408031709754141, 7041902.85026410035789 ], [ 255845.408031709754141, 7041897.847073510289192 ], [ 255840.404841119801858, 7041897.847073510289192 ], [ 255840.404841119801858, 7041892.843882920220494 ], [ 255835.401650529849576, 7041892.843882920220494 ], [ 255835.401650529849576, 7041887.840692330151796 ], [ 255830.398459939926397, 7041887.840692330151796 ], [ 255830.398459939926397, 7041882.837501740083098 ], [ 255825.395269349974114, 7041882.837501740083098 ], [ 255825.395269349974114, 7041877.8343111500144 ], [ 255820.392078760021832, 7041877.8343111500144 ], [ 255820.392078760021832, 7041872.831120559945703 ], [ 255795.376125810289523, 7041872.831120559945703 ], [ 255795.376125810289523, 7041867.827929969877005 ], [ 255790.37293522033724, 7041867.827929969877005 ], [ 255790.37293522033724, 7041862.824739380739629 ], [ 255785.369744630384957, 7041862.824739380739629 ], [ 255785.369744630384957, 7041857.821548790670931 ], [ 255780.366554040432675, 7041857.821548790670931 ], [ 255780.366554040432675, 7041852.818358200602233 ], [ 255775.363363450509496, 7041852.818358200602233 ], [ 255775.363363450509496, 7041847.815167610533535 ], [ 255770.360172860557213, 7041847.815167610533535 ], [ 255770.360172860557213, 7041842.811977020464838 ], [ 255765.356982270604931, 7041842.811977020464838 ], [ 255765.356982270604931, 7041837.80878643039614 ], [ 255760.353791680652648, 7041837.80878643039614 ], [ 255760.353791680652648, 7041832.805595840327442 ], [ 255755.350601090700366, 7041832.805595840327442 ], [ 255755.350601090700366, 7041827.802405250258744 ], [ 255750.347410500748083, 7041827.802405250258744 ], [ 255750.347410500748083, 7041822.799214661121368 ], [ 255745.344219910824904, 7041822.799214661121368 ], [ 255745.344219910824904, 7041817.79602407105267 ], [ 255740.341029320872622, 7041817.79602407105267 ], [ 255740.341029320872622, 7041812.792833480983973 ], [ 255720.328266961092595, 7041812.792833480983973 ], [ 255720.328266961092595, 7041807.789642890915275 ], [ 255715.325076371140312, 7041807.789642890915275 ], [ 255715.325076371140312, 7041802.786452300846577 ], [ 255710.32188578118803, 7041802.786452300846577 ], [ 255710.32188578118803, 7041797.783261710777879 ], [ 255705.318695191235747, 7041797.783261710777879 ], [ 255705.318695191235747, 7041792.780071120709181 ], [ 255700.315504601283465, 7041792.780071120709181 ], [ 255700.315504601283465, 7041787.776880531571805 ], [ 255695.312314011331182, 7041787.776880531571805 ], [ 255695.312314011331182, 7041782.773689941503108 ], [ 255690.309123421408003, 7041782.773689941503108 ], [ 255690.309123421408003, 7041777.77049935143441 ], [ 255685.305932831455721, 7041777.77049935143441 ], [ 255685.305932831455721, 7041772.767308761365712 ], [ 255680.302742241503438, 7041772.767308761365712 ], [ 255680.302742241503438, 7041767.764118171297014 ], [ 255675.299551651551155, 7041767.764118171297014 ], [ 255675.299551651551155, 7041762.760927581228316 ], [ 255670.296361061598873, 7041762.760927581228316 ], [ 255670.296361061598873, 7041757.757736991159618 ], [ 255665.293170471675694, 7041757.757736991159618 ], [ 255665.293170471675694, 7041752.75454640109092 ], [ 255645.280408111866564, 7041752.75454640109092 ], [ 255645.280408111866564, 7041747.751355811953545 ], [ 255640.277217521914281, 7041747.751355811953545 ], [ 255640.277217521914281, 7041742.748165221884847 ], [ 255635.274026931991102, 7041742.748165221884847 ], [ 255635.274026931991102, 7041737.744974631816149 ], [ 255630.27083634203882, 7041737.744974631816149 ], [ 255630.27083634203882, 7041732.741784041747451 ], [ 255625.267645752086537, 7041732.741784041747451 ], [ 255625.267645752086537, 7041727.738593451678753 ], [ 255620.264455162134254, 7041727.738593451678753 ], [ 255620.264455162134254, 7041722.735402861610055 ], [ 255615.261264572181972, 7041722.735402861610055 ], [ 255615.261264572181972, 7041717.732212271541357 ], [ 255610.258073982258793, 7041717.732212271541357 ], [ 255610.258073982258793, 7041712.729021681472659 ], [ 255605.25488339230651, 7041712.729021681472659 ], [ 255605.25488339230651, 7041707.725831092335284 ], [ 255600.251692802354228, 7041707.725831092335284 ], [ 255600.251692802354228, 7041702.722640502266586 ], [ 255595.248502212401945, 7041702.722640502266586 ], [ 255595.248502212401945, 7041697.719449912197888 ], [ 255590.245311622449663, 7041697.719449912197888 ], [ 255590.245311622449663, 7041692.71625932212919 ], [ 255585.24212103249738, 7041692.71625932212919 ], [ 255585.24212103249738, 7041687.713068732060492 ], [ 255570.232549262669636, 7041687.713068732060492 ], [ 255570.232549262669636, 7041682.709878141991794 ], [ 255565.229358672717353, 7041682.709878141991794 ], [ 255565.229358672717353, 7041677.706687551923096 ], [ 255560.226168082765071, 7041677.706687551923096 ], [ 255560.226168082765071, 7041672.703496962785721 ], [ 255555.222977492841892, 7041672.703496962785721 ], [ 255555.222977492841892, 7041667.700306372717023 ], [ 255550.219786902889609, 7041667.700306372717023 ], [ 255550.219786902889609, 7041662.697115782648325 ], [ 255545.216596312937327, 7041662.697115782648325 ], [ 255545.216596312937327, 7041657.693925192579627 ], [ 255540.213405722985044, 7041657.693925192579627 ], [ 255540.213405722985044, 7041652.690734602510929 ], [ 255535.210215133032762, 7041652.690734602510929 ], [ 255535.210215133032762, 7041647.687544012442231 ], [ 255530.207024543080479, 7041647.687544012442231 ], [ 255530.207024543080479, 7041652.690734602510929 ], [ 255525.2038339531573, 7041652.690734602510929 ], [ 255525.2038339531573, 7041657.693925192579627 ], [ 255505.19107159334817, 7041657.693925192579627 ], [ 255505.19107159334817, 7041652.690734602510929 ], [ 255500.187881003424991, 7041652.690734602510929 ], [ 255500.187881003424991, 7041647.687544012442231 ], [ 255495.184690413472708, 7041647.687544012442231 ], [ 255495.184690413472708, 7041642.684353422373533 ], [ 255490.181499823520426, 7041642.684353422373533 ], [ 255490.181499823520426, 7041637.681162832304835 ], [ 255485.178309233568143, 7041637.681162832304835 ], [ 255485.178309233568143, 7041632.67797224316746 ], [ 255480.17511864361586, 7041632.67797224316746 ], [ 255480.17511864361586, 7041637.681162832304835 ], [ 255475.171928053663578, 7041637.681162832304835 ], [ 255475.171928053663578, 7041642.684353422373533 ], [ 255460.162356283835834, 7041642.684353422373533 ], [ 255460.162356283835834, 7041637.681162832304835 ], [ 255455.159165693883551, 7041637.681162832304835 ], [ 255455.159165693883551, 7041632.67797224316746 ], [ 255450.155975103931269, 7041632.67797224316746 ], [ 255450.155975103931269, 7041627.674781653098762 ], [ 255445.15278451400809, 7041627.674781653098762 ], [ 255445.15278451400809, 7041622.671591063030064 ], [ 255440.149593924055807, 7041622.671591063030064 ], [ 255440.149593924055807, 7041617.668400472961366 ], [ 255435.146403334103525, 7041617.668400472961366 ], [ 255435.146403334103525, 7041612.665209882892668 ], [ 255430.143212744151242, 7041612.665209882892668 ], [ 255430.143212744151242, 7041607.66201929282397 ], [ 255425.140022154198959, 7041607.66201929282397 ], [ 255425.140022154198959, 7041602.658828702755272 ], [ 255420.136831564246677, 7041602.658828702755272 ], [ 255420.136831564246677, 7041597.655638112686574 ], [ 255415.133640974323498, 7041597.655638112686574 ], [ 255415.133640974323498, 7041592.652447523549199 ], [ 255410.130450384371215, 7041592.652447523549199 ], [ 255410.130450384371215, 7041587.649256933480501 ], [ 255405.127259794418933, 7041587.649256933480501 ], [ 255405.127259794418933, 7041582.646066343411803 ], [ 255400.12406920446665, 7041582.646066343411803 ], [ 255400.12406920446665, 7041577.642875753343105 ], [ 255395.120878614514368, 7041577.642875753343105 ], [ 255395.120878614514368, 7041572.639685163274407 ], [ 255390.117688024591189, 7041572.639685163274407 ], [ 255390.117688024591189, 7041567.636494573205709 ], [ 255385.114497434638906, 7041567.636494573205709 ], [ 255385.114497434638906, 7041552.626922803930938 ], [ 255390.117688024591189, 7041552.626922803930938 ], [ 255390.117688024591189, 7041547.62373221386224 ], [ 255395.120878614514368, 7041547.62373221386224 ], [ 255395.120878614514368, 7041542.620541623793542 ], [ 255400.12406920446665, 7041542.620541623793542 ], [ 255400.12406920446665, 7041537.617351033724844 ], [ 255405.127259794418933, 7041537.617351033724844 ], [ 255405.127259794418933, 7041532.614160443656147 ], [ 255410.130450384371215, 7041532.614160443656147 ], [ 255410.130450384371215, 7041527.610969853587449 ], [ 255405.127259794418933, 7041527.610969853587449 ], [ 255405.127259794418933, 7041522.607779263518751 ], [ 255400.12406920446665, 7041522.607779263518751 ], [ 255400.12406920446665, 7041527.610969853587449 ], [ 255395.120878614514368, 7041527.610969853587449 ], [ 255395.120878614514368, 7041532.614160443656147 ], [ 255390.117688024591189, 7041532.614160443656147 ], [ 255390.117688024591189, 7041537.617351033724844 ], [ 255385.114497434638906, 7041537.617351033724844 ], [ 255385.114497434638906, 7041542.620541623793542 ], [ 255380.111306844686624, 7041542.620541623793542 ], [ 255380.111306844686624, 7041547.62373221386224 ], [ 255375.108116254734341, 7041547.62373221386224 ], [ 255375.108116254734341, 7041552.626922803930938 ], [ 255370.104925664782058, 7041552.626922803930938 ], [ 255370.104925664782058, 7041557.630113393999636 ], [ 255365.101735074829776, 7041557.630113393999636 ], [ 255365.101735074829776, 7041562.633303983137012 ], [ 255360.098544484906597, 7041562.633303983137012 ], [ 255360.098544484906597, 7041567.636494573205709 ], [ 255355.095353894954314, 7041567.636494573205709 ], [ 255355.095353894954314, 7041572.639685163274407 ], [ 255350.092163305002032, 7041572.639685163274407 ], [ 255350.092163305002032, 7041577.642875753343105 ], [ 255345.088972715049749, 7041577.642875753343105 ], [ 255345.088972715049749, 7041582.646066343411803 ], [ 255340.085782125097467, 7041582.646066343411803 ], [ 255340.085782125097467, 7041587.649256933480501 ], [ 255325.076210355269723, 7041587.649256933480501 ], [ 255325.076210355269723, 7041582.646066343411803 ], [ 255320.07301976531744, 7041582.646066343411803 ], [ 255320.07301976531744, 7041577.642875753343105 ], [ 255315.069829175365157, 7041577.642875753343105 ], [ 255315.069829175365157, 7041572.639685163274407 ], [ 255310.066638585412875, 7041572.639685163274407 ], [ 255310.066638585412875, 7041567.636494573205709 ], [ 255305.063447995489696, 7041567.636494573205709 ], [ 255305.063447995489696, 7041562.633303983137012 ], [ 255300.060257405537413, 7041562.633303983137012 ], [ 255300.060257405537413, 7041557.630113393999636 ], [ 255295.057066815585131, 7041557.630113393999636 ], [ 255295.057066815585131, 7041552.626922803930938 ], [ 255290.053876225632848, 7041552.626922803930938 ], [ 255290.053876225632848, 7041547.62373221386224 ], [ 255285.050685635680566, 7041547.62373221386224 ], [ 255285.050685635680566, 7041542.620541623793542 ], [ 255280.047495045757387, 7041542.620541623793542 ], [ 255280.047495045757387, 7041537.617351033724844 ], [ 255275.044304455805104, 7041537.617351033724844 ], [ 255275.044304455805104, 7041532.614160443656147 ], [ 255270.041113865852822, 7041532.614160443656147 ], [ 255270.041113865852822, 7041527.610969853587449 ], [ 255265.037923275900539, 7041527.610969853587449 ], [ 255265.037923275900539, 7041532.614160443656147 ], [ 255260.034732685948256, 7041532.614160443656147 ], [ 255260.034732685948256, 7041537.617351033724844 ], [ 255250.028351506072795, 7041537.617351033724844 ], [ 255250.028351506072795, 7041542.620541623793542 ], [ 255240.02197032616823, 7041542.620541623793542 ], [ 255240.02197032616823, 7041537.617351033724844 ], [ 255235.018779736215947, 7041537.617351033724844 ], [ 255235.018779736215947, 7041532.614160443656147 ], [ 255230.015589146263665, 7041532.614160443656147 ], [ 255230.015589146263665, 7041527.610969853587449 ], [ 255225.012398556340486, 7041527.610969853587449 ], [ 255225.012398556340486, 7041522.607779263518751 ], [ 255220.009207966388203, 7041522.607779263518751 ], [ 255220.009207966388203, 7041517.604588674381375 ], [ 255215.006017376435921, 7041517.604588674381375 ], [ 255215.006017376435921, 7041512.601398084312677 ], [ 255210.002826786483638, 7041512.601398084312677 ], [ 255210.002826786483638, 7041507.598207494243979 ], [ 255204.999636196531355, 7041507.598207494243979 ], [ 255204.999636196531355, 7041502.595016904175282 ], [ 255199.996445606579073, 7041502.595016904175282 ], [ 255199.996445606579073, 7041497.591826314106584 ], [ 255194.993255016655894, 7041497.591826314106584 ], [ 255194.993255016655894, 7041492.588635724037886 ], [ 255189.990064426703611, 7041492.588635724037886 ], [ 255189.990064426703611, 7041487.585445133969188 ], [ 255184.986873836751329, 7041487.585445133969188 ], [ 255184.986873836751329, 7041482.58225454390049 ], [ 255174.980492656846764, 7041482.58225454390049 ], [ 255174.980492656846764, 7041487.585445133969188 ], [ 255164.974111476971302, 7041487.585445133969188 ], [ 255164.974111476971302, 7041492.588635724037886 ], [ 255154.967730297066737, 7041492.588635724037886 ], [ 255154.967730297066737, 7041487.585445133969188 ], [ 255149.964539707114454, 7041487.585445133969188 ], [ 255149.964539707114454, 7041482.58225454390049 ], [ 255144.961349117162172, 7041482.58225454390049 ], [ 255144.961349117162172, 7041477.579063954763114 ], [ 255139.958158527238993, 7041477.579063954763114 ], [ 255139.958158527238993, 7041472.575873364694417 ], [ 255134.95496793728671, 7041472.575873364694417 ], [ 255134.95496793728671, 7041467.572682774625719 ], [ 255129.951777347334428, 7041467.572682774625719 ], [ 255129.951777347334428, 7041462.569492184557021 ], [ 255119.945396167429863, 7041462.569492184557021 ], [ 255119.945396167429863, 7041467.572682774625719 ], [ 255099.932633807649836, 7041467.572682774625719 ], [ 255099.932633807649836, 7041462.569492184557021 ], [ 255094.929443217697553, 7041462.569492184557021 ], [ 255094.929443217697553, 7041457.566301594488323 ], [ 255089.926252627745271, 7041457.566301594488323 ], [ 255089.926252627745271, 7041452.563111004419625 ], [ 255084.923062037822092, 7041452.563111004419625 ], [ 255084.923062037822092, 7041447.559920414350927 ], [ 255079.919871447869809, 7041447.559920414350927 ], [ 255079.919871447869809, 7041442.556729825213552 ], [ 255074.916680857917527, 7041442.556729825213552 ], [ 255074.916680857917527, 7041437.553539235144854 ], [ 255069.913490267965244, 7041437.553539235144854 ], [ 255069.913490267965244, 7041432.550348645076156 ], [ 255064.910299678012962, 7041432.550348645076156 ], [ 255064.910299678012962, 7041427.547158055007458 ], [ 255059.907109088089783, 7041427.547158055007458 ], [ 255059.907109088089783, 7041422.54396746493876 ], [ 255054.9039184981375, 7041422.54396746493876 ], [ 255054.9039184981375, 7041417.540776874870062 ], [ 255049.900727908185218, 7041417.540776874870062 ], [ 255049.900727908185218, 7041412.537586284801364 ], [ 255044.897537318232935, 7041412.537586284801364 ], [ 255044.897537318232935, 7041407.534395694732666 ], [ 255039.894346728280652, 7041407.534395694732666 ], [ 255039.894346728280652, 7041402.531205105595291 ], [ 255034.89115613832837, 7041402.531205105595291 ], [ 255034.89115613832837, 7041397.528014515526593 ], [ 255029.887965548405191, 7041397.528014515526593 ], [ 255029.887965548405191, 7041367.508870975114405 ], [ 255024.884774958452908, 7041367.508870975114405 ], [ 255024.884774958452908, 7041362.50568038597703 ], [ 255019.881584368500626, 7041362.50568038597703 ], [ 255019.881584368500626, 7041357.502489795908332 ], [ 255014.878393778548343, 7041357.502489795908332 ], [ 255014.878393778548343, 7041352.499299205839634 ], [ 255004.872012598672882, 7041352.499299205839634 ], [ 255004.872012598672882, 7041347.496108615770936 ], [ 254999.868822008720599, 7041347.496108615770936 ], [ 254999.868822008720599, 7041342.492918025702238 ], [ 254994.865631418768317, 7041342.492918025702238 ], [ 254994.865631418768317, 7041337.48972743563354 ], [ 254989.862440828816034, 7041337.48972743563354 ], [ 254989.862440828816034, 7041332.486536845564842 ], [ 254984.859250238863751, 7041332.486536845564842 ], [ 254984.859250238863751, 7041327.483346256427467 ], [ 254979.856059648911469, 7041327.483346256427467 ], [ 254979.856059648911469, 7041322.480155666358769 ], [ 254974.85286905898829, 7041322.480155666358769 ], [ 254974.85286905898829, 7041317.476965076290071 ], [ 254969.849678469036007, 7041317.476965076290071 ], [ 254969.849678469036007, 7041312.473774486221373 ], [ 254964.846487879083725, 7041312.473774486221373 ], [ 254964.846487879083725, 7041307.470583896152675 ], [ 254959.843297289131442, 7041307.470583896152675 ], [ 254959.843297289131442, 7041302.467393306083977 ], [ 254954.840106699179159, 7041302.467393306083977 ], [ 254954.840106699179159, 7041297.464202716015279 ], [ 254949.836916109255981, 7041297.464202716015279 ], [ 254949.836916109255981, 7041292.461012125946581 ], [ 254944.833725519303698, 7041292.461012125946581 ], [ 254944.833725519303698, 7041287.457821536809206 ], [ 254939.830534929351415, 7041287.457821536809206 ], [ 254939.830534929351415, 7041282.454630946740508 ], [ 254934.827344339399133, 7041282.454630946740508 ], [ 254934.827344339399133, 7041277.45144035667181 ], [ 254929.82415374944685, 7041277.45144035667181 ], [ 254929.82415374944685, 7041272.448249766603112 ], [ 254924.820963159494568, 7041272.448249766603112 ], [ 254924.820963159494568, 7041262.441868586465716 ], [ 254929.82415374944685, 7041262.441868586465716 ], [ 254929.82415374944685, 7041257.438677996397018 ], [ 254934.827344339399133, 7041257.438677996397018 ], [ 254934.827344339399133, 7041247.432296817190945 ], [ 254929.82415374944685, 7041247.432296817190945 ], [ 254929.82415374944685, 7041242.429106227122247 ], [ 254924.820963159494568, 7041242.429106227122247 ], [ 254924.820963159494568, 7041237.425915637053549 ], [ 254919.817772569571389, 7041237.425915637053549 ], [ 254919.817772569571389, 7041232.422725046984851 ], [ 254914.814581979619106, 7041232.422725046984851 ], [ 254914.814581979619106, 7041227.419534456916153 ], [ 254909.811391389666824, 7041227.419534456916153 ], [ 254909.811391389666824, 7041222.416343866847456 ], [ 254904.808200799714541, 7041222.416343866847456 ], [ 254904.808200799714541, 7041217.413153276778758 ], [ 254899.805010209762258, 7041217.413153276778758 ], [ 254899.805010209762258, 7041212.409962687641382 ], [ 254894.80181961983908, 7041212.409962687641382 ], [ 254894.80181961983908, 7041207.406772097572684 ], [ 254889.798629029886797, 7041207.406772097572684 ], [ 254889.798629029886797, 7041202.403581507503986 ], [ 254884.795438439934514, 7041202.403581507503986 ], [ 254884.795438439934514, 7041192.39720032736659 ], [ 254879.792247849982232, 7041192.39720032736659 ], [ 254879.792247849982232, 7041187.394009737297893 ], [ 254874.789057260029949, 7041187.394009737297893 ], [ 254874.789057260029949, 7041182.390819147229195 ], [ 254869.785866670077667, 7041182.390819147229195 ], [ 254869.785866670077667, 7041177.387628557160497 ], [ 254864.782676080154488, 7041177.387628557160497 ], [ 254864.782676080154488, 7041172.384437968023121 ], [ 254859.779485490202205, 7041172.384437968023121 ], [ 254859.779485490202205, 7041167.381247377954423 ], [ 254854.776294900249923, 7041167.381247377954423 ], [ 254854.776294900249923, 7041162.378056787885725 ], [ 254849.77310431029764, 7041162.378056787885725 ], [ 254849.77310431029764, 7041157.374866197817028 ], [ 254844.769913720345357, 7041157.374866197817028 ], [ 254844.769913720345357, 7041152.37167560774833 ], [ 254839.766723130422179, 7041152.37167560774833 ], [ 254839.766723130422179, 7041147.368485017679632 ], [ 254834.763532540469896, 7041147.368485017679632 ], [ 254834.763532540469896, 7041142.365294427610934 ], [ 254829.760341950517613, 7041142.365294427610934 ], [ 254829.760341950517613, 7041137.362103838473558 ], [ 254824.757151360565331, 7041137.362103838473558 ], [ 254824.757151360565331, 7041132.35891324840486 ], [ 254819.753960770613048, 7041132.35891324840486 ], [ 254819.753960770613048, 7041122.352532068267465 ], [ 254814.750770180660766, 7041122.352532068267465 ], [ 254814.750770180660766, 7041117.349341478198767 ], [ 254809.747579590737587, 7041117.349341478198767 ], [ 254809.747579590737587, 7041112.346150888130069 ], [ 254804.744389000785304, 7041112.346150888130069 ], [ 254804.744389000785304, 7041107.342960298061371 ], [ 254799.741198410833022, 7041107.342960298061371 ], [ 254799.741198410833022, 7041102.339769707992673 ], [ 254794.738007820880739, 7041102.339769707992673 ], [ 254794.738007820880739, 7041097.336579118855298 ], [ 254789.734817230928456, 7041097.336579118855298 ], [ 254789.734817230928456, 7041092.3333885287866 ], [ 254784.731626641005278, 7041092.3333885287866 ], [ 254784.731626641005278, 7041087.330197938717902 ], [ 254779.728436051052995, 7041087.330197938717902 ], [ 254779.728436051052995, 7041082.327007348649204 ], [ 254774.725245461100712, 7041082.327007348649204 ], [ 254774.725245461100712, 7041077.323816758580506 ], [ 254769.72205487114843, 7041077.323816758580506 ], [ 254769.72205487114843, 7041072.320626168511808 ], [ 254764.718864281196147, 7041072.320626168511808 ], [ 254764.718864281196147, 7041067.31743557844311 ], [ 254759.715673691243865, 7041067.31743557844311 ], [ 254759.715673691243865, 7041062.314244988374412 ], [ 254754.712483101320686, 7041062.314244988374412 ], [ 254754.712483101320686, 7041037.298292038962245 ], [ 254749.709292511368403, 7041037.298292038962245 ], [ 254749.709292511368403, 7041032.295101448893547 ], [ 254744.706101921416121, 7041032.295101448893547 ], [ 254744.706101921416121, 7041027.291910858824849 ], [ 254739.702911331463838, 7041027.291910858824849 ], [ 254739.702911331463838, 7041022.288720269687474 ], [ 254734.699720741511555, 7041022.288720269687474 ], [ 254734.699720741511555, 7041017.285529679618776 ], [ 254729.696530151588377, 7041017.285529679618776 ], [ 254729.696530151588377, 7041012.282339089550078 ], [ 254724.693339561636094, 7041012.282339089550078 ], [ 254724.693339561636094, 7041007.27914849948138 ], [ 254719.690148971683811, 7041007.27914849948138 ], [ 254719.690148971683811, 7041002.275957909412682 ], [ 254714.686958381731529, 7041002.275957909412682 ], [ 254714.686958381731529, 7040997.272767319343984 ], [ 254709.683767791779246, 7040997.272767319343984 ], [ 254709.683767791779246, 7040992.269576729275286 ], [ 254704.680577201856067, 7040992.269576729275286 ], [ 254704.680577201856067, 7040987.266386139206588 ], [ 254699.677386611903785, 7040987.266386139206588 ], [ 254699.677386611903785, 7040982.263195550069213 ], [ 254694.674196021951502, 7040982.263195550069213 ], [ 254694.674196021951502, 7040977.260004960000515 ], [ 254689.67100543199922, 7040977.260004960000515 ], [ 254689.67100543199922, 7040972.256814369931817 ], [ 254684.667814842046937, 7040972.256814369931817 ], [ 254684.667814842046937, 7040967.253623779863119 ], [ 254679.664624252094654, 7040967.253623779863119 ], [ 254679.664624252094654, 7040962.250433189794421 ], [ 254674.661433662171476, 7040962.250433189794421 ], [ 254674.661433662171476, 7040957.247242599725723 ], [ 254669.658243072219193, 7040957.247242599725723 ], [ 254669.658243072219193, 7040952.244052009657025 ], [ 254664.65505248226691, 7040952.244052009657025 ], [ 254664.65505248226691, 7040947.240861419588327 ], [ 254659.651861892314628, 7040947.240861419588327 ], [ 254659.651861892314628, 7040942.237670830450952 ], [ 254654.648671302362345, 7040942.237670830450952 ], [ 254654.648671302362345, 7040937.234480240382254 ], [ 254649.645480712439166, 7040937.234480240382254 ], [ 254649.645480712439166, 7040932.231289650313556 ], [ 254644.642290122486884, 7040932.231289650313556 ], [ 254644.642290122486884, 7040927.228099060244858 ], [ 254639.639099532534601, 7040927.228099060244858 ], [ 254639.639099532534601, 7040922.22490847017616 ], [ 254634.635908942582319, 7040922.22490847017616 ], [ 254634.635908942582319, 7040917.221717880107462 ], [ 254629.632718352630036, 7040917.221717880107462 ], [ 254629.632718352630036, 7040912.218527290038764 ], [ 254624.629527762677753, 7040912.218527290038764 ], [ 254624.629527762677753, 7040907.215336700901389 ], [ 254619.626337172754575, 7040907.215336700901389 ], [ 254619.626337172754575, 7040897.208955520763993 ], [ 254614.623146582802292, 7040897.208955520763993 ], [ 254614.623146582802292, 7040892.205764930695295 ], [ 254609.619955992850009, 7040892.205764930695295 ], [ 254609.619955992850009, 7040887.202574340626597 ], [ 254604.616765402897727, 7040887.202574340626597 ], [ 254604.616765402897727, 7040882.199383750557899 ], [ 254599.613574812945444, 7040882.199383750557899 ], [ 254599.613574812945444, 7040877.196193160489202 ], [ 254594.610384223022265, 7040877.196193160489202 ], [ 254594.610384223022265, 7040872.193002570420504 ], [ 254589.607193633069983, 7040872.193002570420504 ], [ 254589.607193633069983, 7040867.189811981283128 ], [ 254584.6040030431177, 7040867.189811981283128 ], [ 254584.6040030431177, 7040862.18662139121443 ], [ 254579.600812453165418, 7040862.18662139121443 ], [ 254579.600812453165418, 7040857.183430801145732 ], [ 254574.597621863213135, 7040857.183430801145732 ], [ 254574.597621863213135, 7040852.180240211077034 ], [ 254569.594431273260852, 7040852.180240211077034 ], [ 254569.594431273260852, 7040847.177049621008337 ], [ 254554.584859503433108, 7040847.177049621008337 ], [ 254554.584859503433108, 7040842.173859030939639 ], [ 254549.581668913480826, 7040842.173859030939639 ], [ 254549.581668913480826, 7040837.170668440870941 ], [ 254544.578478323528543, 7040837.170668440870941 ], [ 254544.578478323528543, 7040832.167477850802243 ], [ 254539.575287733605364, 7040832.167477850802243 ], [ 254539.575287733605364, 7040827.164287261664867 ], [ 254534.572097143653082, 7040827.164287261664867 ], [ 254534.572097143653082, 7040822.161096671596169 ], [ 254529.568906553700799, 7040822.161096671596169 ], [ 254529.568906553700799, 7040817.157906081527472 ], [ 254524.565715963748517, 7040817.157906081527472 ], [ 254524.565715963748517, 7040812.154715491458774 ], [ 254519.562525373796234, 7040812.154715491458774 ], [ 254519.562525373796234, 7040807.151524901390076 ], [ 254514.559334783843951, 7040807.151524901390076 ], [ 254514.559334783843951, 7040802.148334311321378 ], [ 254509.556144193920773, 7040802.148334311321378 ], [ 254509.556144193920773, 7040797.14514372125268 ], [ 254504.55295360396849, 7040797.14514372125268 ], [ 254504.55295360396849, 7040792.141953132115304 ], [ 254499.549763014016207, 7040792.141953132115304 ], [ 254499.549763014016207, 7040787.138762542046607 ], [ 254494.546572424063925, 7040787.138762542046607 ], [ 254494.546572424063925, 7040782.135571951977909 ], [ 254489.543381834111642, 7040782.135571951977909 ], [ 254489.543381834111642, 7040777.132381361909211 ], [ 254484.540191244188463, 7040777.132381361909211 ], [ 254484.540191244188463, 7040772.129190771840513 ], [ 254479.537000654236181, 7040772.129190771840513 ], [ 254479.537000654236181, 7040757.119619001634419 ], [ 254474.533810064283898, 7040757.119619001634419 ], [ 254474.533810064283898, 7040752.116428412497044 ], [ 254469.530619474331615, 7040752.116428412497044 ], [ 254469.530619474331615, 7040747.113237822428346 ], [ 254464.527428884379333, 7040747.113237822428346 ], [ 254464.527428884379333, 7040742.110047232359648 ], [ 254459.52423829442705, 7040742.110047232359648 ], [ 254459.52423829442705, 7040737.10685664229095 ], [ 254454.521047704503872, 7040737.10685664229095 ], [ 254454.521047704503872, 7040732.103666052222252 ], [ 254449.517857114551589, 7040732.103666052222252 ], [ 254449.517857114551589, 7040727.100475462153554 ], [ 254444.514666524599306, 7040727.100475462153554 ], [ 254444.514666524599306, 7040722.097284872084856 ], [ 254439.511475934647024, 7040722.097284872084856 ], [ 254439.511475934647024, 7040717.094094282016158 ], [ 254434.508285344694741, 7040717.094094282016158 ], [ 254434.508285344694741, 7040712.090903692878783 ], [ 254429.505094754771562, 7040712.090903692878783 ], [ 254429.505094754771562, 7040707.087713102810085 ], [ 254424.50190416481928, 7040707.087713102810085 ], [ 254424.50190416481928, 7040687.074950742535293 ], [ 254429.505094754771562, 7040687.074950742535293 ], [ 254429.505094754771562, 7040682.071760152466595 ], [ 254434.508285344694741, 7040682.071760152466595 ], [ 254434.508285344694741, 7040677.06856956332922 ], [ 254439.511475934647024, 7040677.06856956332922 ], [ 254439.511475934647024, 7040672.065378973260522 ], [ 254434.508285344694741, 7040672.065378973260522 ], [ 254434.508285344694741, 7040667.062188383191824 ], [ 254429.505094754771562, 7040667.062188383191824 ], [ 254429.505094754771562, 7040662.058997793123126 ], [ 254424.50190416481928, 7040662.058997793123126 ], [ 254424.50190416481928, 7040657.055807203054428 ], [ 254419.498713574866997, 7040657.055807203054428 ], [ 254419.498713574866997, 7040652.05261661298573 ], [ 254414.495522984914714, 7040652.05261661298573 ], [ 254414.495522984914714, 7040647.049426022917032 ], [ 254409.492332394962432, 7040647.049426022917032 ], [ 254409.492332394962432, 7040642.046235432848334 ], [ 254404.489141805010149, 7040642.046235432848334 ], [ 254404.489141805010149, 7040632.039854253642261 ], [ 254399.48595121508697, 7040632.039854253642261 ], [ 254399.48595121508697, 7040627.036663663573563 ], [ 254394.482760625134688, 7040627.036663663573563 ], [ 254394.482760625134688, 7040622.033473073504865 ], [ 254389.479570035182405, 7040622.033473073504865 ], [ 254389.479570035182405, 7040617.030282483436167 ], [ 254384.476379445230123, 7040617.030282483436167 ], [ 254384.476379445230123, 7040612.027091893367469 ], [ 254379.47318885527784, 7040612.027091893367469 ], [ 254379.47318885527784, 7040607.023901303298771 ], [ 254374.469998265354661, 7040607.023901303298771 ], [ 254374.469998265354661, 7040602.020710713230073 ], [ 254369.466807675402379, 7040602.020710713230073 ], [ 254369.466807675402379, 7040597.017520124092698 ], [ 254364.463617085450096, 7040597.017520124092698 ], [ 254364.463617085450096, 7040592.014329534024 ], [ 254359.460426495497813, 7040592.014329534024 ], [ 254359.460426495497813, 7040587.011138943955302 ], [ 254354.457235905545531, 7040587.011138943955302 ], [ 254354.457235905545531, 7040582.007948353886604 ], [ 254349.454045315593248, 7040582.007948353886604 ], [ 254349.454045315593248, 7040577.004757763817906 ], [ 254339.447664135717787, 7040577.004757763817906 ], [ 254339.447664135717787, 7040572.001567173749208 ], [ 254334.444473545765504, 7040572.001567173749208 ], [ 254334.444473545765504, 7040566.998376583680511 ], [ 254329.441282955813222, 7040566.998376583680511 ], [ 254329.441282955813222, 7040561.995185994543135 ], [ 254324.438092365860939, 7040561.995185994543135 ], [ 254324.438092365860939, 7040556.991995404474437 ], [ 254319.43490177593776, 7040556.991995404474437 ], [ 254319.43490177593776, 7040551.988804814405739 ], [ 254314.431711185985478, 7040551.988804814405739 ], [ 254314.431711185985478, 7040546.985614224337041 ], [ 254309.428520596033195, 7040546.985614224337041 ], [ 254309.428520596033195, 7040541.982423634268343 ], [ 254304.425330006080912, 7040541.982423634268343 ], [ 254304.425330006080912, 7040536.979233044199646 ], [ 254299.42213941612863, 7040536.979233044199646 ], [ 254299.42213941612863, 7040531.976042454130948 ], [ 254294.418948826176347, 7040531.976042454130948 ], [ 254294.418948826176347, 7040526.97285186406225 ], [ 254289.415758236253168, 7040526.97285186406225 ], [ 254289.415758236253168, 7040521.969661274924874 ], [ 254284.412567646300886, 7040521.969661274924874 ], [ 254284.412567646300886, 7040516.966470684856176 ], [ 254279.409377056348603, 7040516.966470684856176 ], [ 254279.409377056348603, 7040511.963280094787478 ], [ 254274.406186466396321, 7040511.963280094787478 ], [ 254274.406186466396321, 7040506.960089504718781 ], [ 254269.402995876444038, 7040506.960089504718781 ], [ 254269.402995876444038, 7040501.956898914650083 ], [ 254264.399805286520859, 7040501.956898914650083 ], [ 254264.399805286520859, 7040491.950517734512687 ], [ 254259.396614696568577, 7040491.950517734512687 ], [ 254259.396614696568577, 7040486.947327144443989 ], [ 254254.393424106616294, 7040486.947327144443989 ], [ 254254.393424106616294, 7040481.944136555306613 ], [ 254249.390233516664011, 7040481.944136555306613 ], [ 254249.390233516664011, 7040476.940945965237916 ], [ 254244.387042926711729, 7040476.940945965237916 ], [ 254244.387042926711729, 7040471.937755375169218 ], [ 254239.383852336759446, 7040471.937755375169218 ], [ 254239.383852336759446, 7040466.93456478510052 ], [ 254234.380661746836267, 7040466.93456478510052 ], [ 254234.380661746836267, 7040461.931374195031822 ], [ 254229.377471156883985, 7040461.931374195031822 ], [ 254229.377471156883985, 7040456.928183604963124 ], [ 254224.374280566931702, 7040456.928183604963124 ], [ 254224.374280566931702, 7040451.924993014894426 ], [ 254209.364708797103958, 7040451.924993014894426 ], [ 254209.364708797103958, 7040446.921802425757051 ], [ 254204.361518207151676, 7040446.921802425757051 ], [ 254204.361518207151676, 7040441.918611835688353 ], [ 254199.358327617199393, 7040441.918611835688353 ], [ 254199.358327617199393, 7040436.915421245619655 ], [ 254194.35513702724711, 7040436.915421245619655 ], [ 254194.35513702724711, 7040431.912230655550957 ], [ 254189.351946437294828, 7040431.912230655550957 ], [ 254189.351946437294828, 7040426.909040065482259 ], [ 254184.348755847342545, 7040426.909040065482259 ], [ 254184.348755847342545, 7040421.905849475413561 ], [ 254179.345565257419366, 7040421.905849475413561 ], [ 254179.345565257419366, 7040416.902658885344863 ], [ 254174.342374667467084, 7040416.902658885344863 ], [ 254174.342374667467084, 7040411.899468295276165 ], [ 254169.339184077514801, 7040411.899468295276165 ], [ 254169.339184077514801, 7040406.89627770613879 ], [ 254164.335993487562519, 7040406.89627770613879 ], [ 254164.335993487562519, 7040401.893087116070092 ], [ 254159.332802897610236, 7040401.893087116070092 ], [ 254159.332802897610236, 7040396.889896526001394 ], [ 254154.329612307687057, 7040396.889896526001394 ], [ 254154.329612307687057, 7040391.886705935932696 ], [ 254139.320040537830209, 7040391.886705935932696 ], [ 254139.320040537830209, 7040386.883515345863998 ], [ 254134.316849947877927, 7040386.883515345863998 ], [ 254134.316849947877927, 7040381.8803247557953 ], [ 254129.313659357925644, 7040381.8803247557953 ], [ 254129.313659357925644, 7040376.877134165726602 ], [ 254124.310468768002465, 7040376.877134165726602 ], [ 254124.310468768002465, 7040371.873943575657904 ], [ 254119.307278178050183, 7040371.873943575657904 ], [ 254119.307278178050183, 7040366.870752986520529 ], [ 254114.3040875880979, 7040366.870752986520529 ], [ 254114.3040875880979, 7040361.867562396451831 ], [ 254109.300896998145618, 7040361.867562396451831 ], [ 254109.300896998145618, 7040356.864371806383133 ], [ 254104.297706408193335, 7040356.864371806383133 ], [ 254104.297706408193335, 7040351.861181216314435 ], [ 254099.294515818270156, 7040351.861181216314435 ], [ 254099.294515818270156, 7040346.857990626245737 ], [ 254094.291325228317874, 7040346.857990626245737 ], [ 254094.291325228317874, 7040341.854800036177039 ], [ 254089.288134638365591, 7040341.854800036177039 ], [ 254089.288134638365591, 7040336.851609446108341 ], [ 254084.284944048413308, 7040336.851609446108341 ], [ 254084.284944048413308, 7040331.848418856970966 ], [ 254079.281753458461026, 7040331.848418856970966 ], [ 254079.281753458461026, 7040326.845228266902268 ], [ 254074.278562868508743, 7040326.845228266902268 ], [ 254074.278562868508743, 7040331.848418856970966 ], [ 254064.272181688633282, 7040331.848418856970966 ], [ 254064.272181688633282, 7040326.845228266902268 ], [ 254054.265800508728717, 7040326.845228266902268 ], [ 254054.265800508728717, 7040331.848418856970966 ], [ 254049.262609918776434, 7040331.848418856970966 ], [ 254049.262609918776434, 7040336.851609446108341 ], [ 254044.259419328853255, 7040336.851609446108341 ], [ 254044.259419328853255, 7040341.854800036177039 ], [ 254039.256228738900973, 7040341.854800036177039 ], [ 254039.256228738900973, 7040336.851609446108341 ], [ 254029.249847558996407, 7040336.851609446108341 ], [ 254029.249847558996407, 7040331.848418856970966 ], [ 254024.246656969044125, 7040331.848418856970966 ], [ 254024.246656969044125, 7040326.845228266902268 ], [ 254019.243466379091842, 7040326.845228266902268 ], [ 254019.243466379091842, 7040321.84203767683357 ], [ 254014.240275789168663, 7040321.84203767683357 ], [ 254014.240275789168663, 7040316.838847086764872 ], [ 254009.237085199216381, 7040316.838847086764872 ], [ 254009.237085199216381, 7040311.835656496696174 ], [ 254004.233894609264098, 7040311.835656496696174 ], [ 254004.233894609264098, 7040306.832465906627476 ], [ 253999.230704019311816, 7040306.832465906627476 ], [ 253999.230704019311816, 7040301.829275316558778 ], [ 253994.227513429359533, 7040301.829275316558778 ], [ 253994.227513429359533, 7040296.82608472649008 ], [ 253989.224322839436354, 7040296.82608472649008 ], [ 253989.224322839436354, 7040291.822894137352705 ], [ 253984.221132249484072, 7040291.822894137352705 ], [ 253984.221132249484072, 7040286.819703547284007 ], [ 253979.217941659531789, 7040286.819703547284007 ], [ 253979.217941659531789, 7040281.816512957215309 ], [ 253974.214751069579506, 7040281.816512957215309 ], [ 253974.214751069579506, 7040276.813322367146611 ], [ 253969.211560479627224, 7040276.813322367146611 ], [ 253969.211560479627224, 7040271.810131777077913 ], [ 253964.208369889674941, 7040271.810131777077913 ], [ 253964.208369889674941, 7040266.806941187009215 ], [ 253959.205179299751762, 7040266.806941187009215 ], [ 253959.205179299751762, 7040251.797369417734444 ], [ 253954.20198870979948, 7040251.797369417734444 ], [ 253954.20198870979948, 7040246.794178827665746 ], [ 253949.198798119847197, 7040246.794178827665746 ], [ 253949.198798119847197, 7040241.790988237597048 ], [ 253944.195607529894914, 7040241.790988237597048 ], [ 253944.195607529894914, 7040246.794178827665746 ], [ 253939.192416939942632, 7040246.794178827665746 ], [ 253939.192416939942632, 7040251.797369417734444 ], [ 253924.182845170114888, 7040251.797369417734444 ], [ 253924.182845170114888, 7040246.794178827665746 ], [ 253919.179654580162605, 7040246.794178827665746 ], [ 253919.179654580162605, 7040241.790988237597048 ], [ 253914.176463990210323, 7040241.790988237597048 ], [ 253914.176463990210323, 7040236.78779764752835 ], [ 253909.17327340025804, 7040236.78779764752835 ], [ 253909.17327340025804, 7040231.784607057459652 ], [ 253904.170082810334861, 7040231.784607057459652 ], [ 253904.170082810334861, 7040226.781416467390954 ], [ 253899.166892220382579, 7040226.781416467390954 ], [ 253899.166892220382579, 7040221.778225877322257 ], [ 253894.163701630430296, 7040221.778225877322257 ], [ 253894.163701630430296, 7040216.775035288184881 ], [ 253889.160511040478013, 7040216.775035288184881 ], [ 253889.160511040478013, 7040211.771844698116183 ], [ 253884.157320450525731, 7040211.771844698116183 ], [ 253884.157320450525731, 7040206.768654108047485 ], [ 253879.154129860602552, 7040206.768654108047485 ], [ 253879.154129860602552, 7040201.765463517978787 ], [ 253874.150939270650269, 7040201.765463517978787 ], [ 253874.150939270650269, 7040196.762272927910089 ], [ 253864.144558090745704, 7040196.762272927910089 ], [ 253864.144558090745704, 7040201.765463517978787 ], [ 253859.141367500793422, 7040201.765463517978787 ], [ 253859.141367500793422, 7040196.762272927910089 ], [ 253849.13498632091796, 7040196.762272927910089 ], [ 253849.13498632091796, 7040191.759082337841392 ], [ 253844.131795730965678, 7040191.759082337841392 ], [ 253844.131795730965678, 7040186.755891747772694 ], [ 253839.128605141013395, 7040186.755891747772694 ], [ 253839.128605141013395, 7040181.752701157703996 ], [ 253834.125414551061112, 7040181.752701157703996 ], [ 253834.125414551061112, 7040176.74951056856662 ], [ 253829.12222396110883, 7040176.74951056856662 ], [ 253829.12222396110883, 7040171.746319978497922 ], [ 253824.119033371185651, 7040171.746319978497922 ], [ 253824.119033371185651, 7040166.743129388429224 ], [ 253819.115842781233368, 7040166.743129388429224 ], [ 253819.115842781233368, 7040161.739938798360527 ], [ 253814.112652191281086, 7040161.739938798360527 ], [ 253814.112652191281086, 7040156.736748208291829 ], [ 253809.109461601328803, 7040156.736748208291829 ], [ 253809.109461601328803, 7040151.733557618223131 ], [ 253804.106271011376521, 7040151.733557618223131 ], [ 253804.106271011376521, 7040146.730367028154433 ], [ 253799.103080421424238, 7040146.730367028154433 ], [ 253799.103080421424238, 7040141.727176439017057 ], [ 253794.099889831501059, 7040141.727176439017057 ], [ 253794.099889831501059, 7040136.723985848948359 ], [ 253789.096699241548777, 7040136.723985848948359 ], [ 253789.096699241548777, 7040131.720795258879662 ], [ 253784.093508651596494, 7040131.720795258879662 ], [ 253784.093508651596494, 7040126.717604668810964 ], [ 253779.090318061644211, 7040126.717604668810964 ], [ 253779.090318061644211, 7040106.704842308536172 ], [ 253784.093508651596494, 7040106.704842308536172 ], [ 253784.093508651596494, 7040096.698461129330099 ], [ 253779.090318061644211, 7040096.698461129330099 ], [ 253779.090318061644211, 7040091.695270539261401 ], [ 253774.087127471691929, 7040091.695270539261401 ], [ 253774.087127471691929, 7040086.692079949192703 ], [ 253769.08393688176875, 7040086.692079949192703 ], [ 253769.08393688176875, 7040081.688889359124005 ], [ 253764.080746291816467, 7040081.688889359124005 ], [ 253764.080746291816467, 7040076.685698769055307 ], [ 253759.077555701864185, 7040076.685698769055307 ], [ 253759.077555701864185, 7040056.672936409711838 ], [ 253764.080746291816467, 7040056.672936409711838 ], [ 253764.080746291816467, 7040051.66974581964314 ], [ 253769.08393688176875, 7040051.66974581964314 ], [ 253769.08393688176875, 7040046.666555229574442 ], [ 253764.080746291816467, 7040046.666555229574442 ], [ 253764.080746291816467, 7040041.663364639505744 ], [ 253759.077555701864185, 7040041.663364639505744 ], [ 253759.077555701864185, 7040036.660174049437046 ], [ 253754.074365111911902, 7040036.660174049437046 ], [ 253754.074365111911902, 7040031.656983459368348 ], [ 253749.07117452195962, 7040031.656983459368348 ], [ 253749.07117452195962, 7040026.653792870230973 ], [ 253744.067983932007337, 7040026.653792870230973 ], [ 253744.067983932007337, 7040021.650602280162275 ], [ 253739.064793342084158, 7040021.650602280162275 ], [ 253739.064793342084158, 7040016.647411690093577 ], [ 253734.061602752131876, 7040016.647411690093577 ], [ 253734.061602752131876, 7040011.644221100024879 ], [ 253729.058412162179593, 7040011.644221100024879 ], [ 253729.058412162179593, 7040006.641030509956181 ], [ 253724.05522157222731, 7040006.641030509956181 ], [ 253724.05522157222731, 7040001.637839919887483 ], [ 253719.052030982275028, 7040001.637839919887483 ], [ 253719.052030982275028, 7039976.621886970475316 ], [ 253714.048840392351849, 7039976.621886970475316 ], [ 253714.048840392351849, 7039971.618696380406618 ], [ 253709.045649802399566, 7039971.618696380406618 ], [ 253709.045649802399566, 7039966.61550579033792 ], [ 253704.042459212447284, 7039966.61550579033792 ], [ 253704.042459212447284, 7039961.612315200269222 ], [ 253699.039268622495001, 7039961.612315200269222 ], [ 253699.039268622495001, 7039956.609124610200524 ], [ 253694.036078032542719, 7039956.609124610200524 ], [ 253694.036078032542719, 7039951.605934020131826 ], [ 253689.032887442590436, 7039951.605934020131826 ], [ 253689.032887442590436, 7039946.602743430994451 ], [ 253684.029696852667257, 7039946.602743430994451 ], [ 253684.029696852667257, 7039941.599552840925753 ], [ 253679.026506262714975, 7039941.599552840925753 ], [ 253679.026506262714975, 7039936.596362250857055 ], [ 253674.023315672762692, 7039936.596362250857055 ], [ 253674.023315672762692, 7039931.593171660788357 ], [ 253669.020125082810409, 7039931.593171660788357 ], [ 253669.020125082810409, 7039926.589981070719659 ], [ 253664.016934492858127, 7039926.589981070719659 ], [ 253664.016934492858127, 7039921.586790480650961 ], [ 253659.013743902934948, 7039921.586790480650961 ], [ 253659.013743902934948, 7039901.574028121307492 ], [ 253664.016934492858127, 7039901.574028121307492 ], [ 253664.016934492858127, 7039896.570837531238794 ], [ 253669.020125082810409, 7039896.570837531238794 ], [ 253669.020125082810409, 7039891.567646941170096 ], [ 253674.023315672762692, 7039891.567646941170096 ], [ 253674.023315672762692, 7039886.564456351101398 ], [ 253669.020125082810409, 7039886.564456351101398 ], [ 253669.020125082810409, 7039881.561265761032701 ], [ 253664.016934492858127, 7039881.561265761032701 ], [ 253664.016934492858127, 7039876.558075170964003 ], [ 253659.013743902934948, 7039876.558075170964003 ], [ 253659.013743902934948, 7039871.554884581826627 ], [ 253654.010553312982665, 7039871.554884581826627 ], [ 253654.010553312982665, 7039866.551693991757929 ], [ 253649.007362723030383, 7039866.551693991757929 ], [ 253649.007362723030383, 7039861.548503401689231 ], [ 253644.0041721330781, 7039861.548503401689231 ], [ 253644.0041721330781, 7039856.545312811620533 ], [ 253639.000981543125818, 7039856.545312811620533 ], [ 253639.000981543125818, 7039851.542122221551836 ], [ 253633.997790953173535, 7039851.542122221551836 ], [ 253633.997790953173535, 7039846.538931631483138 ], [ 253628.994600363250356, 7039846.538931631483138 ], [ 253628.994600363250356, 7039841.53574104141444 ], [ 253623.991409773298074, 7039841.53574104141444 ], [ 253623.991409773298074, 7039836.532550451345742 ], [ 253618.988219183345791, 7039836.532550451345742 ], [ 253618.988219183345791, 7039831.529359862208366 ], [ 253613.985028593393508, 7039831.529359862208366 ], [ 253613.985028593393508, 7039816.519788092002273 ], [ 253618.988219183345791, 7039816.519788092002273 ], [ 253618.988219183345791, 7039811.516597501933575 ], [ 253623.991409773298074, 7039811.516597501933575 ], [ 253623.991409773298074, 7039806.513406911864877 ], [ 253628.994600363250356, 7039806.513406911864877 ], [ 253628.994600363250356, 7039801.510216321796179 ], [ 253633.997790953173535, 7039801.510216321796179 ], [ 253633.997790953173535, 7039796.507025732658803 ], [ 253628.994600363250356, 7039796.507025732658803 ], [ 253628.994600363250356, 7039791.503835142590106 ], [ 253623.991409773298074, 7039791.503835142590106 ], [ 253623.991409773298074, 7039786.500644552521408 ], [ 253618.988219183345791, 7039786.500644552521408 ], [ 253618.988219183345791, 7039781.49745396245271 ], [ 253613.985028593393508, 7039781.49745396245271 ], [ 253613.985028593393508, 7039776.494263372384012 ], [ 253608.981838003441226, 7039776.494263372384012 ], [ 253608.981838003441226, 7039771.491072782315314 ], [ 253603.978647413518047, 7039771.491072782315314 ], [ 253603.978647413518047, 7039766.487882192246616 ], [ 253598.975456823565764, 7039766.487882192246616 ], [ 253598.975456823565764, 7039761.484691602177918 ], [ 253593.972266233613482, 7039761.484691602177918 ], [ 253593.972266233613482, 7039756.481501013040543 ], [ 253588.969075643661199, 7039756.481501013040543 ], [ 253588.969075643661199, 7039751.478310422971845 ], [ 253583.965885053708917, 7039751.478310422971845 ], [ 253583.965885053708917, 7039746.475119832903147 ], [ 253578.962694463756634, 7039746.475119832903147 ], [ 253578.962694463756634, 7039726.462357472628355 ], [ 253583.965885053708917, 7039726.462357472628355 ], [ 253583.965885053708917, 7039721.459166882559657 ], [ 253588.969075643661199, 7039721.459166882559657 ], [ 253588.969075643661199, 7039716.455976293422282 ], [ 253593.972266233613482, 7039716.455976293422282 ], [ 253593.972266233613482, 7039711.452785703353584 ], [ 253598.975456823565764, 7039711.452785703353584 ], [ 253598.975456823565764, 7039706.449595113284886 ], [ 253603.978647413518047, 7039706.449595113284886 ], [ 253603.978647413518047, 7039701.446404523216188 ], [ 253608.981838003441226, 7039701.446404523216188 ], [ 253608.981838003441226, 7039696.44321393314749 ], [ 253613.985028593393508, 7039696.44321393314749 ], [ 253613.985028593393508, 7039686.436832753010094 ], [ 253608.981838003441226, 7039686.436832753010094 ], [ 253608.981838003441226, 7039681.433642163872719 ], [ 253603.978647413518047, 7039681.433642163872719 ], [ 253603.978647413518047, 7039676.430451573804021 ], [ 253598.975456823565764, 7039676.430451573804021 ], [ 253598.975456823565764, 7039671.427260983735323 ], [ 253593.972266233613482, 7039671.427260983735323 ], [ 253593.972266233613482, 7039666.424070393666625 ], [ 253588.969075643661199, 7039666.424070393666625 ], [ 253588.969075643661199, 7039661.420879803597927 ], [ 253583.965885053708917, 7039661.420879803597927 ], [ 253583.965885053708917, 7039656.417689213529229 ], [ 253578.962694463756634, 7039656.417689213529229 ], [ 253578.962694463756634, 7039651.414498623460531 ], [ 253573.959503873833455, 7039651.414498623460531 ], [ 253573.959503873833455, 7039646.411308033391833 ], [ 253568.956313283881173, 7039646.411308033391833 ], [ 253568.956313283881173, 7039641.408117444254458 ], [ 253563.95312269392889, 7039641.408117444254458 ], [ 253563.95312269392889, 7039626.398545674048364 ], [ 253568.956313283881173, 7039626.398545674048364 ], [ 253568.956313283881173, 7039621.395355083979666 ], [ 253573.959503873833455, 7039621.395355083979666 ], [ 253573.959503873833455, 7039616.392164493910968 ], [ 253568.956313283881173, 7039616.392164493910968 ], [ 253568.956313283881173, 7039611.38897390384227 ], [ 253563.95312269392889, 7039611.38897390384227 ], [ 253563.95312269392889, 7039586.373020954430103 ], [ 253568.956313283881173, 7039586.373020954430103 ], [ 253568.956313283881173, 7039581.369830364361405 ], [ 253563.95312269392889, 7039581.369830364361405 ], [ 253563.95312269392889, 7039576.366639774292707 ], [ 253558.949932103976607, 7039576.366639774292707 ], [ 253558.949932103976607, 7039571.36344918422401 ], [ 253553.946741514024325, 7039571.36344918422401 ], [ 253553.946741514024325, 7039566.360258595086634 ], [ 253548.943550924101146, 7039566.360258595086634 ], [ 253548.943550924101146, 7039556.353877414949238 ], [ 253553.946741514024325, 7039556.353877414949238 ], [ 253553.946741514024325, 7039551.35068682488054 ], [ 253558.949932103976607, 7039551.35068682488054 ], [ 253558.949932103976607, 7039546.347496234811842 ], [ 253563.95312269392889, 7039546.347496234811842 ], [ 253563.95312269392889, 7039541.344305644743145 ], [ 253568.956313283881173, 7039541.344305644743145 ], [ 253568.956313283881173, 7039531.337924464605749 ], [ 253563.95312269392889, 7039531.337924464605749 ], [ 253563.95312269392889, 7039526.334733875468373 ], [ 253558.949932103976607, 7039526.334733875468373 ], [ 253558.949932103976607, 7039521.331543285399675 ], [ 253553.946741514024325, 7039521.331543285399675 ], [ 253553.946741514024325, 7039516.328352695330977 ], [ 253548.943550924101146, 7039516.328352695330977 ], [ 253548.943550924101146, 7039511.32516210526228 ], [ 253543.940360334148863, 7039511.32516210526228 ], [ 253543.940360334148863, 7039506.321971515193582 ], [ 253538.937169744196581, 7039506.321971515193582 ], [ 253538.937169744196581, 7039501.318780925124884 ], [ 253533.933979154244298, 7039501.318780925124884 ], [ 253533.933979154244298, 7039496.315590335056186 ], [ 253528.930788564292016, 7039496.315590335056186 ], [ 253528.930788564292016, 7039491.312399744987488 ], [ 253523.927597974339733, 7039491.312399744987488 ], [ 253523.927597974339733, 7039486.309209155850112 ], [ 253518.924407384416554, 7039486.309209155850112 ], [ 253518.924407384416554, 7039481.306018565781415 ], [ 253513.921216794464272, 7039481.306018565781415 ], [ 253513.921216794464272, 7039456.290065615437925 ], [ 253518.924407384416554, 7039456.290065615437925 ], [ 253518.924407384416554, 7039451.28687502630055 ], [ 253523.927597974339733, 7039451.28687502630055 ], [ 253523.927597974339733, 7039446.283684436231852 ], [ 253528.930788564292016, 7039446.283684436231852 ], [ 253528.930788564292016, 7039441.280493846163154 ], [ 253533.933979154244298, 7039441.280493846163154 ], [ 253533.933979154244298, 7039436.277303256094456 ], [ 253538.937169744196581, 7039436.277303256094456 ], [ 253538.937169744196581, 7039431.274112666025758 ], [ 253533.933979154244298, 7039431.274112666025758 ], [ 253533.933979154244298, 7039426.27092207595706 ], [ 253528.930788564292016, 7039426.27092207595706 ], [ 253528.930788564292016, 7039421.267731485888362 ], [ 253523.927597974339733, 7039421.267731485888362 ], [ 253523.927597974339733, 7039416.264540895819664 ], [ 253518.924407384416554, 7039416.264540895819664 ], [ 253518.924407384416554, 7039411.261350306682289 ], [ 253513.921216794464272, 7039411.261350306682289 ], [ 253513.921216794464272, 7039406.258159716613591 ], [ 253508.918026204511989, 7039406.258159716613591 ], [ 253508.918026204511989, 7039401.254969126544893 ], [ 253503.914835614559706, 7039401.254969126544893 ], [ 253503.914835614559706, 7039396.251778536476195 ], [ 253498.911645024607424, 7039396.251778536476195 ], [ 253498.911645024607424, 7039391.248587946407497 ], [ 253493.908454434684245, 7039391.248587946407497 ], [ 253493.908454434684245, 7039386.245397356338799 ], [ 253488.905263844731962, 7039386.245397356338799 ], [ 253488.905263844731962, 7039381.242206766270101 ], [ 253483.90207325477968, 7039381.242206766270101 ], [ 253483.90207325477968, 7039371.235825587064028 ], [ 253488.905263844731962, 7039371.235825587064028 ], [ 253488.905263844731962, 7039361.229444406926632 ], [ 253493.908454434684245, 7039361.229444406926632 ], [ 253493.908454434684245, 7039356.226253816857934 ], [ 253498.911645024607424, 7039356.226253816857934 ], [ 253498.911645024607424, 7039351.223063226789236 ], [ 253503.914835614559706, 7039351.223063226789236 ], [ 253503.914835614559706, 7039346.219872636720538 ], [ 253508.918026204511989, 7039346.219872636720538 ], [ 253508.918026204511989, 7039341.21668204665184 ], [ 253513.921216794464272, 7039341.21668204665184 ], [ 253513.921216794464272, 7039336.213491457514465 ], [ 253518.924407384416554, 7039336.213491457514465 ], [ 253518.924407384416554, 7039331.210300867445767 ], [ 253523.927597974339733, 7039331.210300867445767 ], [ 253523.927597974339733, 7039326.207110277377069 ], [ 253528.930788564292016, 7039326.207110277377069 ], [ 253528.930788564292016, 7039321.203919687308371 ], [ 253533.933979154244298, 7039321.203919687308371 ], [ 253533.933979154244298, 7039316.200729097239673 ], [ 253538.937169744196581, 7039316.200729097239673 ], [ 253538.937169744196581, 7039311.197538507170975 ], [ 253533.933979154244298, 7039311.197538507170975 ], [ 253533.933979154244298, 7039306.194347917102277 ], [ 253528.930788564292016, 7039306.194347917102277 ], [ 253528.930788564292016, 7039301.191157327033579 ], [ 253523.927597974339733, 7039301.191157327033579 ], [ 253523.927597974339733, 7039296.187966737896204 ], [ 253518.924407384416554, 7039296.187966737896204 ], [ 253518.924407384416554, 7039291.184776147827506 ], [ 253513.921216794464272, 7039291.184776147827506 ], [ 253513.921216794464272, 7039266.168823197484016 ], [ 253518.924407384416554, 7039266.168823197484016 ], [ 253518.924407384416554, 7039261.165632608346641 ], [ 253523.927597974339733, 7039261.165632608346641 ], [ 253523.927597974339733, 7039256.162442018277943 ], [ 253528.930788564292016, 7039256.162442018277943 ], [ 253528.930788564292016, 7039251.159251428209245 ], [ 253533.933979154244298, 7039251.159251428209245 ], [ 253533.933979154244298, 7039246.156060838140547 ], [ 253538.937169744196581, 7039246.156060838140547 ], [ 253538.937169744196581, 7039236.149679658003151 ], [ 253543.940360334148863, 7039236.149679658003151 ], [ 253543.940360334148863, 7039231.146489067934453 ], [ 253548.943550924101146, 7039231.146489067934453 ], [ 253548.943550924101146, 7039221.14010788872838 ], [ 253543.940360334148863, 7039221.14010788872838 ], [ 253543.940360334148863, 7039216.136917298659682 ], [ 253538.937169744196581, 7039216.136917298659682 ], [ 253538.937169744196581, 7039211.133726708590984 ], [ 253533.933979154244298, 7039211.133726708590984 ], [ 253533.933979154244298, 7039206.130536118522286 ], [ 253528.930788564292016, 7039206.130536118522286 ], [ 253528.930788564292016, 7039201.127345528453588 ], [ 253523.927597974339733, 7039201.127345528453588 ], [ 253523.927597974339733, 7039176.111392579041421 ], [ 253528.930788564292016, 7039176.111392579041421 ], [ 253528.930788564292016, 7039171.108201988972723 ], [ 253533.933979154244298, 7039171.108201988972723 ], [ 253533.933979154244298, 7039166.105011398904026 ], [ 253538.937169744196581, 7039166.105011398904026 ], [ 253538.937169744196581, 7039161.101820808835328 ], [ 253543.940360334148863, 7039161.101820808835328 ], [ 253543.940360334148863, 7039156.09863021876663 ], [ 253548.943550924101146, 7039156.09863021876663 ], [ 253548.943550924101146, 7039151.095439628697932 ], [ 253553.946741514024325, 7039151.095439628697932 ], [ 253553.946741514024325, 7039146.092249039560556 ], [ 253548.943550924101146, 7039146.092249039560556 ], [ 253548.943550924101146, 7039141.089058449491858 ], [ 253543.940360334148863, 7039141.089058449491858 ], [ 253543.940360334148863, 7039136.085867859423161 ], [ 253538.937169744196581, 7039136.085867859423161 ], [ 253538.937169744196581, 7039121.076296089217067 ], [ 253543.940360334148863, 7039121.076296089217067 ], [ 253543.940360334148863, 7039116.073105499148369 ], [ 253548.943550924101146, 7039116.073105499148369 ], [ 253548.943550924101146, 7039111.069914909079671 ], [ 253553.946741514024325, 7039111.069914909079671 ], [ 253553.946741514024325, 7039106.066724319942296 ], [ 253558.949932103976607, 7039106.066724319942296 ], [ 253558.949932103976607, 7039101.063533729873598 ], [ 253563.95312269392889, 7039101.063533729873598 ], [ 253563.95312269392889, 7039096.0603431398049 ], [ 253568.956313283881173, 7039096.0603431398049 ], [ 253568.956313283881173, 7039091.057152549736202 ], [ 253573.959503873833455, 7039091.057152549736202 ], [ 253573.959503873833455, 7039086.053961959667504 ], [ 253578.962694463756634, 7039086.053961959667504 ], [ 253578.962694463756634, 7039081.050771369598806 ], [ 253583.965885053708917, 7039081.050771369598806 ], [ 253583.965885053708917, 7039076.047580779530108 ], [ 253588.969075643661199, 7039076.047580779530108 ], [ 253588.969075643661199, 7039066.041199600324035 ], [ 253583.965885053708917, 7039066.041199600324035 ], [ 253583.965885053708917, 7039061.038009010255337 ], [ 253578.962694463756634, 7039061.038009010255337 ], [ 253578.962694463756634, 7039056.034818420186639 ], [ 253573.959503873833455, 7039056.034818420186639 ], [ 253573.959503873833455, 7039051.031627830117941 ], [ 253568.956313283881173, 7039051.031627830117941 ], [ 253568.956313283881173, 7039046.028437240049243 ], [ 253563.95312269392889, 7039046.028437240049243 ], [ 253563.95312269392889, 7039041.025246649980545 ], [ 253558.949932103976607, 7039041.025246649980545 ], [ 253558.949932103976607, 7039021.012484290637076 ], [ 253563.95312269392889, 7039021.012484290637076 ], [ 253563.95312269392889, 7039016.009293700568378 ], [ 253568.956313283881173, 7039016.009293700568378 ], [ 253568.956313283881173, 7039011.00610311049968 ], [ 253573.959503873833455, 7039011.00610311049968 ], [ 253573.959503873833455, 7039006.002912520430982 ], [ 253578.962694463756634, 7039006.002912520430982 ], [ 253578.962694463756634, 7039000.999721930362284 ], [ 253583.965885053708917, 7039000.999721930362284 ], [ 253583.965885053708917, 7038995.996531340293586 ], [ 253588.969075643661199, 7038995.996531340293586 ], [ 253588.969075643661199, 7038990.993340751156211 ], [ 253593.972266233613482, 7038990.993340751156211 ], [ 253593.972266233613482, 7038980.986959571018815 ], [ 253588.969075643661199, 7038980.986959571018815 ], [ 253588.969075643661199, 7038975.983768980950117 ], [ 253583.965885053708917, 7038975.983768980950117 ], [ 253583.965885053708917, 7038970.980578390881419 ], [ 253578.962694463756634, 7038970.980578390881419 ], [ 253578.962694463756634, 7038965.977387800812721 ], [ 253573.959503873833455, 7038965.977387800812721 ], [ 253573.959503873833455, 7038960.974197210744023 ], [ 253568.956313283881173, 7038960.974197210744023 ], [ 253568.956313283881173, 7038955.971006620675325 ], [ 253563.95312269392889, 7038955.971006620675325 ], [ 253563.95312269392889, 7038950.96781603153795 ], [ 253558.949932103976607, 7038950.96781603153795 ], [ 253558.949932103976607, 7038945.964625441469252 ], [ 253553.946741514024325, 7038945.964625441469252 ], [ 253553.946741514024325, 7038925.95186308119446 ], [ 253558.949932103976607, 7038925.95186308119446 ], [ 253558.949932103976607, 7038920.948672491125762 ], [ 253563.95312269392889, 7038920.948672491125762 ], [ 253563.95312269392889, 7038915.945481901988387 ], [ 253568.956313283881173, 7038915.945481901988387 ], [ 253568.956313283881173, 7038910.942291311919689 ], [ 253563.95312269392889, 7038910.942291311919689 ], [ 253563.95312269392889, 7038905.939100721850991 ], [ 253558.949932103976607, 7038905.939100721850991 ], [ 253558.949932103976607, 7038900.935910131782293 ], [ 253553.946741514024325, 7038900.935910131782293 ], [ 253553.946741514024325, 7038895.932719541713595 ], [ 253548.943550924101146, 7038895.932719541713595 ], [ 253548.943550924101146, 7038890.929528951644897 ], [ 253543.940360334148863, 7038890.929528951644897 ], [ 253543.940360334148863, 7038885.9263383615762 ], [ 253538.937169744196581, 7038885.9263383615762 ], [ 253538.937169744196581, 7038880.923147771507502 ], [ 253533.933979154244298, 7038880.923147771507502 ], [ 253533.933979154244298, 7038875.919957182370126 ], [ 253528.930788564292016, 7038875.919957182370126 ], [ 253528.930788564292016, 7038870.916766592301428 ], [ 253523.927597974339733, 7038870.916766592301428 ], [ 253523.927597974339733, 7038865.91357600223273 ], [ 253518.924407384416554, 7038865.91357600223273 ], [ 253518.924407384416554, 7038840.897623051889241 ], [ 253523.927597974339733, 7038840.897623051889241 ], [ 253523.927597974339733, 7038835.894432462751865 ], [ 253528.930788564292016, 7038835.894432462751865 ], [ 253528.930788564292016, 7038825.88805128261447 ], [ 253523.927597974339733, 7038825.88805128261447 ], [ 253523.927597974339733, 7038820.884860692545772 ], [ 253518.924407384416554, 7038820.884860692545772 ], [ 253518.924407384416554, 7038815.881670102477074 ], [ 253513.921216794464272, 7038815.881670102477074 ], [ 253513.921216794464272, 7038810.878479512408376 ], [ 253508.918026204511989, 7038810.878479512408376 ], [ 253508.918026204511989, 7038805.875288922339678 ], [ 253503.914835614559706, 7038805.875288922339678 ], [ 253503.914835614559706, 7038800.872098333202302 ], [ 253498.911645024607424, 7038800.872098333202302 ], [ 253498.911645024607424, 7038795.868907743133605 ], [ 253493.908454434684245, 7038795.868907743133605 ], [ 253493.908454434684245, 7038790.865717153064907 ], [ 253488.905263844731962, 7038790.865717153064907 ], [ 253488.905263844731962, 7038785.862526562996209 ], [ 253483.90207325477968, 7038785.862526562996209 ], [ 253483.90207325477968, 7038780.859335972927511 ], [ 253478.898882664827397, 7038780.859335972927511 ], [ 253478.898882664827397, 7038775.856145382858813 ], [ 253473.895692074875114, 7038775.856145382858813 ], [ 253473.895692074875114, 7038760.846573613584042 ], [ 253478.898882664827397, 7038760.846573613584042 ], [ 253478.898882664827397, 7038755.843383023515344 ], [ 253483.90207325477968, 7038755.843383023515344 ], [ 253483.90207325477968, 7038750.840192433446646 ], [ 253488.905263844731962, 7038750.840192433446646 ], [ 253488.905263844731962, 7038740.83381125330925 ], [ 253483.90207325477968, 7038740.83381125330925 ], [ 253483.90207325477968, 7038735.830620663240552 ], [ 253478.898882664827397, 7038735.830620663240552 ], [ 253478.898882664827397, 7038730.827430073171854 ], [ 253473.895692074875114, 7038730.827430073171854 ], [ 253473.895692074875114, 7038725.824239483103156 ], [ 253468.892501484922832, 7038725.824239483103156 ], [ 253468.892501484922832, 7038720.821048893965781 ], [ 253463.889310894999653, 7038720.821048893965781 ], [ 253463.889310894999653, 7038715.817858303897083 ], [ 253458.88612030504737, 7038715.817858303897083 ], [ 253458.88612030504737, 7038710.814667713828385 ], [ 253453.882929715095088, 7038710.814667713828385 ], [ 253453.882929715095088, 7038705.811477123759687 ], [ 253448.879739125142805, 7038705.811477123759687 ], [ 253448.879739125142805, 7038700.808286533690989 ], [ 253443.876548535190523, 7038700.808286533690989 ], [ 253443.876548535190523, 7038695.805095943622291 ], [ 253438.873357945267344, 7038695.805095943622291 ], [ 253438.873357945267344, 7038690.801905353553593 ], [ 253433.870167355315061, 7038690.801905353553593 ], [ 253433.870167355315061, 7038670.789142994210124 ], [ 253428.866976765362779, 7038670.789142994210124 ], [ 253428.866976765362779, 7038665.785952404141426 ], [ 253423.863786175410496, 7038665.785952404141426 ], [ 253423.863786175410496, 7038660.782761814072728 ], [ 253418.860595585458213, 7038660.782761814072728 ], [ 253418.860595585458213, 7038655.77957122400403 ], [ 253413.857404995505931, 7038655.77957122400403 ], [ 253413.857404995505931, 7038650.776380633935332 ], [ 253408.854214405582752, 7038650.776380633935332 ], [ 253408.854214405582752, 7038645.773190044797957 ], [ 253403.851023815630469, 7038645.773190044797957 ], [ 253403.851023815630469, 7038640.769999454729259 ], [ 253398.847833225678187, 7038640.769999454729259 ], [ 253398.847833225678187, 7038635.766808864660561 ], [ 253393.844642635725904, 7038635.766808864660561 ], [ 253393.844642635725904, 7038630.763618274591863 ], [ 253388.841452045773622, 7038630.763618274591863 ], [ 253388.841452045773622, 7038625.760427684523165 ], [ 253383.838261455850443, 7038625.760427684523165 ], [ 253383.838261455850443, 7038600.744474735110998 ], [ 253388.841452045773622, 7038600.744474735110998 ], [ 253388.841452045773622, 7038595.7412841450423 ], [ 253393.844642635725904, 7038595.7412841450423 ], [ 253393.844642635725904, 7038590.738093554973602 ], [ 253398.847833225678187, 7038590.738093554973602 ], [ 253398.847833225678187, 7038580.731712374836206 ], [ 253393.844642635725904, 7038580.731712374836206 ], [ 253393.844642635725904, 7038575.728521784767509 ], [ 253388.841452045773622, 7038575.728521784767509 ], [ 253388.841452045773622, 7038570.725331195630133 ], [ 253383.838261455850443, 7038570.725331195630133 ], [ 253383.838261455850443, 7038565.722140605561435 ], [ 253378.83507086589816, 7038565.722140605561435 ], [ 253378.83507086589816, 7038560.718950015492737 ], [ 253373.831880275945878, 7038560.718950015492737 ], [ 253373.831880275945878, 7038555.715759425424039 ], [ 253368.828689685993595, 7038555.715759425424039 ], [ 253368.828689685993595, 7038550.712568835355341 ], [ 253363.825499096041312, 7038550.712568835355341 ], [ 253363.825499096041312, 7038545.709378245286644 ], [ 253358.82230850608903, 7038545.709378245286644 ], [ 253358.82230850608903, 7038540.706187655217946 ], [ 253353.819117916165851, 7038540.706187655217946 ], [ 253353.819117916165851, 7038535.702997065149248 ], [ 253348.815927326213568, 7038535.702997065149248 ], [ 253348.815927326213568, 7038530.699806476011872 ], [ 253343.812736736261286, 7038530.699806476011872 ], [ 253343.812736736261286, 7038520.693425295874476 ], [ 253348.815927326213568, 7038520.693425295874476 ], [ 253348.815927326213568, 7038510.687044115737081 ], [ 253353.819117916165851, 7038510.687044115737081 ], [ 253353.819117916165851, 7038505.683853525668383 ], [ 253358.82230850608903, 7038505.683853525668383 ], [ 253358.82230850608903, 7038500.680662935599685 ], [ 253363.825499096041312, 7038500.680662935599685 ], [ 253363.825499096041312, 7038495.677472346462309 ], [ 253368.828689685993595, 7038495.677472346462309 ], [ 253368.828689685993595, 7038485.671091166324914 ], [ 253363.825499096041312, 7038485.671091166324914 ], [ 253363.825499096041312, 7038480.667900576256216 ], [ 253358.82230850608903, 7038480.667900576256216 ], [ 253358.82230850608903, 7038475.664709986187518 ], [ 253353.819117916165851, 7038475.664709986187518 ], [ 253353.819117916165851, 7038470.66151939611882 ], [ 253348.815927326213568, 7038470.66151939611882 ], [ 253348.815927326213568, 7038465.658328806050122 ], [ 253343.812736736261286, 7038465.658328806050122 ], [ 253343.812736736261286, 7038460.655138215981424 ], [ 253338.809546146309003, 7038460.655138215981424 ], [ 253338.809546146309003, 7038455.651947626844049 ], [ 253333.806355556356721, 7038455.651947626844049 ], [ 253333.806355556356721, 7038450.648757036775351 ], [ 253328.803164966433542, 7038450.648757036775351 ], [ 253328.803164966433542, 7038445.645566446706653 ], [ 253323.799974376481259, 7038445.645566446706653 ], [ 253323.799974376481259, 7038440.642375856637955 ], [ 253318.796783786528977, 7038440.642375856637955 ], [ 253318.796783786528977, 7038425.632804086431861 ], [ 253323.799974376481259, 7038425.632804086431861 ], [ 253323.799974376481259, 7038420.629613496363163 ], [ 253328.803164966433542, 7038420.629613496363163 ], [ 253328.803164966433542, 7038415.626422907225788 ], [ 253333.806355556356721, 7038415.626422907225788 ], [ 253333.806355556356721, 7038405.620041727088392 ], [ 253328.803164966433542, 7038405.620041727088392 ], [ 253328.803164966433542, 7038400.616851137019694 ], [ 253323.799974376481259, 7038400.616851137019694 ], [ 253323.799974376481259, 7038395.613660546950996 ], [ 253318.796783786528977, 7038395.613660546950996 ], [ 253318.796783786528977, 7038390.610469956882298 ], [ 253313.793593196576694, 7038390.610469956882298 ], [ 253313.793593196576694, 7038385.6072793668136 ], [ 253308.790402606624411, 7038385.6072793668136 ], [ 253308.790402606624411, 7038380.604088777676225 ], [ 253303.787212016672129, 7038380.604088777676225 ], [ 253303.787212016672129, 7038375.600898187607527 ], [ 253298.78402142674895, 7038375.600898187607527 ], [ 253298.78402142674895, 7038370.597707597538829 ], [ 253293.780830836796667, 7038370.597707597538829 ], [ 253293.780830836796667, 7038365.594517007470131 ], [ 253278.77125906693982, 7038365.594517007470131 ], [ 253278.77125906693982, 7038360.591326417401433 ], [ 253273.768068477016641, 7038360.591326417401433 ], [ 253273.768068477016641, 7038355.588135827332735 ], [ 253268.764877887064358, 7038355.588135827332735 ], [ 253268.764877887064358, 7038350.584945237264037 ], [ 253263.761687297112076, 7038350.584945237264037 ], [ 253263.761687297112076, 7038345.581754647195339 ], [ 253258.758496707159793, 7038345.581754647195339 ], [ 253258.758496707159793, 7038340.578564058057964 ], [ 253253.75530611720751, 7038340.578564058057964 ], [ 253253.75530611720751, 7038335.575373467989266 ], [ 253248.752115527255228, 7038335.575373467989266 ], [ 253248.752115527255228, 7038330.572182877920568 ], [ 253243.748924937332049, 7038330.572182877920568 ], [ 253243.748924937332049, 7038325.56899228785187 ], [ 253238.745734347379766, 7038325.56899228785187 ], [ 253238.745734347379766, 7038320.565801697783172 ], [ 253233.742543757427484, 7038320.565801697783172 ], [ 253233.742543757427484, 7038315.562611107714474 ], [ 253228.739353167475201, 7038315.562611107714474 ], [ 253228.739353167475201, 7038310.559420517645776 ], [ 253223.736162577522919, 7038310.559420517645776 ], [ 253223.736162577522919, 7038305.556229927577078 ], [ 253218.73297198759974, 7038305.556229927577078 ], [ 253218.73297198759974, 7038300.553039338439703 ], [ 253213.729781397647457, 7038300.553039338439703 ], [ 253213.729781397647457, 7038295.549848748371005 ], [ 253208.726590807695175, 7038295.549848748371005 ], [ 253208.726590807695175, 7038290.546658158302307 ], [ 253203.723400217742892, 7038290.546658158302307 ], [ 253203.723400217742892, 7038285.543467568233609 ], [ 253198.720209627790609, 7038285.543467568233609 ], [ 253198.720209627790609, 7038280.540276978164911 ], [ 253193.717019037838327, 7038280.540276978164911 ], [ 253193.717019037838327, 7038275.537086388096213 ], [ 253188.713828447915148, 7038275.537086388096213 ], [ 253188.713828447915148, 7038270.533895798027515 ], [ 253183.710637857962865, 7038270.533895798027515 ], [ 253183.710637857962865, 7038265.53070520889014 ], [ 253178.707447268010583, 7038265.53070520889014 ], [ 253178.707447268010583, 7038260.527514618821442 ], [ 253173.7042566780583, 7038260.527514618821442 ], [ 253173.7042566780583, 7038255.524324028752744 ], [ 253168.701066088106018, 7038255.524324028752744 ], [ 253168.701066088106018, 7038250.521133438684046 ], [ 253163.697875498182839, 7038250.521133438684046 ], [ 253163.697875498182839, 7038245.517942848615348 ], [ 253158.694684908230556, 7038245.517942848615348 ], [ 253158.694684908230556, 7038240.51475225854665 ], [ 253133.678731958498247, 7038240.51475225854665 ], [ 253133.678731958498247, 7038235.511561668477952 ], [ 253128.675541368545964, 7038235.511561668477952 ], [ 253128.675541368545964, 7038230.508371078409255 ], [ 253123.672350778593682, 7038230.508371078409255 ], [ 253123.672350778593682, 7038090.419034560211003 ], [ 253128.675541368545964, 7038090.419034560211003 ], [ 253128.675541368545964, 7038085.415843970142305 ], [ 253133.678731958498247, 7038085.415843970142305 ], [ 253133.678731958498247, 7038070.406272200867534 ], [ 253123.672350778593682, 7038070.406272200867534 ], [ 253123.672350778593682, 7038030.380747481249273 ], [ 253128.675541368545964, 7038030.380747481249273 ], [ 253128.675541368545964, 7038025.377556891180575 ], [ 253133.678731958498247, 7038025.377556891180575 ], [ 253133.678731958498247, 7038020.374366301111877 ], [ 253138.681922548421426, 7038020.374366301111877 ], [ 253138.681922548421426, 7038015.371175711043179 ], [ 253143.685113138373708, 7038015.371175711043179 ], [ 253143.685113138373708, 7038005.364794530905783 ], [ 253138.681922548421426, 7038005.364794530905783 ], [ 253138.681922548421426, 7037965.339269811287522 ], [ 253133.678731958498247, 7037965.339269811287522 ], [ 253133.678731958498247, 7037955.332888632081449 ], [ 253128.675541368545964, 7037955.332888632081449 ], [ 253128.675541368545964, 7037950.329698042012751 ], [ 253123.672350778593682, 7037950.329698042012751 ], [ 253123.672350778593682, 7037930.316935681737959 ], [ 253128.675541368545964, 7037930.316935681737959 ], [ 253128.675541368545964, 7037925.313745091669261 ], [ 253133.678731958498247, 7037925.313745091669261 ], [ 253133.678731958498247, 7037920.310554502531886 ], [ 253128.675541368545964, 7037920.310554502531886 ], [ 253128.675541368545964, 7037910.30417332239449 ], [ 253123.672350778593682, 7037910.30417332239449 ], [ 253123.672350778593682, 7037725.18612149450928 ], [ 253128.675541368545964, 7037725.18612149450928 ], [ 253128.675541368545964, 7037720.182930904440582 ], [ 253133.678731958498247, 7037720.182930904440582 ], [ 253133.678731958498247, 7037715.179740314371884 ], [ 253138.681922548421426, 7037715.179740314371884 ], [ 253138.681922548421426, 7037710.176549724303186 ], [ 253143.685113138373708, 7037710.176549724303186 ], [ 253143.685113138373708, 7037705.173359134234488 ], [ 253148.688303728325991, 7037705.173359134234488 ], [ 253148.688303728325991, 7037700.17016854416579 ], [ 253153.691494318278274, 7037700.17016854416579 ], [ 253153.691494318278274, 7037695.166977954097092 ], [ 253158.694684908230556, 7037695.166977954097092 ], [ 253158.694684908230556, 7037690.163787364959717 ], [ 253178.707447268010583, 7037690.163787364959717 ], [ 253178.707447268010583, 7037695.166977954097092 ], [ 253183.710637857962865, 7037695.166977954097092 ], [ 253183.710637857962865, 7037700.17016854416579 ], [ 253188.713828447915148, 7037700.17016854416579 ], [ 253188.713828447915148, 7037705.173359134234488 ], [ 253193.717019037838327, 7037705.173359134234488 ], [ 253193.717019037838327, 7037700.17016854416579 ], [ 253198.720209627790609, 7037700.17016854416579 ], [ 253198.720209627790609, 7037695.166977954097092 ], [ 253203.723400217742892, 7037695.166977954097092 ], [ 253203.723400217742892, 7037690.163787364959717 ], [ 253208.726590807695175, 7037690.163787364959717 ], [ 253208.726590807695175, 7037685.160596774891019 ], [ 253213.729781397647457, 7037685.160596774891019 ], [ 253213.729781397647457, 7037680.157406184822321 ], [ 253218.73297198759974, 7037680.157406184822321 ], [ 253218.73297198759974, 7037675.154215594753623 ], [ 253213.729781397647457, 7037675.154215594753623 ], [ 253213.729781397647457, 7037670.151025004684925 ], [ 253208.726590807695175, 7037670.151025004684925 ], [ 253208.726590807695175, 7037665.147834414616227 ], [ 253203.723400217742892, 7037665.147834414616227 ], [ 253203.723400217742892, 7037660.144643824547529 ], [ 253198.720209627790609, 7037660.144643824547529 ], [ 253198.720209627790609, 7037650.138262645341456 ], [ 253203.723400217742892, 7037650.138262645341456 ], [ 253203.723400217742892, 7037645.135072055272758 ], [ 253208.726590807695175, 7037645.135072055272758 ], [ 253208.726590807695175, 7037640.13188146520406 ], [ 253213.729781397647457, 7037640.13188146520406 ], [ 253213.729781397647457, 7037635.128690875135362 ], [ 253218.73297198759974, 7037635.128690875135362 ], [ 253218.73297198759974, 7037630.125500285066664 ], [ 253223.736162577522919, 7037630.125500285066664 ], [ 253223.736162577522919, 7037625.122309694997966 ], [ 253228.739353167475201, 7037625.122309694997966 ], [ 253228.739353167475201, 7037615.115928515791893 ], [ 253223.736162577522919, 7037615.115928515791893 ], [ 253223.736162577522919, 7037610.112737925723195 ], [ 253218.73297198759974, 7037610.112737925723195 ], [ 253218.73297198759974, 7037605.109547335654497 ], [ 253213.729781397647457, 7037605.109547335654497 ], [ 253213.729781397647457, 7037600.106356745585799 ], [ 253208.726590807695175, 7037600.106356745585799 ], [ 253208.726590807695175, 7037595.103166155517101 ], [ 253203.723400217742892, 7037595.103166155517101 ], [ 253203.723400217742892, 7037590.099975565448403 ], [ 253198.720209627790609, 7037590.099975565448403 ], [ 253198.720209627790609, 7037585.096784975379705 ], [ 253193.717019037838327, 7037585.096784975379705 ], [ 253193.717019037838327, 7037580.093594385311007 ], [ 253188.713828447915148, 7037580.093594385311007 ], [ 253188.713828447915148, 7037550.074450845830142 ], [ 253193.717019037838327, 7037550.074450845830142 ], [ 253193.717019037838327, 7037545.071260255761445 ], [ 253198.720209627790609, 7037545.071260255761445 ], [ 253198.720209627790609, 7037540.068069665692747 ], [ 253203.723400217742892, 7037540.068069665692747 ], [ 253203.723400217742892, 7037535.064879076555371 ], [ 253208.726590807695175, 7037535.064879076555371 ], [ 253208.726590807695175, 7037530.061688486486673 ], [ 253213.729781397647457, 7037530.061688486486673 ], [ 253213.729781397647457, 7037525.058497896417975 ], [ 253218.73297198759974, 7037525.058497896417975 ], [ 253218.73297198759974, 7037520.055307306349277 ], [ 253223.736162577522919, 7037520.055307306349277 ], [ 253223.736162577522919, 7037515.05211671628058 ], [ 253228.739353167475201, 7037515.05211671628058 ], [ 253228.739353167475201, 7037510.048926126211882 ], [ 253233.742543757427484, 7037510.048926126211882 ], [ 253233.742543757427484, 7037505.045735536143184 ], [ 253238.745734347379766, 7037505.045735536143184 ], [ 253238.745734347379766, 7037500.042544947005808 ], [ 253243.748924937332049, 7037500.042544947005808 ], [ 253243.748924937332049, 7037495.03935435693711 ], [ 253248.752115527255228, 7037495.03935435693711 ], [ 253248.752115527255228, 7037490.036163766868412 ], [ 253253.75530611720751, 7037490.036163766868412 ], [ 253253.75530611720751, 7037485.032973176799715 ], [ 253258.758496707159793, 7037485.032973176799715 ], [ 253258.758496707159793, 7037480.029782586731017 ], [ 253278.77125906693982, 7037480.029782586731017 ], [ 253278.77125906693982, 7037475.026591996662319 ], [ 253283.774449656892102, 7037475.026591996662319 ], [ 253283.774449656892102, 7037470.023401406593621 ], [ 253278.77125906693982, 7037470.023401406593621 ], [ 253278.77125906693982, 7037465.020210816524923 ], [ 253273.768068477016641, 7037465.020210816524923 ], [ 253273.768068477016641, 7037460.017020227387547 ], [ 253268.764877887064358, 7037460.017020227387547 ], [ 253268.764877887064358, 7037455.01382963731885 ], [ 253263.761687297112076, 7037455.01382963731885 ], [ 253263.761687297112076, 7037450.010639047250152 ], [ 253258.758496707159793, 7037450.010639047250152 ], [ 253258.758496707159793, 7037445.007448457181454 ], [ 253253.75530611720751, 7037445.007448457181454 ], [ 253253.75530611720751, 7037429.99787668697536 ], [ 253258.758496707159793, 7037429.99787668697536 ], [ 253258.758496707159793, 7037424.994686096906662 ], [ 253263.761687297112076, 7037424.994686096906662 ], [ 253263.761687297112076, 7037419.991495507769287 ], [ 253268.764877887064358, 7037419.991495507769287 ], [ 253268.764877887064358, 7037414.988304917700589 ], [ 253273.768068477016641, 7037414.988304917700589 ], [ 253273.768068477016641, 7037409.985114327631891 ], [ 253278.77125906693982, 7037409.985114327631891 ], [ 253278.77125906693982, 7037404.981923737563193 ], [ 253283.774449656892102, 7037404.981923737563193 ], [ 253283.774449656892102, 7037399.978733147494495 ], [ 253288.777640246844385, 7037399.978733147494495 ], [ 253288.777640246844385, 7037394.975542557425797 ], [ 253293.780830836796667, 7037394.975542557425797 ], [ 253293.780830836796667, 7037389.972351967357099 ], [ 253298.78402142674895, 7037389.972351967357099 ], [ 253298.78402142674895, 7037384.969161378219724 ], [ 253303.787212016672129, 7037384.969161378219724 ], [ 253303.787212016672129, 7037379.965970788151026 ], [ 253308.790402606624411, 7037379.965970788151026 ], [ 253308.790402606624411, 7037374.962780198082328 ], [ 253313.793593196576694, 7037374.962780198082328 ], [ 253313.793593196576694, 7037369.95958960801363 ], [ 253318.796783786528977, 7037369.95958960801363 ], [ 253318.796783786528977, 7037364.956399017944932 ], [ 253323.799974376481259, 7037364.956399017944932 ], [ 253323.799974376481259, 7037359.953208427876234 ], [ 253328.803164966433542, 7037359.953208427876234 ], [ 253328.803164966433542, 7037354.950017837807536 ], [ 253353.819117916165851, 7037354.950017837807536 ], [ 253353.819117916165851, 7037349.946827247738838 ], [ 253358.82230850608903, 7037349.946827247738838 ], [ 253358.82230850608903, 7037344.943636658601463 ], [ 253363.825499096041312, 7037344.943636658601463 ], [ 253363.825499096041312, 7037339.940446068532765 ], [ 253368.828689685993595, 7037339.940446068532765 ], [ 253368.828689685993595, 7037334.937255478464067 ], [ 253373.831880275945878, 7037334.937255478464067 ], [ 253373.831880275945878, 7037329.934064888395369 ], [ 253378.83507086589816, 7037329.934064888395369 ], [ 253378.83507086589816, 7037324.930874298326671 ], [ 253373.831880275945878, 7037324.930874298326671 ], [ 253373.831880275945878, 7037319.927683708257973 ], [ 253368.828689685993595, 7037319.927683708257973 ], [ 253368.828689685993595, 7037314.924493118189275 ], [ 253363.825499096041312, 7037314.924493118189275 ], [ 253363.825499096041312, 7037309.921302528120577 ], [ 253358.82230850608903, 7037309.921302528120577 ], [ 253358.82230850608903, 7037294.911730758845806 ], [ 253363.825499096041312, 7037294.911730758845806 ], [ 253363.825499096041312, 7037289.908540168777108 ], [ 253368.828689685993595, 7037289.908540168777108 ], [ 253368.828689685993595, 7037284.90534957870841 ], [ 253373.831880275945878, 7037284.90534957870841 ], [ 253373.831880275945878, 7037279.902158988639712 ], [ 253378.83507086589816, 7037279.902158988639712 ], [ 253378.83507086589816, 7037274.898968398571014 ], [ 253383.838261455850443, 7037274.898968398571014 ], [ 253383.838261455850443, 7037269.895777809433639 ], [ 253388.841452045773622, 7037269.895777809433639 ], [ 253388.841452045773622, 7037264.892587219364941 ], [ 253393.844642635725904, 7037264.892587219364941 ], [ 253393.844642635725904, 7037259.889396629296243 ], [ 253398.847833225678187, 7037259.889396629296243 ], [ 253398.847833225678187, 7037254.886206039227545 ], [ 253403.851023815630469, 7037254.886206039227545 ], [ 253403.851023815630469, 7037249.883015449158847 ], [ 253408.854214405582752, 7037249.883015449158847 ], [ 253408.854214405582752, 7037244.879824859090149 ], [ 253403.851023815630469, 7037244.879824859090149 ], [ 253403.851023815630469, 7037239.876634269021451 ], [ 253398.847833225678187, 7037239.876634269021451 ], [ 253398.847833225678187, 7037234.873443678952754 ], [ 253393.844642635725904, 7037234.873443678952754 ], [ 253393.844642635725904, 7037229.870253089815378 ], [ 253388.841452045773622, 7037229.870253089815378 ], [ 253388.841452045773622, 7037209.857490729540586 ], [ 253393.844642635725904, 7037209.857490729540586 ], [ 253393.844642635725904, 7037204.854300139471889 ], [ 253398.847833225678187, 7037204.854300139471889 ], [ 253398.847833225678187, 7037199.851109549403191 ], [ 253403.851023815630469, 7037199.851109549403191 ], [ 253403.851023815630469, 7037194.847918959334493 ], [ 253408.854214405582752, 7037194.847918959334493 ], [ 253408.854214405582752, 7037189.844728370197117 ], [ 253413.857404995505931, 7037189.844728370197117 ], [ 253413.857404995505931, 7037184.841537780128419 ], [ 253418.860595585458213, 7037184.841537780128419 ], [ 253418.860595585458213, 7037179.838347190059721 ], [ 253423.863786175410496, 7037179.838347190059721 ], [ 253423.863786175410496, 7037174.835156599991024 ], [ 253428.866976765362779, 7037174.835156599991024 ], [ 253428.866976765362779, 7037169.831966009922326 ], [ 253433.870167355315061, 7037169.831966009922326 ], [ 253433.870167355315061, 7037164.828775419853628 ], [ 253438.873357945267344, 7037164.828775419853628 ], [ 253438.873357945267344, 7037159.82558482978493 ], [ 253443.876548535190523, 7037159.82558482978493 ], [ 253443.876548535190523, 7037154.822394240647554 ], [ 253438.873357945267344, 7037154.822394240647554 ], [ 253438.873357945267344, 7037149.819203650578856 ], [ 253433.870167355315061, 7037149.819203650578856 ], [ 253433.870167355315061, 7037144.816013060510159 ], [ 253428.866976765362779, 7037144.816013060510159 ], [ 253428.866976765362779, 7037139.812822470441461 ], [ 253423.863786175410496, 7037139.812822470441461 ], [ 253423.863786175410496, 7037134.809631880372763 ], [ 253418.860595585458213, 7037134.809631880372763 ], [ 253418.860595585458213, 7037129.806441290304065 ], [ 253413.857404995505931, 7037129.806441290304065 ], [ 253413.857404995505931, 7037114.796869521029294 ], [ 253418.860595585458213, 7037114.796869521029294 ], [ 253418.860595585458213, 7037109.793678930960596 ], [ 253423.863786175410496, 7037109.793678930960596 ], [ 253423.863786175410496, 7037104.790488340891898 ], [ 253428.866976765362779, 7037104.790488340891898 ], [ 253428.866976765362779, 7037099.7872977508232 ], [ 253433.870167355315061, 7037099.7872977508232 ], [ 253433.870167355315061, 7037094.784107160754502 ], [ 253438.873357945267344, 7037094.784107160754502 ], [ 253438.873357945267344, 7037089.780916570685804 ], [ 253443.876548535190523, 7037089.780916570685804 ], [ 253443.876548535190523, 7037084.777725980617106 ], [ 253448.879739125142805, 7037084.777725980617106 ], [ 253448.879739125142805, 7037079.774535390548408 ], [ 253453.882929715095088, 7037079.774535390548408 ], [ 253453.882929715095088, 7037069.768154211342335 ], [ 253448.879739125142805, 7037069.768154211342335 ], [ 253448.879739125142805, 7037064.764963621273637 ], [ 253443.876548535190523, 7037064.764963621273637 ], [ 253443.876548535190523, 7037059.761773031204939 ], [ 253438.873357945267344, 7037059.761773031204939 ], [ 253438.873357945267344, 7037054.758582441136241 ], [ 253433.870167355315061, 7037054.758582441136241 ], [ 253433.870167355315061, 7037049.755391851067543 ], [ 253428.866976765362779, 7037049.755391851067543 ], [ 253428.866976765362779, 7037044.752201260998845 ], [ 253423.863786175410496, 7037044.752201260998845 ], [ 253423.863786175410496, 7037039.74901067186147 ], [ 253418.860595585458213, 7037039.74901067186147 ], [ 253418.860595585458213, 7037024.739438901655376 ], [ 253423.863786175410496, 7037024.739438901655376 ], [ 253423.863786175410496, 7037019.736248311586678 ], [ 253428.866976765362779, 7037019.736248311586678 ], [ 253428.866976765362779, 7037014.73305772151798 ], [ 253423.863786175410496, 7037014.73305772151798 ], [ 253423.863786175410496, 7037009.729867131449282 ], [ 253418.860595585458213, 7037009.729867131449282 ], [ 253418.860595585458213, 7037004.726676541380584 ], [ 253413.857404995505931, 7037004.726676541380584 ], [ 253413.857404995505931, 7036999.723485952243209 ], [ 253408.854214405582752, 7036999.723485952243209 ], [ 253408.854214405582752, 7036994.720295362174511 ], [ 253403.851023815630469, 7036994.720295362174511 ], [ 253403.851023815630469, 7036974.707533001899719 ], [ 253408.854214405582752, 7036974.707533001899719 ], [ 253408.854214405582752, 7036969.704342411831021 ], [ 253413.857404995505931, 7036969.704342411831021 ], [ 253413.857404995505931, 7036964.701151821762323 ], [ 253418.860595585458213, 7036964.701151821762323 ], [ 253418.860595585458213, 7036959.697961232624948 ], [ 253423.863786175410496, 7036959.697961232624948 ], [ 253423.863786175410496, 7036954.69477064255625 ], [ 253428.866976765362779, 7036954.69477064255625 ], [ 253428.866976765362779, 7036949.691580052487552 ], [ 253433.870167355315061, 7036949.691580052487552 ], [ 253433.870167355315061, 7036944.688389462418854 ], [ 253438.873357945267344, 7036944.688389462418854 ], [ 253438.873357945267344, 7036939.685198872350156 ], [ 253443.876548535190523, 7036939.685198872350156 ], [ 253443.876548535190523, 7036934.682008282281458 ], [ 253448.879739125142805, 7036934.682008282281458 ], [ 253448.879739125142805, 7036929.67881769221276 ], [ 253453.882929715095088, 7036929.67881769221276 ], [ 253453.882929715095088, 7036924.675627103075385 ], [ 253458.88612030504737, 7036924.675627103075385 ], [ 253458.88612030504737, 7036919.672436513006687 ], [ 253463.889310894999653, 7036919.672436513006687 ], [ 253463.889310894999653, 7036914.669245922937989 ], [ 253468.892501484922832, 7036914.669245922937989 ], [ 253468.892501484922832, 7036909.666055332869291 ], [ 253473.895692074875114, 7036909.666055332869291 ], [ 253473.895692074875114, 7036904.662864742800593 ], [ 253478.898882664827397, 7036904.662864742800593 ], [ 253478.898882664827397, 7036899.659674152731895 ], [ 253488.905263844731962, 7036899.659674152731895 ], [ 253488.905263844731962, 7036894.656483562663198 ], [ 253483.90207325477968, 7036894.656483562663198 ], [ 253483.90207325477968, 7036889.6532929725945 ], [ 253478.898882664827397, 7036889.6532929725945 ], [ 253478.898882664827397, 7036884.650102383457124 ], [ 253473.895692074875114, 7036884.650102383457124 ], [ 253473.895692074875114, 7036869.64053061325103 ], [ 253478.898882664827397, 7036869.64053061325103 ], [ 253478.898882664827397, 7036864.637340023182333 ], [ 253483.90207325477968, 7036864.637340023182333 ], [ 253483.90207325477968, 7036859.634149433113635 ], [ 253488.905263844731962, 7036859.634149433113635 ], [ 253488.905263844731962, 7036854.630958843044937 ], [ 253493.908454434684245, 7036854.630958843044937 ], [ 253493.908454434684245, 7036849.627768253907561 ], [ 253498.911645024607424, 7036849.627768253907561 ], [ 253498.911645024607424, 7036844.624577663838863 ], [ 253503.914835614559706, 7036844.624577663838863 ], [ 253503.914835614559706, 7036839.621387073770165 ], [ 253508.918026204511989, 7036839.621387073770165 ], [ 253508.918026204511989, 7036834.618196483701468 ], [ 253513.921216794464272, 7036834.618196483701468 ], [ 253513.921216794464272, 7036829.61500589363277 ], [ 253518.924407384416554, 7036829.61500589363277 ], [ 253518.924407384416554, 7036824.611815303564072 ], [ 253523.927597974339733, 7036824.611815303564072 ], [ 253523.927597974339733, 7036819.608624713495374 ], [ 253528.930788564292016, 7036819.608624713495374 ], [ 253528.930788564292016, 7036809.6022435342893 ], [ 253533.933979154244298, 7036809.6022435342893 ], [ 253533.933979154244298, 7036804.599052944220603 ], [ 253538.937169744196581, 7036804.599052944220603 ], [ 253538.937169744196581, 7036799.595862354151905 ], [ 253543.940360334148863, 7036799.595862354151905 ], [ 253543.940360334148863, 7036794.592671764083207 ], [ 253548.943550924101146, 7036794.592671764083207 ], [ 253548.943550924101146, 7036789.589481174014509 ], [ 253553.946741514024325, 7036789.589481174014509 ], [ 253553.946741514024325, 7036784.586290583945811 ], [ 253558.949932103976607, 7036784.586290583945811 ], [ 253558.949932103976607, 7036779.583099993877113 ], [ 253563.95312269392889, 7036779.583099993877113 ], [ 253563.95312269392889, 7036774.579909403808415 ], [ 253568.956313283881173, 7036774.579909403808415 ], [ 253568.956313283881173, 7036769.57671881467104 ], [ 253573.959503873833455, 7036769.57671881467104 ], [ 253573.959503873833455, 7036764.573528224602342 ], [ 253578.962694463756634, 7036764.573528224602342 ], [ 253578.962694463756634, 7036759.570337634533644 ], [ 253583.965885053708917, 7036759.570337634533644 ], [ 253583.965885053708917, 7036754.567147044464946 ], [ 253588.969075643661199, 7036754.567147044464946 ], [ 253588.969075643661199, 7036749.563956454396248 ], [ 253583.965885053708917, 7036749.563956454396248 ], [ 253583.965885053708917, 7036744.56076586432755 ], [ 253578.962694463756634, 7036744.56076586432755 ], [ 253578.962694463756634, 7036739.557575274258852 ], [ 253573.959503873833455, 7036739.557575274258852 ], [ 253573.959503873833455, 7036734.554384685121477 ], [ 253568.956313283881173, 7036734.554384685121477 ], [ 253568.956313283881173, 7036724.548003504984081 ], [ 253573.959503873833455, 7036724.548003504984081 ], [ 253573.959503873833455, 7036719.544812914915383 ], [ 253578.962694463756634, 7036719.544812914915383 ], [ 253578.962694463756634, 7036714.541622324846685 ], [ 253583.965885053708917, 7036714.541622324846685 ], [ 253583.965885053708917, 7036709.538431734777987 ], [ 253588.969075643661199, 7036709.538431734777987 ], [ 253588.969075643661199, 7036704.535241144709289 ], [ 253593.972266233613482, 7036704.535241144709289 ], [ 253593.972266233613482, 7036699.532050554640591 ], [ 253598.975456823565764, 7036699.532050554640591 ], [ 253598.975456823565764, 7036694.528859965503216 ], [ 253603.978647413518047, 7036694.528859965503216 ], [ 253603.978647413518047, 7036689.525669375434518 ], [ 253608.981838003441226, 7036689.525669375434518 ], [ 253608.981838003441226, 7036684.52247878536582 ], [ 253613.985028593393508, 7036684.52247878536582 ], [ 253613.985028593393508, 7036679.519288195297122 ], [ 253618.988219183345791, 7036679.519288195297122 ], [ 253618.988219183345791, 7036674.516097605228424 ], [ 253613.985028593393508, 7036674.516097605228424 ], [ 253613.985028593393508, 7036669.512907015159726 ], [ 253608.981838003441226, 7036669.512907015159726 ], [ 253608.981838003441226, 7036664.509716425091028 ], [ 253603.978647413518047, 7036664.509716425091028 ], [ 253603.978647413518047, 7036659.50652583502233 ], [ 253598.975456823565764, 7036659.50652583502233 ], [ 253598.975456823565764, 7036654.503335245884955 ], [ 253593.972266233613482, 7036654.503335245884955 ], [ 253593.972266233613482, 7036644.496954065747559 ], [ 253588.969075643661199, 7036644.496954065747559 ], [ 253588.969075643661199, 7036639.493763475678861 ], [ 253593.972266233613482, 7036639.493763475678861 ], [ 253593.972266233613482, 7036629.487382295541465 ], [ 253598.975456823565764, 7036629.487382295541465 ], [ 253598.975456823565764, 7036624.484191705472767 ], [ 253603.978647413518047, 7036624.484191705472767 ], [ 253603.978647413518047, 7036619.481001116335392 ], [ 253608.981838003441226, 7036619.481001116335392 ], [ 253608.981838003441226, 7036614.477810526266694 ], [ 253613.985028593393508, 7036614.477810526266694 ], [ 253613.985028593393508, 7036609.474619936197996 ], [ 253618.988219183345791, 7036609.474619936197996 ], [ 253618.988219183345791, 7036599.4682387560606 ], [ 253613.985028593393508, 7036599.4682387560606 ], [ 253613.985028593393508, 7036594.465048165991902 ], [ 253608.981838003441226, 7036594.465048165991902 ], [ 253608.981838003441226, 7036589.461857575923204 ], [ 253588.969075643661199, 7036589.461857575923204 ], [ 253588.969075643661199, 7036584.458666985854506 ], [ 253583.965885053708917, 7036584.458666985854506 ], [ 253583.965885053708917, 7036579.455476396717131 ], [ 253578.962694463756634, 7036579.455476396717131 ], [ 253578.962694463756634, 7036574.452285806648433 ], [ 253573.959503873833455, 7036574.452285806648433 ], [ 253573.959503873833455, 7036569.449095216579735 ], [ 253568.956313283881173, 7036569.449095216579735 ], [ 253568.956313283881173, 7036564.445904626511037 ], [ 253563.95312269392889, 7036564.445904626511037 ], [ 253563.95312269392889, 7036559.442714036442339 ], [ 253558.949932103976607, 7036559.442714036442339 ], [ 253558.949932103976607, 7036554.439523446373641 ], [ 253553.946741514024325, 7036554.439523446373641 ], [ 253553.946741514024325, 7036549.436332856304944 ], [ 253548.943550924101146, 7036549.436332856304944 ], [ 253548.943550924101146, 7036544.433142266236246 ], [ 253543.940360334148863, 7036544.433142266236246 ], [ 253543.940360334148863, 7036539.42995167709887 ], [ 253538.937169744196581, 7036539.42995167709887 ], [ 253538.937169744196581, 7036534.426761087030172 ], [ 253533.933979154244298, 7036534.426761087030172 ], [ 253533.933979154244298, 7036529.423570496961474 ], [ 253528.930788564292016, 7036529.423570496961474 ], [ 253528.930788564292016, 7036524.420379906892776 ], [ 253523.927597974339733, 7036524.420379906892776 ], [ 253523.927597974339733, 7036519.417189316824079 ], [ 253518.924407384416554, 7036519.417189316824079 ], [ 253518.924407384416554, 7036494.401236367411911 ], [ 253513.921216794464272, 7036494.401236367411911 ], [ 253513.921216794464272, 7036484.394855187274516 ], [ 253518.924407384416554, 7036484.394855187274516 ], [ 253518.924407384416554, 7036479.391664597205818 ], [ 253523.927597974339733, 7036479.391664597205818 ], [ 253523.927597974339733, 7036474.38847400713712 ], [ 253528.930788564292016, 7036474.38847400713712 ], [ 253528.930788564292016, 7036469.385283417068422 ], [ 253533.933979154244298, 7036469.385283417068422 ], [ 253533.933979154244298, 7036464.382092827931046 ], [ 253538.937169744196581, 7036464.382092827931046 ], [ 253538.937169744196581, 7036459.378902237862349 ], [ 253543.940360334148863, 7036459.378902237862349 ], [ 253543.940360334148863, 7036454.375711647793651 ], [ 253548.943550924101146, 7036454.375711647793651 ], [ 253548.943550924101146, 7036449.372521057724953 ], [ 253553.946741514024325, 7036449.372521057724953 ], [ 253553.946741514024325, 7036444.369330467656255 ], [ 253558.949932103976607, 7036444.369330467656255 ], [ 253558.949932103976607, 7036439.366139877587557 ], [ 253563.95312269392889, 7036439.366139877587557 ], [ 253563.95312269392889, 7036434.362949287518859 ], [ 253568.956313283881173, 7036434.362949287518859 ], [ 253568.956313283881173, 7036429.359758697450161 ], [ 253573.959503873833455, 7036429.359758697450161 ], [ 253573.959503873833455, 7036424.356568108312786 ], [ 253578.962694463756634, 7036424.356568108312786 ], [ 253578.962694463756634, 7036419.353377518244088 ], [ 253583.965885053708917, 7036419.353377518244088 ], [ 253583.965885053708917, 7036414.35018692817539 ], [ 253588.969075643661199, 7036414.35018692817539 ], [ 253588.969075643661199, 7036409.346996338106692 ], [ 253608.981838003441226, 7036409.346996338106692 ], [ 253608.981838003441226, 7036414.35018692817539 ], [ 253613.985028593393508, 7036414.35018692817539 ], [ 253613.985028593393508, 7036419.353377518244088 ], [ 253618.988219183345791, 7036419.353377518244088 ], [ 253618.988219183345791, 7036424.356568108312786 ], [ 253623.991409773298074, 7036424.356568108312786 ], [ 253623.991409773298074, 7036429.359758697450161 ], [ 253628.994600363250356, 7036429.359758697450161 ], [ 253628.994600363250356, 7036434.362949287518859 ], [ 253633.997790953173535, 7036434.362949287518859 ], [ 253633.997790953173535, 7036439.366139877587557 ], [ 253639.000981543125818, 7036439.366139877587557 ], [ 253639.000981543125818, 7036444.369330467656255 ], [ 253644.0041721330781, 7036444.369330467656255 ], [ 253644.0041721330781, 7036449.372521057724953 ], [ 253649.007362723030383, 7036449.372521057724953 ], [ 253649.007362723030383, 7036454.375711647793651 ], [ 253654.010553312982665, 7036454.375711647793651 ], [ 253654.010553312982665, 7036429.359758697450161 ], [ 253659.013743902934948, 7036429.359758697450161 ], [ 253659.013743902934948, 7036424.356568108312786 ], [ 253654.010553312982665, 7036424.356568108312786 ], [ 253654.010553312982665, 7036414.35018692817539 ], [ 253659.013743902934948, 7036414.35018692817539 ], [ 253659.013743902934948, 7036409.346996338106692 ], [ 253664.016934492858127, 7036409.346996338106692 ], [ 253664.016934492858127, 7036404.343805748037994 ], [ 253669.020125082810409, 7036404.343805748037994 ], [ 253669.020125082810409, 7036394.337424567900598 ], [ 253684.029696852667257, 7036394.337424567900598 ], [ 253684.029696852667257, 7036389.334233978763223 ], [ 253689.032887442590436, 7036389.334233978763223 ], [ 253689.032887442590436, 7036384.331043388694525 ], [ 253699.039268622495001, 7036384.331043388694525 ], [ 253699.039268622495001, 7036389.334233978763223 ], [ 253709.045649802399566, 7036389.334233978763223 ], [ 253709.045649802399566, 7036384.331043388694525 ], [ 253714.048840392351849, 7036384.331043388694525 ], [ 253714.048840392351849, 7036389.334233978763223 ], [ 253719.052030982275028, 7036389.334233978763223 ], [ 253719.052030982275028, 7036394.337424567900598 ], [ 253724.05522157222731, 7036394.337424567900598 ], [ 253724.05522157222731, 7036404.343805748037994 ], [ 253744.067983932007337, 7036404.343805748037994 ], [ 253744.067983932007337, 7036399.340615157969296 ], [ 253759.077555701864185, 7036399.340615157969296 ], [ 253759.077555701864185, 7036394.337424567900598 ], [ 253764.080746291816467, 7036394.337424567900598 ], [ 253764.080746291816467, 7036399.340615157969296 ], [ 253769.08393688176875, 7036399.340615157969296 ], [ 253769.08393688176875, 7036394.337424567900598 ], [ 253774.087127471691929, 7036394.337424567900598 ], [ 253774.087127471691929, 7036389.334233978763223 ], [ 253784.093508651596494, 7036389.334233978763223 ], [ 253784.093508651596494, 7036384.331043388694525 ], [ 253794.099889831501059, 7036384.331043388694525 ], [ 253794.099889831501059, 7036379.327852798625827 ], [ 253809.109461601328803, 7036379.327852798625827 ], [ 253809.109461601328803, 7036364.318281028419733 ], [ 253814.112652191281086, 7036364.318281028419733 ], [ 253814.112652191281086, 7036359.315090438351035 ], [ 253819.115842781233368, 7036359.315090438351035 ], [ 253819.115842781233368, 7036354.311899848282337 ], [ 253824.119033371185651, 7036354.311899848282337 ], [ 253824.119033371185651, 7036349.308709259144962 ], [ 253829.12222396110883, 7036349.308709259144962 ], [ 253829.12222396110883, 7036344.305518669076264 ], [ 253834.125414551061112, 7036344.305518669076264 ], [ 253834.125414551061112, 7036339.302328079007566 ], [ 253839.128605141013395, 7036339.302328079007566 ], [ 253839.128605141013395, 7036334.299137488938868 ], [ 253844.131795730965678, 7036334.299137488938868 ], [ 253844.131795730965678, 7036329.29594689887017 ], [ 253849.13498632091796, 7036329.29594689887017 ], [ 253849.13498632091796, 7036324.292756308801472 ], [ 253854.138176910841139, 7036324.292756308801472 ], [ 253854.138176910841139, 7036319.289565718732774 ], [ 253859.141367500793422, 7036319.289565718732774 ], [ 253859.141367500793422, 7036314.286375128664076 ], [ 253864.144558090745704, 7036314.286375128664076 ], [ 253864.144558090745704, 7036309.283184539526701 ], [ 253869.147748680697987, 7036309.283184539526701 ], [ 253869.147748680697987, 7036304.279993949458003 ], [ 253874.150939270650269, 7036304.279993949458003 ], [ 253874.150939270650269, 7036299.276803359389305 ], [ 253879.154129860602552, 7036299.276803359389305 ], [ 253879.154129860602552, 7036294.273612769320607 ], [ 253899.166892220382579, 7036294.273612769320607 ], [ 253899.166892220382579, 7036299.276803359389305 ], [ 253904.170082810334861, 7036299.276803359389305 ], [ 253904.170082810334861, 7036304.279993949458003 ], [ 253909.17327340025804, 7036304.279993949458003 ], [ 253909.17327340025804, 7036309.283184539526701 ], [ 253919.179654580162605, 7036309.283184539526701 ], [ 253919.179654580162605, 7036304.279993949458003 ], [ 253924.182845170114888, 7036304.279993949458003 ], [ 253924.182845170114888, 7036299.276803359389305 ], [ 253929.18603576006717, 7036299.276803359389305 ], [ 253929.18603576006717, 7036294.273612769320607 ], [ 253934.189226350019453, 7036294.273612769320607 ], [ 253934.189226350019453, 7036289.270422179251909 ], [ 253939.192416939942632, 7036289.270422179251909 ], [ 253939.192416939942632, 7036284.267231589183211 ], [ 253944.195607529894914, 7036284.267231589183211 ], [ 253944.195607529894914, 7036279.264040999114513 ], [ 253949.198798119847197, 7036279.264040999114513 ], [ 253949.198798119847197, 7036274.260850409977138 ], [ 253954.20198870979948, 7036274.260850409977138 ], [ 253954.20198870979948, 7036269.25765981990844 ], [ 253959.205179299751762, 7036269.25765981990844 ], [ 253959.205179299751762, 7036264.254469229839742 ], [ 253964.208369889674941, 7036264.254469229839742 ], [ 253964.208369889674941, 7036259.251278639771044 ], [ 253969.211560479627224, 7036259.251278639771044 ], [ 253969.211560479627224, 7036254.248088049702346 ], [ 253979.217941659531789, 7036254.248088049702346 ], [ 253979.217941659531789, 7036259.251278639771044 ], [ 253984.221132249484072, 7036259.251278639771044 ], [ 253984.221132249484072, 7036264.254469229839742 ], [ 253989.224322839436354, 7036264.254469229839742 ], [ 253989.224322839436354, 7036269.25765981990844 ], [ 254004.233894609264098, 7036269.25765981990844 ], [ 254004.233894609264098, 7036274.260850409977138 ], [ 254009.237085199216381, 7036274.260850409977138 ], [ 254009.237085199216381, 7036279.264040999114513 ], [ 254014.240275789168663, 7036279.264040999114513 ], [ 254014.240275789168663, 7036284.267231589183211 ], [ 254019.243466379091842, 7036284.267231589183211 ], [ 254019.243466379091842, 7036289.270422179251909 ], [ 254024.246656969044125, 7036289.270422179251909 ], [ 254024.246656969044125, 7036294.273612769320607 ], [ 254029.249847558996407, 7036294.273612769320607 ], [ 254029.249847558996407, 7036299.276803359389305 ], [ 254034.25303814894869, 7036299.276803359389305 ], [ 254034.25303814894869, 7036304.279993949458003 ], [ 254039.256228738900973, 7036304.279993949458003 ], [ 254039.256228738900973, 7036309.283184539526701 ], [ 254044.259419328853255, 7036309.283184539526701 ], [ 254044.259419328853255, 7036314.286375128664076 ], [ 254049.262609918776434, 7036314.286375128664076 ], [ 254049.262609918776434, 7036319.289565718732774 ], [ 254054.265800508728717, 7036319.289565718732774 ], [ 254054.265800508728717, 7036324.292756308801472 ], [ 254059.268991098680999, 7036324.292756308801472 ], [ 254059.268991098680999, 7036329.29594689887017 ], [ 254064.272181688633282, 7036329.29594689887017 ], [ 254064.272181688633282, 7036334.299137488938868 ], [ 254069.275372278585564, 7036334.299137488938868 ], [ 254069.275372278585564, 7036339.302328079007566 ], [ 254074.278562868508743, 7036339.302328079007566 ], [ 254074.278562868508743, 7036344.305518669076264 ], [ 254079.281753458461026, 7036344.305518669076264 ], [ 254079.281753458461026, 7036349.308709259144962 ], [ 254094.291325228317874, 7036349.308709259144962 ], [ 254094.291325228317874, 7036344.305518669076264 ], [ 254119.307278178050183, 7036344.305518669076264 ], [ 254119.307278178050183, 7036339.302328079007566 ], [ 254124.310468768002465, 7036339.302328079007566 ], [ 254124.310468768002465, 7036334.299137488938868 ], [ 254119.307278178050183, 7036334.299137488938868 ], [ 254119.307278178050183, 7036329.29594689887017 ], [ 254114.3040875880979, 7036329.29594689887017 ], [ 254114.3040875880979, 7036309.283184539526701 ], [ 254119.307278178050183, 7036309.283184539526701 ], [ 254119.307278178050183, 7036304.279993949458003 ], [ 254124.310468768002465, 7036304.279993949458003 ], [ 254124.310468768002465, 7036299.276803359389305 ], [ 254129.313659357925644, 7036299.276803359389305 ], [ 254129.313659357925644, 7036294.273612769320607 ], [ 254134.316849947877927, 7036294.273612769320607 ], [ 254134.316849947877927, 7036289.270422179251909 ], [ 254139.320040537830209, 7036289.270422179251909 ], [ 254139.320040537830209, 7036284.267231589183211 ], [ 254144.323231127782492, 7036284.267231589183211 ], [ 254144.323231127782492, 7036279.264040999114513 ], [ 254149.326421717734775, 7036279.264040999114513 ], [ 254149.326421717734775, 7036274.260850409977138 ], [ 254154.329612307687057, 7036274.260850409977138 ], [ 254154.329612307687057, 7036269.25765981990844 ], [ 254159.332802897610236, 7036269.25765981990844 ], [ 254159.332802897610236, 7036264.254469229839742 ], [ 254164.335993487562519, 7036264.254469229839742 ], [ 254164.335993487562519, 7036259.251278639771044 ], [ 254169.339184077514801, 7036259.251278639771044 ], [ 254169.339184077514801, 7036254.248088049702346 ], [ 254174.342374667467084, 7036254.248088049702346 ], [ 254174.342374667467084, 7036249.244897459633648 ], [ 254179.345565257419366, 7036249.244897459633648 ], [ 254179.345565257419366, 7036244.24170686956495 ], [ 254184.348755847342545, 7036244.24170686956495 ], [ 254184.348755847342545, 7036239.238516279496253 ], [ 254209.364708797103958, 7036239.238516279496253 ], [ 254209.364708797103958, 7036244.24170686956495 ], [ 254214.367899387027137, 7036244.24170686956495 ], [ 254214.367899387027137, 7036249.244897459633648 ], [ 254219.37108997697942, 7036249.244897459633648 ], [ 254219.37108997697942, 7036254.248088049702346 ], [ 254224.374280566931702, 7036254.248088049702346 ], [ 254224.374280566931702, 7036259.251278639771044 ], [ 254229.377471156883985, 7036259.251278639771044 ], [ 254229.377471156883985, 7036264.254469229839742 ], [ 254234.380661746836267, 7036264.254469229839742 ], [ 254234.380661746836267, 7036269.25765981990844 ], [ 254239.383852336759446, 7036269.25765981990844 ], [ 254239.383852336759446, 7036274.260850409977138 ], [ 254249.390233516664011, 7036274.260850409977138 ], [ 254249.390233516664011, 7036269.25765981990844 ], [ 254254.393424106616294, 7036269.25765981990844 ], [ 254254.393424106616294, 7036264.254469229839742 ], [ 254259.396614696568577, 7036264.254469229839742 ], [ 254259.396614696568577, 7036259.251278639771044 ], [ 254264.399805286520859, 7036259.251278639771044 ], [ 254264.399805286520859, 7036254.248088049702346 ], [ 254274.406186466396321, 7036254.248088049702346 ], [ 254274.406186466396321, 7036259.251278639771044 ], [ 254279.409377056348603, 7036259.251278639771044 ], [ 254279.409377056348603, 7036264.254469229839742 ], [ 254284.412567646300886, 7036264.254469229839742 ], [ 254284.412567646300886, 7036269.25765981990844 ], [ 254289.415758236253168, 7036269.25765981990844 ], [ 254289.415758236253168, 7036264.254469229839742 ], [ 254294.418948826176347, 7036264.254469229839742 ], [ 254294.418948826176347, 7036259.251278639771044 ], [ 254299.42213941612863, 7036259.251278639771044 ], [ 254299.42213941612863, 7036254.248088049702346 ], [ 254304.425330006080912, 7036254.248088049702346 ], [ 254304.425330006080912, 7036249.244897459633648 ], [ 254309.428520596033195, 7036249.244897459633648 ], [ 254309.428520596033195, 7036244.24170686956495 ], [ 254314.431711185985478, 7036244.24170686956495 ], [ 254314.431711185985478, 7036239.238516279496253 ], [ 254319.43490177593776, 7036239.238516279496253 ], [ 254319.43490177593776, 7036234.235325690358877 ], [ 254324.438092365860939, 7036234.235325690358877 ], [ 254324.438092365860939, 7036229.232135100290179 ], [ 254329.441282955813222, 7036229.232135100290179 ], [ 254329.441282955813222, 7036224.228944510221481 ], [ 254334.444473545765504, 7036224.228944510221481 ], [ 254334.444473545765504, 7036219.225753920152783 ], [ 254339.447664135717787, 7036219.225753920152783 ], [ 254339.447664135717787, 7036214.222563330084085 ], [ 254344.450854725670069, 7036214.222563330084085 ], [ 254344.450854725670069, 7036209.219372740015388 ], [ 254349.454045315593248, 7036209.219372740015388 ], [ 254349.454045315593248, 7036204.21618214994669 ], [ 254354.457235905545531, 7036204.21618214994669 ], [ 254354.457235905545531, 7036199.212991559877992 ], [ 254359.460426495497813, 7036199.212991559877992 ], [ 254359.460426495497813, 7036194.209800970740616 ], [ 254364.463617085450096, 7036194.209800970740616 ], [ 254364.463617085450096, 7036189.206610380671918 ], [ 254369.466807675402379, 7036189.206610380671918 ], [ 254369.466807675402379, 7036184.20341979060322 ], [ 254374.469998265354661, 7036184.20341979060322 ], [ 254374.469998265354661, 7036179.200229200534523 ], [ 254379.47318885527784, 7036179.200229200534523 ], [ 254379.47318885527784, 7036174.197038610465825 ], [ 254384.476379445230123, 7036174.197038610465825 ], [ 254384.476379445230123, 7036169.193848020397127 ], [ 254389.479570035182405, 7036169.193848020397127 ], [ 254389.479570035182405, 7036164.190657430328429 ], [ 254394.482760625134688, 7036164.190657430328429 ], [ 254394.482760625134688, 7036159.187466841191053 ], [ 254399.48595121508697, 7036159.187466841191053 ], [ 254399.48595121508697, 7036154.184276251122355 ], [ 254394.482760625134688, 7036154.184276251122355 ], [ 254394.482760625134688, 7036134.171513890847564 ], [ 254399.48595121508697, 7036134.171513890847564 ], [ 254399.48595121508697, 7036129.168323300778866 ], [ 254404.489141805010149, 7036129.168323300778866 ], [ 254404.489141805010149, 7036124.165132710710168 ], [ 254409.492332394962432, 7036124.165132710710168 ], [ 254409.492332394962432, 7036119.161942121572793 ], [ 254414.495522984914714, 7036119.161942121572793 ], [ 254414.495522984914714, 7036114.158751531504095 ], [ 254419.498713574866997, 7036114.158751531504095 ], [ 254419.498713574866997, 7036109.155560941435397 ], [ 254424.50190416481928, 7036109.155560941435397 ], [ 254424.50190416481928, 7036104.152370351366699 ], [ 254429.505094754771562, 7036104.152370351366699 ], [ 254429.505094754771562, 7036089.142798581160605 ], [ 254434.508285344694741, 7036089.142798581160605 ], [ 254434.508285344694741, 7036084.139607991091907 ], [ 254439.511475934647024, 7036084.139607991091907 ], [ 254439.511475934647024, 7036079.136417401954532 ], [ 254444.514666524599306, 7036079.136417401954532 ], [ 254444.514666524599306, 7036074.133226811885834 ], [ 254449.517857114551589, 7036074.133226811885834 ], [ 254449.517857114551589, 7036069.130036221817136 ], [ 254454.521047704503872, 7036069.130036221817136 ], [ 254454.521047704503872, 7036064.126845631748438 ], [ 254459.52423829442705, 7036064.126845631748438 ], [ 254459.52423829442705, 7036059.12365504167974 ], [ 254464.527428884379333, 7036059.12365504167974 ], [ 254464.527428884379333, 7036054.120464451611042 ], [ 254469.530619474331615, 7036054.120464451611042 ], [ 254469.530619474331615, 7036049.117273861542344 ], [ 254474.533810064283898, 7036049.117273861542344 ], [ 254474.533810064283898, 7036044.114083272404969 ], [ 254479.537000654236181, 7036044.114083272404969 ], [ 254479.537000654236181, 7036039.110892682336271 ], [ 254484.540191244188463, 7036039.110892682336271 ], [ 254484.540191244188463, 7036034.107702092267573 ], [ 254489.543381834111642, 7036034.107702092267573 ], [ 254489.543381834111642, 7036029.104511502198875 ], [ 254494.546572424063925, 7036029.104511502198875 ], [ 254494.546572424063925, 7036024.101320912130177 ], [ 254499.549763014016207, 7036024.101320912130177 ], [ 254499.549763014016207, 7036019.098130322061479 ], [ 254504.55295360396849, 7036019.098130322061479 ], [ 254504.55295360396849, 7036014.094939731992781 ], [ 254514.559334783843951, 7036014.094939731992781 ], [ 254514.559334783843951, 7036019.098130322061479 ], [ 254519.562525373796234, 7036019.098130322061479 ], [ 254519.562525373796234, 7036024.101320912130177 ], [ 254524.565715963748517, 7036024.101320912130177 ], [ 254524.565715963748517, 7036029.104511502198875 ], [ 254529.568906553700799, 7036029.104511502198875 ], [ 254529.568906553700799, 7036034.107702092267573 ], [ 254534.572097143653082, 7036034.107702092267573 ], [ 254534.572097143653082, 7036039.110892682336271 ], [ 254539.575287733605364, 7036039.110892682336271 ], [ 254539.575287733605364, 7036044.114083272404969 ], [ 254544.578478323528543, 7036044.114083272404969 ], [ 254544.578478323528543, 7036049.117273861542344 ], [ 254549.581668913480826, 7036049.117273861542344 ], [ 254549.581668913480826, 7036054.120464451611042 ], [ 254554.584859503433108, 7036054.120464451611042 ], [ 254554.584859503433108, 7036059.12365504167974 ], [ 254559.588050093385391, 7036059.12365504167974 ], [ 254559.588050093385391, 7036064.126845631748438 ], [ 254564.591240683337674, 7036064.126845631748438 ], [ 254564.591240683337674, 7036069.130036221817136 ], [ 254574.597621863213135, 7036069.130036221817136 ], [ 254574.597621863213135, 7036064.126845631748438 ], [ 254579.600812453165418, 7036064.126845631748438 ], [ 254579.600812453165418, 7036054.120464451611042 ], [ 254589.607193633069983, 7036054.120464451611042 ], [ 254589.607193633069983, 7036049.117273861542344 ], [ 254604.616765402897727, 7036049.117273861542344 ], [ 254604.616765402897727, 7036044.114083272404969 ], [ 254614.623146582802292, 7036044.114083272404969 ], [ 254614.623146582802292, 7036039.110892682336271 ], [ 254619.626337172754575, 7036039.110892682336271 ], [ 254619.626337172754575, 7036034.107702092267573 ], [ 254629.632718352630036, 7036034.107702092267573 ], [ 254629.632718352630036, 7036029.104511502198875 ], [ 254634.635908942582319, 7036029.104511502198875 ], [ 254634.635908942582319, 7036024.101320912130177 ], [ 254639.639099532534601, 7036024.101320912130177 ], [ 254639.639099532534601, 7036019.098130322061479 ], [ 254644.642290122486884, 7036019.098130322061479 ], [ 254644.642290122486884, 7036014.094939731992781 ], [ 254649.645480712439166, 7036014.094939731992781 ], [ 254649.645480712439166, 7036009.091749141924083 ], [ 254654.648671302362345, 7036009.091749141924083 ], [ 254654.648671302362345, 7036004.088558552786708 ], [ 254659.651861892314628, 7036004.088558552786708 ], [ 254659.651861892314628, 7035999.08536796271801 ], [ 254669.658243072219193, 7035999.08536796271801 ], [ 254669.658243072219193, 7035994.082177372649312 ], [ 254679.664624252094654, 7035994.082177372649312 ], [ 254679.664624252094654, 7035989.078986782580614 ], [ 254684.667814842046937, 7035989.078986782580614 ], [ 254684.667814842046937, 7035984.075796192511916 ], [ 254689.67100543199922, 7035984.075796192511916 ], [ 254689.67100543199922, 7035979.072605602443218 ], [ 254694.674196021951502, 7035979.072605602443218 ], [ 254694.674196021951502, 7035969.066224423237145 ], [ 254699.677386611903785, 7035969.066224423237145 ], [ 254699.677386611903785, 7035929.040699703618884 ], [ 254704.680577201856067, 7035929.040699703618884 ], [ 254704.680577201856067, 7035914.03112793341279 ], [ 254709.683767791779246, 7035914.03112793341279 ], [ 254709.683767791779246, 7035904.024746753275394 ], [ 254714.686958381731529, 7035904.024746753275394 ], [ 254714.686958381731529, 7035894.018365573137999 ], [ 254719.690148971683811, 7035894.018365573137999 ], [ 254719.690148971683811, 7035889.015174984000623 ], [ 254734.699720741511555, 7035889.015174984000623 ], [ 254734.699720741511555, 7035879.008793803863227 ], [ 254739.702911331463838, 7035879.008793803863227 ], [ 254739.702911331463838, 7035863.999222033657134 ], [ 254744.706101921416121, 7035863.999222033657134 ], [ 254744.706101921416121, 7035858.996031443588436 ], [ 254749.709292511368403, 7035858.996031443588436 ], [ 254749.709292511368403, 7035848.989650264382362 ], [ 254754.712483101320686, 7035848.989650264382362 ], [ 254754.712483101320686, 7035838.983269084244967 ], [ 254759.715673691243865, 7035838.983269084244967 ], [ 254759.715673691243865, 7035833.980078494176269 ], [ 254764.718864281196147, 7035833.980078494176269 ], [ 254764.718864281196147, 7035808.964125544764102 ], [ 254769.72205487114843, 7035808.964125544764102 ], [ 254769.72205487114843, 7035793.954553774558008 ], [ 254774.725245461100712, 7035793.954553774558008 ], [ 254774.725245461100712, 7035778.944982004351914 ], [ 254779.728436051052995, 7035778.944982004351914 ], [ 254779.728436051052995, 7035773.941791415214539 ], [ 254784.731626641005278, 7035773.941791415214539 ], [ 254784.731626641005278, 7035718.906694925390184 ], [ 254789.734817230928456, 7035718.906694925390184 ], [ 254789.734817230928456, 7035688.887551385909319 ], [ 254794.738007820880739, 7035688.887551385909319 ], [ 254794.738007820880739, 7035683.884360795840621 ], [ 254799.741198410833022, 7035683.884360795840621 ], [ 254799.741198410833022, 7035668.874789025634527 ], [ 254804.744389000785304, 7035668.874789025634527 ], [ 254804.744389000785304, 7035658.868407846428454 ], [ 254809.747579590737587, 7035658.868407846428454 ], [ 254809.747579590737587, 7035633.852454896084964 ], [ 254814.750770180660766, 7035633.852454896084964 ], [ 254814.750770180660766, 7035623.846073716878891 ], [ 254819.753960770613048, 7035623.846073716878891 ], [ 254819.753960770613048, 7035618.842883126810193 ], [ 254824.757151360565331, 7035618.842883126810193 ], [ 254824.757151360565331, 7035613.839692536741495 ], [ 254829.760341950517613, 7035613.839692536741495 ], [ 254829.760341950517613, 7035603.833311356604099 ], [ 254834.763532540469896, 7035603.833311356604099 ], [ 254834.763532540469896, 7035598.830120766535401 ], [ 254839.766723130422179, 7035598.830120766535401 ], [ 254839.766723130422179, 7035588.823739586398005 ], [ 254844.769913720345357, 7035588.823739586398005 ], [ 254844.769913720345357, 7035583.82054899726063 ], [ 254849.77310431029764, 7035583.82054899726063 ], [ 254849.77310431029764, 7035568.810977227054536 ], [ 254854.776294900249923, 7035568.810977227054536 ], [ 254854.776294900249923, 7035558.80459604691714 ], [ 254859.779485490202205, 7035558.80459604691714 ], [ 254859.779485490202205, 7035553.801405456848443 ], [ 254864.782676080154488, 7035553.801405456848443 ], [ 254864.782676080154488, 7035548.798214866779745 ], [ 254869.785866670077667, 7035548.798214866779745 ], [ 254869.785866670077667, 7035538.791833687573671 ], [ 254874.789057260029949, 7035538.791833687573671 ], [ 254874.789057260029949, 7035518.77907132729888 ], [ 254879.792247849982232, 7035518.77907132729888 ], [ 254879.792247849982232, 7035508.772690148092806 ], [ 254889.798629029886797, 7035508.772690148092806 ], [ 254889.798629029886797, 7035503.769499558024108 ], [ 254894.80181961983908, 7035503.769499558024108 ], [ 254894.80181961983908, 7035498.76630896795541 ], [ 254899.805010209762258, 7035498.76630896795541 ], [ 254899.805010209762258, 7035493.763118377886713 ], [ 254904.808200799714541, 7035493.763118377886713 ], [ 254904.808200799714541, 7035483.756737197749317 ], [ 254909.811391389666824, 7035483.756737197749317 ], [ 254909.811391389666824, 7035473.750356017611921 ], [ 254914.814581979619106, 7035473.750356017611921 ], [ 254914.814581979619106, 7035463.743974838405848 ], [ 254919.817772569571389, 7035463.743974838405848 ], [ 254919.817772569571389, 7035458.74078424833715 ], [ 254924.820963159494568, 7035458.74078424833715 ], [ 254924.820963159494568, 7035453.737593658268452 ], [ 254929.82415374944685, 7035453.737593658268452 ], [ 254929.82415374944685, 7035448.734403068199754 ], [ 254934.827344339399133, 7035448.734403068199754 ], [ 254934.827344339399133, 7035443.731212478131056 ], [ 254944.833725519303698, 7035443.731212478131056 ], [ 254944.833725519303698, 7035438.728021888062358 ], [ 254949.836916109255981, 7035438.728021888062358 ], [ 254949.836916109255981, 7035433.72483129799366 ], [ 254954.840106699179159, 7035433.72483129799366 ], [ 254954.840106699179159, 7035428.721640708856285 ], [ 254949.836916109255981, 7035428.721640708856285 ], [ 254949.836916109255981, 7035423.718450118787587 ], [ 254944.833725519303698, 7035423.718450118787587 ], [ 254944.833725519303698, 7035418.715259528718889 ], [ 254939.830534929351415, 7035418.715259528718889 ], [ 254939.830534929351415, 7035413.712068938650191 ], [ 254934.827344339399133, 7035413.712068938650191 ], [ 254934.827344339399133, 7035408.708878348581493 ], [ 254929.82415374944685, 7035408.708878348581493 ], [ 254929.82415374944685, 7035403.705687758512795 ], [ 254924.820963159494568, 7035403.705687758512795 ], [ 254924.820963159494568, 7035398.702497168444097 ], [ 254919.817772569571389, 7035398.702497168444097 ], [ 254919.817772569571389, 7035393.699306579306722 ], [ 254914.814581979619106, 7035393.699306579306722 ], [ 254914.814581979619106, 7035388.696115989238024 ], [ 254909.811391389666824, 7035388.696115989238024 ], [ 254909.811391389666824, 7035383.692925399169326 ], [ 254904.808200799714541, 7035383.692925399169326 ], [ 254904.808200799714541, 7035363.680163038894534 ], [ 254909.811391389666824, 7035363.680163038894534 ], [ 254909.811391389666824, 7035358.676972448825836 ], [ 254914.814581979619106, 7035358.676972448825836 ], [ 254914.814581979619106, 7035353.673781859688461 ], [ 254919.817772569571389, 7035353.673781859688461 ], [ 254919.817772569571389, 7035348.670591269619763 ], [ 254924.820963159494568, 7035348.670591269619763 ], [ 254924.820963159494568, 7035343.667400679551065 ], [ 254929.82415374944685, 7035343.667400679551065 ], [ 254929.82415374944685, 7035338.664210089482367 ], [ 254934.827344339399133, 7035338.664210089482367 ], [ 254934.827344339399133, 7035333.661019499413669 ], [ 254939.830534929351415, 7035333.661019499413669 ], [ 254939.830534929351415, 7035328.657828909344971 ], [ 254944.833725519303698, 7035328.657828909344971 ], [ 254944.833725519303698, 7035323.654638319276273 ], [ 254949.836916109255981, 7035323.654638319276273 ], [ 254949.836916109255981, 7035318.651447729207575 ], [ 254954.840106699179159, 7035318.651447729207575 ], [ 254954.840106699179159, 7035313.6482571400702 ], [ 254959.843297289131442, 7035313.6482571400702 ], [ 254959.843297289131442, 7035308.645066550001502 ], [ 254964.846487879083725, 7035308.645066550001502 ], [ 254964.846487879083725, 7035303.641875959932804 ], [ 254969.849678469036007, 7035303.641875959932804 ], [ 254969.849678469036007, 7035298.638685369864106 ], [ 254974.85286905898829, 7035298.638685369864106 ], [ 254974.85286905898829, 7035293.635494779795408 ], [ 254979.856059648911469, 7035293.635494779795408 ], [ 254979.856059648911469, 7035288.63230418972671 ], [ 254999.868822008720599, 7035288.63230418972671 ], [ 254999.868822008720599, 7035283.629113599658012 ], [ 255004.872012598672882, 7035283.629113599658012 ], [ 255004.872012598672882, 7035278.625923010520637 ], [ 255009.87520318859606, 7035278.625923010520637 ], [ 255009.87520318859606, 7035273.622732420451939 ], [ 255014.878393778548343, 7035273.622732420451939 ], [ 255014.878393778548343, 7035268.619541830383241 ], [ 255019.881584368500626, 7035268.619541830383241 ], [ 255019.881584368500626, 7035263.616351240314543 ], [ 255024.884774958452908, 7035263.616351240314543 ], [ 255024.884774958452908, 7035258.613160650245845 ], [ 255029.887965548405191, 7035258.613160650245845 ], [ 255029.887965548405191, 7035253.609970060177147 ], [ 255034.89115613832837, 7035253.609970060177147 ], [ 255034.89115613832837, 7035243.603588880039752 ], [ 255039.894346728280652, 7035243.603588880039752 ], [ 255039.894346728280652, 7035238.600398290902376 ], [ 255044.897537318232935, 7035238.600398290902376 ], [ 255044.897537318232935, 7035233.597207700833678 ], [ 255049.900727908185218, 7035233.597207700833678 ], [ 255049.900727908185218, 7035228.59401711076498 ], [ 255054.9039184981375, 7035228.59401711076498 ], [ 255054.9039184981375, 7035223.590826520696282 ], [ 255059.907109088089783, 7035223.590826520696282 ], [ 255059.907109088089783, 7035218.587635930627584 ], [ 255064.910299678012962, 7035218.587635930627584 ], [ 255064.910299678012962, 7035213.584445340558887 ], [ 255069.913490267965244, 7035213.584445340558887 ], [ 255069.913490267965244, 7035208.581254750490189 ], [ 255074.916680857917527, 7035208.581254750490189 ], [ 255074.916680857917527, 7035203.578064160421491 ], [ 255079.919871447869809, 7035203.578064160421491 ], [ 255079.919871447869809, 7035198.574873571284115 ], [ 255084.923062037822092, 7035198.574873571284115 ], [ 255084.923062037822092, 7035193.571682981215417 ], [ 255089.926252627745271, 7035193.571682981215417 ], [ 255089.926252627745271, 7035188.568492391146719 ], [ 255084.923062037822092, 7035188.568492391146719 ], [ 255084.923062037822092, 7035168.555730030871928 ], [ 255089.926252627745271, 7035168.555730030871928 ], [ 255089.926252627745271, 7035163.552539441734552 ], [ 255094.929443217697553, 7035163.552539441734552 ], [ 255094.929443217697553, 7035158.549348851665854 ], [ 255099.932633807649836, 7035158.549348851665854 ], [ 255099.932633807649836, 7035153.546158261597157 ], [ 255104.935824397602119, 7035153.546158261597157 ], [ 255104.935824397602119, 7035148.542967671528459 ], [ 255109.939014987554401, 7035148.542967671528459 ], [ 255109.939014987554401, 7035143.539777081459761 ], [ 255114.942205577506684, 7035143.539777081459761 ], [ 255114.942205577506684, 7035138.536586491391063 ], [ 255119.945396167429863, 7035138.536586491391063 ], [ 255119.945396167429863, 7035133.533395901322365 ], [ 255124.948586757382145, 7035133.533395901322365 ], [ 255124.948586757382145, 7035128.530205311253667 ], [ 255129.951777347334428, 7035128.530205311253667 ], [ 255129.951777347334428, 7035123.527014722116292 ], [ 255124.948586757382145, 7035123.527014722116292 ], [ 255124.948586757382145, 7035118.523824132047594 ], [ 255119.945396167429863, 7035118.523824132047594 ], [ 255119.945396167429863, 7035113.520633541978896 ], [ 255114.942205577506684, 7035113.520633541978896 ], [ 255114.942205577506684, 7035108.517442951910198 ], [ 255109.939014987554401, 7035108.517442951910198 ], [ 255109.939014987554401, 7035103.5142523618415 ], [ 255104.935824397602119, 7035103.5142523618415 ], [ 255104.935824397602119, 7035098.511061771772802 ], [ 255099.932633807649836, 7035098.511061771772802 ], [ 255099.932633807649836, 7035093.507871181704104 ], [ 255094.929443217697553, 7035093.507871181704104 ], [ 255094.929443217697553, 7035088.504680592566729 ], [ 255089.926252627745271, 7035088.504680592566729 ], [ 255089.926252627745271, 7035068.491918232291937 ], [ 255094.929443217697553, 7035068.491918232291937 ], [ 255094.929443217697553, 7035063.488727642223239 ], [ 255099.932633807649836, 7035063.488727642223239 ], [ 255099.932633807649836, 7035058.485537052154541 ], [ 255104.935824397602119, 7035058.485537052154541 ], [ 255104.935824397602119, 7035053.482346462085843 ], [ 255109.939014987554401, 7035053.482346462085843 ], [ 255109.939014987554401, 7035048.479155872948468 ], [ 255114.942205577506684, 7035048.479155872948468 ], [ 255114.942205577506684, 7035043.47596528287977 ], [ 255119.945396167429863, 7035043.47596528287977 ], [ 255119.945396167429863, 7035038.472774692811072 ], [ 255124.948586757382145, 7035038.472774692811072 ], [ 255124.948586757382145, 7035033.469584102742374 ], [ 255119.945396167429863, 7035033.469584102742374 ], [ 255119.945396167429863, 7035028.466393512673676 ], [ 255114.942205577506684, 7035028.466393512673676 ], [ 255114.942205577506684, 7035023.463202922604978 ], [ 255109.939014987554401, 7035023.463202922604978 ], [ 255109.939014987554401, 7035018.46001233253628 ], [ 255104.935824397602119, 7035018.46001233253628 ], [ 255104.935824397602119, 7035013.456821742467582 ], [ 255099.932633807649836, 7035013.456821742467582 ], [ 255099.932633807649836, 7035008.453631153330207 ], [ 255094.929443217697553, 7035008.453631153330207 ], [ 255094.929443217697553, 7035003.450440563261509 ], [ 255089.926252627745271, 7035003.450440563261509 ], [ 255089.926252627745271, 7034998.447249973192811 ], [ 255084.923062037822092, 7034998.447249973192811 ], [ 255084.923062037822092, 7034993.444059383124113 ], [ 255079.919871447869809, 7034993.444059383124113 ], [ 255079.919871447869809, 7034978.434487612918019 ], [ 255084.923062037822092, 7034978.434487612918019 ], [ 255084.923062037822092, 7034973.431297023780644 ], [ 255089.926252627745271, 7034973.431297023780644 ], [ 255089.926252627745271, 7034968.428106433711946 ], [ 255094.929443217697553, 7034968.428106433711946 ], [ 255094.929443217697553, 7034963.424915843643248 ], [ 255099.932633807649836, 7034963.424915843643248 ], [ 255099.932633807649836, 7034958.42172525357455 ], [ 255104.935824397602119, 7034958.42172525357455 ], [ 255104.935824397602119, 7034953.418534663505852 ], [ 255109.939014987554401, 7034953.418534663505852 ], [ 255109.939014987554401, 7034948.415344073437154 ], [ 255114.942205577506684, 7034948.415344073437154 ], [ 255114.942205577506684, 7034943.412153483368456 ], [ 255119.945396167429863, 7034943.412153483368456 ], [ 255119.945396167429863, 7034938.408962893299758 ], [ 255114.942205577506684, 7034938.408962893299758 ], [ 255114.942205577506684, 7034933.405772304162383 ], [ 255109.939014987554401, 7034933.405772304162383 ], [ 255109.939014987554401, 7034928.402581714093685 ], [ 255104.935824397602119, 7034928.402581714093685 ], [ 255104.935824397602119, 7034923.399391124024987 ], [ 255099.932633807649836, 7034923.399391124024987 ], [ 255099.932633807649836, 7034918.396200533956289 ], [ 255094.929443217697553, 7034918.396200533956289 ], [ 255094.929443217697553, 7034913.393009943887591 ], [ 255089.926252627745271, 7034913.393009943887591 ], [ 255089.926252627745271, 7034908.389819353818893 ], [ 255084.923062037822092, 7034908.389819353818893 ], [ 255084.923062037822092, 7034883.373866404406726 ], [ 255089.926252627745271, 7034883.373866404406726 ], [ 255089.926252627745271, 7034878.370675814338028 ], [ 255094.929443217697553, 7034878.370675814338028 ], [ 255094.929443217697553, 7034873.367485224269331 ], [ 255099.932633807649836, 7034873.367485224269331 ], [ 255099.932633807649836, 7034868.364294634200633 ], [ 255104.935824397602119, 7034868.364294634200633 ], [ 255104.935824397602119, 7034863.361104044131935 ], [ 255109.939014987554401, 7034863.361104044131935 ], [ 255109.939014987554401, 7034858.357913454994559 ], [ 255114.942205577506684, 7034858.357913454994559 ], [ 255114.942205577506684, 7034853.354722864925861 ], [ 255119.945396167429863, 7034853.354722864925861 ], [ 255119.945396167429863, 7034848.351532274857163 ], [ 255124.948586757382145, 7034848.351532274857163 ], [ 255124.948586757382145, 7034843.348341684788465 ], [ 255129.951777347334428, 7034843.348341684788465 ], [ 255129.951777347334428, 7034838.345151094719768 ], [ 255134.95496793728671, 7034838.345151094719768 ], [ 255134.95496793728671, 7034833.34196050465107 ], [ 255139.958158527238993, 7034833.34196050465107 ], [ 255139.958158527238993, 7034828.338769914582372 ], [ 255144.961349117162172, 7034828.338769914582372 ], [ 255144.961349117162172, 7034823.335579324513674 ], [ 255149.964539707114454, 7034823.335579324513674 ], [ 255149.964539707114454, 7034818.332388735376298 ], [ 255154.967730297066737, 7034818.332388735376298 ], [ 255154.967730297066737, 7034813.3291981453076 ], [ 255164.974111476971302, 7034813.3291981453076 ], [ 255164.974111476971302, 7034808.326007555238903 ], [ 255169.977302066923585, 7034808.326007555238903 ], [ 255169.977302066923585, 7034803.322816965170205 ], [ 255174.980492656846764, 7034803.322816965170205 ], [ 255174.980492656846764, 7034798.319626375101507 ], [ 255179.983683246799046, 7034798.319626375101507 ], [ 255179.983683246799046, 7034793.316435785032809 ], [ 255184.986873836751329, 7034793.316435785032809 ], [ 255184.986873836751329, 7034788.313245194964111 ], [ 255189.990064426703611, 7034788.313245194964111 ], [ 255189.990064426703611, 7034778.306864015758038 ], [ 255194.993255016655894, 7034778.306864015758038 ], [ 255194.993255016655894, 7034768.300482835620642 ], [ 255199.996445606579073, 7034768.300482835620642 ], [ 255199.996445606579073, 7034763.297292245551944 ], [ 255204.999636196531355, 7034763.297292245551944 ], [ 255204.999636196531355, 7034758.294101655483246 ], [ 255210.002826786483638, 7034758.294101655483246 ], [ 255210.002826786483638, 7034753.290911065414548 ], [ 255215.006017376435921, 7034753.290911065414548 ], [ 255215.006017376435921, 7034748.28772047534585 ], [ 255220.009207966388203, 7034748.28772047534585 ], [ 255220.009207966388203, 7034743.284529886208475 ], [ 255225.012398556340486, 7034743.284529886208475 ], [ 255225.012398556340486, 7034738.281339296139777 ], [ 255230.015589146263665, 7034738.281339296139777 ], [ 255230.015589146263665, 7034733.278148706071079 ], [ 255235.018779736215947, 7034733.278148706071079 ], [ 255235.018779736215947, 7034728.274958116002381 ], [ 255240.02197032616823, 7034728.274958116002381 ], [ 255240.02197032616823, 7034723.271767525933683 ], [ 255245.025160916120512, 7034723.271767525933683 ], [ 255245.025160916120512, 7034718.268576935864985 ], [ 255250.028351506072795, 7034718.268576935864985 ], [ 255250.028351506072795, 7034713.265386345796287 ], [ 255255.031542095995974, 7034713.265386345796287 ], [ 255255.031542095995974, 7034708.262195755727589 ], [ 255260.034732685948256, 7034708.262195755727589 ], [ 255260.034732685948256, 7034703.259005166590214 ], [ 255265.037923275900539, 7034703.259005166590214 ], [ 255265.037923275900539, 7034698.255814576521516 ], [ 255290.053876225632848, 7034698.255814576521516 ], [ 255290.053876225632848, 7034693.252623986452818 ], [ 255295.057066815585131, 7034693.252623986452818 ], [ 255295.057066815585131, 7034688.24943339638412 ], [ 255300.060257405537413, 7034688.24943339638412 ], [ 255300.060257405537413, 7034683.246242806315422 ], [ 255310.066638585412875, 7034683.246242806315422 ], [ 255310.066638585412875, 7034688.24943339638412 ], [ 255315.069829175365157, 7034688.24943339638412 ], [ 255315.069829175365157, 7034683.246242806315422 ], [ 255320.07301976531744, 7034683.246242806315422 ], [ 255320.07301976531744, 7034678.243052216246724 ], [ 255325.076210355269723, 7034678.243052216246724 ], [ 255325.076210355269723, 7034673.239861626178026 ], [ 255330.079400945222005, 7034673.239861626178026 ], [ 255330.079400945222005, 7034663.233480446971953 ], [ 255325.076210355269723, 7034663.233480446971953 ], [ 255325.076210355269723, 7034658.230289856903255 ], [ 255320.07301976531744, 7034658.230289856903255 ], [ 255320.07301976531744, 7034653.227099266834557 ], [ 255315.069829175365157, 7034653.227099266834557 ], [ 255315.069829175365157, 7034648.223908676765859 ], [ 255310.066638585412875, 7034648.223908676765859 ], [ 255310.066638585412875, 7034643.220718086697161 ], [ 255305.063447995489696, 7034643.220718086697161 ], [ 255305.063447995489696, 7034638.217527496628463 ], [ 255300.060257405537413, 7034638.217527496628463 ], [ 255300.060257405537413, 7034633.214336906559765 ], [ 255295.057066815585131, 7034633.214336906559765 ], [ 255295.057066815585131, 7034613.201574547216296 ], [ 255300.060257405537413, 7034613.201574547216296 ], [ 255300.060257405537413, 7034608.198383957147598 ], [ 255305.063447995489696, 7034608.198383957147598 ], [ 255305.063447995489696, 7034603.1951933670789 ], [ 255310.066638585412875, 7034603.1951933670789 ], [ 255310.066638585412875, 7034598.192002777010202 ], [ 255315.069829175365157, 7034598.192002777010202 ], [ 255315.069829175365157, 7034593.188812186941504 ], [ 255320.07301976531744, 7034593.188812186941504 ], [ 255320.07301976531744, 7034588.185621597804129 ], [ 255325.076210355269723, 7034588.185621597804129 ], [ 255325.076210355269723, 7034583.182431007735431 ], [ 255330.079400945222005, 7034583.182431007735431 ], [ 255330.079400945222005, 7034578.179240417666733 ], [ 255335.082591535174288, 7034578.179240417666733 ], [ 255335.082591535174288, 7034573.176049827598035 ], [ 255340.085782125097467, 7034573.176049827598035 ], [ 255340.085782125097467, 7034568.172859237529337 ], [ 255345.088972715049749, 7034568.172859237529337 ], [ 255345.088972715049749, 7034563.169668647460639 ], [ 255350.092163305002032, 7034563.169668647460639 ], [ 255350.092163305002032, 7034558.166478057391942 ], [ 255355.095353894954314, 7034558.166478057391942 ], [ 255355.095353894954314, 7034553.163287467323244 ], [ 255360.098544484906597, 7034553.163287467323244 ], [ 255360.098544484906597, 7034548.160096878185868 ], [ 255365.101735074829776, 7034548.160096878185868 ], [ 255365.101735074829776, 7034543.15690628811717 ], [ 255370.104925664782058, 7034543.15690628811717 ], [ 255370.104925664782058, 7034538.153715698048472 ], [ 255380.111306844686624, 7034538.153715698048472 ], [ 255380.111306844686624, 7034533.150525107979774 ], [ 255375.108116254734341, 7034533.150525107979774 ], [ 255375.108116254734341, 7034428.083522719331086 ], [ 255370.104925664782058, 7034428.083522719331086 ], [ 255370.104925664782058, 7034403.067569768987596 ], [ 255365.101735074829776, 7034403.067569768987596 ], [ 255365.101735074829776, 7034388.057997999712825 ], [ 255370.104925664782058, 7034388.057997999712825 ], [ 255370.104925664782058, 7034348.032473280094564 ], [ 255375.108116254734341, 7034348.032473280094564 ], [ 255375.108116254734341, 7034318.013329740613699 ], [ 255380.111306844686624, 7034318.013329740613699 ], [ 255380.111306844686624, 7034308.006948560476303 ], [ 255385.114497434638906, 7034308.006948560476303 ], [ 255385.114497434638906, 7034303.003757970407605 ], [ 255390.117688024591189, 7034303.003757970407605 ], [ 255390.117688024591189, 7034287.994186200201511 ], [ 255405.127259794418933, 7034287.994186200201511 ], [ 255405.127259794418933, 7034282.990995611064136 ], [ 255415.133640974323498, 7034282.990995611064136 ], [ 255415.133640974323498, 7034277.987805020995438 ], [ 255420.136831564246677, 7034277.987805020995438 ], [ 255420.136831564246677, 7034272.98461443092674 ], [ 255430.143212744151242, 7034272.98461443092674 ], [ 255430.143212744151242, 7034267.981423840858042 ], [ 255445.15278451400809, 7034267.981423840858042 ], [ 255445.15278451400809, 7034272.98461443092674 ], [ 255460.162356283835834, 7034272.98461443092674 ], [ 255460.162356283835834, 7034277.987805020995438 ], [ 255470.168737463740399, 7034277.987805020995438 ], [ 255470.168737463740399, 7034282.990995611064136 ], [ 255475.171928053663578, 7034282.990995611064136 ], [ 255475.171928053663578, 7034287.994186200201511 ], [ 255485.178309233568143, 7034287.994186200201511 ], [ 255485.178309233568143, 7034282.990995611064136 ], [ 255490.181499823520426, 7034282.990995611064136 ], [ 255490.181499823520426, 7034277.987805020995438 ], [ 255495.184690413472708, 7034277.987805020995438 ], [ 255495.184690413472708, 7034272.98461443092674 ], [ 255500.187881003424991, 7034272.98461443092674 ], [ 255500.187881003424991, 7034267.981423840858042 ], [ 255505.19107159334817, 7034267.981423840858042 ], [ 255505.19107159334817, 7034262.978233250789344 ], [ 255510.194262183300452, 7034262.978233250789344 ], [ 255510.194262183300452, 7034257.975042660720646 ], [ 255515.197452773252735, 7034257.975042660720646 ], [ 255515.197452773252735, 7034252.971852070651948 ], [ 255520.200643363205018, 7034252.971852070651948 ], [ 255520.200643363205018, 7034247.968661480583251 ], [ 255525.2038339531573, 7034247.968661480583251 ], [ 255525.2038339531573, 7034242.965470891445875 ], [ 255530.207024543080479, 7034242.965470891445875 ], [ 255530.207024543080479, 7034237.962280301377177 ], [ 255535.210215133032762, 7034237.962280301377177 ], [ 255535.210215133032762, 7034232.959089711308479 ], [ 255540.213405722985044, 7034232.959089711308479 ], [ 255540.213405722985044, 7034227.955899121239781 ], [ 255545.216596312937327, 7034227.955899121239781 ], [ 255545.216596312937327, 7034222.952708531171083 ], [ 255560.226168082765071, 7034222.952708531171083 ], [ 255560.226168082765071, 7034227.955899121239781 ], [ 255565.229358672717353, 7034227.955899121239781 ], [ 255565.229358672717353, 7034232.959089711308479 ], [ 255570.232549262669636, 7034232.959089711308479 ], [ 255570.232549262669636, 7034237.962280301377177 ], [ 255575.235739852621919, 7034237.962280301377177 ], [ 255575.235739852621919, 7034242.965470891445875 ], [ 255580.238930442574201, 7034242.965470891445875 ], [ 255580.238930442574201, 7034247.968661480583251 ], [ 255585.24212103249738, 7034247.968661480583251 ], [ 255585.24212103249738, 7034242.965470891445875 ], [ 255590.245311622449663, 7034242.965470891445875 ], [ 255590.245311622449663, 7034237.962280301377177 ], [ 255605.25488339230651, 7034237.962280301377177 ], [ 255605.25488339230651, 7034242.965470891445875 ], [ 255610.258073982258793, 7034242.965470891445875 ], [ 255610.258073982258793, 7034247.968661480583251 ], [ 255615.261264572181972, 7034247.968661480583251 ], [ 255615.261264572181972, 7034252.971852070651948 ], [ 255620.264455162134254, 7034252.971852070651948 ], [ 255620.264455162134254, 7034257.975042660720646 ], [ 255625.267645752086537, 7034257.975042660720646 ], [ 255625.267645752086537, 7034262.978233250789344 ], [ 255630.27083634203882, 7034262.978233250789344 ], [ 255630.27083634203882, 7034267.981423840858042 ], [ 255635.274026931991102, 7034267.981423840858042 ], [ 255635.274026931991102, 7034272.98461443092674 ], [ 255640.277217521914281, 7034272.98461443092674 ], [ 255640.277217521914281, 7034277.987805020995438 ], [ 255645.280408111866564, 7034277.987805020995438 ], [ 255645.280408111866564, 7034282.990995611064136 ], [ 255650.283598701818846, 7034282.990995611064136 ], [ 255650.283598701818846, 7034277.987805020995438 ], [ 255655.286789291771129, 7034277.987805020995438 ], [ 255655.286789291771129, 7034272.98461443092674 ], [ 255660.289979881723411, 7034272.98461443092674 ], [ 255660.289979881723411, 7034267.981423840858042 ], [ 255665.293170471675694, 7034267.981423840858042 ], [ 255665.293170471675694, 7034262.978233250789344 ], [ 255670.296361061598873, 7034262.978233250789344 ], [ 255670.296361061598873, 7034257.975042660720646 ], [ 255675.299551651551155, 7034257.975042660720646 ], [ 255675.299551651551155, 7034252.971852070651948 ], [ 255685.305932831455721, 7034252.971852070651948 ], [ 255685.305932831455721, 7034247.968661480583251 ], [ 255680.302742241503438, 7034247.968661480583251 ], [ 255680.302742241503438, 7034242.965470891445875 ], [ 255675.299551651551155, 7034242.965470891445875 ], [ 255675.299551651551155, 7034237.962280301377177 ], [ 255670.296361061598873, 7034237.962280301377177 ], [ 255670.296361061598873, 7034232.959089711308479 ], [ 255665.293170471675694, 7034232.959089711308479 ], [ 255665.293170471675694, 7034227.955899121239781 ], [ 255660.289979881723411, 7034227.955899121239781 ], [ 255660.289979881723411, 7034222.952708531171083 ], [ 255655.286789291771129, 7034222.952708531171083 ], [ 255655.286789291771129, 7034202.939946171827614 ], [ 255660.289979881723411, 7034202.939946171827614 ], [ 255660.289979881723411, 7034197.936755581758916 ], [ 255665.293170471675694, 7034197.936755581758916 ], [ 255665.293170471675694, 7034192.933564991690218 ], [ 255670.296361061598873, 7034192.933564991690218 ], [ 255670.296361061598873, 7034187.930374401621521 ], [ 255675.299551651551155, 7034187.930374401621521 ], [ 255675.299551651551155, 7034182.927183811552823 ], [ 255680.302742241503438, 7034182.927183811552823 ], [ 255680.302742241503438, 7034177.923993221484125 ], [ 255685.305932831455721, 7034177.923993221484125 ], [ 255685.305932831455721, 7034172.920802631415427 ], [ 255690.309123421408003, 7034172.920802631415427 ], [ 255690.309123421408003, 7034167.917612042278051 ], [ 255695.312314011331182, 7034167.917612042278051 ], [ 255695.312314011331182, 7034162.914421452209353 ], [ 255700.315504601283465, 7034162.914421452209353 ], [ 255700.315504601283465, 7034157.911230862140656 ], [ 255705.318695191235747, 7034157.911230862140656 ], [ 255705.318695191235747, 7034152.908040272071958 ], [ 255710.32188578118803, 7034152.908040272071958 ], [ 255710.32188578118803, 7034147.90484968200326 ], [ 255715.325076371140312, 7034147.90484968200326 ], [ 255715.325076371140312, 7034142.901659091934562 ], [ 255720.328266961092595, 7034142.901659091934562 ], [ 255720.328266961092595, 7034137.898468501865864 ], [ 255725.331457551015774, 7034137.898468501865864 ], [ 255725.331457551015774, 7034132.895277911797166 ], [ 255740.341029320872622, 7034132.895277911797166 ], [ 255740.341029320872622, 7034127.892087322659791 ], [ 255745.344219910824904, 7034127.892087322659791 ], [ 255745.344219910824904, 7034122.888896732591093 ], [ 255750.347410500748083, 7034122.888896732591093 ], [ 255750.347410500748083, 7034117.885706142522395 ], [ 255755.350601090700366, 7034117.885706142522395 ], [ 255755.350601090700366, 7034112.882515552453697 ], [ 255760.353791680652648, 7034112.882515552453697 ], [ 255760.353791680652648, 7034107.879324962384999 ], [ 255765.356982270604931, 7034107.879324962384999 ], [ 255765.356982270604931, 7034102.876134372316301 ], [ 255770.360172860557213, 7034102.876134372316301 ], [ 255770.360172860557213, 7034097.872943782247603 ], [ 255775.363363450509496, 7034097.872943782247603 ], [ 255775.363363450509496, 7034092.869753193110228 ], [ 255790.37293522033724, 7034092.869753193110228 ], [ 255790.37293522033724, 7034087.86656260304153 ], [ 255795.376125810289523, 7034087.86656260304153 ], [ 255795.376125810289523, 7034082.863372012972832 ], [ 255800.379316400241805, 7034082.863372012972832 ], [ 255800.379316400241805, 7034077.860181422904134 ], [ 255805.382506990164984, 7034077.860181422904134 ], [ 255805.382506990164984, 7034072.856990832835436 ], [ 255810.385697580117267, 7034072.856990832835436 ], [ 255810.385697580117267, 7034067.853800242766738 ], [ 255815.388888170069549, 7034067.853800242766738 ], [ 255815.388888170069549, 7034062.85060965269804 ], [ 255820.392078760021832, 7034062.85060965269804 ], [ 255820.392078760021832, 7034057.847419062629342 ], [ 255825.395269349974114, 7034057.847419062629342 ], [ 255825.395269349974114, 7034052.844228473491967 ], [ 255830.398459939926397, 7034052.844228473491967 ], [ 255830.398459939926397, 7034047.841037883423269 ], [ 255850.411222299706424, 7034047.841037883423269 ], [ 255850.411222299706424, 7034052.844228473491967 ], [ 255855.414412889658706, 7034052.844228473491967 ], [ 255855.414412889658706, 7034057.847419062629342 ], [ 255860.417603479581885, 7034057.847419062629342 ], [ 255860.417603479581885, 7034062.85060965269804 ], [ 255865.420794069534168, 7034062.85060965269804 ], [ 255865.420794069534168, 7034067.853800242766738 ], [ 255870.42398465948645, 7034067.853800242766738 ], [ 255870.42398465948645, 7034072.856990832835436 ], [ 255875.427175249438733, 7034072.856990832835436 ], [ 255875.427175249438733, 7034077.860181422904134 ], [ 255880.430365839391015, 7034077.860181422904134 ], [ 255880.430365839391015, 7034082.863372012972832 ], [ 255885.433556429343298, 7034082.863372012972832 ], [ 255885.433556429343298, 7034087.86656260304153 ], [ 255890.436747019266477, 7034087.86656260304153 ], [ 255890.436747019266477, 7034092.869753193110228 ], [ 255895.439937609218759, 7034092.869753193110228 ], [ 255895.439937609218759, 7034097.872943782247603 ], [ 255900.443128199171042, 7034097.872943782247603 ], [ 255900.443128199171042, 7034102.876134372316301 ], [ 255905.446318789123325, 7034102.876134372316301 ], [ 255905.446318789123325, 7034107.879324962384999 ], [ 255910.449509379075607, 7034107.879324962384999 ], [ 255910.449509379075607, 7034112.882515552453697 ], [ 255915.452699968998786, 7034112.882515552453697 ], [ 255915.452699968998786, 7034117.885706142522395 ], [ 255920.455890558951069, 7034117.885706142522395 ], [ 255920.455890558951069, 7034122.888896732591093 ], [ 255925.459081148903351, 7034122.888896732591093 ], [ 255925.459081148903351, 7034127.892087322659791 ], [ 255950.47503409863566, 7034127.892087322659791 ], [ 255950.47503409863566, 7034132.895277911797166 ], [ 255955.478224688587943, 7034132.895277911797166 ], [ 255955.478224688587943, 7034127.892087322659791 ], [ 255960.481415278540226, 7034127.892087322659791 ], [ 255960.481415278540226, 7034122.888896732591093 ], [ 255965.484605868492508, 7034122.888896732591093 ], [ 255965.484605868492508, 7034117.885706142522395 ], [ 255970.487796458415687, 7034117.885706142522395 ], [ 255970.487796458415687, 7034112.882515552453697 ], [ 255975.49098704836797, 7034112.882515552453697 ], [ 255975.49098704836797, 7034107.879324962384999 ], [ 255980.494177638320252, 7034107.879324962384999 ], [ 255980.494177638320252, 7034102.876134372316301 ], [ 255985.497368228272535, 7034102.876134372316301 ], [ 255985.497368228272535, 7034097.872943782247603 ], [ 255990.500558818224818, 7034097.872943782247603 ], [ 255990.500558818224818, 7034092.869753193110228 ], [ 255995.5037494081771, 7034092.869753193110228 ], [ 255995.5037494081771, 7034087.86656260304153 ], [ 256000.506939998100279, 7034087.86656260304153 ], [ 256000.506939998100279, 7034082.863372012972832 ], [ 256005.510130588052562, 7034082.863372012972832 ], [ 256005.510130588052562, 7034077.860181422904134 ], [ 256010.513321178004844, 7034077.860181422904134 ], [ 256010.513321178004844, 7034072.856990832835436 ], [ 256015.516511767957127, 7034072.856990832835436 ], [ 256015.516511767957127, 7034067.853800242766738 ], [ 256020.519702357909409, 7034067.853800242766738 ], [ 256020.519702357909409, 7034062.85060965269804 ], [ 256035.529274127737153, 7034062.85060965269804 ], [ 256035.529274127737153, 7034067.853800242766738 ], [ 256040.532464717689436, 7034067.853800242766738 ], [ 256040.532464717689436, 7034072.856990832835436 ], [ 256045.535655307641719, 7034072.856990832835436 ], [ 256045.535655307641719, 7034077.860181422904134 ], [ 256050.538845897594001, 7034077.860181422904134 ], [ 256050.538845897594001, 7034082.863372012972832 ], [ 256055.54203648751718, 7034082.863372012972832 ], [ 256055.54203648751718, 7034087.86656260304153 ], [ 256060.545227077469463, 7034087.86656260304153 ], [ 256060.545227077469463, 7034092.869753193110228 ], [ 256065.548417667421745, 7034092.869753193110228 ], [ 256065.548417667421745, 7034097.872943782247603 ], [ 256070.551608257374028, 7034097.872943782247603 ], [ 256070.551608257374028, 7034102.876134372316301 ], [ 256075.55479884732631, 7034102.876134372316301 ], [ 256075.55479884732631, 7034107.879324962384999 ], [ 256080.557989437249489, 7034107.879324962384999 ], [ 256080.557989437249489, 7034112.882515552453697 ], [ 256085.561180027201772, 7034112.882515552453697 ], [ 256085.561180027201772, 7034117.885706142522395 ], [ 256090.564370617154054, 7034117.885706142522395 ], [ 256090.564370617154054, 7034122.888896732591093 ], [ 256095.567561207106337, 7034122.888896732591093 ], [ 256095.567561207106337, 7034127.892087322659791 ], [ 256100.57075179705862, 7034127.892087322659791 ], [ 256100.57075179705862, 7034132.895277911797166 ], [ 256105.573942387010902, 7034132.895277911797166 ], [ 256105.573942387010902, 7034137.898468501865864 ], [ 256110.577132976934081, 7034137.898468501865864 ], [ 256110.577132976934081, 7034152.908040272071958 ], [ 256105.573942387010902, 7034152.908040272071958 ], [ 256105.573942387010902, 7034157.911230862140656 ], [ 256100.57075179705862, 7034157.911230862140656 ], [ 256100.57075179705862, 7034162.914421452209353 ], [ 256105.573942387010902, 7034162.914421452209353 ], [ 256105.573942387010902, 7034167.917612042278051 ], [ 256110.577132976934081, 7034167.917612042278051 ], [ 256110.577132976934081, 7034172.920802631415427 ], [ 256115.580323566886364, 7034172.920802631415427 ], [ 256115.580323566886364, 7034167.917612042278051 ], [ 256120.583514156838646, 7034167.917612042278051 ], [ 256120.583514156838646, 7034162.914421452209353 ], [ 256125.586704746790929, 7034162.914421452209353 ], [ 256125.586704746790929, 7034157.911230862140656 ], [ 256130.589895336743211, 7034157.911230862140656 ], [ 256130.589895336743211, 7034152.908040272071958 ], [ 256135.59308592666639, 7034152.908040272071958 ], [ 256135.59308592666639, 7034147.90484968200326 ], [ 256140.596276516618673, 7034147.90484968200326 ], [ 256140.596276516618673, 7034142.901659091934562 ], [ 256145.599467106570955, 7034142.901659091934562 ], [ 256145.599467106570955, 7034137.898468501865864 ], [ 256150.602657696523238, 7034137.898468501865864 ], [ 256150.602657696523238, 7034117.885706142522395 ], [ 256155.605848286475521, 7034117.885706142522395 ], [ 256155.605848286475521, 7034112.882515552453697 ], [ 256160.609038876427803, 7034112.882515552453697 ], [ 256160.609038876427803, 7034107.879324962384999 ], [ 256165.612229466350982, 7034107.879324962384999 ], [ 256165.612229466350982, 7034102.876134372316301 ], [ 256170.615420056303265, 7034102.876134372316301 ], [ 256170.615420056303265, 7034097.872943782247603 ], [ 256175.618610646255547, 7034097.872943782247603 ], [ 256175.618610646255547, 7034092.869753193110228 ], [ 256180.62180123620783, 7034092.869753193110228 ], [ 256180.62180123620783, 7034087.86656260304153 ], [ 256185.624991826160112, 7034087.86656260304153 ], [ 256185.624991826160112, 7034082.863372012972832 ], [ 256190.628182416083291, 7034082.863372012972832 ], [ 256190.628182416083291, 7034077.860181422904134 ], [ 256195.631373006035574, 7034077.860181422904134 ], [ 256195.631373006035574, 7034072.856990832835436 ], [ 256200.634563595987856, 7034072.856990832835436 ], [ 256200.634563595987856, 7034067.853800242766738 ], [ 256205.637754185940139, 7034067.853800242766738 ], [ 256205.637754185940139, 7034062.85060965269804 ], [ 256210.640944775892422, 7034062.85060965269804 ], [ 256210.640944775892422, 7034057.847419062629342 ], [ 256215.644135365844704, 7034057.847419062629342 ], [ 256215.644135365844704, 7034052.844228473491967 ], [ 256220.647325955767883, 7034052.844228473491967 ], [ 256220.647325955767883, 7034047.841037883423269 ], [ 256245.663278905500192, 7034047.841037883423269 ], [ 256245.663278905500192, 7034052.844228473491967 ], [ 256250.666469495452475, 7034052.844228473491967 ], [ 256250.666469495452475, 7034057.847419062629342 ], [ 256255.669660085404757, 7034057.847419062629342 ], [ 256255.669660085404757, 7034062.85060965269804 ], [ 256260.67285067535704, 7034062.85060965269804 ], [ 256260.67285067535704, 7034067.853800242766738 ], [ 256265.676041265309323, 7034067.853800242766738 ], [ 256265.676041265309323, 7034072.856990832835436 ], [ 256270.679231855261605, 7034072.856990832835436 ], [ 256270.679231855261605, 7034077.860181422904134 ], [ 256275.682422445184784, 7034077.860181422904134 ], [ 256275.682422445184784, 7034082.863372012972832 ], [ 256285.688803625089349, 7034082.863372012972832 ], [ 256285.688803625089349, 7034077.860181422904134 ], [ 256295.695184804993914, 7034077.860181422904134 ], [ 256295.695184804993914, 7034072.856990832835436 ], [ 256300.698375394917093, 7034072.856990832835436 ], [ 256300.698375394917093, 7034067.853800242766738 ], [ 256310.704756574821658, 7034067.853800242766738 ], [ 256310.704756574821658, 7034072.856990832835436 ], [ 256315.707947164773941, 7034072.856990832835436 ], [ 256315.707947164773941, 7034067.853800242766738 ], [ 256320.711137754726224, 7034067.853800242766738 ], [ 256320.711137754726224, 7034062.85060965269804 ], [ 256330.717518934601685, 7034062.85060965269804 ], [ 256330.717518934601685, 7034067.853800242766738 ], [ 256335.720709524553968, 7034067.853800242766738 ], [ 256335.720709524553968, 7034072.856990832835436 ], [ 256340.72390011450625, 7034072.856990832835436 ], [ 256340.72390011450625, 7034067.853800242766738 ], [ 256350.730281294410815, 7034067.853800242766738 ], [ 256350.730281294410815, 7034062.85060965269804 ], [ 256360.736662474286277, 7034062.85060965269804 ], [ 256360.736662474286277, 7034067.853800242766738 ], [ 256370.743043654190842, 7034067.853800242766738 ], [ 256370.743043654190842, 7034072.856990832835436 ], [ 256380.749424834095407, 7034072.856990832835436 ], [ 256380.749424834095407, 7034077.860181422904134 ], [ 256385.752615424018586, 7034077.860181422904134 ], [ 256385.752615424018586, 7034082.863372012972832 ], [ 256395.758996603923151, 7034082.863372012972832 ], [ 256395.758996603923151, 7034087.86656260304153 ], [ 256400.762187193875434, 7034087.86656260304153 ], [ 256400.762187193875434, 7034092.869753193110228 ], [ 256405.765377783827716, 7034092.869753193110228 ], [ 256405.765377783827716, 7034097.872943782247603 ], [ 256410.768568373750895, 7034097.872943782247603 ], [ 256410.768568373750895, 7034107.879324962384999 ], [ 256415.771758963703178, 7034107.879324962384999 ], [ 256415.771758963703178, 7034112.882515552453697 ], [ 256425.778140143607743, 7034112.882515552453697 ], [ 256425.778140143607743, 7034117.885706142522395 ], [ 256450.794093093340052, 7034117.885706142522395 ], [ 256450.794093093340052, 7034122.888896732591093 ], [ 256465.803664863167796, 7034122.888896732591093 ], [ 256465.803664863167796, 7034127.892087322659791 ], [ 256470.806855453120079, 7034127.892087322659791 ], [ 256470.806855453120079, 7034132.895277911797166 ], [ 256485.816427222976927, 7034132.895277911797166 ], [ 256485.816427222976927, 7034137.898468501865864 ], [ 256495.822808402852388, 7034137.898468501865864 ], [ 256495.822808402852388, 7034132.895277911797166 ], [ 256500.825998992804671, 7034132.895277911797166 ], [ 256500.825998992804671, 7034127.892087322659791 ], [ 256505.829189582756953, 7034127.892087322659791 ], [ 256505.829189582756953, 7034122.888896732591093 ], [ 256510.832380172709236, 7034122.888896732591093 ], [ 256510.832380172709236, 7034117.885706142522395 ], [ 256515.835570762661519, 7034117.885706142522395 ], [ 256515.835570762661519, 7034112.882515552453697 ], [ 256520.838761352584697, 7034112.882515552453697 ], [ 256520.838761352584697, 7034107.879324962384999 ], [ 256525.84195194253698, 7034107.879324962384999 ], [ 256525.84195194253698, 7034102.876134372316301 ], [ 256530.845142532489263, 7034102.876134372316301 ], [ 256530.845142532489263, 7034097.872943782247603 ], [ 256535.848333122441545, 7034097.872943782247603 ], [ 256535.848333122441545, 7034092.869753193110228 ], [ 256540.851523712393828, 7034092.869753193110228 ], [ 256540.851523712393828, 7034087.86656260304153 ], [ 256545.85471430234611, 7034087.86656260304153 ], [ 256545.85471430234611, 7034082.863372012972832 ], [ 256550.857904892269289, 7034082.863372012972832 ], [ 256550.857904892269289, 7034077.860181422904134 ], [ 256555.861095482221572, 7034077.860181422904134 ], [ 256555.861095482221572, 7034072.856990832835436 ], [ 256565.867476662126137, 7034072.856990832835436 ], [ 256565.867476662126137, 7034077.860181422904134 ], [ 256570.87066725207842, 7034077.860181422904134 ], [ 256570.87066725207842, 7034082.863372012972832 ], [ 256575.873857842001598, 7034082.863372012972832 ], [ 256575.873857842001598, 7034087.86656260304153 ], [ 256580.877048431953881, 7034087.86656260304153 ], [ 256580.877048431953881, 7034092.869753193110228 ], [ 256590.883429611858446, 7034092.869753193110228 ], [ 256590.883429611858446, 7034082.863372012972832 ], [ 256600.889810791763011, 7034082.863372012972832 ], [ 256600.889810791763011, 7034067.853800242766738 ], [ 256605.89300138168619, 7034067.853800242766738 ], [ 256605.89300138168619, 7034052.844228473491967 ], [ 256610.896191971638473, 7034052.844228473491967 ], [ 256610.896191971638473, 7034032.831466113217175 ], [ 256615.899382561590755, 7034032.831466113217175 ], [ 256615.899382561590755, 7034012.818703753873706 ], [ 256620.902573151543038, 7034012.818703753873706 ], [ 256620.902573151543038, 7033997.809131983667612 ], [ 256625.905763741495321, 7033997.809131983667612 ], [ 256625.905763741495321, 7033977.796369624324143 ], [ 256630.908954331418499, 7033977.796369624324143 ], [ 256630.908954331418499, 7033967.789988444186747 ], [ 256635.912144921370782, 7033967.789988444186747 ], [ 256635.912144921370782, 7033957.783607264049351 ], [ 256640.915335511323065, 7033957.783607264049351 ], [ 256640.915335511323065, 7033947.777226083911955 ], [ 256645.918526101275347, 7033947.777226083911955 ], [ 256645.918526101275347, 7033937.770844904705882 ], [ 256650.92171669122763, 7033937.770844904705882 ], [ 256650.92171669122763, 7033922.761273134499788 ], [ 256655.924907281179912, 7033922.761273134499788 ], [ 256655.924907281179912, 7033907.751701364293694 ], [ 256660.928097871103091, 7033907.751701364293694 ], [ 256660.928097871103091, 7033897.745320185087621 ], [ 256665.931288461055374, 7033897.745320185087621 ], [ 256665.931288461055374, 7033892.742129595018923 ], [ 256670.934479051007656, 7033892.742129595018923 ], [ 256670.934479051007656, 7033882.735748414881527 ], [ 256675.937669640959939, 7033882.735748414881527 ], [ 256675.937669640959939, 7033877.732557824812829 ], [ 256680.940860230912222, 7033877.732557824812829 ], [ 256680.940860230912222, 7033867.726176644675434 ], [ 256685.9440508208354, 7033867.726176644675434 ], [ 256685.9440508208354, 7033857.71979546546936 ], [ 256690.947241410787683, 7033857.71979546546936 ], [ 256690.947241410787683, 7033847.713414285331964 ], [ 256695.950432000739966, 7033847.713414285331964 ], [ 256695.950432000739966, 7033832.703842515125871 ], [ 256700.953622590692248, 7033832.703842515125871 ], [ 256700.953622590692248, 7033827.700651925057173 ], [ 256705.956813180644531, 7033827.700651925057173 ], [ 256705.956813180644531, 7033817.694270745851099 ], [ 256710.960003770596813, 7033817.694270745851099 ], [ 256710.960003770596813, 7033812.691080155782402 ], [ 256715.963194360519992, 7033812.691080155782402 ], [ 256715.963194360519992, 7033807.687889565713704 ], [ 256720.966384950472275, 7033807.687889565713704 ], [ 256720.966384950472275, 7033797.681508385576308 ], [ 256725.969575540424557, 7033797.681508385576308 ], [ 256725.969575540424557, 7033787.675127205438912 ], [ 256735.975956720329123, 7033787.675127205438912 ], [ 256735.975956720329123, 7033782.671936616301537 ], [ 256740.979147310252301, 7033782.671936616301537 ], [ 256740.979147310252301, 7033777.668746026232839 ], [ 256735.975956720329123, 7033777.668746026232839 ], [ 256735.975956720329123, 7033772.665555436164141 ], [ 256730.97276613037684, 7033772.665555436164141 ], [ 256730.97276613037684, 7033767.662364846095443 ], [ 256725.969575540424557, 7033767.662364846095443 ], [ 256725.969575540424557, 7033762.659174256026745 ], [ 256720.966384950472275, 7033762.659174256026745 ], [ 256720.966384950472275, 7033757.655983665958047 ], [ 256715.963194360519992, 7033757.655983665958047 ], [ 256715.963194360519992, 7033752.652793075889349 ], [ 256710.960003770596813, 7033752.652793075889349 ], [ 256710.960003770596813, 7033747.649602486751974 ], [ 256705.956813180644531, 7033747.649602486751974 ], [ 256705.956813180644531, 7033742.646411896683276 ], [ 256700.953622590692248, 7033742.646411896683276 ], [ 256700.953622590692248, 7033737.643221306614578 ], [ 256695.950432000739966, 7033737.643221306614578 ], [ 256695.950432000739966, 7033732.64003071654588 ], [ 256690.947241410787683, 7033732.64003071654588 ], [ 256690.947241410787683, 7033717.630458946339786 ], [ 256695.950432000739966, 7033717.630458946339786 ], [ 256695.950432000739966, 7033712.627268356271088 ], [ 256700.953622590692248, 7033712.627268356271088 ], [ 256700.953622590692248, 7033707.624077767133713 ], [ 256705.956813180644531, 7033707.624077767133713 ], [ 256705.956813180644531, 7033702.620887177065015 ], [ 256710.960003770596813, 7033702.620887177065015 ], [ 256710.960003770596813, 7033697.617696586996317 ], [ 256715.963194360519992, 7033697.617696586996317 ], [ 256715.963194360519992, 7033692.614505996927619 ], [ 256720.966384950472275, 7033692.614505996927619 ], [ 256720.966384950472275, 7033687.611315406858921 ], [ 256725.969575540424557, 7033687.611315406858921 ], [ 256725.969575540424557, 7033682.608124816790223 ], [ 256730.97276613037684, 7033682.608124816790223 ], [ 256730.97276613037684, 7033677.604934226721525 ], [ 256735.975956720329123, 7033677.604934226721525 ], [ 256735.975956720329123, 7033672.601743636652827 ], [ 256740.979147310252301, 7033672.601743636652827 ], [ 256740.979147310252301, 7033667.598553047515452 ], [ 256745.982337900204584, 7033667.598553047515452 ], [ 256745.982337900204584, 7033662.595362457446754 ], [ 256750.985528490156867, 7033662.595362457446754 ], [ 256750.985528490156867, 7033657.592171867378056 ], [ 256755.988719080109149, 7033657.592171867378056 ], [ 256755.988719080109149, 7033652.588981277309358 ], [ 256760.991909670061432, 7033652.588981277309358 ], [ 256760.991909670061432, 7033647.58579068724066 ], [ 256765.995100260013714, 7033647.58579068724066 ], [ 256765.995100260013714, 7033642.582600097171962 ], [ 256786.007862619793741, 7033642.582600097171962 ], [ 256786.007862619793741, 7033647.58579068724066 ], [ 256796.014243799669202, 7033647.58579068724066 ], [ 256796.014243799669202, 7033642.582600097171962 ], [ 256801.017434389621485, 7033642.582600097171962 ], [ 256801.017434389621485, 7033637.579409507103264 ], [ 256806.020624979573768, 7033637.579409507103264 ], [ 256806.020624979573768, 7033632.576218917965889 ], [ 256811.02381556952605, 7033632.576218917965889 ], [ 256811.02381556952605, 7033627.573028327897191 ], [ 256816.027006159478333, 7033627.573028327897191 ], [ 256816.027006159478333, 7033617.566647147759795 ], [ 256811.02381556952605, 7033617.566647147759795 ], [ 256811.02381556952605, 7033602.557075377553701 ], [ 256816.027006159478333, 7033602.557075377553701 ], [ 256816.027006159478333, 7033597.553884787485003 ], [ 256821.030196749430615, 7033597.553884787485003 ], [ 256821.030196749430615, 7033592.550694198347628 ], [ 256826.033387339353794, 7033592.550694198347628 ], [ 256826.033387339353794, 7033587.54750360827893 ], [ 256831.036577929306077, 7033587.54750360827893 ], [ 256831.036577929306077, 7033582.544313018210232 ], [ 256836.039768519258359, 7033582.544313018210232 ], [ 256836.039768519258359, 7033577.541122428141534 ], [ 256841.042959109210642, 7033577.541122428141534 ], [ 256841.042959109210642, 7033572.537931838072836 ], [ 256846.046149699162925, 7033572.537931838072836 ], [ 256846.046149699162925, 7033567.534741248004138 ], [ 256851.049340289086103, 7033567.534741248004138 ], [ 256851.049340289086103, 7033562.531550657935441 ], [ 256856.052530879038386, 7033562.531550657935441 ], [ 256856.052530879038386, 7033557.528360067866743 ], [ 256861.055721468990669, 7033557.528360067866743 ], [ 256861.055721468990669, 7033552.525169478729367 ], [ 256866.058912058942951, 7033552.525169478729367 ], [ 256866.058912058942951, 7033542.518788298591971 ], [ 256861.055721468990669, 7033542.518788298591971 ], [ 256861.055721468990669, 7033537.515597708523273 ], [ 256856.052530879038386, 7033537.515597708523273 ], [ 256856.052530879038386, 7033532.512407118454576 ], [ 256851.049340289086103, 7033532.512407118454576 ], [ 256851.049340289086103, 7033527.509216528385878 ], [ 256846.046149699162925, 7033527.509216528385878 ], [ 256846.046149699162925, 7033512.499644759111106 ], [ 256851.049340289086103, 7033512.499644759111106 ], [ 256851.049340289086103, 7033507.496454169042408 ], [ 256856.052530879038386, 7033507.496454169042408 ], [ 256856.052530879038386, 7033502.493263578973711 ], [ 256861.055721468990669, 7033502.493263578973711 ], [ 256861.055721468990669, 7033497.490072988905013 ], [ 256866.058912058942951, 7033497.490072988905013 ], [ 256866.058912058942951, 7033492.486882398836315 ], [ 256871.062102648895234, 7033492.486882398836315 ], [ 256871.062102648895234, 7033487.483691808767617 ], [ 256876.065293238847516, 7033487.483691808767617 ], [ 256876.065293238847516, 7033482.480501218698919 ], [ 256881.068483828770695, 7033482.480501218698919 ], [ 256881.068483828770695, 7033477.477310629561543 ], [ 256886.071674418722978, 7033477.477310629561543 ], [ 256886.071674418722978, 7033472.474120039492846 ], [ 256891.07486500867526, 7033472.474120039492846 ], [ 256891.07486500867526, 7033467.470929449424148 ], [ 256896.078055598627543, 7033467.470929449424148 ], [ 256896.078055598627543, 7033462.46773885935545 ], [ 256901.081246188579826, 7033462.46773885935545 ], [ 256901.081246188579826, 7033457.464548269286752 ], [ 256906.084436778503004, 7033457.464548269286752 ], [ 256906.084436778503004, 7033452.461357679218054 ], [ 256911.087627368455287, 7033452.461357679218054 ], [ 256911.087627368455287, 7033447.458167089149356 ], [ 256916.09081795840757, 7033447.458167089149356 ], [ 256916.09081795840757, 7033442.454976499080658 ], [ 256926.097199138312135, 7033442.454976499080658 ], [ 256926.097199138312135, 7033437.451785909943283 ], [ 256936.103580318187596, 7033437.451785909943283 ], [ 256936.103580318187596, 7033442.454976499080658 ], [ 256941.106770908139879, 7033442.454976499080658 ], [ 256941.106770908139879, 7033447.458167089149356 ], [ 256946.109961498092161, 7033447.458167089149356 ], [ 256946.109961498092161, 7033452.461357679218054 ], [ 256951.113152088044444, 7033452.461357679218054 ], [ 256951.113152088044444, 7033457.464548269286752 ], [ 256961.119533267919905, 7033457.464548269286752 ], [ 256961.119533267919905, 7033452.461357679218054 ], [ 256966.122723857872188, 7033452.461357679218054 ], [ 256966.122723857872188, 7033447.458167089149356 ], [ 256971.125914447824471, 7033447.458167089149356 ], [ 256971.125914447824471, 7033442.454976499080658 ], [ 256976.129105037776753, 7033442.454976499080658 ], [ 256976.129105037776753, 7033437.451785909943283 ], [ 256981.132295627729036, 7033437.451785909943283 ], [ 256981.132295627729036, 7033432.448595319874585 ], [ 256986.135486217681319, 7033432.448595319874585 ], [ 256986.135486217681319, 7033427.445404729805887 ], [ 256991.138676807604497, 7033427.445404729805887 ], [ 256991.138676807604497, 7033422.442214139737189 ], [ 256996.14186739755678, 7033422.442214139737189 ], [ 256996.14186739755678, 7033417.439023549668491 ], [ 257001.145057987509063, 7033417.439023549668491 ], [ 257001.145057987509063, 7033412.435832959599793 ], [ 257006.148248577461345, 7033412.435832959599793 ], [ 257006.148248577461345, 7033407.432642369531095 ], [ 257011.151439167413628, 7033407.432642369531095 ], [ 257011.151439167413628, 7033402.42945178039372 ], [ 257031.164201527193654, 7033402.42945178039372 ], [ 257031.164201527193654, 7033407.432642369531095 ], [ 257036.167392117145937, 7033407.432642369531095 ], [ 257036.167392117145937, 7033412.435832959599793 ], [ 257041.17058270709822, 7033412.435832959599793 ], [ 257041.17058270709822, 7033417.439023549668491 ], [ 257046.173773297021398, 7033417.439023549668491 ], [ 257046.173773297021398, 7033422.442214139737189 ], [ 257051.176963886973681, 7033422.442214139737189 ], [ 257051.176963886973681, 7033427.445404729805887 ], [ 257056.180154476925964, 7033427.445404729805887 ], [ 257056.180154476925964, 7033422.442214139737189 ], [ 257061.183345066878246, 7033422.442214139737189 ], [ 257061.183345066878246, 7033417.439023549668491 ], [ 257066.186535656830529, 7033417.439023549668491 ], [ 257066.186535656830529, 7033412.435832959599793 ], [ 257071.189726246753708, 7033412.435832959599793 ], [ 257071.189726246753708, 7033407.432642369531095 ], [ 257076.19291683670599, 7033407.432642369531095 ], [ 257076.19291683670599, 7033402.42945178039372 ], [ 257081.196107426658273, 7033402.42945178039372 ], [ 257081.196107426658273, 7033392.423070600256324 ], [ 257076.19291683670599, 7033392.423070600256324 ], [ 257076.19291683670599, 7033387.419880010187626 ], [ 257071.189726246753708, 7033387.419880010187626 ], [ 257071.189726246753708, 7033382.416689420118928 ], [ 257066.186535656830529, 7033382.416689420118928 ], [ 257066.186535656830529, 7033362.403927060775459 ], [ 257071.189726246753708, 7033362.403927060775459 ], [ 257071.189726246753708, 7033357.400736470706761 ], [ 257076.19291683670599, 7033357.400736470706761 ], [ 257076.19291683670599, 7033352.397545880638063 ], [ 257081.196107426658273, 7033352.397545880638063 ], [ 257081.196107426658273, 7033347.394355290569365 ], [ 257086.199298016610555, 7033347.394355290569365 ], [ 257086.199298016610555, 7033342.391164700500667 ], [ 257091.202488606562838, 7033342.391164700500667 ], [ 257091.202488606562838, 7033337.387974110431969 ], [ 257096.205679196515121, 7033337.387974110431969 ], [ 257096.205679196515121, 7033332.384783520363271 ], [ 257101.208869786438299, 7033332.384783520363271 ], [ 257101.208869786438299, 7033327.381592931225896 ], [ 257106.212060376390582, 7033327.381592931225896 ], [ 257106.212060376390582, 7033322.378402341157198 ], [ 257111.215250966342865, 7033322.378402341157198 ], [ 257111.215250966342865, 7033317.3752117510885 ], [ 257116.218441556295147, 7033317.3752117510885 ], [ 257116.218441556295147, 7033312.372021161019802 ], [ 257121.22163214624743, 7033312.372021161019802 ], [ 257121.22163214624743, 7033302.365639980882406 ], [ 257116.218441556295147, 7033302.365639980882406 ], [ 257116.218441556295147, 7033297.362449390813708 ], [ 257111.215250966342865, 7033297.362449390813708 ], [ 257111.215250966342865, 7033292.35925880074501 ], [ 257106.212060376390582, 7033292.35925880074501 ], [ 257106.212060376390582, 7033287.356068211607635 ], [ 257101.208869786438299, 7033287.356068211607635 ], [ 257101.208869786438299, 7033272.346496441401541 ], [ 257106.212060376390582, 7033272.346496441401541 ], [ 257106.212060376390582, 7033267.343305851332843 ], [ 257111.215250966342865, 7033267.343305851332843 ], [ 257111.215250966342865, 7033262.340115261264145 ], [ 257116.218441556295147, 7033262.340115261264145 ], [ 257116.218441556295147, 7033257.336924671195447 ], [ 257121.22163214624743, 7033257.336924671195447 ], [ 257121.22163214624743, 7033252.33373408112675 ], [ 257126.224822736170609, 7033252.33373408112675 ], [ 257126.224822736170609, 7033247.330543491989374 ], [ 257131.228013326122891, 7033247.330543491989374 ], [ 257131.228013326122891, 7033242.327352901920676 ], [ 257136.231203916075174, 7033242.327352901920676 ], [ 257136.231203916075174, 7033237.324162311851978 ], [ 257141.234394506027456, 7033237.324162311851978 ], [ 257141.234394506027456, 7033232.32097172178328 ], [ 257146.237585095979739, 7033232.32097172178328 ], [ 257146.237585095979739, 7033227.317781131714582 ], [ 257151.240775685932022, 7033227.317781131714582 ], [ 257151.240775685932022, 7033222.314590541645885 ], [ 257156.2439662758552, 7033222.314590541645885 ], [ 257156.2439662758552, 7033217.311399951577187 ], [ 257161.247156865807483, 7033217.311399951577187 ], [ 257161.247156865807483, 7033212.308209362439811 ], [ 257166.250347455759766, 7033212.308209362439811 ], [ 257166.250347455759766, 7033207.305018772371113 ], [ 257171.253538045712048, 7033207.305018772371113 ], [ 257171.253538045712048, 7033202.301828182302415 ], [ 257176.256728635664331, 7033202.301828182302415 ], [ 257176.256728635664331, 7033197.298637592233717 ], [ 257196.269490995444357, 7033197.298637592233717 ], [ 257196.269490995444357, 7033202.301828182302415 ], [ 257201.27268158539664, 7033202.301828182302415 ], [ 257201.27268158539664, 7033207.305018772371113 ], [ 257206.275872175348923, 7033207.305018772371113 ], [ 257206.275872175348923, 7033212.308209362439811 ], [ 257211.279062765272101, 7033212.308209362439811 ], [ 257211.279062765272101, 7033217.311399951577187 ], [ 257216.282253355224384, 7033217.311399951577187 ], [ 257216.282253355224384, 7033222.314590541645885 ], [ 257221.285443945176667, 7033222.314590541645885 ], [ 257221.285443945176667, 7033227.317781131714582 ], [ 257231.291825125081232, 7033227.317781131714582 ], [ 257231.291825125081232, 7033222.314590541645885 ], [ 257236.295015715004411, 7033222.314590541645885 ], [ 257236.295015715004411, 7033217.311399951577187 ], [ 257241.298206304956693, 7033217.311399951577187 ], [ 257241.298206304956693, 7033212.308209362439811 ], [ 257246.301396894908976, 7033212.308209362439811 ], [ 257246.301396894908976, 7033207.305018772371113 ], [ 257251.304587484861258, 7033207.305018772371113 ], [ 257251.304587484861258, 7033202.301828182302415 ], [ 257256.307778074813541, 7033202.301828182302415 ], [ 257256.307778074813541, 7033197.298637592233717 ], [ 257261.310968664765824, 7033197.298637592233717 ], [ 257261.310968664765824, 7033192.29544700216502 ], [ 257266.314159254689002, 7033192.29544700216502 ], [ 257266.314159254689002, 7033187.292256412096322 ], [ 257271.317349844641285, 7033187.292256412096322 ], [ 257271.317349844641285, 7033182.289065822027624 ], [ 257291.330112204421312, 7033182.289065822027624 ], [ 257291.330112204421312, 7033187.292256412096322 ], [ 257296.333302794373594, 7033187.292256412096322 ], [ 257296.333302794373594, 7033192.29544700216502 ], [ 257301.336493384325877, 7033192.29544700216502 ], [ 257301.336493384325877, 7033197.298637592233717 ], [ 257306.339683974278159, 7033197.298637592233717 ], [ 257306.339683974278159, 7033192.29544700216502 ], [ 257311.342874564230442, 7033192.29544700216502 ], [ 257311.342874564230442, 7033187.292256412096322 ], [ 257316.346065154182725, 7033187.292256412096322 ], [ 257316.346065154182725, 7033182.289065822027624 ], [ 257321.349255744105903, 7033182.289065822027624 ], [ 257321.349255744105903, 7033177.285875231958926 ], [ 257326.352446334058186, 7033177.285875231958926 ], [ 257326.352446334058186, 7033172.28268464282155 ], [ 257331.355636924010469, 7033172.28268464282155 ], [ 257331.355636924010469, 7033167.279494052752852 ], [ 257336.358827513962751, 7033167.279494052752852 ], [ 257336.358827513962751, 7033162.276303462684155 ], [ 257351.368399283790495, 7033162.276303462684155 ], [ 257351.368399283790495, 7033167.279494052752852 ], [ 257356.371589873742778, 7033167.279494052752852 ], [ 257356.371589873742778, 7033172.28268464282155 ], [ 257366.377971053647343, 7033172.28268464282155 ], [ 257366.377971053647343, 7033167.279494052752852 ], [ 257371.381161643599626, 7033167.279494052752852 ], [ 257371.381161643599626, 7033162.276303462684155 ], [ 257376.384352233522804, 7033162.276303462684155 ], [ 257376.384352233522804, 7033157.273112872615457 ], [ 257381.387542823475087, 7033157.273112872615457 ], [ 257381.387542823475087, 7033152.269922282546759 ], [ 257386.39073341342737, 7033152.269922282546759 ], [ 257386.39073341342737, 7033147.266731692478061 ], [ 257391.393924003379652, 7033147.266731692478061 ], [ 257391.393924003379652, 7033142.263541102409363 ], [ 257396.397114593331935, 7033142.263541102409363 ], [ 257396.397114593331935, 7033137.260350512340665 ], [ 257401.400305183255114, 7033137.260350512340665 ], [ 257401.400305183255114, 7033132.25715992320329 ], [ 257406.403495773207396, 7033132.25715992320329 ], [ 257406.403495773207396, 7033127.253969333134592 ], [ 257411.406686363159679, 7033127.253969333134592 ], [ 257411.406686363159679, 7033122.250778743065894 ], [ 257416.409876953111961, 7033122.250778743065894 ], [ 257416.409876953111961, 7033117.247588152997196 ], [ 257421.413067543064244, 7033117.247588152997196 ], [ 257421.413067543064244, 7033112.244397562928498 ], [ 257431.419448722939705, 7033112.244397562928498 ], [ 257431.419448722939705, 7033117.247588152997196 ], [ 257436.422639312891988, 7033117.247588152997196 ], [ 257436.422639312891988, 7033122.250778743065894 ], [ 257441.425829902844271, 7033122.250778743065894 ], [ 257441.425829902844271, 7033127.253969333134592 ], [ 257446.429020492796553, 7033127.253969333134592 ], [ 257446.429020492796553, 7033132.25715992320329 ], [ 257456.435401672672015, 7033132.25715992320329 ], [ 257456.435401672672015, 7033127.253969333134592 ], [ 257461.438592262624297, 7033127.253969333134592 ], [ 257461.438592262624297, 7033122.250778743065894 ], [ 257466.44178285257658, 7033122.250778743065894 ], [ 257466.44178285257658, 7033117.247588152997196 ], [ 257471.444973442528863, 7033117.247588152997196 ], [ 257471.444973442528863, 7033112.244397562928498 ], [ 257476.448164032481145, 7033112.244397562928498 ], [ 257476.448164032481145, 7033107.2412069728598 ], [ 257481.451354622433428, 7033107.2412069728598 ], [ 257481.451354622433428, 7033102.238016382791102 ], [ 257486.454545212356606, 7033102.238016382791102 ], [ 257486.454545212356606, 7033097.234825793653727 ], [ 257491.457735802308889, 7033097.234825793653727 ], [ 257491.457735802308889, 7033092.231635203585029 ], [ 257496.460926392261172, 7033092.231635203585029 ], [ 257496.460926392261172, 7033087.228444613516331 ], [ 257501.464116982213454, 7033087.228444613516331 ], [ 257501.464116982213454, 7033082.225254023447633 ], [ 257506.467307572165737, 7033082.225254023447633 ], [ 257506.467307572165737, 7033077.222063433378935 ], [ 257526.480069931945764, 7033077.222063433378935 ], [ 257526.480069931945764, 7033082.225254023447633 ], [ 257531.483260521898046, 7033082.225254023447633 ], [ 257531.483260521898046, 7033087.228444613516331 ], [ 257536.486451111850329, 7033087.228444613516331 ], [ 257536.486451111850329, 7033092.231635203585029 ], [ 257541.489641701773508, 7033092.231635203585029 ], [ 257541.489641701773508, 7033097.234825793653727 ], [ 257546.49283229172579, 7033097.234825793653727 ], [ 257546.49283229172579, 7033102.238016382791102 ], [ 257551.496022881678073, 7033102.238016382791102 ], [ 257551.496022881678073, 7033107.2412069728598 ], [ 257556.499213471630355, 7033107.2412069728598 ], [ 257556.499213471630355, 7033112.244397562928498 ], [ 257561.502404061582638, 7033112.244397562928498 ], [ 257561.502404061582638, 7033107.2412069728598 ], [ 257566.505594651505817, 7033107.2412069728598 ], [ 257566.505594651505817, 7033102.238016382791102 ], [ 257571.508785241458099, 7033102.238016382791102 ], [ 257571.508785241458099, 7033097.234825793653727 ], [ 257576.511975831410382, 7033097.234825793653727 ], [ 257576.511975831410382, 7033092.231635203585029 ], [ 257581.515166421362665, 7033092.231635203585029 ], [ 257581.515166421362665, 7033087.228444613516331 ], [ 257586.518357011314947, 7033087.228444613516331 ], [ 257586.518357011314947, 7033082.225254023447633 ], [ 257591.52154760126723, 7033082.225254023447633 ], [ 257591.52154760126723, 7033077.222063433378935 ], [ 257596.524738191190409, 7033077.222063433378935 ], [ 257596.524738191190409, 7033072.218872843310237 ], [ 257601.527928781142691, 7033072.218872843310237 ], [ 257601.527928781142691, 7033067.215682253241539 ], [ 257621.540691140922718, 7033067.215682253241539 ], [ 257621.540691140922718, 7033072.218872843310237 ], [ 257626.543881730875, 7033072.218872843310237 ], [ 257626.543881730875, 7033077.222063433378935 ], [ 257631.547072320827283, 7033077.222063433378935 ], [ 257631.547072320827283, 7033082.225254023447633 ], [ 257636.550262910779566, 7033082.225254023447633 ], [ 257636.550262910779566, 7033087.228444613516331 ], [ 257641.553453500731848, 7033087.228444613516331 ], [ 257641.553453500731848, 7033092.231635203585029 ], [ 257646.556644090684131, 7033092.231635203585029 ], [ 257646.556644090684131, 7033097.234825793653727 ], [ 257651.55983468060731, 7033097.234825793653727 ], [ 257651.55983468060731, 7033102.238016382791102 ], [ 257656.563025270559592, 7033102.238016382791102 ], [ 257656.563025270559592, 7033107.2412069728598 ], [ 257666.569406450464157, 7033107.2412069728598 ], [ 257666.569406450464157, 7033102.238016382791102 ], [ 257671.57259704041644, 7033102.238016382791102 ], [ 257671.57259704041644, 7033097.234825793653727 ], [ 257676.575787630339619, 7033097.234825793653727 ], [ 257676.575787630339619, 7033092.231635203585029 ], [ 257681.578978220291901, 7033092.231635203585029 ], [ 257681.578978220291901, 7033087.228444613516331 ], [ 257686.582168810244184, 7033087.228444613516331 ], [ 257686.582168810244184, 7033082.225254023447633 ], [ 257691.585359400196467, 7033082.225254023447633 ], [ 257691.585359400196467, 7033077.222063433378935 ], [ 257696.588549990148749, 7033077.222063433378935 ], [ 257696.588549990148749, 7033072.218872843310237 ], [ 257701.591740580101032, 7033072.218872843310237 ], [ 257701.591740580101032, 7033067.215682253241539 ], [ 257721.604502939881058, 7033067.215682253241539 ], [ 257721.604502939881058, 7033072.218872843310237 ], [ 257726.607693529833341, 7033072.218872843310237 ], [ 257726.607693529833341, 7033077.222063433378935 ], [ 257731.61088411975652, 7033077.222063433378935 ], [ 257731.61088411975652, 7033082.225254023447633 ], [ 257736.614074709708802, 7033082.225254023447633 ], [ 257736.614074709708802, 7033087.228444613516331 ], [ 257741.617265299661085, 7033087.228444613516331 ], [ 257741.617265299661085, 7033092.231635203585029 ], [ 257746.620455889613368, 7033092.231635203585029 ], [ 257746.620455889613368, 7033097.234825793653727 ], [ 257751.62364647956565, 7033097.234825793653727 ], [ 257751.62364647956565, 7033102.238016382791102 ], [ 257756.626837069517933, 7033102.238016382791102 ], [ 257756.626837069517933, 7033107.2412069728598 ], [ 257761.630027659441112, 7033107.2412069728598 ], [ 257761.630027659441112, 7033102.238016382791102 ], [ 257766.633218249393394, 7033102.238016382791102 ], [ 257766.633218249393394, 7033097.234825793653727 ], [ 257771.636408839345677, 7033097.234825793653727 ], [ 257771.636408839345677, 7033092.231635203585029 ], [ 257776.639599429297959, 7033092.231635203585029 ], [ 257776.639599429297959, 7033087.228444613516331 ], [ 257781.642790019250242, 7033087.228444613516331 ], [ 257781.642790019250242, 7033082.225254023447633 ], [ 257786.645980609173421, 7033082.225254023447633 ], [ 257786.645980609173421, 7033077.222063433378935 ], [ 257791.649171199125703, 7033077.222063433378935 ], [ 257791.649171199125703, 7033072.218872843310237 ], [ 257796.652361789077986, 7033072.218872843310237 ], [ 257796.652361789077986, 7033067.215682253241539 ], [ 257801.655552379030269, 7033067.215682253241539 ], [ 257801.655552379030269, 7033062.212491663172841 ], [ 257821.668314738810295, 7033062.212491663172841 ], [ 257821.668314738810295, 7033067.215682253241539 ], [ 257826.671505328762578, 7033067.215682253241539 ], [ 257826.671505328762578, 7033072.218872843310237 ], [ 257831.67469591871486, 7033072.218872843310237 ], [ 257831.67469591871486, 7033077.222063433378935 ], [ 257836.677886508667143, 7033077.222063433378935 ], [ 257836.677886508667143, 7033082.225254023447633 ], [ 257841.681077098590322, 7033082.225254023447633 ], [ 257841.681077098590322, 7033087.228444613516331 ], [ 257846.684267688542604, 7033087.228444613516331 ], [ 257846.684267688542604, 7033092.231635203585029 ], [ 257856.69064886844717, 7033092.231635203585029 ], [ 257856.69064886844717, 7033087.228444613516331 ], [ 257861.693839458399452, 7033087.228444613516331 ], [ 257861.693839458399452, 7033082.225254023447633 ], [ 257866.697030048351735, 7033082.225254023447633 ], [ 257866.697030048351735, 7033077.222063433378935 ], [ 257871.700220638274914, 7033077.222063433378935 ], [ 257871.700220638274914, 7033072.218872843310237 ], [ 257876.703411228227196, 7033072.218872843310237 ], [ 257876.703411228227196, 7033067.215682253241539 ], [ 257881.706601818179479, 7033067.215682253241539 ], [ 257881.706601818179479, 7033062.212491663172841 ], [ 257886.709792408131761, 7033062.212491663172841 ], [ 257886.709792408131761, 7033057.209301074035466 ], [ 257891.712982998084044, 7033057.209301074035466 ], [ 257891.712982998084044, 7033052.206110483966768 ], [ 257896.716173588007223, 7033052.206110483966768 ], [ 257896.716173588007223, 7033047.20291989389807 ], [ 257901.719364177959505, 7033047.20291989389807 ], [ 257901.719364177959505, 7033042.199729303829372 ], [ 257911.725745357864071, 7033042.199729303829372 ], [ 257911.725745357864071, 7033047.20291989389807 ], [ 257916.728935947816353, 7033047.20291989389807 ], [ 257916.728935947816353, 7033052.206110483966768 ], [ 257921.732126537768636, 7033052.206110483966768 ], [ 257921.732126537768636, 7033057.209301074035466 ], [ 257926.735317127691815, 7033057.209301074035466 ], [ 257926.735317127691815, 7033062.212491663172841 ], [ 257931.738507717644097, 7033062.212491663172841 ], [ 257931.738507717644097, 7033067.215682253241539 ], [ 257936.74169830759638, 7033067.215682253241539 ], [ 257936.74169830759638, 7033072.218872843310237 ], [ 257941.744888897548662, 7033072.218872843310237 ], [ 257941.744888897548662, 7033077.222063433378935 ], [ 257951.751270077424124, 7033077.222063433378935 ], [ 257951.751270077424124, 7033072.218872843310237 ], [ 257956.754460667376406, 7033072.218872843310237 ], [ 257956.754460667376406, 7033067.215682253241539 ], [ 257961.757651257328689, 7033067.215682253241539 ], [ 257961.757651257328689, 7033062.212491663172841 ], [ 257966.760841847280972, 7033062.212491663172841 ], [ 257966.760841847280972, 7033057.209301074035466 ], [ 257971.764032437233254, 7033057.209301074035466 ], [ 257971.764032437233254, 7033052.206110483966768 ], [ 257976.767223027185537, 7033052.206110483966768 ], [ 257976.767223027185537, 7033047.20291989389807 ], [ 257981.770413617108716, 7033047.20291989389807 ], [ 257981.770413617108716, 7033042.199729303829372 ], [ 257986.773604207060998, 7033042.199729303829372 ], [ 257986.773604207060998, 7033037.196538713760674 ], [ 257991.776794797013281, 7033037.196538713760674 ], [ 257991.776794797013281, 7033032.193348123691976 ], [ 258001.783175976917846, 7033032.193348123691976 ], [ 258001.783175976917846, 7033027.190157533623278 ], [ 258006.786366566841025, 7033027.190157533623278 ], [ 258006.786366566841025, 7033032.193348123691976 ], [ 258016.79274774674559, 7033032.193348123691976 ], [ 258016.79274774674559, 7033037.196538713760674 ], [ 258021.795938336697873, 7033037.196538713760674 ], [ 258021.795938336697873, 7033042.199729303829372 ], [ 258026.799128926650155, 7033042.199729303829372 ], [ 258026.799128926650155, 7033047.20291989389807 ], [ 258031.802319516602438, 7033047.20291989389807 ], [ 258031.802319516602438, 7033052.206110483966768 ], [ 258036.805510106525617, 7033052.206110483966768 ], [ 258036.805510106525617, 7033057.209301074035466 ], [ 258046.811891286430182, 7033057.209301074035466 ], [ 258046.811891286430182, 7033052.206110483966768 ], [ 258051.815081876382465, 7033052.206110483966768 ], [ 258051.815081876382465, 7033047.20291989389807 ], [ 258056.818272466334747, 7033047.20291989389807 ], [ 258056.818272466334747, 7033042.199729303829372 ], [ 258061.821463056257926, 7033042.199729303829372 ], [ 258061.821463056257926, 7033037.196538713760674 ], [ 258066.824653646210209, 7033037.196538713760674 ], [ 258066.824653646210209, 7033032.193348123691976 ], [ 258071.827844236162491, 7033032.193348123691976 ], [ 258071.827844236162491, 7033027.190157533623278 ], [ 258076.831034826114774, 7033027.190157533623278 ], [ 258076.831034826114774, 7033022.18696694355458 ], [ 258081.834225416067056, 7033022.18696694355458 ], [ 258081.834225416067056, 7033017.183776354417205 ], [ 258086.837416006019339, 7033017.183776354417205 ], [ 258086.837416006019339, 7033012.180585764348507 ], [ 258091.840606595942518, 7033012.180585764348507 ], [ 258091.840606595942518, 7033007.177395174279809 ], [ 258101.846987775847083, 7033007.177395174279809 ], [ 258101.846987775847083, 7033002.174204584211111 ], [ 258637.188380900188349, 7033002.174204584211111 ], [ 258637.188380900188349, 7033007.177395174279809 ], [ 258642.191571490111528, 7033007.177395174279809 ], [ 258642.191571490111528, 7033012.180585764348507 ], [ 258647.194762080063811, 7033012.180585764348507 ], [ 258647.194762080063811, 7033017.183776354417205 ], [ 258652.197952670016093, 7033017.183776354417205 ], [ 258652.197952670016093, 7033022.18696694355458 ], [ 258657.201143259968376, 7033022.18696694355458 ], [ 258657.201143259968376, 7033027.190157533623278 ], [ 258667.207524439843837, 7033027.190157533623278 ], [ 258667.207524439843837, 7033022.18696694355458 ], [ 258672.21071502979612, 7033022.18696694355458 ], [ 258672.21071502979612, 7033017.183776354417205 ], [ 258677.213905619748402, 7033017.183776354417205 ], [ 258677.213905619748402, 7033012.180585764348507 ], [ 258682.217096209700685, 7033012.180585764348507 ], [ 258682.217096209700685, 7033007.177395174279809 ], [ 258687.220286799652968, 7033007.177395174279809 ], [ 258687.220286799652968, 7033002.174204584211111 ], [ 258717.239430339337559, 7033002.174204584211111 ], [ 258717.239430339337559, 7033007.177395174279809 ], [ 258722.242620929260738, 7033007.177395174279809 ], [ 258722.242620929260738, 7033012.180585764348507 ], [ 258727.245811519213021, 7033012.180585764348507 ], [ 258727.245811519213021, 7033017.183776354417205 ], [ 258732.249002109165303, 7033017.183776354417205 ], [ 258732.249002109165303, 7033022.18696694355458 ], [ 258737.252192699117586, 7033022.18696694355458 ], [ 258737.252192699117586, 7033027.190157533623278 ], [ 258742.255383289069869, 7033027.190157533623278 ], [ 258742.255383289069869, 7033032.193348123691976 ], [ 258747.258573879022151, 7033032.193348123691976 ], [ 258747.258573879022151, 7033037.196538713760674 ], [ 258752.26176446894533, 7033037.196538713760674 ], [ 258752.26176446894533, 7033042.199729303829372 ], [ 258757.264955058897613, 7033042.199729303829372 ], [ 258757.264955058897613, 7033047.20291989389807 ], [ 258762.268145648849895, 7033047.20291989389807 ], [ 258762.268145648849895, 7033052.206110483966768 ], [ 258767.271336238802178, 7033052.206110483966768 ], [ 258767.271336238802178, 7033057.209301074035466 ], [ 258772.27452682875446, 7033057.209301074035466 ], [ 258772.27452682875446, 7033062.212491663172841 ], [ 258777.277717418677639, 7033062.212491663172841 ], [ 258777.277717418677639, 7033067.215682253241539 ], [ 258782.280908008629922, 7033067.215682253241539 ], [ 258782.280908008629922, 7033072.218872843310237 ], [ 258787.284098598582204, 7033072.218872843310237 ], [ 258787.284098598582204, 7033077.222063433378935 ], [ 258792.287289188534487, 7033077.222063433378935 ], [ 258792.287289188534487, 7033082.225254023447633 ], [ 258797.29047977848677, 7033082.225254023447633 ], [ 258797.29047977848677, 7033087.228444613516331 ], [ 258802.293670368439052, 7033087.228444613516331 ], [ 258802.293670368439052, 7033092.231635203585029 ], [ 258807.296860958362231, 7033092.231635203585029 ], [ 258807.296860958362231, 7033097.234825793653727 ], [ 258812.300051548314514, 7033097.234825793653727 ], [ 258812.300051548314514, 7033102.238016382791102 ], [ 258817.303242138266796, 7033102.238016382791102 ], [ 258817.303242138266796, 7033107.2412069728598 ], [ 258832.31281390809454, 7033107.2412069728598 ], [ 258832.31281390809454, 7033112.244397562928498 ], [ 258837.316004498046823, 7033112.244397562928498 ], [ 258837.316004498046823, 7033117.247588152997196 ], [ 258842.319195087999105, 7033117.247588152997196 ], [ 258842.319195087999105, 7033122.250778743065894 ], [ 258847.322385677951388, 7033122.250778743065894 ], [ 258847.322385677951388, 7033127.253969333134592 ], [ 258852.325576267903671, 7033127.253969333134592 ], [ 258852.325576267903671, 7033132.25715992320329 ], [ 258857.328766857855953, 7033132.25715992320329 ], [ 258857.328766857855953, 7033137.260350512340665 ], [ 258862.331957447779132, 7033137.260350512340665 ], [ 258862.331957447779132, 7033142.263541102409363 ], [ 258867.335148037731415, 7033142.263541102409363 ], [ 258867.335148037731415, 7033147.266731692478061 ], [ 258872.338338627683697, 7033147.266731692478061 ], [ 258872.338338627683697, 7033152.269922282546759 ], [ 258882.344719807588262, 7033152.269922282546759 ], [ 258882.344719807588262, 7033147.266731692478061 ], [ 258887.347910397511441, 7033147.266731692478061 ], [ 258887.347910397511441, 7033142.263541102409363 ], [ 258892.351100987463724, 7033142.263541102409363 ], [ 258892.351100987463724, 7033137.260350512340665 ], [ 258897.354291577416006, 7033137.260350512340665 ], [ 258897.354291577416006, 7033132.25715992320329 ], [ 258902.357482167368289, 7033132.25715992320329 ], [ 258902.357482167368289, 7033127.253969333134592 ], [ 258907.360672757320572, 7033127.253969333134592 ], [ 258907.360672757320572, 7033122.250778743065894 ], [ 258912.363863347272854, 7033122.250778743065894 ], [ 258912.363863347272854, 7033117.247588152997196 ], [ 258927.373435117100598, 7033117.247588152997196 ], [ 258927.373435117100598, 7033122.250778743065894 ], [ 258932.376625707052881, 7033122.250778743065894 ], [ 258932.376625707052881, 7033127.253969333134592 ], [ 258937.379816297005164, 7033127.253969333134592 ], [ 258937.379816297005164, 7033132.25715992320329 ], [ 258942.383006886928342, 7033132.25715992320329 ], [ 258942.383006886928342, 7033137.260350512340665 ], [ 258947.386197476880625, 7033137.260350512340665 ], [ 258947.386197476880625, 7033142.263541102409363 ], [ 258952.389388066832907, 7033142.263541102409363 ], [ 258952.389388066832907, 7033147.266731692478061 ], [ 258957.39257865678519, 7033147.266731692478061 ], [ 258957.39257865678519, 7033152.269922282546759 ], [ 258962.395769246737473, 7033152.269922282546759 ], [ 258962.395769246737473, 7033157.273112872615457 ], [ 258972.402150426612934, 7033157.273112872615457 ], [ 258972.402150426612934, 7033152.269922282546759 ], [ 258977.405341016565217, 7033152.269922282546759 ], [ 258977.405341016565217, 7033147.266731692478061 ], [ 258982.408531606517499, 7033147.266731692478061 ], [ 258982.408531606517499, 7033142.263541102409363 ], [ 258987.411722196469782, 7033142.263541102409363 ], [ 258987.411722196469782, 7033137.260350512340665 ], [ 258992.414912786422065, 7033137.260350512340665 ], [ 258992.414912786422065, 7033132.25715992320329 ], [ 258997.418103376345243, 7033132.25715992320329 ], [ 258997.418103376345243, 7033127.253969333134592 ], [ 259002.421293966297526, 7033127.253969333134592 ], [ 259002.421293966297526, 7033122.250778743065894 ], [ 259007.424484556249809, 7033122.250778743065894 ], [ 259007.424484556249809, 7033117.247588152997196 ], [ 259027.437246916029835, 7033117.247588152997196 ], [ 259027.437246916029835, 7033122.250778743065894 ], [ 259032.440437505982118, 7033122.250778743065894 ], [ 259032.440437505982118, 7033127.253969333134592 ], [ 259037.4436280959344, 7033127.253969333134592 ], [ 259037.4436280959344, 7033132.25715992320329 ], [ 259042.446818685886683, 7033132.25715992320329 ], [ 259042.446818685886683, 7033137.260350512340665 ], [ 259047.450009275838966, 7033137.260350512340665 ], [ 259047.450009275838966, 7033142.263541102409363 ], [ 259052.453199865762144, 7033142.263541102409363 ], [ 259052.453199865762144, 7033147.266731692478061 ], [ 259057.456390455714427, 7033147.266731692478061 ], [ 259057.456390455714427, 7033152.269922282546759 ], [ 259062.45958104566671, 7033152.269922282546759 ], [ 259062.45958104566671, 7033157.273112872615457 ], [ 259067.462771635618992, 7033157.273112872615457 ], [ 259067.462771635618992, 7033162.276303462684155 ], [ 259072.465962225571275, 7033162.276303462684155 ], [ 259072.465962225571275, 7033167.279494052752852 ], [ 259082.472343405446736, 7033167.279494052752852 ], [ 259082.472343405446736, 7033162.276303462684155 ], [ 259087.475533995399019, 7033162.276303462684155 ], [ 259087.475533995399019, 7033157.273112872615457 ], [ 259092.478724585351301, 7033157.273112872615457 ], [ 259092.478724585351301, 7033152.269922282546759 ], [ 259107.488296355179045, 7033152.269922282546759 ], [ 259107.488296355179045, 7033157.273112872615457 ], [ 259112.491486945131328, 7033157.273112872615457 ], [ 259112.491486945131328, 7033162.276303462684155 ], [ 259117.494677535083611, 7033162.276303462684155 ], [ 259117.494677535083611, 7033167.279494052752852 ], [ 259122.497868125035893, 7033167.279494052752852 ], [ 259122.497868125035893, 7033172.28268464282155 ], [ 259127.501058714988176, 7033172.28268464282155 ], [ 259127.501058714988176, 7033177.285875231958926 ], [ 259132.504249304911355, 7033177.285875231958926 ], [ 259132.504249304911355, 7033182.289065822027624 ], [ 259137.507439894863637, 7033182.289065822027624 ], [ 259137.507439894863637, 7033187.292256412096322 ], [ 259142.51063048481592, 7033187.292256412096322 ], [ 259142.51063048481592, 7033182.289065822027624 ], [ 259147.513821074768202, 7033182.289065822027624 ], [ 259147.513821074768202, 7033177.285875231958926 ], [ 259152.517011664720485, 7033177.285875231958926 ], [ 259152.517011664720485, 7033172.28268464282155 ], [ 259157.520202254672768, 7033172.28268464282155 ], [ 259157.520202254672768, 7033167.279494052752852 ], [ 259162.523392844595946, 7033167.279494052752852 ], [ 259162.523392844595946, 7033162.276303462684155 ], [ 259167.526583434548229, 7033162.276303462684155 ], [ 259167.526583434548229, 7033157.273112872615457 ], [ 259172.529774024500512, 7033157.273112872615457 ], [ 259172.529774024500512, 7033152.269922282546759 ], [ 259177.532964614452794, 7033152.269922282546759 ], [ 259177.532964614452794, 7033147.266731692478061 ], [ 259182.536155204405077, 7033147.266731692478061 ], [ 259182.536155204405077, 7033142.263541102409363 ], [ 259187.539345794328256, 7033142.263541102409363 ], [ 259187.539345794328256, 7033137.260350512340665 ], [ 259202.548917564185103, 7033137.260350512340665 ], [ 259202.548917564185103, 7033142.263541102409363 ], [ 259207.552108154137386, 7033142.263541102409363 ], [ 259207.552108154137386, 7033147.266731692478061 ], [ 259212.555298744089669, 7033147.266731692478061 ], [ 259212.555298744089669, 7033152.269922282546759 ], [ 259217.558489334012847, 7033152.269922282546759 ], [ 259217.558489334012847, 7033157.273112872615457 ], [ 259222.56167992396513, 7033157.273112872615457 ], [ 259222.56167992396513, 7033162.276303462684155 ], [ 259232.568061103869695, 7033162.276303462684155 ], [ 259232.568061103869695, 7033157.273112872615457 ], [ 259237.571251693821978, 7033157.273112872615457 ], [ 259237.571251693821978, 7033152.269922282546759 ], [ 259242.574442283745157, 7033152.269922282546759 ], [ 259242.574442283745157, 7033147.266731692478061 ], [ 259247.577632873697439, 7033147.266731692478061 ], [ 259247.577632873697439, 7033142.263541102409363 ], [ 259252.580823463649722, 7033142.263541102409363 ], [ 259252.580823463649722, 7033137.260350512340665 ], [ 259257.584014053602004, 7033137.260350512340665 ], [ 259257.584014053602004, 7033132.25715992320329 ], [ 259262.587204643554287, 7033132.25715992320329 ], [ 259262.587204643554287, 7033127.253969333134592 ], [ 259267.59039523350657, 7033127.253969333134592 ], [ 259267.59039523350657, 7033122.250778743065894 ], [ 259272.593585823429748, 7033122.250778743065894 ], [ 259272.593585823429748, 7033117.247588152997196 ], [ 259277.596776413382031, 7033117.247588152997196 ], [ 259277.596776413382031, 7033112.244397562928498 ], [ 259292.606348183238879, 7033112.244397562928498 ], [ 259292.606348183238879, 7033107.2412069728598 ], [ 259302.61272936311434, 7033107.2412069728598 ], [ 259302.61272936311434, 7033112.244397562928498 ], [ 259307.615919953066623, 7033112.244397562928498 ], [ 259307.615919953066623, 7033097.234825793653727 ], [ 259312.619110543018905, 7033097.234825793653727 ], [ 259312.619110543018905, 7033092.231635203585029 ], [ 259317.622301132971188, 7033092.231635203585029 ], [ 259317.622301132971188, 7033087.228444613516331 ], [ 259322.625491722923471, 7033087.228444613516331 ], [ 259322.625491722923471, 7033082.225254023447633 ], [ 259327.628682312846649, 7033082.225254023447633 ], [ 259327.628682312846649, 7033077.222063433378935 ], [ 259332.631872902798932, 7033077.222063433378935 ], [ 259332.631872902798932, 7033072.218872843310237 ], [ 259337.635063492751215, 7033072.218872843310237 ], [ 259337.635063492751215, 7033067.215682253241539 ], [ 259342.638254082703497, 7033067.215682253241539 ], [ 259342.638254082703497, 7033062.212491663172841 ], [ 259347.64144467265578, 7033062.212491663172841 ], [ 259347.64144467265578, 7033057.209301074035466 ], [ 259352.644635262578959, 7033057.209301074035466 ], [ 259352.644635262578959, 7033052.206110483966768 ], [ 259357.647825852531241, 7033052.206110483966768 ], [ 259357.647825852531241, 7033047.20291989389807 ], [ 259362.651016442483524, 7033047.20291989389807 ], [ 259362.651016442483524, 7033042.199729303829372 ], [ 259367.654207032435806, 7033042.199729303829372 ], [ 259367.654207032435806, 7033037.196538713760674 ], [ 259372.657397622388089, 7033037.196538713760674 ], [ 259372.657397622388089, 7033032.193348123691976 ], [ 259377.660588212340372, 7033032.193348123691976 ], [ 259377.660588212340372, 7033027.190157533623278 ], [ 259397.673350572120398, 7033027.190157533623278 ], [ 259397.673350572120398, 7033032.193348123691976 ], [ 259402.676541162072681, 7033032.193348123691976 ], [ 259402.676541162072681, 7033037.196538713760674 ], [ 259407.67973175199586, 7033037.196538713760674 ], [ 259407.67973175199586, 7033042.199729303829372 ], [ 259412.682922341948142, 7033042.199729303829372 ], [ 259412.682922341948142, 7033047.20291989389807 ], [ 259417.686112931900425, 7033047.20291989389807 ], [ 259417.686112931900425, 7033052.206110483966768 ], [ 259422.689303521852707, 7033052.206110483966768 ], [ 259422.689303521852707, 7033057.209301074035466 ], [ 259427.69249411180499, 7033057.209301074035466 ], [ 259427.69249411180499, 7033062.212491663172841 ], [ 259432.695684701757273, 7033062.212491663172841 ], [ 259432.695684701757273, 7033067.215682253241539 ], [ 259437.698875291680451, 7033067.215682253241539 ], [ 259437.698875291680451, 7033072.218872843310237 ], [ 259442.702065881632734, 7033072.218872843310237 ], [ 259442.702065881632734, 7033077.222063433378935 ], [ 259447.705256471585017, 7033077.222063433378935 ], [ 259447.705256471585017, 7033082.225254023447633 ], [ 259452.708447061537299, 7033082.225254023447633 ], [ 259452.708447061537299, 7033087.228444613516331 ], [ 259457.711637651489582, 7033087.228444613516331 ], [ 259457.711637651489582, 7033092.231635203585029 ], [ 259462.714828241412761, 7033092.231635203585029 ], [ 259462.714828241412761, 7033097.234825793653727 ], [ 259467.718018831365043, 7033097.234825793653727 ], [ 259467.718018831365043, 7033102.238016382791102 ], [ 259472.721209421317326, 7033102.238016382791102 ], [ 259472.721209421317326, 7033112.244397562928498 ], [ 259467.718018831365043, 7033112.244397562928498 ], [ 259467.718018831365043, 7033122.250778743065894 ], [ 259462.714828241412761, 7033122.250778743065894 ], [ 259462.714828241412761, 7033127.253969333134592 ], [ 259457.711637651489582, 7033127.253969333134592 ], [ 259457.711637651489582, 7033132.25715992320329 ], [ 259452.708447061537299, 7033132.25715992320329 ], [ 259452.708447061537299, 7033137.260350512340665 ], [ 259447.705256471585017, 7033137.260350512340665 ], [ 259447.705256471585017, 7033142.263541102409363 ], [ 259442.702065881632734, 7033142.263541102409363 ], [ 259442.702065881632734, 7033152.269922282546759 ], [ 259447.705256471585017, 7033152.269922282546759 ], [ 259447.705256471585017, 7033157.273112872615457 ], [ 259452.708447061537299, 7033157.273112872615457 ], [ 259452.708447061537299, 7033162.276303462684155 ], [ 259457.711637651489582, 7033162.276303462684155 ], [ 259457.711637651489582, 7033167.279494052752852 ], [ 259462.714828241412761, 7033167.279494052752852 ], [ 259462.714828241412761, 7033172.28268464282155 ], [ 259467.718018831365043, 7033172.28268464282155 ], [ 259467.718018831365043, 7033177.285875231958926 ], [ 259472.721209421317326, 7033177.285875231958926 ], [ 259472.721209421317326, 7033182.289065822027624 ], [ 259477.724400011269609, 7033182.289065822027624 ], [ 259477.724400011269609, 7033187.292256412096322 ], [ 259482.727590601221891, 7033187.292256412096322 ], [ 259482.727590601221891, 7033192.29544700216502 ], [ 259487.730781191174174, 7033192.29544700216502 ], [ 259487.730781191174174, 7033197.298637592233717 ], [ 259492.733971781097353, 7033197.298637592233717 ], [ 259492.733971781097353, 7033202.301828182302415 ], [ 259497.737162371049635, 7033202.301828182302415 ], [ 259497.737162371049635, 7033207.305018772371113 ], [ 259502.740352961001918, 7033207.305018772371113 ], [ 259502.740352961001918, 7033212.308209362439811 ], [ 259507.7435435509542, 7033212.308209362439811 ], [ 259507.7435435509542, 7033217.311399951577187 ], [ 259512.746734140906483, 7033217.311399951577187 ], [ 259512.746734140906483, 7033222.314590541645885 ], [ 259517.749924730829662, 7033222.314590541645885 ], [ 259517.749924730829662, 7033247.330543491989374 ], [ 259512.746734140906483, 7033247.330543491989374 ], [ 259512.746734140906483, 7033252.33373408112675 ], [ 259507.7435435509542, 7033252.33373408112675 ], [ 259507.7435435509542, 7033257.336924671195447 ], [ 259502.740352961001918, 7033257.336924671195447 ], [ 259502.740352961001918, 7033262.340115261264145 ], [ 259497.737162371049635, 7033262.340115261264145 ], [ 259497.737162371049635, 7033267.343305851332843 ], [ 259492.733971781097353, 7033267.343305851332843 ], [ 259492.733971781097353, 7033272.346496441401541 ], [ 259487.730781191174174, 7033272.346496441401541 ], [ 259487.730781191174174, 7033277.349687031470239 ], [ 259482.727590601221891, 7033277.349687031470239 ], [ 259482.727590601221891, 7033282.352877621538937 ], [ 259477.724400011269609, 7033282.352877621538937 ], [ 259477.724400011269609, 7033287.356068211607635 ], [ 259472.721209421317326, 7033287.356068211607635 ], [ 259472.721209421317326, 7033292.35925880074501 ], [ 259467.718018831365043, 7033292.35925880074501 ], [ 259467.718018831365043, 7033297.362449390813708 ], [ 259462.714828241412761, 7033297.362449390813708 ], [ 259462.714828241412761, 7033302.365639980882406 ], [ 259457.711637651489582, 7033302.365639980882406 ], [ 259457.711637651489582, 7033307.368830570951104 ], [ 259452.708447061537299, 7033307.368830570951104 ], [ 259452.708447061537299, 7033312.372021161019802 ], [ 259447.705256471585017, 7033312.372021161019802 ], [ 259447.705256471585017, 7033317.3752117510885 ], [ 259422.689303521852707, 7033317.3752117510885 ], [ 259422.689303521852707, 7033312.372021161019802 ], [ 259417.686112931900425, 7033312.372021161019802 ], [ 259417.686112931900425, 7033307.368830570951104 ], [ 259412.682922341948142, 7033307.368830570951104 ], [ 259412.682922341948142, 7033302.365639980882406 ], [ 259407.67973175199586, 7033302.365639980882406 ], [ 259407.67973175199586, 7033297.362449390813708 ], [ 259402.676541162072681, 7033297.362449390813708 ], [ 259402.676541162072681, 7033292.35925880074501 ], [ 259397.673350572120398, 7033292.35925880074501 ], [ 259397.673350572120398, 7033287.356068211607635 ], [ 259392.670159982168116, 7033287.356068211607635 ], [ 259392.670159982168116, 7033282.352877621538937 ], [ 259387.666969392215833, 7033282.352877621538937 ], [ 259387.666969392215833, 7033277.349687031470239 ], [ 259382.66377880226355, 7033277.349687031470239 ], [ 259382.66377880226355, 7033272.346496441401541 ], [ 259377.660588212340372, 7033272.346496441401541 ], [ 259377.660588212340372, 7033267.343305851332843 ], [ 259372.657397622388089, 7033267.343305851332843 ], [ 259372.657397622388089, 7033262.340115261264145 ], [ 259367.654207032435806, 7033262.340115261264145 ], [ 259367.654207032435806, 7033257.336924671195447 ], [ 259362.651016442483524, 7033257.336924671195447 ], [ 259362.651016442483524, 7033262.340115261264145 ], [ 259357.647825852531241, 7033262.340115261264145 ], [ 259357.647825852531241, 7033272.346496441401541 ], [ 259352.644635262578959, 7033272.346496441401541 ], [ 259352.644635262578959, 7033277.349687031470239 ], [ 259347.64144467265578, 7033277.349687031470239 ], [ 259347.64144467265578, 7033282.352877621538937 ], [ 259342.638254082703497, 7033282.352877621538937 ], [ 259342.638254082703497, 7033287.356068211607635 ], [ 259337.635063492751215, 7033287.356068211607635 ], [ 259337.635063492751215, 7033292.35925880074501 ], [ 259332.631872902798932, 7033292.35925880074501 ], [ 259332.631872902798932, 7033297.362449390813708 ], [ 259327.628682312846649, 7033297.362449390813708 ], [ 259327.628682312846649, 7033302.365639980882406 ], [ 259322.625491722923471, 7033302.365639980882406 ], [ 259322.625491722923471, 7033307.368830570951104 ], [ 259317.622301132971188, 7033307.368830570951104 ], [ 259317.622301132971188, 7033312.372021161019802 ], [ 259312.619110543018905, 7033312.372021161019802 ], [ 259312.619110543018905, 7033317.3752117510885 ], [ 259307.615919953066623, 7033317.3752117510885 ], [ 259307.615919953066623, 7033337.387974110431969 ], [ 259302.61272936311434, 7033337.387974110431969 ], [ 259302.61272936311434, 7033352.397545880638063 ], [ 259307.615919953066623, 7033352.397545880638063 ], [ 259307.615919953066623, 7033357.400736470706761 ], [ 259312.619110543018905, 7033357.400736470706761 ], [ 259312.619110543018905, 7033362.403927060775459 ], [ 259317.622301132971188, 7033362.403927060775459 ], [ 259317.622301132971188, 7033367.407117649912834 ], [ 259322.625491722923471, 7033367.407117649912834 ], [ 259322.625491722923471, 7033372.410308239981532 ], [ 259327.628682312846649, 7033372.410308239981532 ], [ 259327.628682312846649, 7033377.41349883005023 ], [ 259337.635063492751215, 7033377.41349883005023 ], [ 259337.635063492751215, 7033382.416689420118928 ], [ 259352.644635262578959, 7033382.416689420118928 ], [ 259352.644635262578959, 7033377.41349883005023 ], [ 259357.647825852531241, 7033377.41349883005023 ], [ 259357.647825852531241, 7033372.410308239981532 ], [ 259362.651016442483524, 7033372.410308239981532 ], [ 259362.651016442483524, 7033367.407117649912834 ], [ 259392.670159982168116, 7033367.407117649912834 ], [ 259392.670159982168116, 7033372.410308239981532 ], [ 259397.673350572120398, 7033372.410308239981532 ], [ 259397.673350572120398, 7033377.41349883005023 ], [ 259412.682922341948142, 7033377.41349883005023 ], [ 259412.682922341948142, 7033372.410308239981532 ], [ 259427.69249411180499, 7033372.410308239981532 ], [ 259427.69249411180499, 7033377.41349883005023 ], [ 259432.695684701757273, 7033377.41349883005023 ], [ 259432.695684701757273, 7033392.423070600256324 ], [ 259437.698875291680451, 7033392.423070600256324 ], [ 259437.698875291680451, 7033387.419880010187626 ], [ 259442.702065881632734, 7033387.419880010187626 ], [ 259442.702065881632734, 7033397.426261190325022 ], [ 259447.705256471585017, 7033397.426261190325022 ], [ 259447.705256471585017, 7033402.42945178039372 ], [ 259452.708447061537299, 7033402.42945178039372 ], [ 259452.708447061537299, 7033407.432642369531095 ], [ 259462.714828241412761, 7033407.432642369531095 ], [ 259462.714828241412761, 7033412.435832959599793 ], [ 259467.718018831365043, 7033412.435832959599793 ], [ 259467.718018831365043, 7033417.439023549668491 ], [ 259472.721209421317326, 7033417.439023549668491 ], [ 259472.721209421317326, 7033422.442214139737189 ], [ 259477.724400011269609, 7033422.442214139737189 ], [ 259477.724400011269609, 7033427.445404729805887 ], [ 259482.727590601221891, 7033427.445404729805887 ], [ 259482.727590601221891, 7033432.448595319874585 ], [ 259487.730781191174174, 7033432.448595319874585 ], [ 259487.730781191174174, 7033437.451785909943283 ], [ 259497.737162371049635, 7033437.451785909943283 ], [ 259497.737162371049635, 7033442.454976499080658 ], [ 259512.746734140906483, 7033442.454976499080658 ], [ 259512.746734140906483, 7033447.458167089149356 ], [ 259527.756305910734227, 7033447.458167089149356 ], [ 259527.756305910734227, 7033462.46773885935545 ], [ 259532.75949650068651, 7033462.46773885935545 ], [ 259532.75949650068651, 7033467.470929449424148 ], [ 259542.765877680591075, 7033467.470929449424148 ], [ 259542.765877680591075, 7033472.474120039492846 ], [ 259547.769068270514254, 7033472.474120039492846 ], [ 259547.769068270514254, 7033482.480501218698919 ], [ 259557.775449450418819, 7033482.480501218698919 ], [ 259557.775449450418819, 7033487.483691808767617 ], [ 259562.778640040371101, 7033487.483691808767617 ], [ 259562.778640040371101, 7033497.490072988905013 ], [ 259567.781830630323384, 7033497.490072988905013 ], [ 259567.781830630323384, 7033512.499644759111106 ], [ 259572.785021220246563, 7033512.499644759111106 ], [ 259572.785021220246563, 7033527.509216528385878 ], [ 259567.781830630323384, 7033527.509216528385878 ], [ 259567.781830630323384, 7033537.515597708523273 ], [ 259562.778640040371101, 7033537.515597708523273 ], [ 259562.778640040371101, 7033542.518788298591971 ], [ 259557.775449450418819, 7033542.518788298591971 ], [ 259557.775449450418819, 7033552.525169478729367 ], [ 259552.772258860466536, 7033552.525169478729367 ], [ 259552.772258860466536, 7033557.528360067866743 ], [ 259547.769068270514254, 7033557.528360067866743 ], [ 259547.769068270514254, 7033562.531550657935441 ], [ 259542.765877680591075, 7033562.531550657935441 ], [ 259542.765877680591075, 7033567.534741248004138 ], [ 259537.762687090638792, 7033567.534741248004138 ], [ 259537.762687090638792, 7033572.537931838072836 ], [ 259527.756305910734227, 7033572.537931838072836 ], [ 259527.756305910734227, 7033577.541122428141534 ], [ 259522.753115320781944, 7033577.541122428141534 ], [ 259522.753115320781944, 7033582.544313018210232 ], [ 259512.746734140906483, 7033582.544313018210232 ], [ 259512.746734140906483, 7033587.54750360827893 ], [ 259502.740352961001918, 7033587.54750360827893 ], [ 259502.740352961001918, 7033592.550694198347628 ], [ 259497.737162371049635, 7033592.550694198347628 ], [ 259497.737162371049635, 7033597.553884787485003 ], [ 259492.733971781097353, 7033597.553884787485003 ], [ 259492.733971781097353, 7033602.557075377553701 ], [ 259487.730781191174174, 7033602.557075377553701 ], [ 259487.730781191174174, 7033607.560265967622399 ], [ 259482.727590601221891, 7033607.560265967622399 ], [ 259482.727590601221891, 7033617.566647147759795 ], [ 259472.721209421317326, 7033617.566647147759795 ], [ 259472.721209421317326, 7033622.569837737828493 ], [ 259467.718018831365043, 7033622.569837737828493 ], [ 259467.718018831365043, 7033627.573028327897191 ], [ 259462.714828241412761, 7033627.573028327897191 ], [ 259462.714828241412761, 7033632.576218917965889 ], [ 259447.705256471585017, 7033632.576218917965889 ], [ 259447.705256471585017, 7033637.579409507103264 ], [ 259432.695684701757273, 7033637.579409507103264 ], [ 259432.695684701757273, 7033642.582600097171962 ], [ 259422.689303521852707, 7033642.582600097171962 ], [ 259422.689303521852707, 7033647.58579068724066 ], [ 259417.686112931900425, 7033647.58579068724066 ], [ 259417.686112931900425, 7033652.588981277309358 ], [ 259422.689303521852707, 7033652.588981277309358 ], [ 259422.689303521852707, 7033657.592171867378056 ], [ 259427.69249411180499, 7033657.592171867378056 ], [ 259427.69249411180499, 7033662.595362457446754 ], [ 259432.695684701757273, 7033662.595362457446754 ], [ 259432.695684701757273, 7033667.598553047515452 ], [ 259437.698875291680451, 7033667.598553047515452 ], [ 259437.698875291680451, 7033672.601743636652827 ], [ 259442.702065881632734, 7033672.601743636652827 ], [ 259442.702065881632734, 7033677.604934226721525 ], [ 259447.705256471585017, 7033677.604934226721525 ], [ 259447.705256471585017, 7033682.608124816790223 ], [ 259452.708447061537299, 7033682.608124816790223 ], [ 259452.708447061537299, 7033687.611315406858921 ], [ 259457.711637651489582, 7033687.611315406858921 ], [ 259457.711637651489582, 7033692.614505996927619 ], [ 259462.714828241412761, 7033692.614505996927619 ], [ 259462.714828241412761, 7033697.617696586996317 ], [ 259467.718018831365043, 7033697.617696586996317 ], [ 259467.718018831365043, 7033702.620887177065015 ], [ 259472.721209421317326, 7033702.620887177065015 ], [ 259472.721209421317326, 7033717.630458946339786 ], [ 259477.724400011269609, 7033717.630458946339786 ], [ 259477.724400011269609, 7033732.64003071654588 ], [ 259482.727590601221891, 7033732.64003071654588 ], [ 259482.727590601221891, 7033727.636840126477182 ], [ 259487.730781191174174, 7033727.636840126477182 ], [ 259487.730781191174174, 7033717.630458946339786 ], [ 259492.733971781097353, 7033717.630458946339786 ], [ 259492.733971781097353, 7033702.620887177065015 ], [ 259502.740352961001918, 7033702.620887177065015 ], [ 259502.740352961001918, 7033697.617696586996317 ], [ 259507.7435435509542, 7033697.617696586996317 ], [ 259507.7435435509542, 7033692.614505996927619 ], [ 259517.749924730829662, 7033692.614505996927619 ], [ 259517.749924730829662, 7033687.611315406858921 ], [ 259527.756305910734227, 7033687.611315406858921 ], [ 259527.756305910734227, 7033682.608124816790223 ], [ 259532.75949650068651, 7033682.608124816790223 ], [ 259532.75949650068651, 7033677.604934226721525 ], [ 259542.765877680591075, 7033677.604934226721525 ], [ 259542.765877680591075, 7033672.601743636652827 ], [ 259557.775449450418819, 7033672.601743636652827 ], [ 259557.775449450418819, 7033667.598553047515452 ], [ 259567.781830630323384, 7033667.598553047515452 ], [ 259567.781830630323384, 7033662.595362457446754 ], [ 259572.785021220246563, 7033662.595362457446754 ], [ 259572.785021220246563, 7033657.592171867378056 ], [ 259577.788211810198845, 7033657.592171867378056 ], [ 259577.788211810198845, 7033652.588981277309358 ], [ 259587.794592990103411, 7033652.588981277309358 ], [ 259587.794592990103411, 7033672.601743636652827 ], [ 259592.797783580055693, 7033672.601743636652827 ], [ 259592.797783580055693, 7033682.608124816790223 ], [ 259597.800974170007976, 7033682.608124816790223 ], [ 259597.800974170007976, 7033712.627268356271088 ], [ 259602.804164759931155, 7033712.627268356271088 ], [ 259602.804164759931155, 7033717.630458946339786 ], [ 259597.800974170007976, 7033717.630458946339786 ], [ 259597.800974170007976, 7033752.652793075889349 ], [ 259602.804164759931155, 7033752.652793075889349 ], [ 259602.804164759931155, 7033757.655983665958047 ], [ 259607.807355349883437, 7033757.655983665958047 ], [ 259607.807355349883437, 7033752.652793075889349 ], [ 259612.81054593983572, 7033752.652793075889349 ], [ 259612.81054593983572, 7033747.649602486751974 ], [ 259617.813736529788002, 7033747.649602486751974 ], [ 259617.813736529788002, 7033742.646411896683276 ], [ 259622.816927119740285, 7033742.646411896683276 ], [ 259622.816927119740285, 7033732.64003071654588 ], [ 259627.820117709663464, 7033732.64003071654588 ], [ 259627.820117709663464, 7033727.636840126477182 ], [ 259632.823308299615746, 7033727.636840126477182 ], [ 259632.823308299615746, 7033717.630458946339786 ], [ 259637.826498889568029, 7033717.630458946339786 ], [ 259637.826498889568029, 7033697.617696586996317 ], [ 259642.829689479520312, 7033697.617696586996317 ], [ 259642.829689479520312, 7033667.598553047515452 ], [ 259647.832880069472594, 7033667.598553047515452 ], [ 259647.832880069472594, 7033622.569837737828493 ], [ 259642.829689479520312, 7033622.569837737828493 ], [ 259642.829689479520312, 7033617.566647147759795 ], [ 259652.836070659424877, 7033617.566647147759795 ], [ 259652.836070659424877, 7033622.569837737828493 ], [ 259662.842451839300338, 7033622.569837737828493 ], [ 259662.842451839300338, 7033627.573028327897191 ], [ 259677.852023609157186, 7033627.573028327897191 ], [ 259677.852023609157186, 7033622.569837737828493 ], [ 259692.86159537898493, 7033622.569837737828493 ], [ 259692.86159537898493, 7033627.573028327897191 ], [ 259697.864785968937213, 7033627.573028327897191 ], [ 259697.864785968937213, 7033632.576218917965889 ], [ 259702.867976558889495, 7033632.576218917965889 ], [ 259702.867976558889495, 7033637.579409507103264 ], [ 259707.871167148841778, 7033637.579409507103264 ], [ 259707.871167148841778, 7033647.58579068724066 ], [ 259712.874357738764957, 7033647.58579068724066 ], [ 259712.874357738764957, 7033652.588981277309358 ], [ 259717.877548328717239, 7033652.588981277309358 ], [ 259717.877548328717239, 7033662.595362457446754 ], [ 259712.874357738764957, 7033662.595362457446754 ], [ 259712.874357738764957, 7033692.614505996927619 ], [ 259717.877548328717239, 7033692.614505996927619 ], [ 259717.877548328717239, 7033697.617696586996317 ], [ 259727.883929508621804, 7033697.617696586996317 ], [ 259727.883929508621804, 7033687.611315406858921 ], [ 259737.890310688497266, 7033687.611315406858921 ], [ 259737.890310688497266, 7033697.617696586996317 ], [ 259732.887120098574087, 7033697.617696586996317 ], [ 259732.887120098574087, 7033717.630458946339786 ], [ 259737.890310688497266, 7033717.630458946339786 ], [ 259737.890310688497266, 7033782.671936616301537 ], [ 259742.893501278449548, 7033782.671936616301537 ], [ 259742.893501278449548, 7033837.707033105194569 ], [ 259737.890310688497266, 7033837.707033105194569 ], [ 259737.890310688497266, 7033847.713414285331964 ], [ 259742.893501278449548, 7033847.713414285331964 ], [ 259742.893501278449548, 7033842.710223695263267 ], [ 259747.896691868401831, 7033842.710223695263267 ], [ 259747.896691868401831, 7033837.707033105194569 ], [ 259752.899882458354114, 7033837.707033105194569 ], [ 259752.899882458354114, 7033822.697461335919797 ], [ 259757.903073048306396, 7033822.697461335919797 ], [ 259757.903073048306396, 7033817.694270745851099 ], [ 259762.906263638258679, 7033817.694270745851099 ], [ 259762.906263638258679, 7033797.681508385576308 ], [ 259767.909454228181858, 7033797.681508385576308 ], [ 259767.909454228181858, 7033772.665555436164141 ], [ 259772.91264481813414, 7033772.665555436164141 ], [ 259772.91264481813414, 7033762.659174256026745 ], [ 259777.915835408086423, 7033762.659174256026745 ], [ 259777.915835408086423, 7033747.649602486751974 ], [ 259782.919025998038705, 7033747.649602486751974 ], [ 259782.919025998038705, 7033737.643221306614578 ], [ 259787.922216587990988, 7033737.643221306614578 ], [ 259787.922216587990988, 7033717.630458946339786 ], [ 259792.925407177914167, 7033717.630458946339786 ], [ 259792.925407177914167, 7033707.624077767133713 ], [ 259797.928597767866449, 7033707.624077767133713 ], [ 259797.928597767866449, 7033702.620887177065015 ], [ 259812.938169537723297, 7033702.620887177065015 ], [ 259812.938169537723297, 7033707.624077767133713 ], [ 259817.94136012767558, 7033707.624077767133713 ], [ 259817.94136012767558, 7033712.627268356271088 ], [ 259822.944550717598759, 7033712.627268356271088 ], [ 259822.944550717598759, 7033717.630458946339786 ], [ 259827.947741307551041, 7033717.630458946339786 ], [ 259827.947741307551041, 7033727.636840126477182 ], [ 259832.950931897503324, 7033727.636840126477182 ], [ 259832.950931897503324, 7033747.649602486751974 ], [ 259852.96369425728335, 7033747.649602486751974 ], [ 259852.96369425728335, 7033742.646411896683276 ], [ 259882.982837796967942, 7033742.646411896683276 ], [ 259882.982837796967942, 7033747.649602486751974 ], [ 259887.986028386920225, 7033747.649602486751974 ], [ 259887.986028386920225, 7033752.652793075889349 ], [ 259897.99240956682479, 7033752.652793075889349 ], [ 259897.99240956682479, 7033762.659174256026745 ], [ 259902.995600156747969, 7033762.659174256026745 ], [ 259902.995600156747969, 7033777.668746026232839 ], [ 259907.998790746700251, 7033777.668746026232839 ], [ 259907.998790746700251, 7033782.671936616301537 ], [ 259928.011553106509382, 7033782.671936616301537 ], [ 259928.011553106509382, 7033777.668746026232839 ], [ 259933.014743696432561, 7033777.668746026232839 ], [ 259933.014743696432561, 7033782.671936616301537 ], [ 259938.017934286384843, 7033782.671936616301537 ], [ 259938.017934286384843, 7033787.675127205438912 ], [ 259948.024315466289409, 7033787.675127205438912 ], [ 259948.024315466289409, 7033792.67831779550761 ], [ 259958.03069664616487, 7033792.67831779550761 ], [ 259958.03069664616487, 7033797.681508385576308 ], [ 259968.037077826069435, 7033797.681508385576308 ], [ 259968.037077826069435, 7033802.684698975645006 ], [ 259973.040268416021718, 7033802.684698975645006 ], [ 259973.040268416021718, 7033807.687889565713704 ], [ 259978.043459005974, 7033807.687889565713704 ], [ 259978.043459005974, 7033812.691080155782402 ], [ 259983.046649595926283, 7033812.691080155782402 ], [ 259983.046649595926283, 7033817.694270745851099 ], [ 259988.049840185849462, 7033817.694270745851099 ], [ 259988.049840185849462, 7033827.700651925057173 ], [ 259993.053030775801744, 7033827.700651925057173 ], [ 259993.053030775801744, 7033832.703842515125871 ], [ 260023.072174315486336, 7033832.703842515125871 ], [ 260023.072174315486336, 7033837.707033105194569 ], [ 260033.078555495390901, 7033837.707033105194569 ], [ 260033.078555495390901, 7033842.710223695263267 ], [ 260043.084936675266363, 7033842.710223695263267 ], [ 260043.084936675266363, 7033847.713414285331964 ], [ 260068.100889624998672, 7033847.713414285331964 ], [ 260068.100889624998672, 7033852.716604875400662 ], [ 260083.11046139485552, 7033852.716604875400662 ], [ 260083.11046139485552, 7033857.71979546546936 ], [ 260093.116842574760085, 7033857.71979546546936 ], [ 260093.116842574760085, 7033862.722986055538058 ], [ 260103.123223754635546, 7033862.722986055538058 ], [ 260103.123223754635546, 7033867.726176644675434 ], [ 260138.145557884272421, 7033867.726176644675434 ], [ 260138.145557884272421, 7033862.722986055538058 ], [ 260153.155129654100165, 7033862.722986055538058 ], [ 260153.155129654100165, 7033857.71979546546936 ], [ 260158.158320244052447, 7033857.71979546546936 ], [ 260158.158320244052447, 7033847.713414285331964 ], [ 260163.16151083400473, 7033847.713414285331964 ], [ 260163.16151083400473, 7033842.710223695263267 ], [ 260168.164701423957013, 7033842.710223695263267 ], [ 260168.164701423957013, 7033837.707033105194569 ], [ 260178.171082603832474, 7033837.707033105194569 ], [ 260178.171082603832474, 7033832.703842515125871 ], [ 260188.177463783737039, 7033832.703842515125871 ], [ 260188.177463783737039, 7033827.700651925057173 ], [ 260208.190226143517066, 7033827.700651925057173 ], [ 260208.190226143517066, 7033822.697461335919797 ], [ 260218.196607323421631, 7033822.697461335919797 ], [ 260218.196607323421631, 7033817.694270745851099 ], [ 260223.199797913373914, 7033817.694270745851099 ], [ 260223.199797913373914, 7033812.691080155782402 ], [ 260228.202988503326196, 7033812.691080155782402 ], [ 260228.202988503326196, 7033807.687889565713704 ], [ 260233.206179093249375, 7033807.687889565713704 ], [ 260233.206179093249375, 7033797.681508385576308 ], [ 260238.209369683201658, 7033797.681508385576308 ], [ 260238.209369683201658, 7033787.675127205438912 ], [ 260243.21256027315394, 7033787.675127205438912 ], [ 260243.21256027315394, 7033777.668746026232839 ], [ 260248.215750863106223, 7033777.668746026232839 ], [ 260248.215750863106223, 7033772.665555436164141 ], [ 260243.21256027315394, 7033772.665555436164141 ], [ 260243.21256027315394, 7033757.655983665958047 ], [ 260238.209369683201658, 7033757.655983665958047 ], [ 260238.209369683201658, 7033747.649602486751974 ], [ 260243.21256027315394, 7033747.649602486751974 ], [ 260243.21256027315394, 7033737.643221306614578 ], [ 260248.215750863106223, 7033737.643221306614578 ], [ 260248.215750863106223, 7033732.64003071654588 ], [ 260253.218941453058505, 7033732.64003071654588 ], [ 260253.218941453058505, 7033727.636840126477182 ], [ 260258.222132043010788, 7033727.636840126477182 ], [ 260258.222132043010788, 7033722.633649536408484 ], [ 260273.231703812838532, 7033722.633649536408484 ], [ 260273.231703812838532, 7033732.64003071654588 ], [ 260278.234894402790815, 7033732.64003071654588 ], [ 260278.234894402790815, 7033737.643221306614578 ], [ 260303.250847352523124, 7033737.643221306614578 ], [ 260303.250847352523124, 7033742.646411896683276 ], [ 260308.254037942475406, 7033742.646411896683276 ], [ 260308.254037942475406, 7033747.649602486751974 ], [ 260318.260419122350868, 7033747.649602486751974 ], [ 260318.260419122350868, 7033752.652793075889349 ], [ 260323.26360971230315, 7033752.652793075889349 ], [ 260323.26360971230315, 7033757.655983665958047 ], [ 260328.266800302255433, 7033757.655983665958047 ], [ 260328.266800302255433, 7033762.659174256026745 ], [ 260333.269990892207716, 7033762.659174256026745 ], [ 260333.269990892207716, 7033767.662364846095443 ], [ 260343.276372072083177, 7033767.662364846095443 ], [ 260343.276372072083177, 7033757.655983665958047 ], [ 260348.27956266203546, 7033757.655983665958047 ], [ 260348.27956266203546, 7033747.649602486751974 ], [ 260358.285943841940025, 7033747.649602486751974 ], [ 260358.285943841940025, 7033742.646411896683276 ], [ 260363.289134431892307, 7033742.646411896683276 ], [ 260363.289134431892307, 7033732.64003071654588 ], [ 260373.295515611767769, 7033732.64003071654588 ], [ 260373.295515611767769, 7033727.636840126477182 ], [ 260378.298706201720051, 7033727.636840126477182 ], [ 260378.298706201720051, 7033722.633649536408484 ], [ 260388.305087381624617, 7033722.633649536408484 ], [ 260388.305087381624617, 7033717.630458946339786 ], [ 260413.321040331356926, 7033717.630458946339786 ], [ 260413.321040331356926, 7033712.627268356271088 ], [ 260423.327421511261491, 7033712.627268356271088 ], [ 260423.327421511261491, 7033707.624077767133713 ], [ 260428.33061210118467, 7033707.624077767133713 ], [ 260428.33061210118467, 7033702.620887177065015 ], [ 260433.333802691136952, 7033702.620887177065015 ], [ 260433.333802691136952, 7033697.617696586996317 ], [ 260438.336993281089235, 7033697.617696586996317 ], [ 260438.336993281089235, 7037665.147834414616227 ], [ 260433.333802691136952, 7037665.147834414616227 ], [ 260433.333802691136952, 7037670.151025004684925 ], [ 260428.33061210118467, 7037670.151025004684925 ], [ 260428.33061210118467, 7037675.154215594753623 ], [ 260423.327421511261491, 7037675.154215594753623 ], [ 260423.327421511261491, 7037680.157406184822321 ], [ 260418.324230921309208, 7037680.157406184822321 ], [ 260418.324230921309208, 7037685.160596774891019 ], [ 260413.321040331356926, 7037685.160596774891019 ], [ 260413.321040331356926, 7037690.163787364959717 ], [ 260408.317849741404643, 7037690.163787364959717 ], [ 260408.317849741404643, 7037695.166977954097092 ], [ 260403.314659151452361, 7037695.166977954097092 ], [ 260403.314659151452361, 7037700.17016854416579 ], [ 260398.311468561500078, 7037700.17016854416579 ], [ 260398.311468561500078, 7037705.173359134234488 ], [ 260393.308277971576899, 7037705.173359134234488 ], [ 260393.308277971576899, 7037710.176549724303186 ], [ 260388.305087381624617, 7037710.176549724303186 ], [ 260388.305087381624617, 7037715.179740314371884 ], [ 260383.301896791672334, 7037715.179740314371884 ], [ 260383.301896791672334, 7037720.182930904440582 ], [ 260378.298706201720051, 7037720.182930904440582 ], [ 260378.298706201720051, 7037725.18612149450928 ], [ 260373.295515611767769, 7037725.18612149450928 ], [ 260373.295515611767769, 7037730.189312084577978 ], [ 260368.29232502184459, 7037730.189312084577978 ], [ 260368.29232502184459, 7037735.192502673715353 ], [ 260363.289134431892307, 7037735.192502673715353 ], [ 260363.289134431892307, 7037740.195693263784051 ], [ 260358.285943841940025, 7037740.195693263784051 ], [ 260358.285943841940025, 7037745.198883853852749 ], [ 260353.282753251987742, 7037745.198883853852749 ], [ 260353.282753251987742, 7037750.202074443921447 ], [ 260348.27956266203546, 7037750.202074443921447 ], [ 260348.27956266203546, 7037755.205265033990145 ], [ 260343.276372072083177, 7037755.205265033990145 ], [ 260343.276372072083177, 7037760.208455624058843 ], [ 260338.273181482159998, 7037760.208455624058843 ], [ 260338.273181482159998, 7037765.211646214127541 ], [ 260333.269990892207716, 7037765.211646214127541 ], [ 260333.269990892207716, 7037770.214836803264916 ], [ 260328.266800302255433, 7037770.214836803264916 ], [ 260328.266800302255433, 7037775.218027393333614 ], [ 260323.26360971230315, 7037775.218027393333614 ], [ 260323.26360971230315, 7037780.221217983402312 ], [ 260318.260419122350868, 7037780.221217983402312 ], [ 260318.260419122350868, 7037785.22440857347101 ], [ 260313.257228532427689, 7037785.22440857347101 ], [ 260313.257228532427689, 7037790.227599163539708 ], [ 260308.254037942475406, 7037790.227599163539708 ], [ 260308.254037942475406, 7037795.230789753608406 ], [ 260303.250847352523124, 7037795.230789753608406 ], [ 260303.250847352523124, 7037800.233980343677104 ], [ 260298.247656762570841, 7037800.233980343677104 ], [ 260298.247656762570841, 7037805.237170933745801 ], [ 260293.244466172618559, 7037805.237170933745801 ], [ 260293.244466172618559, 7037810.240361522883177 ], [ 260288.241275582666276, 7037810.240361522883177 ], [ 260288.241275582666276, 7037815.243552112951875 ], [ 260283.238084992743097, 7037815.243552112951875 ], [ 260283.238084992743097, 7037820.246742703020573 ], [ 260278.234894402790815, 7037820.246742703020573 ], [ 260278.234894402790815, 7037825.249933293089271 ], [ 260273.231703812838532, 7037825.249933293089271 ], [ 260273.231703812838532, 7037830.253123883157969 ], [ 260278.234894402790815, 7037830.253123883157969 ], [ 260278.234894402790815, 7037835.256314473226666 ], [ 260283.238084992743097, 7037835.256314473226666 ], [ 260283.238084992743097, 7037840.259505063295364 ], [ 260288.241275582666276, 7037840.259505063295364 ], [ 260288.241275582666276, 7037845.26269565243274 ], [ 260293.244466172618559, 7037845.26269565243274 ], [ 260293.244466172618559, 7037850.265886242501438 ], [ 260298.247656762570841, 7037850.265886242501438 ], [ 260298.247656762570841, 7037855.269076832570136 ], [ 260303.250847352523124, 7037855.269076832570136 ], [ 260303.250847352523124, 7037860.272267422638834 ], [ 260308.254037942475406, 7037860.272267422638834 ], [ 260308.254037942475406, 7037865.275458012707531 ], [ 260313.257228532427689, 7037865.275458012707531 ], [ 260313.257228532427689, 7037870.278648602776229 ], [ 260318.260419122350868, 7037870.278648602776229 ], [ 260318.260419122350868, 7037875.281839192844927 ], [ 260323.26360971230315, 7037875.281839192844927 ], [ 260323.26360971230315, 7037880.285029782913625 ], [ 260328.266800302255433, 7037880.285029782913625 ], [ 260328.266800302255433, 7037885.288220372051001 ], [ 260333.269990892207716, 7037885.288220372051001 ], [ 260333.269990892207716, 7037890.291410962119699 ], [ 260338.273181482159998, 7037890.291410962119699 ], [ 260338.273181482159998, 7037895.294601552188396 ], [ 260343.276372072083177, 7037895.294601552188396 ], [ 260343.276372072083177, 7037900.297792142257094 ], [ 260348.27956266203546, 7037900.297792142257094 ], [ 260348.27956266203546, 7037905.300982732325792 ], [ 260353.282753251987742, 7037905.300982732325792 ], [ 260353.282753251987742, 7037910.30417332239449 ], [ 260358.285943841940025, 7037910.30417332239449 ], [ 260358.285943841940025, 7037915.307363912463188 ], [ 260363.289134431892307, 7037915.307363912463188 ], [ 260363.289134431892307, 7037920.310554502531886 ], [ 260368.29232502184459, 7037920.310554502531886 ], [ 260368.29232502184459, 7037925.313745091669261 ], [ 260373.295515611767769, 7037925.313745091669261 ], [ 260373.295515611767769, 7037930.316935681737959 ], [ 260378.298706201720051, 7037930.316935681737959 ], [ 260378.298706201720051, 7037935.320126271806657 ], [ 260383.301896791672334, 7037935.320126271806657 ], [ 260383.301896791672334, 7037940.323316861875355 ], [ 260388.305087381624617, 7037940.323316861875355 ], [ 260388.305087381624617, 7037945.326507451944053 ], [ 260393.308277971576899, 7037945.326507451944053 ], [ 260393.308277971576899, 7037950.329698042012751 ], [ 260398.311468561500078, 7037950.329698042012751 ], [ 260398.311468561500078, 7037955.332888632081449 ], [ 260403.314659151452361, 7037955.332888632081449 ], [ 260403.314659151452361, 7037960.336079221218824 ], [ 260408.317849741404643, 7037960.336079221218824 ], [ 260408.317849741404643, 7037965.339269811287522 ], [ 260413.321040331356926, 7037965.339269811287522 ], [ 260413.321040331356926, 7037970.34246040135622 ], [ 260418.324230921309208, 7037970.34246040135622 ], [ 260418.324230921309208, 7037975.345650991424918 ], [ 260423.327421511261491, 7037975.345650991424918 ], [ 260423.327421511261491, 7037980.348841581493616 ], [ 260428.33061210118467, 7037980.348841581493616 ], [ 260428.33061210118467, 7037985.352032171562314 ], [ 260433.333802691136952, 7037985.352032171562314 ], [ 260433.333802691136952, 7037990.355222761631012 ], [ 260438.336993281089235, 7037990.355222761631012 ], [ 260438.336993281089235, 7039236.149679658003151 ], [ 260433.333802691136952, 7039236.149679658003151 ], [ 260433.333802691136952, 7039241.152870248071849 ], [ 260428.33061210118467, 7039241.152870248071849 ], [ 260428.33061210118467, 7039246.156060838140547 ], [ 260423.327421511261491, 7039246.156060838140547 ], [ 260423.327421511261491, 7039251.159251428209245 ], [ 260418.324230921309208, 7039251.159251428209245 ], [ 260418.324230921309208, 7039256.162442018277943 ], [ 260413.321040331356926, 7039256.162442018277943 ], [ 260413.321040331356926, 7039261.165632608346641 ], [ 260408.317849741404643, 7039261.165632608346641 ], [ 260408.317849741404643, 7039266.168823197484016 ], [ 260403.314659151452361, 7039266.168823197484016 ], [ 260403.314659151452361, 7039271.172013787552714 ], [ 260398.311468561500078, 7039271.172013787552714 ], [ 260398.311468561500078, 7039276.175204377621412 ], [ 260393.308277971576899, 7039276.175204377621412 ], [ 260393.308277971576899, 7039281.17839496769011 ], [ 260388.305087381624617, 7039281.17839496769011 ], [ 260388.305087381624617, 7039286.181585557758808 ], [ 260383.301896791672334, 7039286.181585557758808 ], [ 260383.301896791672334, 7039291.184776147827506 ], [ 260378.298706201720051, 7039291.184776147827506 ], [ 260378.298706201720051, 7039296.187966737896204 ], [ 260373.295515611767769, 7039296.187966737896204 ], [ 260373.295515611767769, 7039301.191157327033579 ], [ 260368.29232502184459, 7039301.191157327033579 ], [ 260368.29232502184459, 7039306.194347917102277 ], [ 260363.289134431892307, 7039306.194347917102277 ], [ 260363.289134431892307, 7039311.197538507170975 ], [ 260358.285943841940025, 7039311.197538507170975 ], [ 260358.285943841940025, 7039316.200729097239673 ], [ 260353.282753251987742, 7039316.200729097239673 ], [ 260353.282753251987742, 7039321.203919687308371 ], [ 260348.27956266203546, 7039321.203919687308371 ], [ 260348.27956266203546, 7039326.207110277377069 ], [ 260343.276372072083177, 7039326.207110277377069 ], [ 260343.276372072083177, 7039331.210300867445767 ], [ 260338.273181482159998, 7039331.210300867445767 ], [ 260338.273181482159998, 7039336.213491457514465 ], [ 260333.269990892207716, 7039336.213491457514465 ], [ 260333.269990892207716, 7039341.21668204665184 ], [ 260328.266800302255433, 7039341.21668204665184 ], [ 260328.266800302255433, 7039346.219872636720538 ], [ 260323.26360971230315, 7039346.219872636720538 ], [ 260323.26360971230315, 7039351.223063226789236 ], [ 260318.260419122350868, 7039351.223063226789236 ], [ 260318.260419122350868, 7039356.226253816857934 ], [ 260313.257228532427689, 7039356.226253816857934 ], [ 260313.257228532427689, 7039361.229444406926632 ], [ 260308.254037942475406, 7039361.229444406926632 ], [ 260308.254037942475406, 7039366.23263499699533 ], [ 260303.250847352523124, 7039366.23263499699533 ], [ 260303.250847352523124, 7039381.242206766270101 ], [ 260298.247656762570841, 7039381.242206766270101 ], [ 260298.247656762570841, 7039386.245397356338799 ], [ 260293.244466172618559, 7039386.245397356338799 ], [ 260293.244466172618559, 7039391.248587946407497 ], [ 260288.241275582666276, 7039391.248587946407497 ], [ 260288.241275582666276, 7039396.251778536476195 ], [ 260283.238084992743097, 7039396.251778536476195 ], [ 260283.238084992743097, 7039401.254969126544893 ], [ 260278.234894402790815, 7039401.254969126544893 ], [ 260278.234894402790815, 7039406.258159716613591 ], [ 260273.231703812838532, 7039406.258159716613591 ], [ 260273.231703812838532, 7039411.261350306682289 ], [ 260268.228513222886249, 7039411.261350306682289 ], [ 260268.228513222886249, 7039416.264540895819664 ], [ 260263.225322632933967, 7039416.264540895819664 ], [ 260263.225322632933967, 7039421.267731485888362 ], [ 260258.222132043010788, 7039421.267731485888362 ], [ 260258.222132043010788, 7039426.27092207595706 ], [ 260253.218941453058505, 7039426.27092207595706 ], [ 260253.218941453058505, 7039431.274112666025758 ], [ 260248.215750863106223, 7039431.274112666025758 ], [ 260248.215750863106223, 7039436.277303256094456 ], [ 260243.21256027315394, 7039436.277303256094456 ], [ 260243.21256027315394, 7039441.280493846163154 ], [ 260238.209369683201658, 7039441.280493846163154 ], [ 260238.209369683201658, 7039446.283684436231852 ], [ 260233.206179093249375, 7039446.283684436231852 ], [ 260233.206179093249375, 7039451.28687502630055 ], [ 260228.202988503326196, 7039451.28687502630055 ], [ 260228.202988503326196, 7039456.290065615437925 ], [ 260223.199797913373914, 7039456.290065615437925 ], [ 260223.199797913373914, 7039461.293256205506623 ], [ 260228.202988503326196, 7039461.293256205506623 ], [ 260228.202988503326196, 7039466.296446795575321 ], [ 260233.206179093249375, 7039466.296446795575321 ], [ 260233.206179093249375, 7039471.299637385644019 ], [ 260238.209369683201658, 7039471.299637385644019 ], [ 260238.209369683201658, 7039476.302827975712717 ], [ 260243.21256027315394, 7039476.302827975712717 ], [ 260243.21256027315394, 7039481.306018565781415 ], [ 260238.209369683201658, 7039481.306018565781415 ], [ 260238.209369683201658, 7039486.309209155850112 ], [ 260233.206179093249375, 7039486.309209155850112 ], [ 260233.206179093249375, 7039491.312399744987488 ], [ 260228.202988503326196, 7039491.312399744987488 ], [ 260228.202988503326196, 7039496.315590335056186 ], [ 260223.199797913373914, 7039496.315590335056186 ], [ 260223.199797913373914, 7039501.318780925124884 ], [ 260218.196607323421631, 7039501.318780925124884 ], [ 260218.196607323421631, 7039506.321971515193582 ], [ 260213.193416733469348, 7039506.321971515193582 ], [ 260213.193416733469348, 7039511.32516210526228 ], [ 260218.196607323421631, 7039511.32516210526228 ], [ 260218.196607323421631, 7039516.328352695330977 ], [ 260223.199797913373914, 7039516.328352695330977 ], [ 260223.199797913373914, 7039521.331543285399675 ], [ 260228.202988503326196, 7039521.331543285399675 ], [ 260228.202988503326196, 7039526.334733875468373 ], [ 260233.206179093249375, 7039526.334733875468373 ], [ 260233.206179093249375, 7039531.337924464605749 ], [ 260238.209369683201658, 7039531.337924464605749 ], [ 260238.209369683201658, 7039536.341115054674447 ], [ 260243.21256027315394, 7039536.341115054674447 ], [ 260243.21256027315394, 7039541.344305644743145 ], [ 260248.215750863106223, 7039541.344305644743145 ], [ 260248.215750863106223, 7039546.347496234811842 ], [ 260253.218941453058505, 7039546.347496234811842 ], [ 260253.218941453058505, 7039551.35068682488054 ], [ 260258.222132043010788, 7039551.35068682488054 ], [ 260258.222132043010788, 7039556.353877414949238 ], [ 260263.225322632933967, 7039556.353877414949238 ], [ 260263.225322632933967, 7039561.357068005017936 ], [ 260268.228513222886249, 7039561.357068005017936 ], [ 260268.228513222886249, 7039566.360258595086634 ], [ 260273.231703812838532, 7039566.360258595086634 ], [ 260273.231703812838532, 7039571.36344918422401 ], [ 260278.234894402790815, 7039571.36344918422401 ], [ 260278.234894402790815, 7039576.366639774292707 ], [ 260283.238084992743097, 7039576.366639774292707 ], [ 260283.238084992743097, 7039581.369830364361405 ], [ 260288.241275582666276, 7039581.369830364361405 ], [ 260288.241275582666276, 7039586.373020954430103 ], [ 260293.244466172618559, 7039586.373020954430103 ], [ 260293.244466172618559, 7039591.376211544498801 ], [ 260298.247656762570841, 7039591.376211544498801 ], [ 260298.247656762570841, 7039596.379402134567499 ], [ 260303.250847352523124, 7039596.379402134567499 ], [ 260303.250847352523124, 7039601.382592724636197 ], [ 260308.254037942475406, 7039601.382592724636197 ], [ 260308.254037942475406, 7039606.385783313773572 ], [ 260313.257228532427689, 7039606.385783313773572 ], [ 260313.257228532427689, 7039611.38897390384227 ], [ 260318.260419122350868, 7039611.38897390384227 ], [ 260318.260419122350868, 7039616.392164493910968 ], [ 260323.26360971230315, 7039616.392164493910968 ], [ 260323.26360971230315, 7039621.395355083979666 ], [ 260328.266800302255433, 7039621.395355083979666 ], [ 260328.266800302255433, 7039626.398545674048364 ], [ 260333.269990892207716, 7039626.398545674048364 ], [ 260333.269990892207716, 7039631.401736264117062 ], [ 260338.273181482159998, 7039631.401736264117062 ], [ 260338.273181482159998, 7039636.40492685418576 ], [ 260343.276372072083177, 7039636.40492685418576 ], [ 260343.276372072083177, 7039641.408117444254458 ], [ 260348.27956266203546, 7039641.408117444254458 ], [ 260348.27956266203546, 7039646.411308033391833 ], [ 260353.282753251987742, 7039646.411308033391833 ], [ 260353.282753251987742, 7039651.414498623460531 ], [ 260358.285943841940025, 7039651.414498623460531 ], [ 260358.285943841940025, 7039656.417689213529229 ], [ 260363.289134431892307, 7039656.417689213529229 ], [ 260363.289134431892307, 7039661.420879803597927 ], [ 260368.29232502184459, 7039661.420879803597927 ], [ 260368.29232502184459, 7039666.424070393666625 ], [ 260373.295515611767769, 7039666.424070393666625 ], [ 260373.295515611767769, 7039671.427260983735323 ], [ 260378.298706201720051, 7039671.427260983735323 ], [ 260378.298706201720051, 7039676.430451573804021 ], [ 260383.301896791672334, 7039676.430451573804021 ], [ 260383.301896791672334, 7039681.433642163872719 ], [ 260388.305087381624617, 7039681.433642163872719 ], [ 260388.305087381624617, 7039686.436832753010094 ], [ 260393.308277971576899, 7039686.436832753010094 ], [ 260393.308277971576899, 7039691.440023343078792 ], [ 260398.311468561500078, 7039691.440023343078792 ], [ 260398.311468561500078, 7039696.44321393314749 ], [ 260403.314659151452361, 7039696.44321393314749 ], [ 260403.314659151452361, 7039701.446404523216188 ], [ 260408.317849741404643, 7039701.446404523216188 ], [ 260408.317849741404643, 7039706.449595113284886 ], [ 260413.321040331356926, 7039706.449595113284886 ], [ 260413.321040331356926, 7039711.452785703353584 ], [ 260418.324230921309208, 7039711.452785703353584 ], [ 260418.324230921309208, 7039716.455976293422282 ], [ 260423.327421511261491, 7039716.455976293422282 ], [ 260423.327421511261491, 7039721.459166882559657 ], [ 260428.33061210118467, 7039721.459166882559657 ], [ 260428.33061210118467, 7039726.462357472628355 ], [ 260433.333802691136952, 7039726.462357472628355 ], [ 260433.333802691136952, 7039731.465548062697053 ], [ 260438.336993281089235, 7039731.465548062697053 ], [ 260438.336993281089235, 7040632.039854253642261 ], [ 260433.333802691136952, 7040632.039854253642261 ], [ 260433.333802691136952, 7040637.043044843710959 ], [ 260438.336993281089235, 7040637.043044843710959 ], [ 260438.336993281089235, 7040757.119619001634419 ], [ 260433.333802691136952, 7040757.119619001634419 ], [ 260433.333802691136952, 7040767.126000181771815 ], [ 260438.336993281089235, 7040767.126000181771815 ], [ 260438.336993281089235, 7043338.765963414683938 ], [ 259938.017934286384843, 7043338.765963414683938 ], [ 259938.017934286384843, 7043333.76277282461524 ], [ 259857.966884847235633, 7043333.76277282461524 ], [ 259857.966884847235633, 7043338.765963414683938 ], [ 259242.574442283745157, 7043338.765963414683938 ], [ 259242.574442283745157, 7043328.759582234546542 ], [ 259247.577632873697439, 7043328.759582234546542 ], [ 259247.577632873697439, 7043318.753201055340469 ], [ 259252.580823463649722, 7043318.753201055340469 ], [ 259252.580823463649722, 7043293.737248104996979 ], [ 259257.584014053602004, 7043293.737248104996979 ], [ 259257.584014053602004, 7043283.730866924859583 ], [ 259252.580823463649722, 7043283.730866924859583 ], [ 259252.580823463649722, 7043273.72448574565351 ], [ 259242.574442283745157, 7043273.72448574565351 ], [ 259242.574442283745157, 7043268.721295155584812 ], [ 259237.571251693821978, 7043268.721295155584812 ], [ 259237.571251693821978, 7043263.718104565516114 ], [ 259227.564870513917413, 7043263.718104565516114 ], [ 259227.564870513917413, 7043258.714913975447416 ], [ 259222.56167992396513, 7043258.714913975447416 ], [ 259222.56167992396513, 7043253.711723385378718 ], [ 259217.558489334012847, 7043253.711723385378718 ], [ 259217.558489334012847, 7043248.70853279531002 ], [ 259207.552108154137386, 7043248.70853279531002 ], [ 259207.552108154137386, 7043243.705342205241323 ], [ 259197.545726974232821, 7043243.705342205241323 ], [ 259197.545726974232821, 7043238.702151616103947 ], [ 259192.542536384280538, 7043238.702151616103947 ], [ 259192.542536384280538, 7043233.698961026035249 ], [ 259187.539345794328256, 7043233.698961026035249 ], [ 259187.539345794328256, 7043223.692579845897853 ], [ 259182.536155204405077, 7043223.692579845897853 ], [ 259182.536155204405077, 7043218.689389255829155 ], [ 259172.529774024500512, 7043218.689389255829155 ], [ 259172.529774024500512, 7043213.686198665760458 ], [ 259157.520202254672768, 7043213.686198665760458 ], [ 259157.520202254672768, 7043208.68300807569176 ], [ 259132.504249304911355, 7043208.68300807569176 ], [ 259132.504249304911355, 7043203.679817486554384 ], [ 259107.488296355179045, 7043203.679817486554384 ], [ 259107.488296355179045, 7043208.68300807569176 ], [ 259097.481915175303584, 7043208.68300807569176 ], [ 259097.481915175303584, 7043218.689389255829155 ], [ 259092.478724585351301, 7043218.689389255829155 ], [ 259092.478724585351301, 7043228.695770435966551 ], [ 259087.475533995399019, 7043228.695770435966551 ], [ 259087.475533995399019, 7043238.702151616103947 ], [ 259082.472343405446736, 7043238.702151616103947 ], [ 259082.472343405446736, 7043248.70853279531002 ], [ 259077.469152815523557, 7043248.70853279531002 ], [ 259077.469152815523557, 7043253.711723385378718 ], [ 259072.465962225571275, 7043253.711723385378718 ], [ 259072.465962225571275, 7043258.714913975447416 ], [ 259067.462771635618992, 7043258.714913975447416 ], [ 259067.462771635618992, 7043263.718104565516114 ], [ 259052.453199865762144, 7043263.718104565516114 ], [ 259052.453199865762144, 7043268.721295155584812 ], [ 259047.450009275838966, 7043268.721295155584812 ], [ 259047.450009275838966, 7043273.72448574565351 ], [ 259037.4436280959344, 7043273.72448574565351 ], [ 259037.4436280959344, 7043278.727676335722208 ], [ 259022.434056326106656, 7043278.727676335722208 ], [ 259022.434056326106656, 7043283.730866924859583 ], [ 259012.427675146202091, 7043283.730866924859583 ], [ 259012.427675146202091, 7043288.734057514928281 ], [ 259002.421293966297526, 7043288.734057514928281 ], [ 259002.421293966297526, 7043293.737248104996979 ], [ 258992.414912786422065, 7043293.737248104996979 ], [ 258992.414912786422065, 7043298.740438695065677 ], [ 258987.411722196469782, 7043298.740438695065677 ], [ 258987.411722196469782, 7043303.743629285134375 ], [ 258982.408531606517499, 7043303.743629285134375 ], [ 258982.408531606517499, 7043313.750010465271771 ], [ 258977.405341016565217, 7043313.750010465271771 ], [ 258977.405341016565217, 7043333.76277282461524 ], [ 258987.411722196469782, 7043333.76277282461524 ], [ 258987.411722196469782, 7043338.765963414683938 ], [ 258717.239430339337559, 7043338.765963414683938 ] ], [ [ 258101.846987775847083, 7042573.277803152799606 ], [ 258106.850178365799366, 7042573.277803152799606 ], [ 258106.850178365799366, 7042563.27142197266221 ], [ 258111.853368955751648, 7042563.27142197266221 ], [ 258111.853368955751648, 7042558.268231382593513 ], [ 258121.85975013562711, 7042558.268231382593513 ], [ 258121.85975013562711, 7042548.261850203387439 ], [ 258126.862940725579392, 7042548.261850203387439 ], [ 258126.862940725579392, 7042543.258659613318741 ], [ 258131.866131315531675, 7042543.258659613318741 ], [ 258131.866131315531675, 7042538.255469023250043 ], [ 258136.869321905483957, 7042538.255469023250043 ], [ 258136.869321905483957, 7042533.252278433181345 ], [ 258141.87251249543624, 7042533.252278433181345 ], [ 258141.87251249543624, 7042528.249087843112648 ], [ 258151.878893675311701, 7042528.249087843112648 ], [ 258151.878893675311701, 7042523.24589725304395 ], [ 258161.885274855216267, 7042523.24589725304395 ], [ 258161.885274855216267, 7042513.239516073837876 ], [ 258166.888465445168549, 7042513.239516073837876 ], [ 258166.888465445168549, 7042498.229944303631783 ], [ 258161.885274855216267, 7042498.229944303631783 ], [ 258161.885274855216267, 7042488.223563123494387 ], [ 258156.882084265263984, 7042488.223563123494387 ], [ 258156.882084265263984, 7042483.220372533425689 ], [ 258151.878893675311701, 7042483.220372533425689 ], [ 258151.878893675311701, 7042478.217181943356991 ], [ 258146.875703085359419, 7042478.217181943356991 ], [ 258146.875703085359419, 7042473.213991354219615 ], [ 258131.866131315531675, 7042473.213991354219615 ], [ 258131.866131315531675, 7042478.217181943356991 ], [ 258126.862940725579392, 7042478.217181943356991 ], [ 258126.862940725579392, 7042488.223563123494387 ], [ 258121.85975013562711, 7042488.223563123494387 ], [ 258121.85975013562711, 7042498.229944303631783 ], [ 258116.856559545674827, 7042498.229944303631783 ], [ 258116.856559545674827, 7042503.23313489370048 ], [ 258111.853368955751648, 7042503.23313489370048 ], [ 258111.853368955751648, 7042518.242706662975252 ], [ 258106.850178365799366, 7042518.242706662975252 ], [ 258106.850178365799366, 7042528.249087843112648 ], [ 258101.846987775847083, 7042528.249087843112648 ], [ 258101.846987775847083, 7042533.252278433181345 ], [ 258096.8437971858948, 7042533.252278433181345 ], [ 258096.8437971858948, 7042538.255469023250043 ], [ 258091.840606595942518, 7042538.255469023250043 ], [ 258091.840606595942518, 7042548.261850203387439 ], [ 258086.837416006019339, 7042548.261850203387439 ], [ 258086.837416006019339, 7042553.265040793456137 ], [ 258091.840606595942518, 7042553.265040793456137 ], [ 258091.840606595942518, 7042563.27142197266221 ], [ 258096.8437971858948, 7042563.27142197266221 ], [ 258096.8437971858948, 7042568.274612562730908 ], [ 258101.846987775847083, 7042568.274612562730908 ], [ 258101.846987775847083, 7042573.277803152799606 ] ], [ [ 257876.703411228227196, 7042183.028937136754394 ], [ 257881.706601818179479, 7042183.028937136754394 ], [ 257881.706601818179479, 7042178.025746546685696 ], [ 257876.703411228227196, 7042178.025746546685696 ], [ 257876.703411228227196, 7042183.028937136754394 ] ], [ [ 257931.738507717644097, 7042097.974697107449174 ], [ 257936.74169830759638, 7042097.974697107449174 ], [ 257936.74169830759638, 7042092.971506518311799 ], [ 257956.754460667376406, 7042092.971506518311799 ], [ 257956.754460667376406, 7042087.968315928243101 ], [ 257961.757651257328689, 7042087.968315928243101 ], [ 257961.757651257328689, 7042077.961934748105705 ], [ 257946.748079487500945, 7042077.961934748105705 ], [ 257946.748079487500945, 7042082.965125338174403 ], [ 257936.74169830759638, 7042082.965125338174403 ], [ 257936.74169830759638, 7042077.961934748105705 ], [ 257931.738507717644097, 7042077.961934748105705 ], [ 257931.738507717644097, 7042082.965125338174403 ], [ 257926.735317127691815, 7042082.965125338174403 ], [ 257926.735317127691815, 7042092.971506518311799 ], [ 257931.738507717644097, 7042092.971506518311799 ], [ 257931.738507717644097, 7042097.974697107449174 ] ], [ [ 257661.566215860511875, 7042077.961934748105705 ], [ 257666.569406450464157, 7042077.961934748105705 ], [ 257666.569406450464157, 7042067.955553567968309 ], [ 257661.566215860511875, 7042067.955553567968309 ], [ 257661.566215860511875, 7042062.952362977899611 ], [ 257656.563025270559592, 7042062.952362977899611 ], [ 257656.563025270559592, 7042057.949172387830913 ], [ 257646.556644090684131, 7042057.949172387830913 ], [ 257646.556644090684131, 7042062.952362977899611 ], [ 257651.55983468060731, 7042062.952362977899611 ], [ 257651.55983468060731, 7042067.955553567968309 ], [ 257656.563025270559592, 7042067.955553567968309 ], [ 257656.563025270559592, 7042072.958744158037007 ], [ 257661.566215860511875, 7042072.958744158037007 ], [ 257661.566215860511875, 7042077.961934748105705 ] ], [ [ 257456.435401672672015, 7042072.958744158037007 ], [ 257461.438592262624297, 7042072.958744158037007 ], [ 257461.438592262624297, 7042067.955553567968309 ], [ 257466.44178285257658, 7042067.955553567968309 ], [ 257466.44178285257658, 7042062.952362977899611 ], [ 257471.444973442528863, 7042062.952362977899611 ], [ 257471.444973442528863, 7042057.949172387830913 ], [ 257476.448164032481145, 7042057.949172387830913 ], [ 257476.448164032481145, 7042052.945981798693538 ], [ 257496.460926392261172, 7042052.945981798693538 ], [ 257496.460926392261172, 7042057.949172387830913 ], [ 257506.467307572165737, 7042057.949172387830913 ], [ 257506.467307572165737, 7042052.945981798693538 ], [ 257511.470498162088916, 7042052.945981798693538 ], [ 257511.470498162088916, 7042047.94279120862484 ], [ 257516.473688752041198, 7042047.94279120862484 ], [ 257516.473688752041198, 7042042.939600618556142 ], [ 257521.476879341993481, 7042042.939600618556142 ], [ 257521.476879341993481, 7042037.936410028487444 ], [ 257526.480069931945764, 7042037.936410028487444 ], [ 257526.480069931945764, 7042027.930028848350048 ], [ 257511.470498162088916, 7042027.930028848350048 ], [ 257511.470498162088916, 7042017.923647669143975 ], [ 257506.467307572165737, 7042017.923647669143975 ], [ 257506.467307572165737, 7042012.920457079075277 ], [ 257496.460926392261172, 7042012.920457079075277 ], [ 257496.460926392261172, 7042007.917266489006579 ], [ 257491.457735802308889, 7042007.917266489006579 ], [ 257491.457735802308889, 7042002.914075898937881 ], [ 257476.448164032481145, 7042002.914075898937881 ], [ 257476.448164032481145, 7041997.910885308869183 ], [ 257456.435401672672015, 7041997.910885308869183 ], [ 257456.435401672672015, 7042002.914075898937881 ], [ 257451.432211082748836, 7042002.914075898937881 ], [ 257451.432211082748836, 7042007.917266489006579 ], [ 257446.429020492796553, 7042007.917266489006579 ], [ 257446.429020492796553, 7042022.92683825828135 ], [ 257451.432211082748836, 7042022.92683825828135 ], [ 257451.432211082748836, 7042042.939600618556142 ], [ 257446.429020492796553, 7042042.939600618556142 ], [ 257446.429020492796553, 7042062.952362977899611 ], [ 257451.432211082748836, 7042062.952362977899611 ], [ 257451.432211082748836, 7042067.955553567968309 ], [ 257456.435401672672015, 7042067.955553567968309 ], [ 257456.435401672672015, 7042072.958744158037007 ] ], [ [ 257726.607693529833341, 7042052.945981798693538 ], [ 257731.61088411975652, 7042052.945981798693538 ], [ 257731.61088411975652, 7042047.94279120862484 ], [ 257736.614074709708802, 7042047.94279120862484 ], [ 257736.614074709708802, 7042042.939600618556142 ], [ 257726.607693529833341, 7042042.939600618556142 ], [ 257726.607693529833341, 7042052.945981798693538 ] ], [ [ 257676.575787630339619, 7042047.94279120862484 ], [ 257681.578978220291901, 7042047.94279120862484 ], [ 257681.578978220291901, 7042042.939600618556142 ], [ 257691.585359400196467, 7042042.939600618556142 ], [ 257691.585359400196467, 7042037.936410028487444 ], [ 257696.588549990148749, 7042037.936410028487444 ], [ 257696.588549990148749, 7042032.933219438418746 ], [ 257701.591740580101032, 7042032.933219438418746 ], [ 257701.591740580101032, 7042027.930028848350048 ], [ 257676.575787630339619, 7042027.930028848350048 ], [ 257676.575787630339619, 7042022.92683825828135 ], [ 257671.57259704041644, 7042022.92683825828135 ], [ 257671.57259704041644, 7042027.930028848350048 ], [ 257666.569406450464157, 7042027.930028848350048 ], [ 257666.569406450464157, 7042037.936410028487444 ], [ 257676.575787630339619, 7042037.936410028487444 ], [ 257676.575787630339619, 7042047.94279120862484 ] ], [ [ 256115.580323566886364, 7041907.853454689495265 ], [ 256120.583514156838646, 7041907.853454689495265 ], [ 256120.583514156838646, 7041892.843882920220494 ], [ 256115.580323566886364, 7041892.843882920220494 ], [ 256115.580323566886364, 7041882.837501740083098 ], [ 256095.567561207106337, 7041882.837501740083098 ], [ 256095.567561207106337, 7041887.840692330151796 ], [ 256100.57075179705862, 7041887.840692330151796 ], [ 256100.57075179705862, 7041892.843882920220494 ], [ 256105.573942387010902, 7041892.843882920220494 ], [ 256105.573942387010902, 7041897.847073510289192 ], [ 256110.577132976934081, 7041897.847073510289192 ], [ 256110.577132976934081, 7041902.85026410035789 ], [ 256115.580323566886364, 7041902.85026410035789 ], [ 256115.580323566886364, 7041907.853454689495265 ] ], [ [ 256806.020624979573768, 7040592.014329534024 ], [ 256811.02381556952605, 7040592.014329534024 ], [ 256811.02381556952605, 7040582.007948353886604 ], [ 256816.027006159478333, 7040582.007948353886604 ], [ 256816.027006159478333, 7040572.001567173749208 ], [ 256811.02381556952605, 7040572.001567173749208 ], [ 256811.02381556952605, 7040561.995185994543135 ], [ 256806.020624979573768, 7040561.995185994543135 ], [ 256806.020624979573768, 7040551.988804814405739 ], [ 256801.017434389621485, 7040551.988804814405739 ], [ 256801.017434389621485, 7040541.982423634268343 ], [ 256796.014243799669202, 7040541.982423634268343 ], [ 256796.014243799669202, 7040531.976042454130948 ], [ 256791.011053209746024, 7040531.976042454130948 ], [ 256791.011053209746024, 7040521.969661274924874 ], [ 256786.007862619793741, 7040521.969661274924874 ], [ 256786.007862619793741, 7040516.966470684856176 ], [ 256781.004672029841458, 7040516.966470684856176 ], [ 256781.004672029841458, 7040511.963280094787478 ], [ 256776.001481439889176, 7040511.963280094787478 ], [ 256776.001481439889176, 7040506.960089504718781 ], [ 256770.998290849936893, 7040506.960089504718781 ], [ 256770.998290849936893, 7040501.956898914650083 ], [ 256765.995100260013714, 7040501.956898914650083 ], [ 256765.995100260013714, 7040496.953708324581385 ], [ 256760.991909670061432, 7040496.953708324581385 ], [ 256760.991909670061432, 7040491.950517734512687 ], [ 256755.988719080109149, 7040491.950517734512687 ], [ 256755.988719080109149, 7040486.947327144443989 ], [ 256750.985528490156867, 7040486.947327144443989 ], [ 256750.985528490156867, 7040481.944136555306613 ], [ 256745.982337900204584, 7040481.944136555306613 ], [ 256745.982337900204584, 7040451.924993014894426 ], [ 256755.988719080109149, 7040451.924993014894426 ], [ 256755.988719080109149, 7040446.921802425757051 ], [ 256760.991909670061432, 7040446.921802425757051 ], [ 256760.991909670061432, 7040441.918611835688353 ], [ 256770.998290849936893, 7040441.918611835688353 ], [ 256770.998290849936893, 7040436.915421245619655 ], [ 256786.007862619793741, 7040436.915421245619655 ], [ 256786.007862619793741, 7040431.912230655550957 ], [ 256791.011053209746024, 7040431.912230655550957 ], [ 256791.011053209746024, 7040426.909040065482259 ], [ 256801.017434389621485, 7040426.909040065482259 ], [ 256801.017434389621485, 7040421.905849475413561 ], [ 256806.020624979573768, 7040421.905849475413561 ], [ 256806.020624979573768, 7040416.902658885344863 ], [ 256821.030196749430615, 7040416.902658885344863 ], [ 256821.030196749430615, 7040411.899468295276165 ], [ 256826.033387339353794, 7040411.899468295276165 ], [ 256826.033387339353794, 7040406.89627770613879 ], [ 256841.042959109210642, 7040406.89627770613879 ], [ 256841.042959109210642, 7040401.893087116070092 ], [ 256851.049340289086103, 7040401.893087116070092 ], [ 256851.049340289086103, 7040396.889896526001394 ], [ 256861.055721468990669, 7040396.889896526001394 ], [ 256861.055721468990669, 7040391.886705935932696 ], [ 256866.058912058942951, 7040391.886705935932696 ], [ 256866.058912058942951, 7040386.883515345863998 ], [ 256876.065293238847516, 7040386.883515345863998 ], [ 256876.065293238847516, 7040381.8803247557953 ], [ 256886.071674418722978, 7040381.8803247557953 ], [ 256886.071674418722978, 7040371.873943575657904 ], [ 256891.07486500867526, 7040371.873943575657904 ], [ 256891.07486500867526, 7040366.870752986520529 ], [ 256896.078055598627543, 7040366.870752986520529 ], [ 256896.078055598627543, 7040356.864371806383133 ], [ 256901.081246188579826, 7040356.864371806383133 ], [ 256901.081246188579826, 7040351.861181216314435 ], [ 256906.084436778503004, 7040351.861181216314435 ], [ 256906.084436778503004, 7040341.854800036177039 ], [ 256911.087627368455287, 7040341.854800036177039 ], [ 256911.087627368455287, 7040331.848418856970966 ], [ 256916.09081795840757, 7040331.848418856970966 ], [ 256916.09081795840757, 7040326.845228266902268 ], [ 256921.094008548359852, 7040326.845228266902268 ], [ 256921.094008548359852, 7040321.84203767683357 ], [ 256931.100389728264417, 7040321.84203767683357 ], [ 256931.100389728264417, 7040316.838847086764872 ], [ 256971.125914447824471, 7040316.838847086764872 ], [ 256971.125914447824471, 7040321.84203767683357 ], [ 256986.135486217681319, 7040321.84203767683357 ], [ 256986.135486217681319, 7040316.838847086764872 ], [ 256996.14186739755678, 7040316.838847086764872 ], [ 256996.14186739755678, 7040321.84203767683357 ], [ 257016.154629757336807, 7040321.84203767683357 ], [ 257016.154629757336807, 7040316.838847086764872 ], [ 257051.176963886973681, 7040316.838847086764872 ], [ 257051.176963886973681, 7040311.835656496696174 ], [ 257136.231203916075174, 7040311.835656496696174 ], [ 257136.231203916075174, 7040316.838847086764872 ], [ 257141.234394506027456, 7040316.838847086764872 ], [ 257141.234394506027456, 7040311.835656496696174 ], [ 257151.240775685932022, 7040311.835656496696174 ], [ 257151.240775685932022, 7040316.838847086764872 ], [ 257181.25991922558751, 7040316.838847086764872 ], [ 257181.25991922558751, 7040311.835656496696174 ], [ 257211.279062765272101, 7040311.835656496696174 ], [ 257211.279062765272101, 7040306.832465906627476 ], [ 257226.288634535128949, 7040306.832465906627476 ], [ 257226.288634535128949, 7040311.835656496696174 ], [ 257231.291825125081232, 7040311.835656496696174 ], [ 257231.291825125081232, 7040316.838847086764872 ], [ 257236.295015715004411, 7040316.838847086764872 ], [ 257236.295015715004411, 7040321.84203767683357 ], [ 257241.298206304956693, 7040321.84203767683357 ], [ 257241.298206304956693, 7040326.845228266902268 ], [ 257261.310968664765824, 7040326.845228266902268 ], [ 257261.310968664765824, 7040321.84203767683357 ], [ 257271.317349844641285, 7040321.84203767683357 ], [ 257271.317349844641285, 7040316.838847086764872 ], [ 257286.326921614498133, 7040316.838847086764872 ], [ 257286.326921614498133, 7040311.835656496696174 ], [ 257291.330112204421312, 7040311.835656496696174 ], [ 257291.330112204421312, 7040306.832465906627476 ], [ 257296.333302794373594, 7040306.832465906627476 ], [ 257296.333302794373594, 7040301.829275316558778 ], [ 257306.339683974278159, 7040301.829275316558778 ], [ 257306.339683974278159, 7040296.82608472649008 ], [ 257316.346065154182725, 7040296.82608472649008 ], [ 257316.346065154182725, 7040291.822894137352705 ], [ 257326.352446334058186, 7040291.822894137352705 ], [ 257326.352446334058186, 7040286.819703547284007 ], [ 257366.377971053647343, 7040286.819703547284007 ], [ 257366.377971053647343, 7040281.816512957215309 ], [ 257381.387542823475087, 7040281.816512957215309 ], [ 257381.387542823475087, 7040276.813322367146611 ], [ 257386.39073341342737, 7040276.813322367146611 ], [ 257386.39073341342737, 7040271.810131777077913 ], [ 257396.397114593331935, 7040271.810131777077913 ], [ 257396.397114593331935, 7040266.806941187009215 ], [ 257406.403495773207396, 7040266.806941187009215 ], [ 257406.403495773207396, 7040261.803750596940517 ], [ 257426.416258133016527, 7040261.803750596940517 ], [ 257426.416258133016527, 7040256.800560007803142 ], [ 257441.425829902844271, 7040256.800560007803142 ], [ 257441.425829902844271, 7040251.797369417734444 ], [ 257461.438592262624297, 7040251.797369417734444 ], [ 257461.438592262624297, 7040246.794178827665746 ], [ 257476.448164032481145, 7040246.794178827665746 ], [ 257476.448164032481145, 7040241.790988237597048 ], [ 257496.460926392261172, 7040241.790988237597048 ], [ 257496.460926392261172, 7040236.78779764752835 ], [ 257506.467307572165737, 7040236.78779764752835 ], [ 257506.467307572165737, 7040231.784607057459652 ], [ 257511.470498162088916, 7040231.784607057459652 ], [ 257511.470498162088916, 7040221.778225877322257 ], [ 257546.49283229172579, 7040221.778225877322257 ], [ 257546.49283229172579, 7040216.775035288184881 ], [ 257551.496022881678073, 7040216.775035288184881 ], [ 257551.496022881678073, 7040211.771844698116183 ], [ 257561.502404061582638, 7040211.771844698116183 ], [ 257561.502404061582638, 7040206.768654108047485 ], [ 257576.511975831410382, 7040206.768654108047485 ], [ 257576.511975831410382, 7040201.765463517978787 ], [ 257586.518357011314947, 7040201.765463517978787 ], [ 257586.518357011314947, 7040206.768654108047485 ], [ 257606.531119371094974, 7040206.768654108047485 ], [ 257606.531119371094974, 7040211.771844698116183 ], [ 257616.537500550999539, 7040211.771844698116183 ], [ 257616.537500550999539, 7040206.768654108047485 ], [ 257641.553453500731848, 7040206.768654108047485 ], [ 257641.553453500731848, 7040201.765463517978787 ], [ 257656.563025270559592, 7040201.765463517978787 ], [ 257656.563025270559592, 7040206.768654108047485 ], [ 257681.578978220291901, 7040206.768654108047485 ], [ 257681.578978220291901, 7040211.771844698116183 ], [ 257691.585359400196467, 7040211.771844698116183 ], [ 257691.585359400196467, 7040206.768654108047485 ], [ 257731.61088411975652, 7040206.768654108047485 ], [ 257731.61088411975652, 7040211.771844698116183 ], [ 257746.620455889613368, 7040211.771844698116183 ], [ 257746.620455889613368, 7040216.775035288184881 ], [ 257756.626837069517933, 7040216.775035288184881 ], [ 257756.626837069517933, 7040221.778225877322257 ], [ 257761.630027659441112, 7040221.778225877322257 ], [ 257761.630027659441112, 7040231.784607057459652 ], [ 257766.633218249393394, 7040231.784607057459652 ], [ 257766.633218249393394, 7040236.78779764752835 ], [ 257781.642790019250242, 7040236.78779764752835 ], [ 257781.642790019250242, 7040241.790988237597048 ], [ 257801.655552379030269, 7040241.790988237597048 ], [ 257801.655552379030269, 7040246.794178827665746 ], [ 257806.658742968982551, 7040246.794178827665746 ], [ 257806.658742968982551, 7040251.797369417734444 ], [ 257821.668314738810295, 7040251.797369417734444 ], [ 257821.668314738810295, 7040256.800560007803142 ], [ 257826.671505328762578, 7040256.800560007803142 ], [ 257826.671505328762578, 7040261.803750596940517 ], [ 257836.677886508667143, 7040261.803750596940517 ], [ 257836.677886508667143, 7040266.806941187009215 ], [ 257841.681077098590322, 7040266.806941187009215 ], [ 257841.681077098590322, 7040261.803750596940517 ], [ 257861.693839458399452, 7040261.803750596940517 ], [ 257861.693839458399452, 7040266.806941187009215 ], [ 257871.700220638274914, 7040266.806941187009215 ], [ 257871.700220638274914, 7040271.810131777077913 ], [ 257881.706601818179479, 7040271.810131777077913 ], [ 257881.706601818179479, 7040296.82608472649008 ], [ 257886.709792408131761, 7040296.82608472649008 ], [ 257886.709792408131761, 7040301.829275316558778 ], [ 257891.712982998084044, 7040301.829275316558778 ], [ 257891.712982998084044, 7040311.835656496696174 ], [ 257901.719364177959505, 7040311.835656496696174 ], [ 257901.719364177959505, 7040316.838847086764872 ], [ 257906.722554767911788, 7040316.838847086764872 ], [ 257906.722554767911788, 7040326.845228266902268 ], [ 257911.725745357864071, 7040326.845228266902268 ], [ 257911.725745357864071, 7040331.848418856970966 ], [ 257921.732126537768636, 7040331.848418856970966 ], [ 257921.732126537768636, 7040336.851609446108341 ], [ 257926.735317127691815, 7040336.851609446108341 ], [ 257926.735317127691815, 7040341.854800036177039 ], [ 257931.738507717644097, 7040341.854800036177039 ], [ 257931.738507717644097, 7040346.857990626245737 ], [ 257936.74169830759638, 7040346.857990626245737 ], [ 257936.74169830759638, 7040356.864371806383133 ], [ 257941.744888897548662, 7040356.864371806383133 ], [ 257941.744888897548662, 7040366.870752986520529 ], [ 257946.748079487500945, 7040366.870752986520529 ], [ 257946.748079487500945, 7040371.873943575657904 ], [ 257951.751270077424124, 7040371.873943575657904 ], [ 257951.751270077424124, 7040376.877134165726602 ], [ 257956.754460667376406, 7040376.877134165726602 ], [ 257956.754460667376406, 7040381.8803247557953 ], [ 257966.760841847280972, 7040381.8803247557953 ], [ 257966.760841847280972, 7040386.883515345863998 ], [ 257971.764032437233254, 7040386.883515345863998 ], [ 257971.764032437233254, 7040391.886705935932696 ], [ 257976.767223027185537, 7040391.886705935932696 ], [ 257976.767223027185537, 7040401.893087116070092 ], [ 257981.770413617108716, 7040401.893087116070092 ], [ 257981.770413617108716, 7040411.899468295276165 ], [ 257986.773604207060998, 7040411.899468295276165 ], [ 257986.773604207060998, 7040416.902658885344863 ], [ 257996.779985386965564, 7040416.902658885344863 ], [ 257996.779985386965564, 7040421.905849475413561 ], [ 258001.783175976917846, 7040421.905849475413561 ], [ 258001.783175976917846, 7040416.902658885344863 ], [ 258021.795938336697873, 7040416.902658885344863 ], [ 258021.795938336697873, 7040421.905849475413561 ], [ 258026.799128926650155, 7040421.905849475413561 ], [ 258026.799128926650155, 7040426.909040065482259 ], [ 258031.802319516602438, 7040426.909040065482259 ], [ 258031.802319516602438, 7040431.912230655550957 ], [ 258036.805510106525617, 7040431.912230655550957 ], [ 258036.805510106525617, 7040436.915421245619655 ], [ 258041.808700696477899, 7040436.915421245619655 ], [ 258041.808700696477899, 7040441.918611835688353 ], [ 258046.811891286430182, 7040441.918611835688353 ], [ 258046.811891286430182, 7040446.921802425757051 ], [ 258056.818272466334747, 7040446.921802425757051 ], [ 258056.818272466334747, 7040441.918611835688353 ], [ 258061.821463056257926, 7040441.918611835688353 ], [ 258061.821463056257926, 7040436.915421245619655 ], [ 258066.824653646210209, 7040436.915421245619655 ], [ 258066.824653646210209, 7040441.918611835688353 ], [ 258071.827844236162491, 7040441.918611835688353 ], [ 258071.827844236162491, 7040446.921802425757051 ], [ 258101.846987775847083, 7040446.921802425757051 ], [ 258101.846987775847083, 7040441.918611835688353 ], [ 258146.875703085359419, 7040441.918611835688353 ], [ 258146.875703085359419, 7040446.921802425757051 ], [ 258141.87251249543624, 7040446.921802425757051 ], [ 258141.87251249543624, 7040456.928183604963124 ], [ 258146.875703085359419, 7040456.928183604963124 ], [ 258146.875703085359419, 7040466.93456478510052 ], [ 258161.885274855216267, 7040466.93456478510052 ], [ 258161.885274855216267, 7040471.937755375169218 ], [ 258171.891656035091728, 7040471.937755375169218 ], [ 258171.891656035091728, 7040476.940945965237916 ], [ 258176.894846625044011, 7040476.940945965237916 ], [ 258176.894846625044011, 7040471.937755375169218 ], [ 258181.898037214996293, 7040471.937755375169218 ], [ 258181.898037214996293, 7040476.940945965237916 ], [ 258186.901227804948576, 7040476.940945965237916 ], [ 258186.901227804948576, 7040481.944136555306613 ], [ 258191.904418394900858, 7040481.944136555306613 ], [ 258191.904418394900858, 7040476.940945965237916 ], [ 258196.907608984853141, 7040476.940945965237916 ], [ 258196.907608984853141, 7040471.937755375169218 ], [ 258201.91079957477632, 7040471.937755375169218 ], [ 258201.91079957477632, 7040466.93456478510052 ], [ 258206.913990164728602, 7040466.93456478510052 ], [ 258206.913990164728602, 7040461.931374195031822 ], [ 258211.917180754680885, 7040461.931374195031822 ], [ 258211.917180754680885, 7040456.928183604963124 ], [ 258216.920371344633168, 7040456.928183604963124 ], [ 258216.920371344633168, 7040451.924993014894426 ], [ 258221.92356193458545, 7040451.924993014894426 ], [ 258221.92356193458545, 7040446.921802425757051 ], [ 258226.926752524508629, 7040446.921802425757051 ], [ 258226.926752524508629, 7040441.918611835688353 ], [ 258231.929943114460912, 7040441.918611835688353 ], [ 258231.929943114460912, 7040436.915421245619655 ], [ 258236.933133704413194, 7040436.915421245619655 ], [ 258236.933133704413194, 7040431.912230655550957 ], [ 258241.936324294365477, 7040431.912230655550957 ], [ 258241.936324294365477, 7040426.909040065482259 ], [ 258246.939514884317759, 7040426.909040065482259 ], [ 258246.939514884317759, 7040421.905849475413561 ], [ 258251.942705474270042, 7040421.905849475413561 ], [ 258251.942705474270042, 7040416.902658885344863 ], [ 258271.955467834050069, 7040416.902658885344863 ], [ 258271.955467834050069, 7040421.905849475413561 ], [ 258276.958658424002351, 7040421.905849475413561 ], [ 258276.958658424002351, 7040426.909040065482259 ], [ 258281.96184901392553, 7040426.909040065482259 ], [ 258281.96184901392553, 7040431.912230655550957 ], [ 258286.965039603877813, 7040431.912230655550957 ], [ 258286.965039603877813, 7040436.915421245619655 ], [ 258291.968230193830095, 7040436.915421245619655 ], [ 258291.968230193830095, 7040441.918611835688353 ], [ 258296.971420783782378, 7040441.918611835688353 ], [ 258296.971420783782378, 7040446.921802425757051 ], [ 258301.97461137373466, 7040446.921802425757051 ], [ 258301.97461137373466, 7040451.924993014894426 ], [ 258306.977801963686943, 7040451.924993014894426 ], [ 258306.977801963686943, 7040456.928183604963124 ], [ 258311.980992553610122, 7040456.928183604963124 ], [ 258311.980992553610122, 7040461.931374195031822 ], [ 258316.984183143562404, 7040461.931374195031822 ], [ 258316.984183143562404, 7040456.928183604963124 ], [ 258326.99056432346697, 7040456.928183604963124 ], [ 258326.99056432346697, 7040461.931374195031822 ], [ 258336.996945503342431, 7040461.931374195031822 ], [ 258336.996945503342431, 7040466.93456478510052 ], [ 258347.003326683246996, 7040466.93456478510052 ], [ 258347.003326683246996, 7040471.937755375169218 ], [ 258352.006517273199279, 7040471.937755375169218 ], [ 258352.006517273199279, 7040466.93456478510052 ], [ 258357.009707863151561, 7040466.93456478510052 ], [ 258357.009707863151561, 7040501.956898914650083 ], [ 258352.006517273199279, 7040501.956898914650083 ], [ 258352.006517273199279, 7040511.963280094787478 ], [ 258347.003326683246996, 7040511.963280094787478 ], [ 258347.003326683246996, 7040526.97285186406225 ], [ 258352.006517273199279, 7040526.97285186406225 ], [ 258352.006517273199279, 7040541.982423634268343 ], [ 258347.003326683246996, 7040541.982423634268343 ], [ 258347.003326683246996, 7040546.985614224337041 ], [ 258352.006517273199279, 7040546.985614224337041 ], [ 258352.006517273199279, 7040556.991995404474437 ], [ 258362.012898453103844, 7040556.991995404474437 ], [ 258362.012898453103844, 7040551.988804814405739 ], [ 258372.019279632979305, 7040551.988804814405739 ], [ 258372.019279632979305, 7040546.985614224337041 ], [ 258382.025660812883871, 7040546.985614224337041 ], [ 258382.025660812883871, 7040541.982423634268343 ], [ 258387.028851402836153, 7040541.982423634268343 ], [ 258387.028851402836153, 7040536.979233044199646 ], [ 258397.035232582711615, 7040536.979233044199646 ], [ 258397.035232582711615, 7040531.976042454130948 ], [ 258407.04161376261618, 7040531.976042454130948 ], [ 258407.04161376261618, 7040526.97285186406225 ], [ 258412.044804352568462, 7040526.97285186406225 ], [ 258412.044804352568462, 7040521.969661274924874 ], [ 258422.051185532443924, 7040521.969661274924874 ], [ 258422.051185532443924, 7040516.966470684856176 ], [ 258432.057566712348489, 7040516.966470684856176 ], [ 258432.057566712348489, 7040521.969661274924874 ], [ 258442.063947892253054, 7040521.969661274924874 ], [ 258442.063947892253054, 7040516.966470684856176 ], [ 258447.067138482176233, 7040516.966470684856176 ], [ 258447.067138482176233, 7040506.960089504718781 ], [ 258442.063947892253054, 7040506.960089504718781 ], [ 258442.063947892253054, 7040501.956898914650083 ], [ 258437.060757302300772, 7040501.956898914650083 ], [ 258437.060757302300772, 7040496.953708324581385 ], [ 258432.057566712348489, 7040496.953708324581385 ], [ 258432.057566712348489, 7040476.940945965237916 ], [ 258437.060757302300772, 7040476.940945965237916 ], [ 258437.060757302300772, 7040471.937755375169218 ], [ 258442.063947892253054, 7040471.937755375169218 ], [ 258442.063947892253054, 7040466.93456478510052 ], [ 258447.067138482176233, 7040466.93456478510052 ], [ 258447.067138482176233, 7040461.931374195031822 ], [ 258452.070329072128516, 7040461.931374195031822 ], [ 258452.070329072128516, 7040451.924993014894426 ], [ 258447.067138482176233, 7040451.924993014894426 ], [ 258447.067138482176233, 7040431.912230655550957 ], [ 258452.070329072128516, 7040431.912230655550957 ], [ 258452.070329072128516, 7040426.909040065482259 ], [ 258457.073519662080798, 7040426.909040065482259 ], [ 258457.073519662080798, 7040421.905849475413561 ], [ 258462.076710252033081, 7040421.905849475413561 ], [ 258462.076710252033081, 7040416.902658885344863 ], [ 258467.079900841985364, 7040416.902658885344863 ], [ 258467.079900841985364, 7040411.899468295276165 ], [ 258472.083091431937646, 7040411.899468295276165 ], [ 258472.083091431937646, 7040406.89627770613879 ], [ 258477.086282021860825, 7040406.89627770613879 ], [ 258477.086282021860825, 7040401.893087116070092 ], [ 258482.089472611813108, 7040401.893087116070092 ], [ 258482.089472611813108, 7040396.889896526001394 ], [ 258487.09266320176539, 7040396.889896526001394 ], [ 258487.09266320176539, 7040391.886705935932696 ], [ 258492.095853791717673, 7040391.886705935932696 ], [ 258492.095853791717673, 7040366.870752986520529 ], [ 258487.09266320176539, 7040366.870752986520529 ], [ 258487.09266320176539, 7040356.864371806383133 ], [ 258492.095853791717673, 7040356.864371806383133 ], [ 258492.095853791717673, 7040341.854800036177039 ], [ 258497.099044381669955, 7040341.854800036177039 ], [ 258497.099044381669955, 7040331.848418856970966 ], [ 258502.102234971593134, 7040331.848418856970966 ], [ 258502.102234971593134, 7040321.84203767683357 ], [ 258507.105425561545417, 7040321.84203767683357 ], [ 258507.105425561545417, 7040316.838847086764872 ], [ 258512.108616151497699, 7040316.838847086764872 ], [ 258512.108616151497699, 7040306.832465906627476 ], [ 258517.111806741449982, 7040306.832465906627476 ], [ 258517.111806741449982, 7040301.829275316558778 ], [ 258522.114997331402265, 7040301.829275316558778 ], [ 258522.114997331402265, 7040286.819703547284007 ], [ 258527.118187921354547, 7040286.819703547284007 ], [ 258527.118187921354547, 7040276.813322367146611 ], [ 258532.121378511277726, 7040276.813322367146611 ], [ 258532.121378511277726, 7040271.810131777077913 ], [ 258537.124569101230009, 7040271.810131777077913 ], [ 258537.124569101230009, 7040266.806941187009215 ], [ 258542.127759691182291, 7040266.806941187009215 ], [ 258542.127759691182291, 7040261.803750596940517 ], [ 258547.130950281134574, 7040261.803750596940517 ], [ 258547.130950281134574, 7040256.800560007803142 ], [ 258552.134140871086856, 7040256.800560007803142 ], [ 258552.134140871086856, 7040251.797369417734444 ], [ 258557.137331461010035, 7040251.797369417734444 ], [ 258557.137331461010035, 7040241.790988237597048 ], [ 258562.140522050962318, 7040241.790988237597048 ], [ 258562.140522050962318, 7040236.78779764752835 ], [ 258567.1437126409146, 7040236.78779764752835 ], [ 258567.1437126409146, 7040226.781416467390954 ], [ 258572.146903230866883, 7040226.781416467390954 ], [ 258572.146903230866883, 7040221.778225877322257 ], [ 258577.150093820819166, 7040221.778225877322257 ], [ 258577.150093820819166, 7040211.771844698116183 ], [ 258582.153284410771448, 7040211.771844698116183 ], [ 258582.153284410771448, 7040206.768654108047485 ], [ 258587.156475000694627, 7040206.768654108047485 ], [ 258587.156475000694627, 7040171.746319978497922 ], [ 258592.15966559064691, 7040171.746319978497922 ], [ 258592.15966559064691, 7040161.739938798360527 ], [ 258597.162856180599192, 7040161.739938798360527 ], [ 258597.162856180599192, 7040146.730367028154433 ], [ 258602.166046770551475, 7040146.730367028154433 ], [ 258602.166046770551475, 7040126.717604668810964 ], [ 258607.169237360503757, 7040126.717604668810964 ], [ 258607.169237360503757, 7040101.701651719398797 ], [ 258602.166046770551475, 7040101.701651719398797 ], [ 258602.166046770551475, 7040086.692079949192703 ], [ 258607.169237360503757, 7040086.692079949192703 ], [ 258607.169237360503757, 7040036.660174049437046 ], [ 258602.166046770551475, 7040036.660174049437046 ], [ 258602.166046770551475, 7040016.647411690093577 ], [ 258597.162856180599192, 7040016.647411690093577 ], [ 258597.162856180599192, 7040001.637839919887483 ], [ 258587.156475000694627, 7040001.637839919887483 ], [ 258587.156475000694627, 7040006.641030509956181 ], [ 258582.153284410771448, 7040006.641030509956181 ], [ 258582.153284410771448, 7040011.644221100024879 ], [ 258577.150093820819166, 7040011.644221100024879 ], [ 258577.150093820819166, 7040016.647411690093577 ], [ 258562.140522050962318, 7040016.647411690093577 ], [ 258562.140522050962318, 7040011.644221100024879 ], [ 258557.137331461010035, 7040011.644221100024879 ], [ 258557.137331461010035, 7040006.641030509956181 ], [ 258552.134140871086856, 7040006.641030509956181 ], [ 258552.134140871086856, 7040001.637839919887483 ], [ 258547.130950281134574, 7040001.637839919887483 ], [ 258547.130950281134574, 7039996.634649329818785 ], [ 258542.127759691182291, 7039996.634649329818785 ], [ 258542.127759691182291, 7039991.631458739750087 ], [ 258537.124569101230009, 7039991.631458739750087 ], [ 258537.124569101230009, 7039986.628268150612712 ], [ 258532.121378511277726, 7039986.628268150612712 ], [ 258532.121378511277726, 7039981.625077560544014 ], [ 258492.095853791717673, 7039981.625077560544014 ], [ 258492.095853791717673, 7039976.621886970475316 ], [ 258477.086282021860825, 7039976.621886970475316 ], [ 258477.086282021860825, 7039971.618696380406618 ], [ 258472.083091431937646, 7039971.618696380406618 ], [ 258472.083091431937646, 7039966.61550579033792 ], [ 258467.079900841985364, 7039966.61550579033792 ], [ 258467.079900841985364, 7039961.612315200269222 ], [ 258462.076710252033081, 7039961.612315200269222 ], [ 258462.076710252033081, 7039956.609124610200524 ], [ 258457.073519662080798, 7039956.609124610200524 ], [ 258457.073519662080798, 7039951.605934020131826 ], [ 258452.070329072128516, 7039951.605934020131826 ], [ 258452.070329072128516, 7039946.602743430994451 ], [ 258447.067138482176233, 7039946.602743430994451 ], [ 258447.067138482176233, 7039941.599552840925753 ], [ 258442.063947892253054, 7039941.599552840925753 ], [ 258442.063947892253054, 7039936.596362250857055 ], [ 258437.060757302300772, 7039936.596362250857055 ], [ 258437.060757302300772, 7039931.593171660788357 ], [ 258432.057566712348489, 7039931.593171660788357 ], [ 258432.057566712348489, 7039926.589981070719659 ], [ 258427.054376122396206, 7039926.589981070719659 ], [ 258427.054376122396206, 7039921.586790480650961 ], [ 258422.051185532443924, 7039921.586790480650961 ], [ 258422.051185532443924, 7039916.583599890582263 ], [ 258417.047994942520745, 7039916.583599890582263 ], [ 258417.047994942520745, 7039911.580409301444888 ], [ 258412.044804352568462, 7039911.580409301444888 ], [ 258412.044804352568462, 7039906.57721871137619 ], [ 258407.04161376261618, 7039906.57721871137619 ], [ 258407.04161376261618, 7039901.574028121307492 ], [ 258402.038423172663897, 7039901.574028121307492 ], [ 258402.038423172663897, 7039891.567646941170096 ], [ 258397.035232582711615, 7039891.567646941170096 ], [ 258397.035232582711615, 7039886.564456351101398 ], [ 258392.032041992759332, 7039886.564456351101398 ], [ 258392.032041992759332, 7039881.561265761032701 ], [ 258387.028851402836153, 7039881.561265761032701 ], [ 258387.028851402836153, 7039886.564456351101398 ], [ 258367.016089043027023, 7039886.564456351101398 ], [ 258367.016089043027023, 7039881.561265761032701 ], [ 258362.012898453103844, 7039881.561265761032701 ], [ 258362.012898453103844, 7039876.558075170964003 ], [ 258357.009707863151561, 7039876.558075170964003 ], [ 258357.009707863151561, 7039866.551693991757929 ], [ 258326.99056432346697, 7039866.551693991757929 ], [ 258326.99056432346697, 7039861.548503401689231 ], [ 258321.987373733514687, 7039861.548503401689231 ], [ 258321.987373733514687, 7039856.545312811620533 ], [ 258316.984183143562404, 7039856.545312811620533 ], [ 258316.984183143562404, 7039851.542122221551836 ], [ 258311.980992553610122, 7039851.542122221551836 ], [ 258311.980992553610122, 7039846.538931631483138 ], [ 258306.977801963686943, 7039846.538931631483138 ], [ 258306.977801963686943, 7039841.53574104141444 ], [ 258301.97461137373466, 7039841.53574104141444 ], [ 258301.97461137373466, 7039836.532550451345742 ], [ 258296.971420783782378, 7039836.532550451345742 ], [ 258296.971420783782378, 7039831.529359862208366 ], [ 258291.968230193830095, 7039831.529359862208366 ], [ 258291.968230193830095, 7039861.548503401689231 ], [ 258296.971420783782378, 7039861.548503401689231 ], [ 258296.971420783782378, 7039881.561265761032701 ], [ 258291.968230193830095, 7039881.561265761032701 ], [ 258291.968230193830095, 7039886.564456351101398 ], [ 258276.958658424002351, 7039886.564456351101398 ], [ 258276.958658424002351, 7039881.561265761032701 ], [ 258266.952277244097786, 7039881.561265761032701 ], [ 258266.952277244097786, 7039876.558075170964003 ], [ 258256.945896064193221, 7039876.558075170964003 ], [ 258256.945896064193221, 7039871.554884581826627 ], [ 258246.939514884317759, 7039871.554884581826627 ], [ 258246.939514884317759, 7039861.548503401689231 ], [ 258241.936324294365477, 7039861.548503401689231 ], [ 258241.936324294365477, 7039851.542122221551836 ], [ 258236.933133704413194, 7039851.542122221551836 ], [ 258236.933133704413194, 7039846.538931631483138 ], [ 258231.929943114460912, 7039846.538931631483138 ], [ 258231.929943114460912, 7039841.53574104141444 ], [ 258226.926752524508629, 7039841.53574104141444 ], [ 258226.926752524508629, 7039831.529359862208366 ], [ 258221.92356193458545, 7039831.529359862208366 ], [ 258221.92356193458545, 7039826.526169272139668 ], [ 258216.920371344633168, 7039826.526169272139668 ], [ 258216.920371344633168, 7039821.522978682070971 ], [ 258201.91079957477632, 7039821.522978682070971 ], [ 258201.91079957477632, 7039816.519788092002273 ], [ 258196.907608984853141, 7039816.519788092002273 ], [ 258196.907608984853141, 7039811.516597501933575 ], [ 258191.904418394900858, 7039811.516597501933575 ], [ 258191.904418394900858, 7039806.513406911864877 ], [ 258186.901227804948576, 7039806.513406911864877 ], [ 258186.901227804948576, 7039801.510216321796179 ], [ 258176.894846625044011, 7039801.510216321796179 ], [ 258176.894846625044011, 7039796.507025732658803 ], [ 258166.888465445168549, 7039796.507025732658803 ], [ 258166.888465445168549, 7039791.503835142590106 ], [ 258156.882084265263984, 7039791.503835142590106 ], [ 258156.882084265263984, 7039786.500644552521408 ], [ 258146.875703085359419, 7039786.500644552521408 ], [ 258146.875703085359419, 7039781.49745396245271 ], [ 258136.869321905483957, 7039781.49745396245271 ], [ 258136.869321905483957, 7039776.494263372384012 ], [ 258126.862940725579392, 7039776.494263372384012 ], [ 258126.862940725579392, 7039771.491072782315314 ], [ 258116.856559545674827, 7039771.491072782315314 ], [ 258116.856559545674827, 7039766.487882192246616 ], [ 258101.846987775847083, 7039766.487882192246616 ], [ 258101.846987775847083, 7039761.484691602177918 ], [ 258091.840606595942518, 7039761.484691602177918 ], [ 258091.840606595942518, 7039756.481501013040543 ], [ 258081.834225416067056, 7039756.481501013040543 ], [ 258081.834225416067056, 7039751.478310422971845 ], [ 258071.827844236162491, 7039751.478310422971845 ], [ 258071.827844236162491, 7039746.475119832903147 ], [ 258061.821463056257926, 7039746.475119832903147 ], [ 258061.821463056257926, 7039741.471929242834449 ], [ 258056.818272466334747, 7039741.471929242834449 ], [ 258056.818272466334747, 7039736.468738652765751 ], [ 258051.815081876382465, 7039736.468738652765751 ], [ 258051.815081876382465, 7039731.465548062697053 ], [ 258041.808700696477899, 7039731.465548062697053 ], [ 258041.808700696477899, 7039726.462357472628355 ], [ 258031.802319516602438, 7039726.462357472628355 ], [ 258031.802319516602438, 7039721.459166882559657 ], [ 258021.795938336697873, 7039721.459166882559657 ], [ 258021.795938336697873, 7039716.455976293422282 ], [ 258006.786366566841025, 7039716.455976293422282 ], [ 258006.786366566841025, 7039711.452785703353584 ], [ 258001.783175976917846, 7039711.452785703353584 ], [ 258001.783175976917846, 7039701.446404523216188 ], [ 257991.776794797013281, 7039701.446404523216188 ], [ 257991.776794797013281, 7039696.44321393314749 ], [ 257981.770413617108716, 7039696.44321393314749 ], [ 257981.770413617108716, 7039691.440023343078792 ], [ 257971.764032437233254, 7039691.440023343078792 ], [ 257971.764032437233254, 7039681.433642163872719 ], [ 257966.760841847280972, 7039681.433642163872719 ], [ 257966.760841847280972, 7039676.430451573804021 ], [ 257961.757651257328689, 7039676.430451573804021 ], [ 257961.757651257328689, 7039671.427260983735323 ], [ 257956.754460667376406, 7039671.427260983735323 ], [ 257956.754460667376406, 7039666.424070393666625 ], [ 257951.751270077424124, 7039666.424070393666625 ], [ 257951.751270077424124, 7039661.420879803597927 ], [ 257946.748079487500945, 7039661.420879803597927 ], [ 257946.748079487500945, 7039656.417689213529229 ], [ 257941.744888897548662, 7039656.417689213529229 ], [ 257941.744888897548662, 7039646.411308033391833 ], [ 257936.74169830759638, 7039646.411308033391833 ], [ 257936.74169830759638, 7039641.408117444254458 ], [ 257931.738507717644097, 7039641.408117444254458 ], [ 257931.738507717644097, 7039631.401736264117062 ], [ 257926.735317127691815, 7039631.401736264117062 ], [ 257926.735317127691815, 7039601.382592724636197 ], [ 257921.732126537768636, 7039601.382592724636197 ], [ 257921.732126537768636, 7039586.373020954430103 ], [ 257911.725745357864071, 7039586.373020954430103 ], [ 257911.725745357864071, 7039561.357068005017936 ], [ 257906.722554767911788, 7039561.357068005017936 ], [ 257906.722554767911788, 7039556.353877414949238 ], [ 257911.725745357864071, 7039556.353877414949238 ], [ 257911.725745357864071, 7039551.35068682488054 ], [ 257906.722554767911788, 7039551.35068682488054 ], [ 257906.722554767911788, 7039526.334733875468373 ], [ 257901.719364177959505, 7039526.334733875468373 ], [ 257901.719364177959505, 7039501.318780925124884 ], [ 257896.716173588007223, 7039501.318780925124884 ], [ 257896.716173588007223, 7039476.302827975712717 ], [ 257901.719364177959505, 7039476.302827975712717 ], [ 257901.719364177959505, 7039436.277303256094456 ], [ 257896.716173588007223, 7039436.277303256094456 ], [ 257896.716173588007223, 7039421.267731485888362 ], [ 257891.712982998084044, 7039421.267731485888362 ], [ 257891.712982998084044, 7039406.258159716613591 ], [ 257886.709792408131761, 7039406.258159716613591 ], [ 257886.709792408131761, 7039386.245397356338799 ], [ 257881.706601818179479, 7039386.245397356338799 ], [ 257881.706601818179479, 7039341.21668204665184 ], [ 257876.703411228227196, 7039341.21668204665184 ], [ 257876.703411228227196, 7039326.207110277377069 ], [ 257866.697030048351735, 7039326.207110277377069 ], [ 257866.697030048351735, 7039321.203919687308371 ], [ 257861.693839458399452, 7039321.203919687308371 ], [ 257861.693839458399452, 7039306.194347917102277 ], [ 257851.687458278494887, 7039306.194347917102277 ], [ 257851.687458278494887, 7039311.197538507170975 ], [ 257846.684267688542604, 7039311.197538507170975 ], [ 257846.684267688542604, 7039306.194347917102277 ], [ 257841.681077098590322, 7039306.194347917102277 ], [ 257841.681077098590322, 7039301.191157327033579 ], [ 257836.677886508667143, 7039301.191157327033579 ], [ 257836.677886508667143, 7039296.187966737896204 ], [ 257831.67469591871486, 7039296.187966737896204 ], [ 257831.67469591871486, 7039291.184776147827506 ], [ 257826.671505328762578, 7039291.184776147827506 ], [ 257826.671505328762578, 7039286.181585557758808 ], [ 257821.668314738810295, 7039286.181585557758808 ], [ 257821.668314738810295, 7039271.172013787552714 ], [ 257816.665124148858013, 7039271.172013787552714 ], [ 257816.665124148858013, 7039256.162442018277943 ], [ 257806.658742968982551, 7039256.162442018277943 ], [ 257806.658742968982551, 7039261.165632608346641 ], [ 257796.652361789077986, 7039261.165632608346641 ], [ 257796.652361789077986, 7039256.162442018277943 ], [ 257791.649171199125703, 7039256.162442018277943 ], [ 257791.649171199125703, 7039251.159251428209245 ], [ 257786.645980609173421, 7039251.159251428209245 ], [ 257786.645980609173421, 7039241.152870248071849 ], [ 257776.639599429297959, 7039241.152870248071849 ], [ 257776.639599429297959, 7039236.149679658003151 ], [ 257771.636408839345677, 7039236.149679658003151 ], [ 257771.636408839345677, 7039226.143298477865756 ], [ 257766.633218249393394, 7039226.143298477865756 ], [ 257766.633218249393394, 7039221.14010788872838 ], [ 257761.630027659441112, 7039221.14010788872838 ], [ 257761.630027659441112, 7039211.133726708590984 ], [ 257756.626837069517933, 7039211.133726708590984 ], [ 257756.626837069517933, 7039206.130536118522286 ], [ 257741.617265299661085, 7039206.130536118522286 ], [ 257741.617265299661085, 7039201.127345528453588 ], [ 257726.607693529833341, 7039201.127345528453588 ], [ 257726.607693529833341, 7039191.120964348316193 ], [ 257696.588549990148749, 7039191.120964348316193 ], [ 257696.588549990148749, 7039186.117773758247495 ], [ 257686.582168810244184, 7039186.117773758247495 ], [ 257686.582168810244184, 7039181.114583169110119 ], [ 257676.575787630339619, 7039181.114583169110119 ], [ 257676.575787630339619, 7039176.111392579041421 ], [ 257666.569406450464157, 7039176.111392579041421 ], [ 257666.569406450464157, 7039171.108201988972723 ], [ 257656.563025270559592, 7039171.108201988972723 ], [ 257656.563025270559592, 7039166.105011398904026 ], [ 257646.556644090684131, 7039166.105011398904026 ], [ 257646.556644090684131, 7039161.101820808835328 ], [ 257641.553453500731848, 7039161.101820808835328 ], [ 257641.553453500731848, 7039156.09863021876663 ], [ 257631.547072320827283, 7039156.09863021876663 ], [ 257631.547072320827283, 7039151.095439628697932 ], [ 257621.540691140922718, 7039151.095439628697932 ], [ 257621.540691140922718, 7039146.092249039560556 ], [ 257611.534309961047256, 7039146.092249039560556 ], [ 257611.534309961047256, 7039141.089058449491858 ], [ 257601.527928781142691, 7039141.089058449491858 ], [ 257601.527928781142691, 7039136.085867859423161 ], [ 257596.524738191190409, 7039136.085867859423161 ], [ 257596.524738191190409, 7039131.082677269354463 ], [ 257591.52154760126723, 7039131.082677269354463 ], [ 257591.52154760126723, 7039126.079486679285765 ], [ 257581.515166421362665, 7039126.079486679285765 ], [ 257581.515166421362665, 7039121.076296089217067 ], [ 257576.511975831410382, 7039121.076296089217067 ], [ 257576.511975831410382, 7039116.073105499148369 ], [ 257571.508785241458099, 7039116.073105499148369 ], [ 257571.508785241458099, 7039111.069914909079671 ], [ 257566.505594651505817, 7039111.069914909079671 ], [ 257566.505594651505817, 7039106.066724319942296 ], [ 257561.502404061582638, 7039106.066724319942296 ], [ 257561.502404061582638, 7039101.063533729873598 ], [ 257551.496022881678073, 7039101.063533729873598 ], [ 257551.496022881678073, 7039091.057152549736202 ], [ 257546.49283229172579, 7039091.057152549736202 ], [ 257546.49283229172579, 7039081.050771369598806 ], [ 257541.489641701773508, 7039081.050771369598806 ], [ 257541.489641701773508, 7039066.041199600324035 ], [ 257536.486451111850329, 7039066.041199600324035 ], [ 257536.486451111850329, 7039051.031627830117941 ], [ 257531.483260521898046, 7039051.031627830117941 ], [ 257531.483260521898046, 7039041.025246649980545 ], [ 257526.480069931945764, 7039041.025246649980545 ], [ 257526.480069931945764, 7039026.015674880705774 ], [ 257521.476879341993481, 7039026.015674880705774 ], [ 257521.476879341993481, 7039011.00610311049968 ], [ 257516.473688752041198, 7039011.00610311049968 ], [ 257516.473688752041198, 7038995.996531340293586 ], [ 257511.470498162088916, 7038995.996531340293586 ], [ 257511.470498162088916, 7038980.986959571018815 ], [ 257506.467307572165737, 7038980.986959571018815 ], [ 257506.467307572165737, 7038970.980578390881419 ], [ 257501.464116982213454, 7038970.980578390881419 ], [ 257501.464116982213454, 7038940.961434851400554 ], [ 257496.460926392261172, 7038940.961434851400554 ], [ 257496.460926392261172, 7038930.955053671263158 ], [ 257501.464116982213454, 7038930.955053671263158 ], [ 257501.464116982213454, 7038925.95186308119446 ], [ 257411.406686363159679, 7038925.95186308119446 ], [ 257411.406686363159679, 7038920.948672491125762 ], [ 257401.400305183255114, 7038920.948672491125762 ], [ 257401.400305183255114, 7038915.945481901988387 ], [ 257386.39073341342737, 7038915.945481901988387 ], [ 257386.39073341342737, 7038910.942291311919689 ], [ 257381.387542823475087, 7038910.942291311919689 ], [ 257381.387542823475087, 7038905.939100721850991 ], [ 257376.384352233522804, 7038905.939100721850991 ], [ 257376.384352233522804, 7038900.935910131782293 ], [ 257366.377971053647343, 7038900.935910131782293 ], [ 257366.377971053647343, 7038905.939100721850991 ], [ 257361.37478046369506, 7038905.939100721850991 ], [ 257361.37478046369506, 7038910.942291311919689 ], [ 257346.365208693838213, 7038910.942291311919689 ], [ 257346.365208693838213, 7038925.95186308119446 ], [ 257351.368399283790495, 7038925.95186308119446 ], [ 257351.368399283790495, 7038965.977387800812721 ], [ 257356.371589873742778, 7038965.977387800812721 ], [ 257356.371589873742778, 7038985.990150161087513 ], [ 257361.37478046369506, 7038985.990150161087513 ], [ 257361.37478046369506, 7038995.996531340293586 ], [ 257366.377971053647343, 7038995.996531340293586 ], [ 257366.377971053647343, 7039000.999721930362284 ], [ 257371.381161643599626, 7039000.999721930362284 ], [ 257371.381161643599626, 7039006.002912520430982 ], [ 257376.384352233522804, 7039006.002912520430982 ], [ 257376.384352233522804, 7039011.00610311049968 ], [ 257381.387542823475087, 7039011.00610311049968 ], [ 257381.387542823475087, 7039021.012484290637076 ], [ 257386.39073341342737, 7039021.012484290637076 ], [ 257386.39073341342737, 7039026.015674880705774 ], [ 257391.393924003379652, 7039026.015674880705774 ], [ 257391.393924003379652, 7039031.018865470774472 ], [ 257396.397114593331935, 7039031.018865470774472 ], [ 257396.397114593331935, 7039036.022056059911847 ], [ 257401.400305183255114, 7039036.022056059911847 ], [ 257401.400305183255114, 7039056.034818420186639 ], [ 257396.397114593331935, 7039056.034818420186639 ], [ 257396.397114593331935, 7039061.038009010255337 ], [ 257391.393924003379652, 7039061.038009010255337 ], [ 257391.393924003379652, 7039066.041199600324035 ], [ 257386.39073341342737, 7039066.041199600324035 ], [ 257386.39073341342737, 7039071.04439018946141 ], [ 257381.387542823475087, 7039071.04439018946141 ], [ 257381.387542823475087, 7039076.047580779530108 ], [ 257376.384352233522804, 7039076.047580779530108 ], [ 257376.384352233522804, 7039081.050771369598806 ], [ 257371.381161643599626, 7039081.050771369598806 ], [ 257371.381161643599626, 7039091.057152549736202 ], [ 257366.377971053647343, 7039091.057152549736202 ], [ 257366.377971053647343, 7039101.063533729873598 ], [ 257361.37478046369506, 7039101.063533729873598 ], [ 257361.37478046369506, 7039131.082677269354463 ], [ 257356.371589873742778, 7039131.082677269354463 ], [ 257356.371589873742778, 7039146.092249039560556 ], [ 257351.368399283790495, 7039146.092249039560556 ], [ 257351.368399283790495, 7039156.09863021876663 ], [ 257346.365208693838213, 7039156.09863021876663 ], [ 257346.365208693838213, 7039161.101820808835328 ], [ 257341.362018103915034, 7039161.101820808835328 ], [ 257341.362018103915034, 7039176.111392579041421 ], [ 257336.358827513962751, 7039176.111392579041421 ], [ 257336.358827513962751, 7039186.117773758247495 ], [ 257331.355636924010469, 7039186.117773758247495 ], [ 257331.355636924010469, 7039191.120964348316193 ], [ 257326.352446334058186, 7039191.120964348316193 ], [ 257326.352446334058186, 7039201.127345528453588 ], [ 257321.349255744105903, 7039201.127345528453588 ], [ 257321.349255744105903, 7039211.133726708590984 ], [ 257316.346065154182725, 7039211.133726708590984 ], [ 257316.346065154182725, 7039216.136917298659682 ], [ 257311.342874564230442, 7039216.136917298659682 ], [ 257311.342874564230442, 7039221.14010788872838 ], [ 257306.339683974278159, 7039221.14010788872838 ], [ 257306.339683974278159, 7039231.146489067934453 ], [ 257301.336493384325877, 7039231.146489067934453 ], [ 257301.336493384325877, 7039236.149679658003151 ], [ 257306.339683974278159, 7039236.149679658003151 ], [ 257306.339683974278159, 7039241.152870248071849 ], [ 257316.346065154182725, 7039241.152870248071849 ], [ 257316.346065154182725, 7039246.156060838140547 ], [ 257346.365208693838213, 7039246.156060838140547 ], [ 257346.365208693838213, 7039251.159251428209245 ], [ 257356.371589873742778, 7039251.159251428209245 ], [ 257356.371589873742778, 7039256.162442018277943 ], [ 257361.37478046369506, 7039256.162442018277943 ], [ 257361.37478046369506, 7039271.172013787552714 ], [ 257356.371589873742778, 7039271.172013787552714 ], [ 257356.371589873742778, 7039281.17839496769011 ], [ 257351.368399283790495, 7039281.17839496769011 ], [ 257351.368399283790495, 7039296.187966737896204 ], [ 257356.371589873742778, 7039296.187966737896204 ], [ 257356.371589873742778, 7039306.194347917102277 ], [ 257361.37478046369506, 7039306.194347917102277 ], [ 257361.37478046369506, 7039301.191157327033579 ], [ 257366.377971053647343, 7039301.191157327033579 ], [ 257366.377971053647343, 7039281.17839496769011 ], [ 257376.384352233522804, 7039281.17839496769011 ], [ 257376.384352233522804, 7039276.175204377621412 ], [ 257401.400305183255114, 7039276.175204377621412 ], [ 257401.400305183255114, 7039281.17839496769011 ], [ 257406.403495773207396, 7039281.17839496769011 ], [ 257406.403495773207396, 7039291.184776147827506 ], [ 257401.400305183255114, 7039291.184776147827506 ], [ 257401.400305183255114, 7039311.197538507170975 ], [ 257406.403495773207396, 7039311.197538507170975 ], [ 257406.403495773207396, 7039321.203919687308371 ], [ 257396.397114593331935, 7039321.203919687308371 ], [ 257396.397114593331935, 7039326.207110277377069 ], [ 257386.39073341342737, 7039326.207110277377069 ], [ 257386.39073341342737, 7039331.210300867445767 ], [ 257381.387542823475087, 7039331.210300867445767 ], [ 257381.387542823475087, 7039336.213491457514465 ], [ 257386.39073341342737, 7039336.213491457514465 ], [ 257386.39073341342737, 7039341.21668204665184 ], [ 257381.387542823475087, 7039341.21668204665184 ], [ 257381.387542823475087, 7039356.226253816857934 ], [ 257386.39073341342737, 7039356.226253816857934 ], [ 257386.39073341342737, 7039376.239016177132726 ], [ 257391.393924003379652, 7039376.239016177132726 ], [ 257391.393924003379652, 7039366.23263499699533 ], [ 257396.397114593331935, 7039366.23263499699533 ], [ 257396.397114593331935, 7039361.229444406926632 ], [ 257401.400305183255114, 7039361.229444406926632 ], [ 257401.400305183255114, 7039356.226253816857934 ], [ 257406.403495773207396, 7039356.226253816857934 ], [ 257406.403495773207396, 7039346.219872636720538 ], [ 257411.406686363159679, 7039346.219872636720538 ], [ 257411.406686363159679, 7039341.21668204665184 ], [ 257431.419448722939705, 7039341.21668204665184 ], [ 257431.419448722939705, 7039346.219872636720538 ], [ 257436.422639312891988, 7039346.219872636720538 ], [ 257436.422639312891988, 7039356.226253816857934 ], [ 257431.419448722939705, 7039356.226253816857934 ], [ 257431.419448722939705, 7039361.229444406926632 ], [ 257426.416258133016527, 7039361.229444406926632 ], [ 257426.416258133016527, 7039366.23263499699533 ], [ 257421.413067543064244, 7039366.23263499699533 ], [ 257421.413067543064244, 7039371.235825587064028 ], [ 257416.409876953111961, 7039371.235825587064028 ], [ 257416.409876953111961, 7039376.239016177132726 ], [ 257406.403495773207396, 7039376.239016177132726 ], [ 257406.403495773207396, 7039381.242206766270101 ], [ 257386.39073341342737, 7039381.242206766270101 ], [ 257386.39073341342737, 7039401.254969126544893 ], [ 257396.397114593331935, 7039401.254969126544893 ], [ 257396.397114593331935, 7039406.258159716613591 ], [ 257401.400305183255114, 7039406.258159716613591 ], [ 257401.400305183255114, 7039411.261350306682289 ], [ 257406.403495773207396, 7039411.261350306682289 ], [ 257406.403495773207396, 7039416.264540895819664 ], [ 257411.406686363159679, 7039416.264540895819664 ], [ 257411.406686363159679, 7039421.267731485888362 ], [ 257416.409876953111961, 7039421.267731485888362 ], [ 257416.409876953111961, 7039426.27092207595706 ], [ 257421.413067543064244, 7039426.27092207595706 ], [ 257421.413067543064244, 7039431.274112666025758 ], [ 257426.416258133016527, 7039431.274112666025758 ], [ 257426.416258133016527, 7039436.277303256094456 ], [ 257431.419448722939705, 7039436.277303256094456 ], [ 257431.419448722939705, 7039441.280493846163154 ], [ 257436.422639312891988, 7039441.280493846163154 ], [ 257436.422639312891988, 7039446.283684436231852 ], [ 257441.425829902844271, 7039446.283684436231852 ], [ 257441.425829902844271, 7039441.280493846163154 ], [ 257446.429020492796553, 7039441.280493846163154 ], [ 257446.429020492796553, 7039436.277303256094456 ], [ 257451.432211082748836, 7039436.277303256094456 ], [ 257451.432211082748836, 7039431.274112666025758 ], [ 257456.435401672672015, 7039431.274112666025758 ], [ 257456.435401672672015, 7039426.27092207595706 ], [ 257461.438592262624297, 7039426.27092207595706 ], [ 257461.438592262624297, 7039421.267731485888362 ], [ 257466.44178285257658, 7039421.267731485888362 ], [ 257466.44178285257658, 7039416.264540895819664 ], [ 257486.454545212356606, 7039416.264540895819664 ], [ 257486.454545212356606, 7039421.267731485888362 ], [ 257491.457735802308889, 7039421.267731485888362 ], [ 257491.457735802308889, 7039426.27092207595706 ], [ 257496.460926392261172, 7039426.27092207595706 ], [ 257496.460926392261172, 7039431.274112666025758 ], [ 257501.464116982213454, 7039431.274112666025758 ], [ 257501.464116982213454, 7039436.277303256094456 ], [ 257506.467307572165737, 7039436.277303256094456 ], [ 257506.467307572165737, 7039441.280493846163154 ], [ 257511.470498162088916, 7039441.280493846163154 ], [ 257511.470498162088916, 7039436.277303256094456 ], [ 257516.473688752041198, 7039436.277303256094456 ], [ 257516.473688752041198, 7039431.274112666025758 ], [ 257536.486451111850329, 7039431.274112666025758 ], [ 257536.486451111850329, 7039436.277303256094456 ], [ 257541.489641701773508, 7039436.277303256094456 ], [ 257541.489641701773508, 7039441.280493846163154 ], [ 257546.49283229172579, 7039441.280493846163154 ], [ 257546.49283229172579, 7039446.283684436231852 ], [ 257551.496022881678073, 7039446.283684436231852 ], [ 257551.496022881678073, 7039451.28687502630055 ], [ 257556.499213471630355, 7039451.28687502630055 ], [ 257556.499213471630355, 7039456.290065615437925 ], [ 257561.502404061582638, 7039456.290065615437925 ], [ 257561.502404061582638, 7039461.293256205506623 ], [ 257566.505594651505817, 7039461.293256205506623 ], [ 257566.505594651505817, 7039466.296446795575321 ], [ 257571.508785241458099, 7039466.296446795575321 ], [ 257571.508785241458099, 7039471.299637385644019 ], [ 257576.511975831410382, 7039471.299637385644019 ], [ 257576.511975831410382, 7039476.302827975712717 ], [ 257581.515166421362665, 7039476.302827975712717 ], [ 257581.515166421362665, 7039481.306018565781415 ], [ 257586.518357011314947, 7039481.306018565781415 ], [ 257586.518357011314947, 7039486.309209155850112 ], [ 257591.52154760126723, 7039486.309209155850112 ], [ 257591.52154760126723, 7039491.312399744987488 ], [ 257596.524738191190409, 7039491.312399744987488 ], [ 257596.524738191190409, 7039496.315590335056186 ], [ 257601.527928781142691, 7039496.315590335056186 ], [ 257601.527928781142691, 7039501.318780925124884 ], [ 257606.531119371094974, 7039501.318780925124884 ], [ 257606.531119371094974, 7039521.331543285399675 ], [ 257601.527928781142691, 7039521.331543285399675 ], [ 257601.527928781142691, 7039526.334733875468373 ], [ 257596.524738191190409, 7039526.334733875468373 ], [ 257596.524738191190409, 7039531.337924464605749 ], [ 257591.52154760126723, 7039531.337924464605749 ], [ 257591.52154760126723, 7039536.341115054674447 ], [ 257586.518357011314947, 7039536.341115054674447 ], [ 257586.518357011314947, 7039541.344305644743145 ], [ 257581.515166421362665, 7039541.344305644743145 ], [ 257581.515166421362665, 7039546.347496234811842 ], [ 257576.511975831410382, 7039546.347496234811842 ], [ 257576.511975831410382, 7039551.35068682488054 ], [ 257571.508785241458099, 7039551.35068682488054 ], [ 257571.508785241458099, 7039556.353877414949238 ], [ 257566.505594651505817, 7039556.353877414949238 ], [ 257566.505594651505817, 7039561.357068005017936 ], [ 257561.502404061582638, 7039561.357068005017936 ], [ 257561.502404061582638, 7039566.360258595086634 ], [ 257556.499213471630355, 7039566.360258595086634 ], [ 257556.499213471630355, 7039571.36344918422401 ], [ 257551.496022881678073, 7039571.36344918422401 ], [ 257551.496022881678073, 7039576.366639774292707 ], [ 257546.49283229172579, 7039576.366639774292707 ], [ 257546.49283229172579, 7039581.369830364361405 ], [ 257541.489641701773508, 7039581.369830364361405 ], [ 257541.489641701773508, 7039586.373020954430103 ], [ 257536.486451111850329, 7039586.373020954430103 ], [ 257536.486451111850329, 7039591.376211544498801 ], [ 257531.483260521898046, 7039591.376211544498801 ], [ 257531.483260521898046, 7039596.379402134567499 ], [ 257516.473688752041198, 7039596.379402134567499 ], [ 257516.473688752041198, 7039591.376211544498801 ], [ 257511.470498162088916, 7039591.376211544498801 ], [ 257511.470498162088916, 7039586.373020954430103 ], [ 257506.467307572165737, 7039586.373020954430103 ], [ 257506.467307572165737, 7039581.369830364361405 ], [ 257501.464116982213454, 7039581.369830364361405 ], [ 257501.464116982213454, 7039576.366639774292707 ], [ 257496.460926392261172, 7039576.366639774292707 ], [ 257496.460926392261172, 7039571.36344918422401 ], [ 257491.457735802308889, 7039571.36344918422401 ], [ 257491.457735802308889, 7039576.366639774292707 ], [ 257486.454545212356606, 7039576.366639774292707 ], [ 257486.454545212356606, 7039581.369830364361405 ], [ 257466.44178285257658, 7039581.369830364361405 ], [ 257466.44178285257658, 7039576.366639774292707 ], [ 257461.438592262624297, 7039576.366639774292707 ], [ 257461.438592262624297, 7039571.36344918422401 ], [ 257456.435401672672015, 7039571.36344918422401 ], [ 257456.435401672672015, 7039566.360258595086634 ], [ 257451.432211082748836, 7039566.360258595086634 ], [ 257451.432211082748836, 7039561.357068005017936 ], [ 257446.429020492796553, 7039561.357068005017936 ], [ 257446.429020492796553, 7039556.353877414949238 ], [ 257441.425829902844271, 7039556.353877414949238 ], [ 257441.425829902844271, 7039551.35068682488054 ], [ 257436.422639312891988, 7039551.35068682488054 ], [ 257436.422639312891988, 7039546.347496234811842 ], [ 257431.419448722939705, 7039546.347496234811842 ], [ 257431.419448722939705, 7039541.344305644743145 ], [ 257426.416258133016527, 7039541.344305644743145 ], [ 257426.416258133016527, 7039536.341115054674447 ], [ 257421.413067543064244, 7039536.341115054674447 ], [ 257421.413067543064244, 7039541.344305644743145 ], [ 257416.409876953111961, 7039541.344305644743145 ], [ 257416.409876953111961, 7039546.347496234811842 ], [ 257411.406686363159679, 7039546.347496234811842 ], [ 257411.406686363159679, 7039551.35068682488054 ], [ 257406.403495773207396, 7039551.35068682488054 ], [ 257406.403495773207396, 7039556.353877414949238 ], [ 257401.400305183255114, 7039556.353877414949238 ], [ 257401.400305183255114, 7039561.357068005017936 ], [ 257396.397114593331935, 7039561.357068005017936 ], [ 257396.397114593331935, 7039566.360258595086634 ], [ 257381.387542823475087, 7039566.360258595086634 ], [ 257381.387542823475087, 7039561.357068005017936 ], [ 257376.384352233522804, 7039561.357068005017936 ], [ 257376.384352233522804, 7039556.353877414949238 ], [ 257371.381161643599626, 7039556.353877414949238 ], [ 257371.381161643599626, 7039551.35068682488054 ], [ 257366.377971053647343, 7039551.35068682488054 ], [ 257366.377971053647343, 7039546.347496234811842 ], [ 257361.37478046369506, 7039546.347496234811842 ], [ 257361.37478046369506, 7039541.344305644743145 ], [ 257356.371589873742778, 7039541.344305644743145 ], [ 257356.371589873742778, 7039536.341115054674447 ], [ 257351.368399283790495, 7039536.341115054674447 ], [ 257351.368399283790495, 7039531.337924464605749 ], [ 257346.365208693838213, 7039531.337924464605749 ], [ 257346.365208693838213, 7039526.334733875468373 ], [ 257341.362018103915034, 7039526.334733875468373 ], [ 257341.362018103915034, 7039521.331543285399675 ], [ 257336.358827513962751, 7039521.331543285399675 ], [ 257336.358827513962751, 7039516.328352695330977 ], [ 257331.355636924010469, 7039516.328352695330977 ], [ 257331.355636924010469, 7039521.331543285399675 ], [ 257326.352446334058186, 7039521.331543285399675 ], [ 257326.352446334058186, 7039526.334733875468373 ], [ 257321.349255744105903, 7039526.334733875468373 ], [ 257321.349255744105903, 7039531.337924464605749 ], [ 257316.346065154182725, 7039531.337924464605749 ], [ 257316.346065154182725, 7039536.341115054674447 ], [ 257311.342874564230442, 7039536.341115054674447 ], [ 257311.342874564230442, 7039546.347496234811842 ], [ 257306.339683974278159, 7039546.347496234811842 ], [ 257306.339683974278159, 7039551.35068682488054 ], [ 257301.336493384325877, 7039551.35068682488054 ], [ 257301.336493384325877, 7039556.353877414949238 ], [ 257296.333302794373594, 7039556.353877414949238 ], [ 257296.333302794373594, 7039561.357068005017936 ], [ 257291.330112204421312, 7039561.357068005017936 ], [ 257291.330112204421312, 7039566.360258595086634 ], [ 257286.326921614498133, 7039566.360258595086634 ], [ 257286.326921614498133, 7039571.36344918422401 ], [ 257281.32373102454585, 7039571.36344918422401 ], [ 257281.32373102454585, 7039576.366639774292707 ], [ 257276.320540434593568, 7039576.366639774292707 ], [ 257276.320540434593568, 7039581.369830364361405 ], [ 257271.317349844641285, 7039581.369830364361405 ], [ 257271.317349844641285, 7039586.373020954430103 ], [ 257266.314159254689002, 7039586.373020954430103 ], [ 257266.314159254689002, 7039591.376211544498801 ], [ 257261.310968664765824, 7039591.376211544498801 ], [ 257261.310968664765824, 7039596.379402134567499 ], [ 257256.307778074813541, 7039596.379402134567499 ], [ 257256.307778074813541, 7039601.382592724636197 ], [ 257251.304587484861258, 7039601.382592724636197 ], [ 257251.304587484861258, 7039606.385783313773572 ], [ 257246.301396894908976, 7039606.385783313773572 ], [ 257246.301396894908976, 7039611.38897390384227 ], [ 257241.298206304956693, 7039611.38897390384227 ], [ 257241.298206304956693, 7039616.392164493910968 ], [ 257221.285443945176667, 7039616.392164493910968 ], [ 257221.285443945176667, 7039611.38897390384227 ], [ 257216.282253355224384, 7039611.38897390384227 ], [ 257216.282253355224384, 7039606.385783313773572 ], [ 257211.279062765272101, 7039606.385783313773572 ], [ 257211.279062765272101, 7039601.382592724636197 ], [ 257206.275872175348923, 7039601.382592724636197 ], [ 257206.275872175348923, 7039596.379402134567499 ], [ 257201.27268158539664, 7039596.379402134567499 ], [ 257201.27268158539664, 7039591.376211544498801 ], [ 257196.269490995444357, 7039591.376211544498801 ], [ 257196.269490995444357, 7039586.373020954430103 ], [ 257191.266300405492075, 7039586.373020954430103 ], [ 257191.266300405492075, 7039581.369830364361405 ], [ 257186.263109815539792, 7039581.369830364361405 ], [ 257186.263109815539792, 7039576.366639774292707 ], [ 257181.25991922558751, 7039576.366639774292707 ], [ 257181.25991922558751, 7039581.369830364361405 ], [ 257176.256728635664331, 7039581.369830364361405 ], [ 257176.256728635664331, 7039576.366639774292707 ], [ 257171.253538045712048, 7039576.366639774292707 ], [ 257171.253538045712048, 7039581.369830364361405 ], [ 257146.237585095979739, 7039581.369830364361405 ], [ 257146.237585095979739, 7039576.366639774292707 ], [ 257141.234394506027456, 7039576.366639774292707 ], [ 257141.234394506027456, 7039571.36344918422401 ], [ 257136.231203916075174, 7039571.36344918422401 ], [ 257136.231203916075174, 7039566.360258595086634 ], [ 257131.228013326122891, 7039566.360258595086634 ], [ 257131.228013326122891, 7039561.357068005017936 ], [ 257121.22163214624743, 7039561.357068005017936 ], [ 257121.22163214624743, 7039556.353877414949238 ], [ 257116.218441556295147, 7039556.353877414949238 ], [ 257116.218441556295147, 7039551.35068682488054 ], [ 257106.212060376390582, 7039551.35068682488054 ], [ 257106.212060376390582, 7039546.347496234811842 ], [ 257096.205679196515121, 7039546.347496234811842 ], [ 257096.205679196515121, 7039541.344305644743145 ], [ 257091.202488606562838, 7039541.344305644743145 ], [ 257091.202488606562838, 7039546.347496234811842 ], [ 257081.196107426658273, 7039546.347496234811842 ], [ 257081.196107426658273, 7039551.35068682488054 ], [ 257086.199298016610555, 7039551.35068682488054 ], [ 257086.199298016610555, 7039556.353877414949238 ], [ 257091.202488606562838, 7039556.353877414949238 ], [ 257091.202488606562838, 7039561.357068005017936 ], [ 257096.205679196515121, 7039561.357068005017936 ], [ 257096.205679196515121, 7039566.360258595086634 ], [ 257101.208869786438299, 7039566.360258595086634 ], [ 257101.208869786438299, 7039571.36344918422401 ], [ 257106.212060376390582, 7039571.36344918422401 ], [ 257106.212060376390582, 7039586.373020954430103 ], [ 257101.208869786438299, 7039586.373020954430103 ], [ 257101.208869786438299, 7039591.376211544498801 ], [ 257096.205679196515121, 7039591.376211544498801 ], [ 257096.205679196515121, 7039596.379402134567499 ], [ 257101.208869786438299, 7039596.379402134567499 ], [ 257101.208869786438299, 7039601.382592724636197 ], [ 257106.212060376390582, 7039601.382592724636197 ], [ 257106.212060376390582, 7039606.385783313773572 ], [ 257111.215250966342865, 7039606.385783313773572 ], [ 257111.215250966342865, 7039611.38897390384227 ], [ 257116.218441556295147, 7039611.38897390384227 ], [ 257116.218441556295147, 7039616.392164493910968 ], [ 257121.22163214624743, 7039616.392164493910968 ], [ 257121.22163214624743, 7039621.395355083979666 ], [ 257126.224822736170609, 7039621.395355083979666 ], [ 257126.224822736170609, 7039626.398545674048364 ], [ 257131.228013326122891, 7039626.398545674048364 ], [ 257131.228013326122891, 7039631.401736264117062 ], [ 257136.231203916075174, 7039631.401736264117062 ], [ 257136.231203916075174, 7039636.40492685418576 ], [ 257141.234394506027456, 7039636.40492685418576 ], [ 257141.234394506027456, 7039646.411308033391833 ], [ 257146.237585095979739, 7039646.411308033391833 ], [ 257146.237585095979739, 7039651.414498623460531 ], [ 257141.234394506027456, 7039651.414498623460531 ], [ 257141.234394506027456, 7039661.420879803597927 ], [ 257136.231203916075174, 7039661.420879803597927 ], [ 257136.231203916075174, 7039666.424070393666625 ], [ 257131.228013326122891, 7039666.424070393666625 ], [ 257131.228013326122891, 7039671.427260983735323 ], [ 257126.224822736170609, 7039671.427260983735323 ], [ 257126.224822736170609, 7039676.430451573804021 ], [ 257121.22163214624743, 7039676.430451573804021 ], [ 257121.22163214624743, 7039681.433642163872719 ], [ 257116.218441556295147, 7039681.433642163872719 ], [ 257116.218441556295147, 7039686.436832753010094 ], [ 257111.215250966342865, 7039686.436832753010094 ], [ 257111.215250966342865, 7039691.440023343078792 ], [ 257106.212060376390582, 7039691.440023343078792 ], [ 257106.212060376390582, 7039696.44321393314749 ], [ 257101.208869786438299, 7039696.44321393314749 ], [ 257101.208869786438299, 7039701.446404523216188 ], [ 257096.205679196515121, 7039701.446404523216188 ], [ 257096.205679196515121, 7039706.449595113284886 ], [ 257091.202488606562838, 7039706.449595113284886 ], [ 257091.202488606562838, 7039711.452785703353584 ], [ 257086.199298016610555, 7039711.452785703353584 ], [ 257086.199298016610555, 7039716.455976293422282 ], [ 257081.196107426658273, 7039716.455976293422282 ], [ 257081.196107426658273, 7039721.459166882559657 ], [ 257076.19291683670599, 7039721.459166882559657 ], [ 257076.19291683670599, 7039726.462357472628355 ], [ 257071.189726246753708, 7039726.462357472628355 ], [ 257071.189726246753708, 7039731.465548062697053 ], [ 257051.176963886973681, 7039731.465548062697053 ], [ 257051.176963886973681, 7039726.462357472628355 ], [ 257046.173773297021398, 7039726.462357472628355 ], [ 257046.173773297021398, 7039721.459166882559657 ], [ 257041.17058270709822, 7039721.459166882559657 ], [ 257041.17058270709822, 7039716.455976293422282 ], [ 257036.167392117145937, 7039716.455976293422282 ], [ 257036.167392117145937, 7039711.452785703353584 ], [ 257031.164201527193654, 7039711.452785703353584 ], [ 257031.164201527193654, 7039706.449595113284886 ], [ 257026.161010937241372, 7039706.449595113284886 ], [ 257026.161010937241372, 7039701.446404523216188 ], [ 257021.157820347289089, 7039701.446404523216188 ], [ 257021.157820347289089, 7039696.44321393314749 ], [ 257016.154629757336807, 7039696.44321393314749 ], [ 257016.154629757336807, 7039691.440023343078792 ], [ 257011.151439167413628, 7039691.440023343078792 ], [ 257011.151439167413628, 7039686.436832753010094 ], [ 257006.148248577461345, 7039686.436832753010094 ], [ 257006.148248577461345, 7039681.433642163872719 ], [ 257001.145057987509063, 7039681.433642163872719 ], [ 257001.145057987509063, 7039686.436832753010094 ], [ 256996.14186739755678, 7039686.436832753010094 ], [ 256996.14186739755678, 7039691.440023343078792 ], [ 256991.138676807604497, 7039691.440023343078792 ], [ 256991.138676807604497, 7039696.44321393314749 ], [ 256986.135486217681319, 7039696.44321393314749 ], [ 256986.135486217681319, 7039701.446404523216188 ], [ 256981.132295627729036, 7039701.446404523216188 ], [ 256981.132295627729036, 7039706.449595113284886 ], [ 256976.129105037776753, 7039706.449595113284886 ], [ 256976.129105037776753, 7039711.452785703353584 ], [ 256971.125914447824471, 7039711.452785703353584 ], [ 256971.125914447824471, 7039716.455976293422282 ], [ 256956.116342677996727, 7039716.455976293422282 ], [ 256956.116342677996727, 7039711.452785703353584 ], [ 256951.113152088044444, 7039711.452785703353584 ], [ 256951.113152088044444, 7039706.449595113284886 ], [ 256946.109961498092161, 7039706.449595113284886 ], [ 256946.109961498092161, 7039701.446404523216188 ], [ 256941.106770908139879, 7039701.446404523216188 ], [ 256941.106770908139879, 7039696.44321393314749 ], [ 256936.103580318187596, 7039696.44321393314749 ], [ 256936.103580318187596, 7039691.440023343078792 ], [ 256931.100389728264417, 7039691.440023343078792 ], [ 256931.100389728264417, 7039686.436832753010094 ], [ 256926.097199138312135, 7039686.436832753010094 ], [ 256926.097199138312135, 7039681.433642163872719 ], [ 256921.094008548359852, 7039681.433642163872719 ], [ 256921.094008548359852, 7039676.430451573804021 ], [ 256916.09081795840757, 7039676.430451573804021 ], [ 256916.09081795840757, 7039671.427260983735323 ], [ 256911.087627368455287, 7039671.427260983735323 ], [ 256911.087627368455287, 7039666.424070393666625 ], [ 256906.084436778503004, 7039666.424070393666625 ], [ 256906.084436778503004, 7039661.420879803597927 ], [ 256901.081246188579826, 7039661.420879803597927 ], [ 256901.081246188579826, 7039656.417689213529229 ], [ 256891.07486500867526, 7039656.417689213529229 ], [ 256891.07486500867526, 7039651.414498623460531 ], [ 256886.071674418722978, 7039651.414498623460531 ], [ 256886.071674418722978, 7039646.411308033391833 ], [ 256881.068483828770695, 7039646.411308033391833 ], [ 256881.068483828770695, 7039641.408117444254458 ], [ 256876.065293238847516, 7039641.408117444254458 ], [ 256876.065293238847516, 7039636.40492685418576 ], [ 256871.062102648895234, 7039636.40492685418576 ], [ 256871.062102648895234, 7039641.408117444254458 ], [ 256866.058912058942951, 7039641.408117444254458 ], [ 256866.058912058942951, 7039646.411308033391833 ], [ 256856.052530879038386, 7039646.411308033391833 ], [ 256856.052530879038386, 7039651.414498623460531 ], [ 256851.049340289086103, 7039651.414498623460531 ], [ 256851.049340289086103, 7039656.417689213529229 ], [ 256856.052530879038386, 7039656.417689213529229 ], [ 256856.052530879038386, 7039661.420879803597927 ], [ 256861.055721468990669, 7039661.420879803597927 ], [ 256861.055721468990669, 7039666.424070393666625 ], [ 256866.058912058942951, 7039666.424070393666625 ], [ 256866.058912058942951, 7039671.427260983735323 ], [ 256871.062102648895234, 7039671.427260983735323 ], [ 256871.062102648895234, 7039686.436832753010094 ], [ 256866.058912058942951, 7039686.436832753010094 ], [ 256866.058912058942951, 7039691.440023343078792 ], [ 256861.055721468990669, 7039691.440023343078792 ], [ 256861.055721468990669, 7039696.44321393314749 ], [ 256856.052530879038386, 7039696.44321393314749 ], [ 256856.052530879038386, 7039701.446404523216188 ], [ 256851.049340289086103, 7039701.446404523216188 ], [ 256851.049340289086103, 7039706.449595113284886 ], [ 256846.046149699162925, 7039706.449595113284886 ], [ 256846.046149699162925, 7039711.452785703353584 ], [ 256841.042959109210642, 7039711.452785703353584 ], [ 256841.042959109210642, 7039716.455976293422282 ], [ 256836.039768519258359, 7039716.455976293422282 ], [ 256836.039768519258359, 7039721.459166882559657 ], [ 256831.036577929306077, 7039721.459166882559657 ], [ 256831.036577929306077, 7039726.462357472628355 ], [ 256826.033387339353794, 7039726.462357472628355 ], [ 256826.033387339353794, 7039731.465548062697053 ], [ 256831.036577929306077, 7039731.465548062697053 ], [ 256831.036577929306077, 7039736.468738652765751 ], [ 256841.042959109210642, 7039736.468738652765751 ], [ 256841.042959109210642, 7039731.465548062697053 ], [ 256846.046149699162925, 7039731.465548062697053 ], [ 256846.046149699162925, 7039726.462357472628355 ], [ 256851.049340289086103, 7039726.462357472628355 ], [ 256851.049340289086103, 7039721.459166882559657 ], [ 256856.052530879038386, 7039721.459166882559657 ], [ 256856.052530879038386, 7039726.462357472628355 ], [ 256871.062102648895234, 7039726.462357472628355 ], [ 256871.062102648895234, 7039741.471929242834449 ], [ 256876.065293238847516, 7039741.471929242834449 ], [ 256876.065293238847516, 7039751.478310422971845 ], [ 256881.068483828770695, 7039751.478310422971845 ], [ 256881.068483828770695, 7039766.487882192246616 ], [ 256876.065293238847516, 7039766.487882192246616 ], [ 256876.065293238847516, 7039771.491072782315314 ], [ 256881.068483828770695, 7039771.491072782315314 ], [ 256881.068483828770695, 7039776.494263372384012 ], [ 256876.065293238847516, 7039776.494263372384012 ], [ 256876.065293238847516, 7039781.49745396245271 ], [ 256871.062102648895234, 7039781.49745396245271 ], [ 256871.062102648895234, 7039786.500644552521408 ], [ 256861.055721468990669, 7039786.500644552521408 ], [ 256861.055721468990669, 7039791.503835142590106 ], [ 256866.058912058942951, 7039791.503835142590106 ], [ 256866.058912058942951, 7039806.513406911864877 ], [ 256861.055721468990669, 7039806.513406911864877 ], [ 256861.055721468990669, 7039811.516597501933575 ], [ 256856.052530879038386, 7039811.516597501933575 ], [ 256856.052530879038386, 7039816.519788092002273 ], [ 256851.049340289086103, 7039816.519788092002273 ], [ 256851.049340289086103, 7039821.522978682070971 ], [ 256846.046149699162925, 7039821.522978682070971 ], [ 256846.046149699162925, 7039826.526169272139668 ], [ 256841.042959109210642, 7039826.526169272139668 ], [ 256841.042959109210642, 7039831.529359862208366 ], [ 256836.039768519258359, 7039831.529359862208366 ], [ 256836.039768519258359, 7039836.532550451345742 ], [ 256841.042959109210642, 7039836.532550451345742 ], [ 256841.042959109210642, 7039841.53574104141444 ], [ 256846.046149699162925, 7039841.53574104141444 ], [ 256846.046149699162925, 7039846.538931631483138 ], [ 256851.049340289086103, 7039846.538931631483138 ], [ 256851.049340289086103, 7039851.542122221551836 ], [ 256856.052530879038386, 7039851.542122221551836 ], [ 256856.052530879038386, 7039856.545312811620533 ], [ 256861.055721468990669, 7039856.545312811620533 ], [ 256861.055721468990669, 7039861.548503401689231 ], [ 256866.058912058942951, 7039861.548503401689231 ], [ 256866.058912058942951, 7039866.551693991757929 ], [ 256871.062102648895234, 7039866.551693991757929 ], [ 256871.062102648895234, 7039871.554884581826627 ], [ 256876.065293238847516, 7039871.554884581826627 ], [ 256876.065293238847516, 7039876.558075170964003 ], [ 256881.068483828770695, 7039876.558075170964003 ], [ 256881.068483828770695, 7039881.561265761032701 ], [ 256886.071674418722978, 7039881.561265761032701 ], [ 256886.071674418722978, 7039896.570837531238794 ], [ 256881.068483828770695, 7039896.570837531238794 ], [ 256881.068483828770695, 7039901.574028121307492 ], [ 256876.065293238847516, 7039901.574028121307492 ], [ 256876.065293238847516, 7039906.57721871137619 ], [ 256871.062102648895234, 7039906.57721871137619 ], [ 256871.062102648895234, 7039911.580409301444888 ], [ 256866.058912058942951, 7039911.580409301444888 ], [ 256866.058912058942951, 7039916.583599890582263 ], [ 256861.055721468990669, 7039916.583599890582263 ], [ 256861.055721468990669, 7039921.586790480650961 ], [ 256856.052530879038386, 7039921.586790480650961 ], [ 256856.052530879038386, 7039926.589981070719659 ], [ 256851.049340289086103, 7039926.589981070719659 ], [ 256851.049340289086103, 7039931.593171660788357 ], [ 256846.046149699162925, 7039931.593171660788357 ], [ 256846.046149699162925, 7039936.596362250857055 ], [ 256841.042959109210642, 7039936.596362250857055 ], [ 256841.042959109210642, 7039941.599552840925753 ], [ 256836.039768519258359, 7039941.599552840925753 ], [ 256836.039768519258359, 7039946.602743430994451 ], [ 256831.036577929306077, 7039946.602743430994451 ], [ 256831.036577929306077, 7039951.605934020131826 ], [ 256826.033387339353794, 7039951.605934020131826 ], [ 256826.033387339353794, 7039956.609124610200524 ], [ 256821.030196749430615, 7039956.609124610200524 ], [ 256821.030196749430615, 7039971.618696380406618 ], [ 256816.027006159478333, 7039971.618696380406618 ], [ 256816.027006159478333, 7039976.621886970475316 ], [ 256811.02381556952605, 7039976.621886970475316 ], [ 256811.02381556952605, 7039981.625077560544014 ], [ 256806.020624979573768, 7039981.625077560544014 ], [ 256806.020624979573768, 7039986.628268150612712 ], [ 256801.017434389621485, 7039986.628268150612712 ], [ 256801.017434389621485, 7039991.631458739750087 ], [ 256796.014243799669202, 7039991.631458739750087 ], [ 256796.014243799669202, 7039996.634649329818785 ], [ 256791.011053209746024, 7039996.634649329818785 ], [ 256791.011053209746024, 7040001.637839919887483 ], [ 256786.007862619793741, 7040001.637839919887483 ], [ 256786.007862619793741, 7040006.641030509956181 ], [ 256781.004672029841458, 7040006.641030509956181 ], [ 256781.004672029841458, 7040011.644221100024879 ], [ 256776.001481439889176, 7040011.644221100024879 ], [ 256776.001481439889176, 7040016.647411690093577 ], [ 256770.998290849936893, 7040016.647411690093577 ], [ 256770.998290849936893, 7040021.650602280162275 ], [ 256765.995100260013714, 7040021.650602280162275 ], [ 256765.995100260013714, 7040026.653792870230973 ], [ 256760.991909670061432, 7040026.653792870230973 ], [ 256760.991909670061432, 7040031.656983459368348 ], [ 256755.988719080109149, 7040031.656983459368348 ], [ 256755.988719080109149, 7040036.660174049437046 ], [ 256750.985528490156867, 7040036.660174049437046 ], [ 256750.985528490156867, 7040041.663364639505744 ], [ 256740.979147310252301, 7040041.663364639505744 ], [ 256740.979147310252301, 7040046.666555229574442 ], [ 256730.97276613037684, 7040046.666555229574442 ], [ 256730.97276613037684, 7040041.663364639505744 ], [ 256725.969575540424557, 7040041.663364639505744 ], [ 256725.969575540424557, 7040036.660174049437046 ], [ 256720.966384950472275, 7040036.660174049437046 ], [ 256720.966384950472275, 7040031.656983459368348 ], [ 256715.963194360519992, 7040031.656983459368348 ], [ 256715.963194360519992, 7040026.653792870230973 ], [ 256710.960003770596813, 7040026.653792870230973 ], [ 256710.960003770596813, 7040021.650602280162275 ], [ 256705.956813180644531, 7040021.650602280162275 ], [ 256705.956813180644531, 7040016.647411690093577 ], [ 256700.953622590692248, 7040016.647411690093577 ], [ 256700.953622590692248, 7040011.644221100024879 ], [ 256695.950432000739966, 7040011.644221100024879 ], [ 256695.950432000739966, 7040006.641030509956181 ], [ 256690.947241410787683, 7040006.641030509956181 ], [ 256690.947241410787683, 7040001.637839919887483 ], [ 256685.9440508208354, 7040001.637839919887483 ], [ 256685.9440508208354, 7039996.634649329818785 ], [ 256680.940860230912222, 7039996.634649329818785 ], [ 256680.940860230912222, 7039991.631458739750087 ], [ 256675.937669640959939, 7039991.631458739750087 ], [ 256675.937669640959939, 7039986.628268150612712 ], [ 256670.934479051007656, 7039986.628268150612712 ], [ 256670.934479051007656, 7039981.625077560544014 ], [ 256665.931288461055374, 7039981.625077560544014 ], [ 256665.931288461055374, 7039976.621886970475316 ], [ 256660.928097871103091, 7039976.621886970475316 ], [ 256660.928097871103091, 7039971.618696380406618 ], [ 256655.924907281179912, 7039971.618696380406618 ], [ 256655.924907281179912, 7039951.605934020131826 ], [ 256660.928097871103091, 7039951.605934020131826 ], [ 256660.928097871103091, 7039946.602743430994451 ], [ 256665.931288461055374, 7039946.602743430994451 ], [ 256665.931288461055374, 7039941.599552840925753 ], [ 256670.934479051007656, 7039941.599552840925753 ], [ 256670.934479051007656, 7039936.596362250857055 ], [ 256675.937669640959939, 7039936.596362250857055 ], [ 256675.937669640959939, 7039931.593171660788357 ], [ 256680.940860230912222, 7039931.593171660788357 ], [ 256680.940860230912222, 7039926.589981070719659 ], [ 256685.9440508208354, 7039926.589981070719659 ], [ 256685.9440508208354, 7039921.586790480650961 ], [ 256690.947241410787683, 7039921.586790480650961 ], [ 256690.947241410787683, 7039916.583599890582263 ], [ 256695.950432000739966, 7039916.583599890582263 ], [ 256695.950432000739966, 7039911.580409301444888 ], [ 256700.953622590692248, 7039911.580409301444888 ], [ 256700.953622590692248, 7039906.57721871137619 ], [ 256705.956813180644531, 7039906.57721871137619 ], [ 256705.956813180644531, 7039901.574028121307492 ], [ 256710.960003770596813, 7039901.574028121307492 ], [ 256710.960003770596813, 7039896.570837531238794 ], [ 256715.963194360519992, 7039896.570837531238794 ], [ 256715.963194360519992, 7039891.567646941170096 ], [ 256720.966384950472275, 7039891.567646941170096 ], [ 256720.966384950472275, 7039881.561265761032701 ], [ 256725.969575540424557, 7039881.561265761032701 ], [ 256725.969575540424557, 7039876.558075170964003 ], [ 256730.97276613037684, 7039876.558075170964003 ], [ 256730.97276613037684, 7039871.554884581826627 ], [ 256735.975956720329123, 7039871.554884581826627 ], [ 256735.975956720329123, 7039866.551693991757929 ], [ 256740.979147310252301, 7039866.551693991757929 ], [ 256740.979147310252301, 7039861.548503401689231 ], [ 256745.982337900204584, 7039861.548503401689231 ], [ 256745.982337900204584, 7039856.545312811620533 ], [ 256750.985528490156867, 7039856.545312811620533 ], [ 256750.985528490156867, 7039851.542122221551836 ], [ 256745.982337900204584, 7039851.542122221551836 ], [ 256745.982337900204584, 7039846.538931631483138 ], [ 256740.979147310252301, 7039846.538931631483138 ], [ 256740.979147310252301, 7039841.53574104141444 ], [ 256735.975956720329123, 7039841.53574104141444 ], [ 256735.975956720329123, 7039836.532550451345742 ], [ 256730.97276613037684, 7039836.532550451345742 ], [ 256730.97276613037684, 7039831.529359862208366 ], [ 256725.969575540424557, 7039831.529359862208366 ], [ 256725.969575540424557, 7039826.526169272139668 ], [ 256720.966384950472275, 7039826.526169272139668 ], [ 256720.966384950472275, 7039821.522978682070971 ], [ 256715.963194360519992, 7039821.522978682070971 ], [ 256715.963194360519992, 7039816.519788092002273 ], [ 256710.960003770596813, 7039816.519788092002273 ], [ 256710.960003770596813, 7039811.516597501933575 ], [ 256705.956813180644531, 7039811.516597501933575 ], [ 256705.956813180644531, 7039806.513406911864877 ], [ 256700.953622590692248, 7039806.513406911864877 ], [ 256700.953622590692248, 7039791.503835142590106 ], [ 256705.956813180644531, 7039791.503835142590106 ], [ 256705.956813180644531, 7039786.500644552521408 ], [ 256700.953622590692248, 7039786.500644552521408 ], [ 256700.953622590692248, 7039771.491072782315314 ], [ 256705.956813180644531, 7039771.491072782315314 ], [ 256705.956813180644531, 7039766.487882192246616 ], [ 256710.960003770596813, 7039766.487882192246616 ], [ 256710.960003770596813, 7039761.484691602177918 ], [ 256715.963194360519992, 7039761.484691602177918 ], [ 256715.963194360519992, 7039756.481501013040543 ], [ 256720.966384950472275, 7039756.481501013040543 ], [ 256720.966384950472275, 7039751.478310422971845 ], [ 256725.969575540424557, 7039751.478310422971845 ], [ 256725.969575540424557, 7039746.475119832903147 ], [ 256730.97276613037684, 7039746.475119832903147 ], [ 256730.97276613037684, 7039741.471929242834449 ], [ 256735.975956720329123, 7039741.471929242834449 ], [ 256735.975956720329123, 7039731.465548062697053 ], [ 256730.97276613037684, 7039731.465548062697053 ], [ 256730.97276613037684, 7039721.459166882559657 ], [ 256725.969575540424557, 7039721.459166882559657 ], [ 256725.969575540424557, 7039711.452785703353584 ], [ 256720.966384950472275, 7039711.452785703353584 ], [ 256720.966384950472275, 7039701.446404523216188 ], [ 256715.963194360519992, 7039701.446404523216188 ], [ 256715.963194360519992, 7039696.44321393314749 ], [ 256710.960003770596813, 7039696.44321393314749 ], [ 256710.960003770596813, 7039686.436832753010094 ], [ 256705.956813180644531, 7039686.436832753010094 ], [ 256705.956813180644531, 7039656.417689213529229 ], [ 256700.953622590692248, 7039656.417689213529229 ], [ 256700.953622590692248, 7039651.414498623460531 ], [ 256695.950432000739966, 7039651.414498623460531 ], [ 256695.950432000739966, 7039621.395355083979666 ], [ 256690.947241410787683, 7039621.395355083979666 ], [ 256690.947241410787683, 7039606.385783313773572 ], [ 256685.9440508208354, 7039606.385783313773572 ], [ 256685.9440508208354, 7039611.38897390384227 ], [ 256680.940860230912222, 7039611.38897390384227 ], [ 256680.940860230912222, 7039616.392164493910968 ], [ 256675.937669640959939, 7039616.392164493910968 ], [ 256675.937669640959939, 7039621.395355083979666 ], [ 256670.934479051007656, 7039621.395355083979666 ], [ 256670.934479051007656, 7039626.398545674048364 ], [ 256665.931288461055374, 7039626.398545674048364 ], [ 256665.931288461055374, 7039631.401736264117062 ], [ 256660.928097871103091, 7039631.401736264117062 ], [ 256660.928097871103091, 7039641.408117444254458 ], [ 256665.931288461055374, 7039641.408117444254458 ], [ 256665.931288461055374, 7039646.411308033391833 ], [ 256670.934479051007656, 7039646.411308033391833 ], [ 256670.934479051007656, 7039651.414498623460531 ], [ 256675.937669640959939, 7039651.414498623460531 ], [ 256675.937669640959939, 7039656.417689213529229 ], [ 256680.940860230912222, 7039656.417689213529229 ], [ 256680.940860230912222, 7039661.420879803597927 ], [ 256685.9440508208354, 7039661.420879803597927 ], [ 256685.9440508208354, 7039666.424070393666625 ], [ 256690.947241410787683, 7039666.424070393666625 ], [ 256690.947241410787683, 7039671.427260983735323 ], [ 256695.950432000739966, 7039671.427260983735323 ], [ 256695.950432000739966, 7039691.440023343078792 ], [ 256690.947241410787683, 7039691.440023343078792 ], [ 256690.947241410787683, 7039696.44321393314749 ], [ 256685.9440508208354, 7039696.44321393314749 ], [ 256685.9440508208354, 7039701.446404523216188 ], [ 256680.940860230912222, 7039701.446404523216188 ], [ 256680.940860230912222, 7039706.449595113284886 ], [ 256675.937669640959939, 7039706.449595113284886 ], [ 256675.937669640959939, 7039711.452785703353584 ], [ 256670.934479051007656, 7039711.452785703353584 ], [ 256670.934479051007656, 7039716.455976293422282 ], [ 256665.931288461055374, 7039716.455976293422282 ], [ 256665.931288461055374, 7039721.459166882559657 ], [ 256660.928097871103091, 7039721.459166882559657 ], [ 256660.928097871103091, 7039726.462357472628355 ], [ 256655.924907281179912, 7039726.462357472628355 ], [ 256655.924907281179912, 7039731.465548062697053 ], [ 256650.92171669122763, 7039731.465548062697053 ], [ 256650.92171669122763, 7039736.468738652765751 ], [ 256645.918526101275347, 7039736.468738652765751 ], [ 256645.918526101275347, 7039741.471929242834449 ], [ 256640.915335511323065, 7039741.471929242834449 ], [ 256640.915335511323065, 7039746.475119832903147 ], [ 256635.912144921370782, 7039746.475119832903147 ], [ 256635.912144921370782, 7039751.478310422971845 ], [ 256630.908954331418499, 7039751.478310422971845 ], [ 256630.908954331418499, 7039756.481501013040543 ], [ 256625.905763741495321, 7039756.481501013040543 ], [ 256625.905763741495321, 7039761.484691602177918 ], [ 256605.89300138168619, 7039761.484691602177918 ], [ 256605.89300138168619, 7039756.481501013040543 ], [ 256600.889810791763011, 7039756.481501013040543 ], [ 256600.889810791763011, 7039751.478310422971845 ], [ 256595.886620201810729, 7039751.478310422971845 ], [ 256595.886620201810729, 7039746.475119832903147 ], [ 256590.883429611858446, 7039746.475119832903147 ], [ 256590.883429611858446, 7039741.471929242834449 ], [ 256585.880239021906164, 7039741.471929242834449 ], [ 256585.880239021906164, 7039736.468738652765751 ], [ 256580.877048431953881, 7039736.468738652765751 ], [ 256580.877048431953881, 7039731.465548062697053 ], [ 256575.873857842001598, 7039731.465548062697053 ], [ 256575.873857842001598, 7039726.462357472628355 ], [ 256570.87066725207842, 7039726.462357472628355 ], [ 256570.87066725207842, 7039721.459166882559657 ], [ 256565.867476662126137, 7039721.459166882559657 ], [ 256565.867476662126137, 7039716.455976293422282 ], [ 256560.864286072173854, 7039716.455976293422282 ], [ 256560.864286072173854, 7039711.452785703353584 ], [ 256555.861095482221572, 7039711.452785703353584 ], [ 256555.861095482221572, 7039706.449595113284886 ], [ 256550.857904892269289, 7039706.449595113284886 ], [ 256550.857904892269289, 7039701.446404523216188 ], [ 256545.85471430234611, 7039701.446404523216188 ], [ 256545.85471430234611, 7039696.44321393314749 ], [ 256540.851523712393828, 7039696.44321393314749 ], [ 256540.851523712393828, 7039691.440023343078792 ], [ 256535.848333122441545, 7039691.440023343078792 ], [ 256535.848333122441545, 7039686.436832753010094 ], [ 256530.845142532489263, 7039686.436832753010094 ], [ 256530.845142532489263, 7039676.430451573804021 ], [ 256535.848333122441545, 7039676.430451573804021 ], [ 256535.848333122441545, 7039671.427260983735323 ], [ 256540.851523712393828, 7039671.427260983735323 ], [ 256540.851523712393828, 7039666.424070393666625 ], [ 256545.85471430234611, 7039666.424070393666625 ], [ 256545.85471430234611, 7039661.420879803597927 ], [ 256550.857904892269289, 7039661.420879803597927 ], [ 256550.857904892269289, 7039656.417689213529229 ], [ 256555.861095482221572, 7039656.417689213529229 ], [ 256555.861095482221572, 7039651.414498623460531 ], [ 256560.864286072173854, 7039651.414498623460531 ], [ 256560.864286072173854, 7039646.411308033391833 ], [ 256565.867476662126137, 7039646.411308033391833 ], [ 256565.867476662126137, 7039641.408117444254458 ], [ 256570.87066725207842, 7039641.408117444254458 ], [ 256570.87066725207842, 7039631.401736264117062 ], [ 256565.867476662126137, 7039631.401736264117062 ], [ 256565.867476662126137, 7039626.398545674048364 ], [ 256560.864286072173854, 7039626.398545674048364 ], [ 256560.864286072173854, 7039621.395355083979666 ], [ 256555.861095482221572, 7039621.395355083979666 ], [ 256555.861095482221572, 7039616.392164493910968 ], [ 256550.857904892269289, 7039616.392164493910968 ], [ 256550.857904892269289, 7039611.38897390384227 ], [ 256545.85471430234611, 7039611.38897390384227 ], [ 256545.85471430234611, 7039606.385783313773572 ], [ 256540.851523712393828, 7039606.385783313773572 ], [ 256540.851523712393828, 7039601.382592724636197 ], [ 256535.848333122441545, 7039601.382592724636197 ], [ 256535.848333122441545, 7039576.366639774292707 ], [ 256540.851523712393828, 7039576.366639774292707 ], [ 256540.851523712393828, 7039571.36344918422401 ], [ 256545.85471430234611, 7039571.36344918422401 ], [ 256545.85471430234611, 7039566.360258595086634 ], [ 256550.857904892269289, 7039566.360258595086634 ], [ 256550.857904892269289, 7039561.357068005017936 ], [ 256555.861095482221572, 7039561.357068005017936 ], [ 256555.861095482221572, 7039556.353877414949238 ], [ 256560.864286072173854, 7039556.353877414949238 ], [ 256560.864286072173854, 7039551.35068682488054 ], [ 256565.867476662126137, 7039551.35068682488054 ], [ 256565.867476662126137, 7039546.347496234811842 ], [ 256560.864286072173854, 7039546.347496234811842 ], [ 256560.864286072173854, 7039531.337924464605749 ], [ 256555.861095482221572, 7039531.337924464605749 ], [ 256555.861095482221572, 7039516.328352695330977 ], [ 256550.857904892269289, 7039516.328352695330977 ], [ 256550.857904892269289, 7039511.32516210526228 ], [ 256540.851523712393828, 7039511.32516210526228 ], [ 256540.851523712393828, 7039506.321971515193582 ], [ 256535.848333122441545, 7039506.321971515193582 ], [ 256535.848333122441545, 7039501.318780925124884 ], [ 256525.84195194253698, 7039501.318780925124884 ], [ 256525.84195194253698, 7039491.312399744987488 ], [ 256515.835570762661519, 7039491.312399744987488 ], [ 256515.835570762661519, 7039486.309209155850112 ], [ 256510.832380172709236, 7039486.309209155850112 ], [ 256510.832380172709236, 7039481.306018565781415 ], [ 256505.829189582756953, 7039481.306018565781415 ], [ 256505.829189582756953, 7039476.302827975712717 ], [ 256495.822808402852388, 7039476.302827975712717 ], [ 256495.822808402852388, 7039471.299637385644019 ], [ 256490.819617812929209, 7039471.299637385644019 ], [ 256490.819617812929209, 7039481.306018565781415 ], [ 256495.822808402852388, 7039481.306018565781415 ], [ 256495.822808402852388, 7039501.318780925124884 ], [ 256485.816427222976927, 7039501.318780925124884 ], [ 256485.816427222976927, 7039496.315590335056186 ], [ 256475.810046043072361, 7039496.315590335056186 ], [ 256475.810046043072361, 7039486.309209155850112 ], [ 256470.806855453120079, 7039486.309209155850112 ], [ 256470.806855453120079, 7039476.302827975712717 ], [ 256465.803664863167796, 7039476.302827975712717 ], [ 256465.803664863167796, 7039451.28687502630055 ], [ 256470.806855453120079, 7039451.28687502630055 ], [ 256470.806855453120079, 7039446.283684436231852 ], [ 256475.810046043072361, 7039446.283684436231852 ], [ 256475.810046043072361, 7039451.28687502630055 ], [ 256485.816427222976927, 7039451.28687502630055 ], [ 256485.816427222976927, 7039446.283684436231852 ], [ 256490.819617812929209, 7039446.283684436231852 ], [ 256490.819617812929209, 7039406.258159716613591 ], [ 256485.816427222976927, 7039406.258159716613591 ], [ 256485.816427222976927, 7039381.242206766270101 ], [ 256490.819617812929209, 7039381.242206766270101 ], [ 256490.819617812929209, 7039371.235825587064028 ], [ 256495.822808402852388, 7039371.235825587064028 ], [ 256495.822808402852388, 7039351.223063226789236 ], [ 256490.819617812929209, 7039351.223063226789236 ], [ 256490.819617812929209, 7039346.219872636720538 ], [ 256485.816427222976927, 7039346.219872636720538 ], [ 256485.816427222976927, 7039341.21668204665184 ], [ 256480.813236633024644, 7039341.21668204665184 ], [ 256480.813236633024644, 7039306.194347917102277 ], [ 256475.810046043072361, 7039306.194347917102277 ], [ 256475.810046043072361, 7039291.184776147827506 ], [ 256480.813236633024644, 7039291.184776147827506 ], [ 256480.813236633024644, 7039266.168823197484016 ], [ 256485.816427222976927, 7039266.168823197484016 ], [ 256485.816427222976927, 7039206.130536118522286 ], [ 256490.819617812929209, 7039206.130536118522286 ], [ 256490.819617812929209, 7039201.127345528453588 ], [ 256495.822808402852388, 7039201.127345528453588 ], [ 256495.822808402852388, 7039191.120964348316193 ], [ 256490.819617812929209, 7039191.120964348316193 ], [ 256490.819617812929209, 7039166.105011398904026 ], [ 256495.822808402852388, 7039166.105011398904026 ], [ 256495.822808402852388, 7039161.101820808835328 ], [ 256500.825998992804671, 7039161.101820808835328 ], [ 256500.825998992804671, 7039156.09863021876663 ], [ 256495.822808402852388, 7039156.09863021876663 ], [ 256495.822808402852388, 7039151.095439628697932 ], [ 256490.819617812929209, 7039151.095439628697932 ], [ 256490.819617812929209, 7039136.085867859423161 ], [ 256495.822808402852388, 7039136.085867859423161 ], [ 256495.822808402852388, 7039131.082677269354463 ], [ 256500.825998992804671, 7039131.082677269354463 ], [ 256500.825998992804671, 7039126.079486679285765 ], [ 256505.829189582756953, 7039126.079486679285765 ], [ 256505.829189582756953, 7039121.076296089217067 ], [ 256510.832380172709236, 7039121.076296089217067 ], [ 256510.832380172709236, 7039116.073105499148369 ], [ 256515.835570762661519, 7039116.073105499148369 ], [ 256515.835570762661519, 7039111.069914909079671 ], [ 256520.838761352584697, 7039111.069914909079671 ], [ 256520.838761352584697, 7039106.066724319942296 ], [ 256515.835570762661519, 7039106.066724319942296 ], [ 256515.835570762661519, 7039101.063533729873598 ], [ 256510.832380172709236, 7039101.063533729873598 ], [ 256510.832380172709236, 7039096.0603431398049 ], [ 256515.835570762661519, 7039096.0603431398049 ], [ 256515.835570762661519, 7039091.057152549736202 ], [ 256520.838761352584697, 7039091.057152549736202 ], [ 256520.838761352584697, 7039086.053961959667504 ], [ 256530.845142532489263, 7039086.053961959667504 ], [ 256530.845142532489263, 7039081.050771369598806 ], [ 256535.848333122441545, 7039081.050771369598806 ], [ 256535.848333122441545, 7039076.047580779530108 ], [ 256545.85471430234611, 7039076.047580779530108 ], [ 256545.85471430234611, 7039071.04439018946141 ], [ 256555.861095482221572, 7039071.04439018946141 ], [ 256555.861095482221572, 7039061.038009010255337 ], [ 256560.864286072173854, 7039061.038009010255337 ], [ 256560.864286072173854, 7039056.034818420186639 ], [ 256565.867476662126137, 7039056.034818420186639 ], [ 256565.867476662126137, 7039051.031627830117941 ], [ 256570.87066725207842, 7039051.031627830117941 ], [ 256570.87066725207842, 7039046.028437240049243 ], [ 256580.877048431953881, 7039046.028437240049243 ], [ 256580.877048431953881, 7039021.012484290637076 ], [ 256590.883429611858446, 7039021.012484290637076 ], [ 256590.883429611858446, 7039016.009293700568378 ], [ 256600.889810791763011, 7039016.009293700568378 ], [ 256600.889810791763011, 7039011.00610311049968 ], [ 256605.89300138168619, 7039011.00610311049968 ], [ 256605.89300138168619, 7039006.002912520430982 ], [ 256610.896191971638473, 7039006.002912520430982 ], [ 256610.896191971638473, 7039000.999721930362284 ], [ 256635.912144921370782, 7039000.999721930362284 ], [ 256635.912144921370782, 7038995.996531340293586 ], [ 256640.915335511323065, 7038995.996531340293586 ], [ 256640.915335511323065, 7038980.986959571018815 ], [ 256645.918526101275347, 7038980.986959571018815 ], [ 256645.918526101275347, 7038970.980578390881419 ], [ 256650.92171669122763, 7038970.980578390881419 ], [ 256650.92171669122763, 7038955.971006620675325 ], [ 256655.924907281179912, 7038955.971006620675325 ], [ 256655.924907281179912, 7038930.955053671263158 ], [ 256660.928097871103091, 7038930.955053671263158 ], [ 256660.928097871103091, 7038920.948672491125762 ], [ 256665.931288461055374, 7038920.948672491125762 ], [ 256665.931288461055374, 7038915.945481901988387 ], [ 256670.934479051007656, 7038915.945481901988387 ], [ 256670.934479051007656, 7038910.942291311919689 ], [ 256675.937669640959939, 7038910.942291311919689 ], [ 256675.937669640959939, 7038905.939100721850991 ], [ 256680.940860230912222, 7038905.939100721850991 ], [ 256680.940860230912222, 7038900.935910131782293 ], [ 256685.9440508208354, 7038900.935910131782293 ], [ 256685.9440508208354, 7038890.929528951644897 ], [ 256690.947241410787683, 7038890.929528951644897 ], [ 256690.947241410787683, 7038880.923147771507502 ], [ 256685.9440508208354, 7038880.923147771507502 ], [ 256685.9440508208354, 7038875.919957182370126 ], [ 256660.928097871103091, 7038875.919957182370126 ], [ 256660.928097871103091, 7038880.923147771507502 ], [ 256650.92171669122763, 7038880.923147771507502 ], [ 256650.92171669122763, 7038855.907194822095335 ], [ 256645.918526101275347, 7038855.907194822095335 ], [ 256645.918526101275347, 7038880.923147771507502 ], [ 256640.915335511323065, 7038880.923147771507502 ], [ 256640.915335511323065, 7038890.929528951644897 ], [ 256635.912144921370782, 7038890.929528951644897 ], [ 256635.912144921370782, 7038900.935910131782293 ], [ 256630.908954331418499, 7038900.935910131782293 ], [ 256630.908954331418499, 7038905.939100721850991 ], [ 256625.905763741495321, 7038905.939100721850991 ], [ 256625.905763741495321, 7038915.945481901988387 ], [ 256620.902573151543038, 7038915.945481901988387 ], [ 256620.902573151543038, 7038920.948672491125762 ], [ 256615.899382561590755, 7038920.948672491125762 ], [ 256615.899382561590755, 7038950.96781603153795 ], [ 256610.896191971638473, 7038950.96781603153795 ], [ 256610.896191971638473, 7038955.971006620675325 ], [ 256605.89300138168619, 7038955.971006620675325 ], [ 256605.89300138168619, 7038960.974197210744023 ], [ 256600.889810791763011, 7038960.974197210744023 ], [ 256600.889810791763011, 7038975.983768980950117 ], [ 256605.89300138168619, 7038975.983768980950117 ], [ 256605.89300138168619, 7038980.986959571018815 ], [ 256600.889810791763011, 7038980.986959571018815 ], [ 256600.889810791763011, 7038985.990150161087513 ], [ 256585.880239021906164, 7038985.990150161087513 ], [ 256585.880239021906164, 7038990.993340751156211 ], [ 256580.877048431953881, 7038990.993340751156211 ], [ 256580.877048431953881, 7038995.996531340293586 ], [ 256570.87066725207842, 7038995.996531340293586 ], [ 256570.87066725207842, 7039000.999721930362284 ], [ 256565.867476662126137, 7039000.999721930362284 ], [ 256565.867476662126137, 7039006.002912520430982 ], [ 256560.864286072173854, 7039006.002912520430982 ], [ 256560.864286072173854, 7039011.00610311049968 ], [ 256555.861095482221572, 7039011.00610311049968 ], [ 256555.861095482221572, 7039016.009293700568378 ], [ 256550.857904892269289, 7039016.009293700568378 ], [ 256550.857904892269289, 7039021.012484290637076 ], [ 256545.85471430234611, 7039021.012484290637076 ], [ 256545.85471430234611, 7039026.015674880705774 ], [ 256540.851523712393828, 7039026.015674880705774 ], [ 256540.851523712393828, 7039031.018865470774472 ], [ 256530.845142532489263, 7039031.018865470774472 ], [ 256530.845142532489263, 7039036.022056059911847 ], [ 256525.84195194253698, 7039036.022056059911847 ], [ 256525.84195194253698, 7039041.025246649980545 ], [ 256515.835570762661519, 7039041.025246649980545 ], [ 256515.835570762661519, 7039051.031627830117941 ], [ 256510.832380172709236, 7039051.031627830117941 ], [ 256510.832380172709236, 7039056.034818420186639 ], [ 256505.829189582756953, 7039056.034818420186639 ], [ 256505.829189582756953, 7039061.038009010255337 ], [ 256500.825998992804671, 7039061.038009010255337 ], [ 256500.825998992804671, 7039071.04439018946141 ], [ 256495.822808402852388, 7039071.04439018946141 ], [ 256495.822808402852388, 7039081.050771369598806 ], [ 256490.819617812929209, 7039081.050771369598806 ], [ 256490.819617812929209, 7039091.057152549736202 ], [ 256480.813236633024644, 7039091.057152549736202 ], [ 256480.813236633024644, 7039096.0603431398049 ], [ 256465.803664863167796, 7039096.0603431398049 ], [ 256465.803664863167796, 7039106.066724319942296 ], [ 256460.800474273244618, 7039106.066724319942296 ], [ 256460.800474273244618, 7039111.069914909079671 ], [ 256450.794093093340052, 7039111.069914909079671 ], [ 256450.794093093340052, 7039116.073105499148369 ], [ 256445.79090250338777, 7039116.073105499148369 ], [ 256445.79090250338777, 7039121.076296089217067 ], [ 256440.787711913435487, 7039121.076296089217067 ], [ 256440.787711913435487, 7039126.079486679285765 ], [ 256420.77494955365546, 7039126.079486679285765 ], [ 256420.77494955365546, 7039136.085867859423161 ], [ 256415.771758963703178, 7039136.085867859423161 ], [ 256415.771758963703178, 7039141.089058449491858 ], [ 256385.752615424018586, 7039141.089058449491858 ], [ 256385.752615424018586, 7039146.092249039560556 ], [ 256370.743043654190842, 7039146.092249039560556 ], [ 256370.743043654190842, 7039151.095439628697932 ], [ 256345.727090704458533, 7039151.095439628697932 ], [ 256345.727090704458533, 7039146.092249039560556 ], [ 256310.704756574821658, 7039146.092249039560556 ], [ 256310.704756574821658, 7039151.095439628697932 ], [ 256305.701565984869376, 7039151.095439628697932 ], [ 256305.701565984869376, 7039156.09863021876663 ], [ 256295.695184804993914, 7039156.09863021876663 ], [ 256295.695184804993914, 7039166.105011398904026 ], [ 256290.691994215041632, 7039166.105011398904026 ], [ 256290.691994215041632, 7039171.108201988972723 ], [ 256285.688803625089349, 7039171.108201988972723 ], [ 256285.688803625089349, 7039176.111392579041421 ], [ 256280.685613035137067, 7039176.111392579041421 ], [ 256280.685613035137067, 7039181.114583169110119 ], [ 256275.682422445184784, 7039181.114583169110119 ], [ 256275.682422445184784, 7039186.117773758247495 ], [ 256270.679231855261605, 7039186.117773758247495 ], [ 256270.679231855261605, 7039191.120964348316193 ], [ 256265.676041265309323, 7039191.120964348316193 ], [ 256265.676041265309323, 7039196.124154938384891 ], [ 256260.67285067535704, 7039196.124154938384891 ], [ 256260.67285067535704, 7039201.127345528453588 ], [ 256255.669660085404757, 7039201.127345528453588 ], [ 256255.669660085404757, 7039206.130536118522286 ], [ 256250.666469495452475, 7039206.130536118522286 ], [ 256250.666469495452475, 7039211.133726708590984 ], [ 256245.663278905500192, 7039211.133726708590984 ], [ 256245.663278905500192, 7039216.136917298659682 ], [ 256240.660088315577013, 7039216.136917298659682 ], [ 256240.660088315577013, 7039221.14010788872838 ], [ 256235.656897725624731, 7039221.14010788872838 ], [ 256235.656897725624731, 7039226.143298477865756 ], [ 256230.653707135672448, 7039226.143298477865756 ], [ 256230.653707135672448, 7039231.146489067934453 ], [ 256225.650516545720166, 7039231.146489067934453 ], [ 256225.650516545720166, 7039236.149679658003151 ], [ 256220.647325955767883, 7039236.149679658003151 ], [ 256220.647325955767883, 7039241.152870248071849 ], [ 256210.640944775892422, 7039241.152870248071849 ], [ 256210.640944775892422, 7039236.149679658003151 ], [ 256205.637754185940139, 7039236.149679658003151 ], [ 256205.637754185940139, 7039231.146489067934453 ], [ 256200.634563595987856, 7039231.146489067934453 ], [ 256200.634563595987856, 7039226.143298477865756 ], [ 256195.631373006035574, 7039226.143298477865756 ], [ 256195.631373006035574, 7039221.14010788872838 ], [ 256190.628182416083291, 7039221.14010788872838 ], [ 256190.628182416083291, 7039216.136917298659682 ], [ 256185.624991826160112, 7039216.136917298659682 ], [ 256185.624991826160112, 7039211.133726708590984 ], [ 256180.62180123620783, 7039211.133726708590984 ], [ 256180.62180123620783, 7039206.130536118522286 ], [ 256175.618610646255547, 7039206.130536118522286 ], [ 256175.618610646255547, 7039201.127345528453588 ], [ 256170.615420056303265, 7039201.127345528453588 ], [ 256170.615420056303265, 7039196.124154938384891 ], [ 256165.612229466350982, 7039196.124154938384891 ], [ 256165.612229466350982, 7039191.120964348316193 ], [ 256160.609038876427803, 7039191.120964348316193 ], [ 256160.609038876427803, 7039186.117773758247495 ], [ 256155.605848286475521, 7039186.117773758247495 ], [ 256155.605848286475521, 7039181.114583169110119 ], [ 256150.602657696523238, 7039181.114583169110119 ], [ 256150.602657696523238, 7039176.111392579041421 ], [ 256145.599467106570955, 7039176.111392579041421 ], [ 256145.599467106570955, 7039171.108201988972723 ], [ 256140.596276516618673, 7039171.108201988972723 ], [ 256140.596276516618673, 7039166.105011398904026 ], [ 256135.59308592666639, 7039166.105011398904026 ], [ 256135.59308592666639, 7039161.101820808835328 ], [ 256130.589895336743211, 7039161.101820808835328 ], [ 256130.589895336743211, 7039151.095439628697932 ], [ 256135.59308592666639, 7039151.095439628697932 ], [ 256135.59308592666639, 7039146.092249039560556 ], [ 256140.596276516618673, 7039146.092249039560556 ], [ 256140.596276516618673, 7039141.089058449491858 ], [ 256145.599467106570955, 7039141.089058449491858 ], [ 256145.599467106570955, 7039136.085867859423161 ], [ 256150.602657696523238, 7039136.085867859423161 ], [ 256150.602657696523238, 7039121.076296089217067 ], [ 256130.589895336743211, 7039121.076296089217067 ], [ 256130.589895336743211, 7039106.066724319942296 ], [ 256135.59308592666639, 7039106.066724319942296 ], [ 256135.59308592666639, 7039096.0603431398049 ], [ 256145.599467106570955, 7039096.0603431398049 ], [ 256145.599467106570955, 7039091.057152549736202 ], [ 256140.596276516618673, 7039091.057152549736202 ], [ 256140.596276516618673, 7039086.053961959667504 ], [ 256135.59308592666639, 7039086.053961959667504 ], [ 256135.59308592666639, 7039081.050771369598806 ], [ 256130.589895336743211, 7039081.050771369598806 ], [ 256130.589895336743211, 7039071.04439018946141 ], [ 256125.586704746790929, 7039071.04439018946141 ], [ 256125.586704746790929, 7039056.034818420186639 ], [ 256130.589895336743211, 7039056.034818420186639 ], [ 256130.589895336743211, 7039046.028437240049243 ], [ 256135.59308592666639, 7039046.028437240049243 ], [ 256135.59308592666639, 7039036.022056059911847 ], [ 256140.596276516618673, 7039036.022056059911847 ], [ 256140.596276516618673, 7039006.002912520430982 ], [ 256145.599467106570955, 7039006.002912520430982 ], [ 256145.599467106570955, 7038990.993340751156211 ], [ 256150.602657696523238, 7038990.993340751156211 ], [ 256150.602657696523238, 7038985.990150161087513 ], [ 256155.605848286475521, 7038985.990150161087513 ], [ 256155.605848286475521, 7038975.983768980950117 ], [ 256160.609038876427803, 7038975.983768980950117 ], [ 256160.609038876427803, 7038965.977387800812721 ], [ 256165.612229466350982, 7038965.977387800812721 ], [ 256165.612229466350982, 7038960.974197210744023 ], [ 256175.618610646255547, 7038960.974197210744023 ], [ 256175.618610646255547, 7038955.971006620675325 ], [ 256180.62180123620783, 7038955.971006620675325 ], [ 256180.62180123620783, 7038950.96781603153795 ], [ 256185.624991826160112, 7038950.96781603153795 ], [ 256185.624991826160112, 7038945.964625441469252 ], [ 256195.631373006035574, 7038945.964625441469252 ], [ 256195.631373006035574, 7038940.961434851400554 ], [ 256205.637754185940139, 7038940.961434851400554 ], [ 256205.637754185940139, 7038935.958244261331856 ], [ 256220.647325955767883, 7038935.958244261331856 ], [ 256220.647325955767883, 7038930.955053671263158 ], [ 256225.650516545720166, 7038930.955053671263158 ], [ 256225.650516545720166, 7038920.948672491125762 ], [ 256230.653707135672448, 7038920.948672491125762 ], [ 256230.653707135672448, 7038910.942291311919689 ], [ 256235.656897725624731, 7038910.942291311919689 ], [ 256235.656897725624731, 7038900.935910131782293 ], [ 256240.660088315577013, 7038900.935910131782293 ], [ 256240.660088315577013, 7038895.932719541713595 ], [ 256250.666469495452475, 7038895.932719541713595 ], [ 256250.666469495452475, 7038890.929528951644897 ], [ 256255.669660085404757, 7038890.929528951644897 ], [ 256255.669660085404757, 7038885.9263383615762 ], [ 256260.67285067535704, 7038885.9263383615762 ], [ 256260.67285067535704, 7038880.923147771507502 ], [ 256265.676041265309323, 7038880.923147771507502 ], [ 256265.676041265309323, 7038875.919957182370126 ], [ 256270.679231855261605, 7038875.919957182370126 ], [ 256270.679231855261605, 7038870.916766592301428 ], [ 256275.682422445184784, 7038870.916766592301428 ], [ 256275.682422445184784, 7038860.910385412164032 ], [ 256280.685613035137067, 7038860.910385412164032 ], [ 256280.685613035137067, 7038850.904004232026637 ], [ 256285.688803625089349, 7038850.904004232026637 ], [ 256285.688803625089349, 7038840.897623051889241 ], [ 256290.691994215041632, 7038840.897623051889241 ], [ 256290.691994215041632, 7038835.894432462751865 ], [ 256295.695184804993914, 7038835.894432462751865 ], [ 256295.695184804993914, 7038830.891241872683167 ], [ 256300.698375394917093, 7038830.891241872683167 ], [ 256300.698375394917093, 7038825.88805128261447 ], [ 256305.701565984869376, 7038825.88805128261447 ], [ 256305.701565984869376, 7038815.881670102477074 ], [ 256310.704756574821658, 7038815.881670102477074 ], [ 256310.704756574821658, 7038810.878479512408376 ], [ 256315.707947164773941, 7038810.878479512408376 ], [ 256315.707947164773941, 7038805.875288922339678 ], [ 256320.711137754726224, 7038805.875288922339678 ], [ 256320.711137754726224, 7038800.872098333202302 ], [ 256325.714328344678506, 7038800.872098333202302 ], [ 256325.714328344678506, 7038795.868907743133605 ], [ 256330.717518934601685, 7038795.868907743133605 ], [ 256330.717518934601685, 7038790.865717153064907 ], [ 256345.727090704458533, 7038790.865717153064907 ], [ 256345.727090704458533, 7038785.862526562996209 ], [ 256355.733471884333994, 7038785.862526562996209 ], [ 256355.733471884333994, 7038780.859335972927511 ], [ 256365.739853064238559, 7038780.859335972927511 ], [ 256365.739853064238559, 7038775.856145382858813 ], [ 256370.743043654190842, 7038775.856145382858813 ], [ 256370.743043654190842, 7038770.852954792790115 ], [ 256375.746234244143125, 7038770.852954792790115 ], [ 256375.746234244143125, 7038765.849764202721417 ], [ 256385.752615424018586, 7038765.849764202721417 ], [ 256385.752615424018586, 7038760.846573613584042 ], [ 256390.755806013970869, 7038760.846573613584042 ], [ 256390.755806013970869, 7038755.843383023515344 ], [ 256400.762187193875434, 7038755.843383023515344 ], [ 256400.762187193875434, 7038750.840192433446646 ], [ 256415.771758963703178, 7038750.840192433446646 ], [ 256415.771758963703178, 7038745.837001843377948 ], [ 256420.77494955365546, 7038745.837001843377948 ], [ 256420.77494955365546, 7038750.840192433446646 ], [ 256425.778140143607743, 7038750.840192433446646 ], [ 256425.778140143607743, 7038755.843383023515344 ], [ 256430.781330733560026, 7038755.843383023515344 ], [ 256430.781330733560026, 7038775.856145382858813 ], [ 256445.79090250338777, 7038775.856145382858813 ], [ 256445.79090250338777, 7038780.859335972927511 ], [ 256455.797283683292335, 7038780.859335972927511 ], [ 256455.797283683292335, 7038785.862526562996209 ], [ 256460.800474273244618, 7038785.862526562996209 ], [ 256460.800474273244618, 7038790.865717153064907 ], [ 256470.806855453120079, 7038790.865717153064907 ], [ 256470.806855453120079, 7038785.862526562996209 ], [ 256475.810046043072361, 7038785.862526562996209 ], [ 256475.810046043072361, 7038780.859335972927511 ], [ 256480.813236633024644, 7038780.859335972927511 ], [ 256480.813236633024644, 7038775.856145382858813 ], [ 256485.816427222976927, 7038775.856145382858813 ], [ 256485.816427222976927, 7038770.852954792790115 ], [ 256490.819617812929209, 7038770.852954792790115 ], [ 256490.819617812929209, 7038765.849764202721417 ], [ 256495.822808402852388, 7038765.849764202721417 ], [ 256495.822808402852388, 7038760.846573613584042 ], [ 256515.835570762661519, 7038760.846573613584042 ], [ 256515.835570762661519, 7038765.849764202721417 ], [ 256520.838761352584697, 7038765.849764202721417 ], [ 256520.838761352584697, 7038770.852954792790115 ], [ 256525.84195194253698, 7038770.852954792790115 ], [ 256525.84195194253698, 7038765.849764202721417 ], [ 256530.845142532489263, 7038765.849764202721417 ], [ 256530.845142532489263, 7038760.846573613584042 ], [ 256535.848333122441545, 7038760.846573613584042 ], [ 256535.848333122441545, 7038755.843383023515344 ], [ 256540.851523712393828, 7038755.843383023515344 ], [ 256540.851523712393828, 7038750.840192433446646 ], [ 256545.85471430234611, 7038750.840192433446646 ], [ 256545.85471430234611, 7038745.837001843377948 ], [ 256550.857904892269289, 7038745.837001843377948 ], [ 256550.857904892269289, 7038735.830620663240552 ], [ 256555.861095482221572, 7038735.830620663240552 ], [ 256555.861095482221572, 7038730.827430073171854 ], [ 256570.87066725207842, 7038730.827430073171854 ], [ 256570.87066725207842, 7038735.830620663240552 ], [ 256575.873857842001598, 7038735.830620663240552 ], [ 256575.873857842001598, 7038740.83381125330925 ], [ 256585.880239021906164, 7038740.83381125330925 ], [ 256585.880239021906164, 7038745.837001843377948 ], [ 256590.883429611858446, 7038745.837001843377948 ], [ 256590.883429611858446, 7038750.840192433446646 ], [ 256600.889810791763011, 7038750.840192433446646 ], [ 256600.889810791763011, 7038755.843383023515344 ], [ 256605.89300138168619, 7038755.843383023515344 ], [ 256605.89300138168619, 7038760.846573613584042 ], [ 256610.896191971638473, 7038760.846573613584042 ], [ 256610.896191971638473, 7038770.852954792790115 ], [ 256615.899382561590755, 7038770.852954792790115 ], [ 256615.899382561590755, 7038775.856145382858813 ], [ 256620.902573151543038, 7038775.856145382858813 ], [ 256620.902573151543038, 7038785.862526562996209 ], [ 256625.905763741495321, 7038785.862526562996209 ], [ 256625.905763741495321, 7038795.868907743133605 ], [ 256630.908954331418499, 7038795.868907743133605 ], [ 256630.908954331418499, 7038800.872098333202302 ], [ 256635.912144921370782, 7038800.872098333202302 ], [ 256635.912144921370782, 7038810.878479512408376 ], [ 256640.915335511323065, 7038810.878479512408376 ], [ 256640.915335511323065, 7038820.884860692545772 ], [ 256645.918526101275347, 7038820.884860692545772 ], [ 256645.918526101275347, 7038840.897623051889241 ], [ 256655.924907281179912, 7038840.897623051889241 ], [ 256655.924907281179912, 7038820.884860692545772 ], [ 256650.92171669122763, 7038820.884860692545772 ], [ 256650.92171669122763, 7038810.878479512408376 ], [ 256655.924907281179912, 7038810.878479512408376 ], [ 256655.924907281179912, 7038800.872098333202302 ], [ 256660.928097871103091, 7038800.872098333202302 ], [ 256660.928097871103091, 7038795.868907743133605 ], [ 256665.931288461055374, 7038795.868907743133605 ], [ 256665.931288461055374, 7038785.862526562996209 ], [ 256670.934479051007656, 7038785.862526562996209 ], [ 256670.934479051007656, 7038780.859335972927511 ], [ 256675.937669640959939, 7038780.859335972927511 ], [ 256675.937669640959939, 7038775.856145382858813 ], [ 256680.940860230912222, 7038775.856145382858813 ], [ 256680.940860230912222, 7038770.852954792790115 ], [ 256685.9440508208354, 7038770.852954792790115 ], [ 256685.9440508208354, 7038775.856145382858813 ], [ 256695.950432000739966, 7038775.856145382858813 ], [ 256695.950432000739966, 7038780.859335972927511 ], [ 256705.956813180644531, 7038780.859335972927511 ], [ 256705.956813180644531, 7038785.862526562996209 ], [ 256725.969575540424557, 7038785.862526562996209 ], [ 256725.969575540424557, 7038780.859335972927511 ], [ 256735.975956720329123, 7038780.859335972927511 ], [ 256735.975956720329123, 7038775.856145382858813 ], [ 256740.979147310252301, 7038775.856145382858813 ], [ 256740.979147310252301, 7038770.852954792790115 ], [ 256750.985528490156867, 7038770.852954792790115 ], [ 256750.985528490156867, 7038765.849764202721417 ], [ 256755.988719080109149, 7038765.849764202721417 ], [ 256755.988719080109149, 7038760.846573613584042 ], [ 256760.991909670061432, 7038760.846573613584042 ], [ 256760.991909670061432, 7038750.840192433446646 ], [ 256765.995100260013714, 7038750.840192433446646 ], [ 256765.995100260013714, 7038740.83381125330925 ], [ 256770.998290849936893, 7038740.83381125330925 ], [ 256770.998290849936893, 7038725.824239483103156 ], [ 256776.001481439889176, 7038725.824239483103156 ], [ 256776.001481439889176, 7038715.817858303897083 ], [ 256781.004672029841458, 7038715.817858303897083 ], [ 256781.004672029841458, 7038705.811477123759687 ], [ 256786.007862619793741, 7038705.811477123759687 ], [ 256786.007862619793741, 7038700.808286533690989 ], [ 256791.011053209746024, 7038700.808286533690989 ], [ 256791.011053209746024, 7038695.805095943622291 ], [ 256796.014243799669202, 7038695.805095943622291 ], [ 256796.014243799669202, 7038690.801905353553593 ], [ 256801.017434389621485, 7038690.801905353553593 ], [ 256801.017434389621485, 7038685.798714764416218 ], [ 256806.020624979573768, 7038685.798714764416218 ], [ 256806.020624979573768, 7038680.79552417434752 ], [ 256811.02381556952605, 7038680.79552417434752 ], [ 256811.02381556952605, 7038675.792333584278822 ], [ 256816.027006159478333, 7038675.792333584278822 ], [ 256816.027006159478333, 7038670.789142994210124 ], [ 256826.033387339353794, 7038670.789142994210124 ], [ 256826.033387339353794, 7038665.785952404141426 ], [ 256831.036577929306077, 7038665.785952404141426 ], [ 256831.036577929306077, 7038660.782761814072728 ], [ 256841.042959109210642, 7038660.782761814072728 ], [ 256841.042959109210642, 7038655.77957122400403 ], [ 256851.049340289086103, 7038655.77957122400403 ], [ 256851.049340289086103, 7038650.776380633935332 ], [ 256856.052530879038386, 7038650.776380633935332 ], [ 256856.052530879038386, 7038645.773190044797957 ], [ 256861.055721468990669, 7038645.773190044797957 ], [ 256861.055721468990669, 7038640.769999454729259 ], [ 256866.058912058942951, 7038640.769999454729259 ], [ 256866.058912058942951, 7038635.766808864660561 ], [ 256871.062102648895234, 7038635.766808864660561 ], [ 256871.062102648895234, 7038630.763618274591863 ], [ 256876.065293238847516, 7038630.763618274591863 ], [ 256876.065293238847516, 7038605.747665325179696 ], [ 256846.046149699162925, 7038605.747665325179696 ], [ 256846.046149699162925, 7038610.750855915248394 ], [ 256836.039768519258359, 7038610.750855915248394 ], [ 256836.039768519258359, 7038615.754046504385769 ], [ 256831.036577929306077, 7038615.754046504385769 ], [ 256831.036577929306077, 7038620.757237094454467 ], [ 256806.020624979573768, 7038620.757237094454467 ], [ 256806.020624979573768, 7038625.760427684523165 ], [ 256796.014243799669202, 7038625.760427684523165 ], [ 256796.014243799669202, 7038630.763618274591863 ], [ 256786.007862619793741, 7038630.763618274591863 ], [ 256786.007862619793741, 7038625.760427684523165 ], [ 256781.004672029841458, 7038625.760427684523165 ], [ 256781.004672029841458, 7038605.747665325179696 ], [ 256786.007862619793741, 7038605.747665325179696 ], [ 256786.007862619793741, 7038595.7412841450423 ], [ 256791.011053209746024, 7038595.7412841450423 ], [ 256791.011053209746024, 7038575.728521784767509 ], [ 256796.014243799669202, 7038575.728521784767509 ], [ 256796.014243799669202, 7038555.715759425424039 ], [ 256801.017434389621485, 7038555.715759425424039 ], [ 256801.017434389621485, 7038550.712568835355341 ], [ 256806.020624979573768, 7038550.712568835355341 ], [ 256806.020624979573768, 7038545.709378245286644 ], [ 256811.02381556952605, 7038545.709378245286644 ], [ 256811.02381556952605, 7038540.706187655217946 ], [ 256816.027006159478333, 7038540.706187655217946 ], [ 256816.027006159478333, 7038530.699806476011872 ], [ 256821.030196749430615, 7038530.699806476011872 ], [ 256821.030196749430615, 7038525.696615885943174 ], [ 256826.033387339353794, 7038525.696615885943174 ], [ 256826.033387339353794, 7038510.687044115737081 ], [ 256831.036577929306077, 7038510.687044115737081 ], [ 256831.036577929306077, 7038505.683853525668383 ], [ 256786.007862619793741, 7038505.683853525668383 ], [ 256786.007862619793741, 7038500.680662935599685 ], [ 256781.004672029841458, 7038500.680662935599685 ], [ 256781.004672029841458, 7038485.671091166324914 ], [ 256786.007862619793741, 7038485.671091166324914 ], [ 256786.007862619793741, 7038480.667900576256216 ], [ 256791.011053209746024, 7038480.667900576256216 ], [ 256791.011053209746024, 7038475.664709986187518 ], [ 256801.017434389621485, 7038475.664709986187518 ], [ 256801.017434389621485, 7038465.658328806050122 ], [ 256806.020624979573768, 7038465.658328806050122 ], [ 256806.020624979573768, 7038460.655138215981424 ], [ 256811.02381556952605, 7038460.655138215981424 ], [ 256811.02381556952605, 7038440.642375856637955 ], [ 256816.027006159478333, 7038440.642375856637955 ], [ 256816.027006159478333, 7038435.639185266569257 ], [ 256821.030196749430615, 7038435.639185266569257 ], [ 256821.030196749430615, 7038430.635994676500559 ], [ 256826.033387339353794, 7038430.635994676500559 ], [ 256826.033387339353794, 7038425.632804086431861 ], [ 256831.036577929306077, 7038425.632804086431861 ], [ 256831.036577929306077, 7038420.629613496363163 ], [ 256836.039768519258359, 7038420.629613496363163 ], [ 256836.039768519258359, 7038410.62323231715709 ], [ 256841.042959109210642, 7038410.62323231715709 ], [ 256841.042959109210642, 7038400.616851137019694 ], [ 256846.046149699162925, 7038400.616851137019694 ], [ 256846.046149699162925, 7038385.6072793668136 ], [ 256851.049340289086103, 7038385.6072793668136 ], [ 256851.049340289086103, 7038395.613660546950996 ], [ 256861.055721468990669, 7038395.613660546950996 ], [ 256861.055721468990669, 7038390.610469956882298 ], [ 256866.058912058942951, 7038390.610469956882298 ], [ 256866.058912058942951, 7038380.604088777676225 ], [ 256871.062102648895234, 7038380.604088777676225 ], [ 256871.062102648895234, 7038375.600898187607527 ], [ 256876.065293238847516, 7038375.600898187607527 ], [ 256876.065293238847516, 7038370.597707597538829 ], [ 256891.07486500867526, 7038370.597707597538829 ], [ 256891.07486500867526, 7038365.594517007470131 ], [ 256896.078055598627543, 7038365.594517007470131 ], [ 256896.078055598627543, 7038360.591326417401433 ], [ 256901.081246188579826, 7038360.591326417401433 ], [ 256901.081246188579826, 7038345.581754647195339 ], [ 256906.084436778503004, 7038345.581754647195339 ], [ 256906.084436778503004, 7038335.575373467989266 ], [ 256911.087627368455287, 7038335.575373467989266 ], [ 256911.087627368455287, 7038330.572182877920568 ], [ 256916.09081795840757, 7038330.572182877920568 ], [ 256916.09081795840757, 7038325.56899228785187 ], [ 256921.094008548359852, 7038325.56899228785187 ], [ 256921.094008548359852, 7038320.565801697783172 ], [ 256936.103580318187596, 7038320.565801697783172 ], [ 256936.103580318187596, 7038315.562611107714474 ], [ 256946.109961498092161, 7038315.562611107714474 ], [ 256946.109961498092161, 7038310.559420517645776 ], [ 256951.113152088044444, 7038310.559420517645776 ], [ 256951.113152088044444, 7038305.556229927577078 ], [ 256956.116342677996727, 7038305.556229927577078 ], [ 256956.116342677996727, 7038300.553039338439703 ], [ 256961.119533267919905, 7038300.553039338439703 ], [ 256961.119533267919905, 7038295.549848748371005 ], [ 256966.122723857872188, 7038295.549848748371005 ], [ 256966.122723857872188, 7038290.546658158302307 ], [ 256991.138676807604497, 7038290.546658158302307 ], [ 256991.138676807604497, 7038295.549848748371005 ], [ 257001.145057987509063, 7038295.549848748371005 ], [ 257001.145057987509063, 7038290.546658158302307 ], [ 257006.148248577461345, 7038290.546658158302307 ], [ 257006.148248577461345, 7038285.543467568233609 ], [ 257011.151439167413628, 7038285.543467568233609 ], [ 257011.151439167413628, 7038280.540276978164911 ], [ 257016.154629757336807, 7038280.540276978164911 ], [ 257016.154629757336807, 7038270.533895798027515 ], [ 257011.151439167413628, 7038270.533895798027515 ], [ 257011.151439167413628, 7038265.53070520889014 ], [ 257006.148248577461345, 7038265.53070520889014 ], [ 257006.148248577461345, 7038245.517942848615348 ], [ 257011.151439167413628, 7038245.517942848615348 ], [ 257011.151439167413628, 7038240.51475225854665 ], [ 257016.154629757336807, 7038240.51475225854665 ], [ 257016.154629757336807, 7038230.508371078409255 ], [ 257011.151439167413628, 7038230.508371078409255 ], [ 257011.151439167413628, 7038225.505180489271879 ], [ 257001.145057987509063, 7038225.505180489271879 ], [ 257001.145057987509063, 7038220.501989899203181 ], [ 256996.14186739755678, 7038220.501989899203181 ], [ 256996.14186739755678, 7038215.498799309134483 ], [ 256986.135486217681319, 7038215.498799309134483 ], [ 256986.135486217681319, 7038210.495608719065785 ], [ 256981.132295627729036, 7038210.495608719065785 ], [ 256981.132295627729036, 7038205.492418128997087 ], [ 256976.129105037776753, 7038205.492418128997087 ], [ 256976.129105037776753, 7038200.48922753892839 ], [ 256971.125914447824471, 7038200.48922753892839 ], [ 256971.125914447824471, 7038195.486036948859692 ], [ 256966.122723857872188, 7038195.486036948859692 ], [ 256966.122723857872188, 7038190.482846358790994 ], [ 256961.119533267919905, 7038190.482846358790994 ], [ 256961.119533267919905, 7038185.479655769653618 ], [ 256956.116342677996727, 7038185.479655769653618 ], [ 256956.116342677996727, 7038180.47646517958492 ], [ 256951.113152088044444, 7038180.47646517958492 ], [ 256951.113152088044444, 7038175.473274589516222 ], [ 256946.109961498092161, 7038175.473274589516222 ], [ 256946.109961498092161, 7038170.470083999447525 ], [ 256941.106770908139879, 7038170.470083999447525 ], [ 256941.106770908139879, 7038165.466893409378827 ], [ 256936.103580318187596, 7038165.466893409378827 ], [ 256936.103580318187596, 7038160.463702819310129 ], [ 256931.100389728264417, 7038160.463702819310129 ], [ 256931.100389728264417, 7038155.460512229241431 ], [ 256926.097199138312135, 7038155.460512229241431 ], [ 256926.097199138312135, 7038150.457321640104055 ], [ 256921.094008548359852, 7038150.457321640104055 ], [ 256921.094008548359852, 7038145.454131050035357 ], [ 256916.09081795840757, 7038145.454131050035357 ], [ 256916.09081795840757, 7038140.45094045996666 ], [ 256911.087627368455287, 7038140.45094045996666 ], [ 256911.087627368455287, 7038120.438178099691868 ], [ 256916.09081795840757, 7038120.438178099691868 ], [ 256916.09081795840757, 7038115.43498750962317 ], [ 256921.094008548359852, 7038115.43498750962317 ], [ 256921.094008548359852, 7038110.431796920485795 ], [ 256926.097199138312135, 7038110.431796920485795 ], [ 256926.097199138312135, 7038105.428606330417097 ], [ 256931.100389728264417, 7038105.428606330417097 ], [ 256931.100389728264417, 7038100.425415740348399 ], [ 256926.097199138312135, 7038100.425415740348399 ], [ 256926.097199138312135, 7038095.422225150279701 ], [ 256921.094008548359852, 7038095.422225150279701 ], [ 256921.094008548359852, 7038090.419034560211003 ], [ 256916.09081795840757, 7038090.419034560211003 ], [ 256916.09081795840757, 7038075.409462790004909 ], [ 256911.087627368455287, 7038075.409462790004909 ], [ 256911.087627368455287, 7038080.412653380073607 ], [ 256901.081246188579826, 7038080.412653380073607 ], [ 256901.081246188579826, 7038085.415843970142305 ], [ 256896.078055598627543, 7038085.415843970142305 ], [ 256896.078055598627543, 7038090.419034560211003 ], [ 256891.07486500867526, 7038090.419034560211003 ], [ 256891.07486500867526, 7038095.422225150279701 ], [ 256886.071674418722978, 7038095.422225150279701 ], [ 256886.071674418722978, 7038100.425415740348399 ], [ 256876.065293238847516, 7038100.425415740348399 ], [ 256876.065293238847516, 7038105.428606330417097 ], [ 256871.062102648895234, 7038105.428606330417097 ], [ 256871.062102648895234, 7038110.431796920485795 ], [ 256861.055721468990669, 7038110.431796920485795 ], [ 256861.055721468990669, 7038115.43498750962317 ], [ 256856.052530879038386, 7038115.43498750962317 ], [ 256856.052530879038386, 7038120.438178099691868 ], [ 256851.049340289086103, 7038120.438178099691868 ], [ 256851.049340289086103, 7038125.441368689760566 ], [ 256841.042959109210642, 7038125.441368689760566 ], [ 256841.042959109210642, 7038130.444559279829264 ], [ 256836.039768519258359, 7038130.444559279829264 ], [ 256836.039768519258359, 7038145.454131050035357 ], [ 256831.036577929306077, 7038145.454131050035357 ], [ 256831.036577929306077, 7038150.457321640104055 ], [ 256821.030196749430615, 7038150.457321640104055 ], [ 256821.030196749430615, 7038155.460512229241431 ], [ 256816.027006159478333, 7038155.460512229241431 ], [ 256816.027006159478333, 7038160.463702819310129 ], [ 256811.02381556952605, 7038160.463702819310129 ], [ 256811.02381556952605, 7038165.466893409378827 ], [ 256806.020624979573768, 7038165.466893409378827 ], [ 256806.020624979573768, 7038170.470083999447525 ], [ 256801.017434389621485, 7038170.470083999447525 ], [ 256801.017434389621485, 7038175.473274589516222 ], [ 256796.014243799669202, 7038175.473274589516222 ], [ 256796.014243799669202, 7038180.47646517958492 ], [ 256791.011053209746024, 7038180.47646517958492 ], [ 256791.011053209746024, 7038200.48922753892839 ], [ 256786.007862619793741, 7038200.48922753892839 ], [ 256786.007862619793741, 7038210.495608719065785 ], [ 256776.001481439889176, 7038210.495608719065785 ], [ 256776.001481439889176, 7038215.498799309134483 ], [ 256740.979147310252301, 7038215.498799309134483 ], [ 256740.979147310252301, 7038210.495608719065785 ], [ 256735.975956720329123, 7038210.495608719065785 ], [ 256735.975956720329123, 7038205.492418128997087 ], [ 256730.97276613037684, 7038205.492418128997087 ], [ 256730.97276613037684, 7038200.48922753892839 ], [ 256725.969575540424557, 7038200.48922753892839 ], [ 256725.969575540424557, 7038195.486036948859692 ], [ 256720.966384950472275, 7038195.486036948859692 ], [ 256720.966384950472275, 7038190.482846358790994 ], [ 256715.963194360519992, 7038190.482846358790994 ], [ 256715.963194360519992, 7038185.479655769653618 ], [ 256710.960003770596813, 7038185.479655769653618 ], [ 256710.960003770596813, 7038175.473274589516222 ], [ 256705.956813180644531, 7038175.473274589516222 ], [ 256705.956813180644531, 7038170.470083999447525 ], [ 256700.953622590692248, 7038170.470083999447525 ], [ 256700.953622590692248, 7038165.466893409378827 ], [ 256695.950432000739966, 7038165.466893409378827 ], [ 256695.950432000739966, 7038160.463702819310129 ], [ 256690.947241410787683, 7038160.463702819310129 ], [ 256690.947241410787683, 7038155.460512229241431 ], [ 256675.937669640959939, 7038155.460512229241431 ], [ 256675.937669640959939, 7038150.457321640104055 ], [ 256670.934479051007656, 7038150.457321640104055 ], [ 256670.934479051007656, 7038145.454131050035357 ], [ 256665.931288461055374, 7038145.454131050035357 ], [ 256665.931288461055374, 7038140.45094045996666 ], [ 256660.928097871103091, 7038140.45094045996666 ], [ 256660.928097871103091, 7038135.447749869897962 ], [ 256655.924907281179912, 7038135.447749869897962 ], [ 256655.924907281179912, 7038130.444559279829264 ], [ 256650.92171669122763, 7038130.444559279829264 ], [ 256650.92171669122763, 7038125.441368689760566 ], [ 256645.918526101275347, 7038125.441368689760566 ], [ 256645.918526101275347, 7038120.438178099691868 ], [ 256635.912144921370782, 7038120.438178099691868 ], [ 256635.912144921370782, 7038115.43498750962317 ], [ 256630.908954331418499, 7038115.43498750962317 ], [ 256630.908954331418499, 7038110.431796920485795 ], [ 256625.905763741495321, 7038110.431796920485795 ], [ 256625.905763741495321, 7038115.43498750962317 ], [ 256620.902573151543038, 7038115.43498750962317 ], [ 256620.902573151543038, 7038130.444559279829264 ], [ 256615.899382561590755, 7038130.444559279829264 ], [ 256615.899382561590755, 7038140.45094045996666 ], [ 256610.896191971638473, 7038140.45094045996666 ], [ 256610.896191971638473, 7038145.454131050035357 ], [ 256605.89300138168619, 7038145.454131050035357 ], [ 256605.89300138168619, 7038150.457321640104055 ], [ 256595.886620201810729, 7038150.457321640104055 ], [ 256595.886620201810729, 7038155.460512229241431 ], [ 256585.880239021906164, 7038155.460512229241431 ], [ 256585.880239021906164, 7038160.463702819310129 ], [ 256565.867476662126137, 7038160.463702819310129 ], [ 256565.867476662126137, 7038255.524324028752744 ], [ 256560.864286072173854, 7038255.524324028752744 ], [ 256560.864286072173854, 7038285.543467568233609 ], [ 256555.861095482221572, 7038285.543467568233609 ], [ 256555.861095482221572, 7038295.549848748371005 ], [ 256550.857904892269289, 7038295.549848748371005 ], [ 256550.857904892269289, 7038305.556229927577078 ], [ 256545.85471430234611, 7038305.556229927577078 ], [ 256545.85471430234611, 7038315.562611107714474 ], [ 256540.851523712393828, 7038315.562611107714474 ], [ 256540.851523712393828, 7038325.56899228785187 ], [ 256530.845142532489263, 7038325.56899228785187 ], [ 256530.845142532489263, 7038335.575373467989266 ], [ 256525.84195194253698, 7038335.575373467989266 ], [ 256525.84195194253698, 7038340.578564058057964 ], [ 256520.838761352584697, 7038340.578564058057964 ], [ 256520.838761352584697, 7038345.581754647195339 ], [ 256510.832380172709236, 7038345.581754647195339 ], [ 256510.832380172709236, 7038350.584945237264037 ], [ 256505.829189582756953, 7038350.584945237264037 ], [ 256505.829189582756953, 7038355.588135827332735 ], [ 256500.825998992804671, 7038355.588135827332735 ], [ 256500.825998992804671, 7038360.591326417401433 ], [ 256490.819617812929209, 7038360.591326417401433 ], [ 256490.819617812929209, 7038365.594517007470131 ], [ 256485.816427222976927, 7038365.594517007470131 ], [ 256485.816427222976927, 7038370.597707597538829 ], [ 256475.810046043072361, 7038370.597707597538829 ], [ 256475.810046043072361, 7038380.604088777676225 ], [ 256470.806855453120079, 7038380.604088777676225 ], [ 256470.806855453120079, 7038390.610469956882298 ], [ 256465.803664863167796, 7038390.610469956882298 ], [ 256465.803664863167796, 7038400.616851137019694 ], [ 256460.800474273244618, 7038400.616851137019694 ], [ 256460.800474273244618, 7038405.620041727088392 ], [ 256455.797283683292335, 7038405.620041727088392 ], [ 256455.797283683292335, 7038430.635994676500559 ], [ 256460.800474273244618, 7038430.635994676500559 ], [ 256460.800474273244618, 7038450.648757036775351 ], [ 256465.803664863167796, 7038450.648757036775351 ], [ 256465.803664863167796, 7038470.66151939611882 ], [ 256470.806855453120079, 7038470.66151939611882 ], [ 256470.806855453120079, 7038510.687044115737081 ], [ 256475.810046043072361, 7038510.687044115737081 ], [ 256475.810046043072361, 7038540.706187655217946 ], [ 256480.813236633024644, 7038540.706187655217946 ], [ 256480.813236633024644, 7038550.712568835355341 ], [ 256485.816427222976927, 7038550.712568835355341 ], [ 256485.816427222976927, 7038555.715759425424039 ], [ 256490.819617812929209, 7038555.715759425424039 ], [ 256490.819617812929209, 7038560.718950015492737 ], [ 256495.822808402852388, 7038560.718950015492737 ], [ 256495.822808402852388, 7038570.725331195630133 ], [ 256500.825998992804671, 7038570.725331195630133 ], [ 256500.825998992804671, 7038595.7412841450423 ], [ 256495.822808402852388, 7038595.7412841450423 ], [ 256495.822808402852388, 7038605.747665325179696 ], [ 256490.819617812929209, 7038605.747665325179696 ], [ 256490.819617812929209, 7038610.750855915248394 ], [ 256480.813236633024644, 7038610.750855915248394 ], [ 256480.813236633024644, 7038615.754046504385769 ], [ 256455.797283683292335, 7038615.754046504385769 ], [ 256455.797283683292335, 7038610.750855915248394 ], [ 256450.794093093340052, 7038610.750855915248394 ], [ 256450.794093093340052, 7038605.747665325179696 ], [ 256445.79090250338777, 7038605.747665325179696 ], [ 256445.79090250338777, 7038600.744474735110998 ], [ 256435.784521323512308, 7038600.744474735110998 ], [ 256435.784521323512308, 7038595.7412841450423 ], [ 256425.778140143607743, 7038595.7412841450423 ], [ 256425.778140143607743, 7038585.734902964904904 ], [ 256420.77494955365546, 7038585.734902964904904 ], [ 256420.77494955365546, 7038580.731712374836206 ], [ 256410.768568373750895, 7038580.731712374836206 ], [ 256410.768568373750895, 7038575.728521784767509 ], [ 256405.765377783827716, 7038575.728521784767509 ], [ 256405.765377783827716, 7038570.725331195630133 ], [ 256400.762187193875434, 7038570.725331195630133 ], [ 256400.762187193875434, 7038565.722140605561435 ], [ 256395.758996603923151, 7038565.722140605561435 ], [ 256395.758996603923151, 7038555.715759425424039 ], [ 256385.752615424018586, 7038555.715759425424039 ], [ 256385.752615424018586, 7038550.712568835355341 ], [ 256380.749424834095407, 7038550.712568835355341 ], [ 256380.749424834095407, 7038545.709378245286644 ], [ 256375.746234244143125, 7038545.709378245286644 ], [ 256375.746234244143125, 7038540.706187655217946 ], [ 256370.743043654190842, 7038540.706187655217946 ], [ 256370.743043654190842, 7038535.702997065149248 ], [ 256365.739853064238559, 7038535.702997065149248 ], [ 256365.739853064238559, 7038530.699806476011872 ], [ 256360.736662474286277, 7038530.699806476011872 ], [ 256360.736662474286277, 7038535.702997065149248 ], [ 256355.733471884333994, 7038535.702997065149248 ], [ 256355.733471884333994, 7038540.706187655217946 ], [ 256350.730281294410815, 7038540.706187655217946 ], [ 256350.730281294410815, 7038545.709378245286644 ], [ 256345.727090704458533, 7038545.709378245286644 ], [ 256345.727090704458533, 7038550.712568835355341 ], [ 256340.72390011450625, 7038550.712568835355341 ], [ 256340.72390011450625, 7038555.715759425424039 ], [ 256345.727090704458533, 7038555.715759425424039 ], [ 256345.727090704458533, 7038560.718950015492737 ], [ 256360.736662474286277, 7038560.718950015492737 ], [ 256360.736662474286277, 7038565.722140605561435 ], [ 256365.739853064238559, 7038565.722140605561435 ], [ 256365.739853064238559, 7038575.728521784767509 ], [ 256370.743043654190842, 7038575.728521784767509 ], [ 256370.743043654190842, 7038585.734902964904904 ], [ 256375.746234244143125, 7038585.734902964904904 ], [ 256375.746234244143125, 7038605.747665325179696 ], [ 256385.752615424018586, 7038605.747665325179696 ], [ 256385.752615424018586, 7038610.750855915248394 ], [ 256390.755806013970869, 7038610.750855915248394 ], [ 256390.755806013970869, 7038625.760427684523165 ], [ 256395.758996603923151, 7038625.760427684523165 ], [ 256395.758996603923151, 7038635.766808864660561 ], [ 256415.771758963703178, 7038635.766808864660561 ], [ 256415.771758963703178, 7038660.782761814072728 ], [ 256410.768568373750895, 7038660.782761814072728 ], [ 256410.768568373750895, 7038665.785952404141426 ], [ 256405.765377783827716, 7038665.785952404141426 ], [ 256405.765377783827716, 7038670.789142994210124 ], [ 256400.762187193875434, 7038670.789142994210124 ], [ 256400.762187193875434, 7038675.792333584278822 ], [ 256385.752615424018586, 7038675.792333584278822 ], [ 256385.752615424018586, 7038680.79552417434752 ], [ 256380.749424834095407, 7038680.79552417434752 ], [ 256380.749424834095407, 7038685.798714764416218 ], [ 256375.746234244143125, 7038685.798714764416218 ], [ 256375.746234244143125, 7038690.801905353553593 ], [ 256370.743043654190842, 7038690.801905353553593 ], [ 256370.743043654190842, 7038695.805095943622291 ], [ 256365.739853064238559, 7038695.805095943622291 ], [ 256365.739853064238559, 7038700.808286533690989 ], [ 256355.733471884333994, 7038700.808286533690989 ], [ 256355.733471884333994, 7038705.811477123759687 ], [ 256350.730281294410815, 7038705.811477123759687 ], [ 256350.730281294410815, 7038710.814667713828385 ], [ 256325.714328344678506, 7038710.814667713828385 ], [ 256325.714328344678506, 7038715.817858303897083 ], [ 256315.707947164773941, 7038715.817858303897083 ], [ 256315.707947164773941, 7038720.821048893965781 ], [ 256305.701565984869376, 7038720.821048893965781 ], [ 256305.701565984869376, 7038725.824239483103156 ], [ 256300.698375394917093, 7038725.824239483103156 ], [ 256300.698375394917093, 7038730.827430073171854 ], [ 256290.691994215041632, 7038730.827430073171854 ], [ 256290.691994215041632, 7038735.830620663240552 ], [ 256280.685613035137067, 7038735.830620663240552 ], [ 256280.685613035137067, 7038740.83381125330925 ], [ 256270.679231855261605, 7038740.83381125330925 ], [ 256270.679231855261605, 7038745.837001843377948 ], [ 256260.67285067535704, 7038745.837001843377948 ], [ 256260.67285067535704, 7038750.840192433446646 ], [ 256250.666469495452475, 7038750.840192433446646 ], [ 256250.666469495452475, 7038755.843383023515344 ], [ 256235.656897725624731, 7038755.843383023515344 ], [ 256235.656897725624731, 7038760.846573613584042 ], [ 256230.653707135672448, 7038760.846573613584042 ], [ 256230.653707135672448, 7038765.849764202721417 ], [ 256195.631373006035574, 7038765.849764202721417 ], [ 256195.631373006035574, 7038760.846573613584042 ], [ 256180.62180123620783, 7038760.846573613584042 ], [ 256180.62180123620783, 7038755.843383023515344 ], [ 256165.612229466350982, 7038755.843383023515344 ], [ 256165.612229466350982, 7038750.840192433446646 ], [ 256160.609038876427803, 7038750.840192433446646 ], [ 256160.609038876427803, 7038745.837001843377948 ], [ 256150.602657696523238, 7038745.837001843377948 ], [ 256150.602657696523238, 7038740.83381125330925 ], [ 256145.599467106570955, 7038740.83381125330925 ], [ 256145.599467106570955, 7038735.830620663240552 ], [ 256140.596276516618673, 7038735.830620663240552 ], [ 256140.596276516618673, 7038720.821048893965781 ], [ 256135.59308592666639, 7038720.821048893965781 ], [ 256135.59308592666639, 7038695.805095943622291 ], [ 256140.596276516618673, 7038695.805095943622291 ], [ 256140.596276516618673, 7038685.798714764416218 ], [ 256145.599467106570955, 7038685.798714764416218 ], [ 256145.599467106570955, 7038675.792333584278822 ], [ 256150.602657696523238, 7038675.792333584278822 ], [ 256150.602657696523238, 7038670.789142994210124 ], [ 256155.605848286475521, 7038670.789142994210124 ], [ 256155.605848286475521, 7038665.785952404141426 ], [ 256165.612229466350982, 7038665.785952404141426 ], [ 256165.612229466350982, 7038655.77957122400403 ], [ 256170.615420056303265, 7038655.77957122400403 ], [ 256170.615420056303265, 7038640.769999454729259 ], [ 256145.599467106570955, 7038640.769999454729259 ], [ 256145.599467106570955, 7038645.773190044797957 ], [ 256130.589895336743211, 7038645.773190044797957 ], [ 256130.589895336743211, 7038650.776380633935332 ], [ 256120.583514156838646, 7038650.776380633935332 ], [ 256120.583514156838646, 7038655.77957122400403 ], [ 256105.573942387010902, 7038655.77957122400403 ], [ 256105.573942387010902, 7038660.782761814072728 ], [ 256080.557989437249489, 7038660.782761814072728 ], [ 256080.557989437249489, 7038655.77957122400403 ], [ 256075.55479884732631, 7038655.77957122400403 ], [ 256075.55479884732631, 7038665.785952404141426 ], [ 256070.551608257374028, 7038665.785952404141426 ], [ 256070.551608257374028, 7038675.792333584278822 ], [ 256065.548417667421745, 7038675.792333584278822 ], [ 256065.548417667421745, 7038685.798714764416218 ], [ 256060.545227077469463, 7038685.798714764416218 ], [ 256060.545227077469463, 7038690.801905353553593 ], [ 256055.54203648751718, 7038690.801905353553593 ], [ 256055.54203648751718, 7038695.805095943622291 ], [ 256050.538845897594001, 7038695.805095943622291 ], [ 256050.538845897594001, 7038705.811477123759687 ], [ 256040.532464717689436, 7038705.811477123759687 ], [ 256040.532464717689436, 7038710.814667713828385 ], [ 256035.529274127737153, 7038710.814667713828385 ], [ 256035.529274127737153, 7038715.817858303897083 ], [ 256025.522892947832588, 7038715.817858303897083 ], [ 256025.522892947832588, 7038720.821048893965781 ], [ 256020.519702357909409, 7038720.821048893965781 ], [ 256020.519702357909409, 7038725.824239483103156 ], [ 256010.513321178004844, 7038725.824239483103156 ], [ 256010.513321178004844, 7038730.827430073171854 ], [ 255995.5037494081771, 7038730.827430073171854 ], [ 255995.5037494081771, 7038735.830620663240552 ], [ 255990.500558818224818, 7038735.830620663240552 ], [ 255990.500558818224818, 7038740.83381125330925 ], [ 255925.459081148903351, 7038740.83381125330925 ], [ 255925.459081148903351, 7038735.830620663240552 ], [ 255905.446318789123325, 7038735.830620663240552 ], [ 255905.446318789123325, 7038740.83381125330925 ], [ 255900.443128199171042, 7038740.83381125330925 ], [ 255900.443128199171042, 7038735.830620663240552 ], [ 255895.439937609218759, 7038735.830620663240552 ], [ 255895.439937609218759, 7038730.827430073171854 ], [ 255890.436747019266477, 7038730.827430073171854 ], [ 255890.436747019266477, 7038725.824239483103156 ], [ 255885.433556429343298, 7038725.824239483103156 ], [ 255885.433556429343298, 7038720.821048893965781 ], [ 255880.430365839391015, 7038720.821048893965781 ], [ 255880.430365839391015, 7038715.817858303897083 ], [ 255875.427175249438733, 7038715.817858303897083 ], [ 255875.427175249438733, 7038670.789142994210124 ], [ 255865.420794069534168, 7038670.789142994210124 ], [ 255865.420794069534168, 7038675.792333584278822 ], [ 255860.417603479581885, 7038675.792333584278822 ], [ 255860.417603479581885, 7038680.79552417434752 ], [ 255850.411222299706424, 7038680.79552417434752 ], [ 255850.411222299706424, 7038685.798714764416218 ], [ 255830.398459939926397, 7038685.798714764416218 ], [ 255830.398459939926397, 7038680.79552417434752 ], [ 255825.395269349974114, 7038680.79552417434752 ], [ 255825.395269349974114, 7038670.789142994210124 ], [ 255820.392078760021832, 7038670.789142994210124 ], [ 255820.392078760021832, 7038645.773190044797957 ], [ 255825.395269349974114, 7038645.773190044797957 ], [ 255825.395269349974114, 7038635.766808864660561 ], [ 255830.398459939926397, 7038635.766808864660561 ], [ 255830.398459939926397, 7038630.763618274591863 ], [ 255835.401650529849576, 7038630.763618274591863 ], [ 255835.401650529849576, 7038625.760427684523165 ], [ 255840.404841119801858, 7038625.760427684523165 ], [ 255840.404841119801858, 7038620.757237094454467 ], [ 255845.408031709754141, 7038620.757237094454467 ], [ 255845.408031709754141, 7038615.754046504385769 ], [ 255850.411222299706424, 7038615.754046504385769 ], [ 255850.411222299706424, 7038610.750855915248394 ], [ 255855.414412889658706, 7038610.750855915248394 ], [ 255855.414412889658706, 7038605.747665325179696 ], [ 255865.420794069534168, 7038605.747665325179696 ], [ 255865.420794069534168, 7038600.744474735110998 ], [ 255870.42398465948645, 7038600.744474735110998 ], [ 255870.42398465948645, 7038595.7412841450423 ], [ 255885.433556429343298, 7038595.7412841450423 ], [ 255885.433556429343298, 7038590.738093554973602 ], [ 255880.430365839391015, 7038590.738093554973602 ], [ 255880.430365839391015, 7038585.734902964904904 ], [ 255875.427175249438733, 7038585.734902964904904 ], [ 255875.427175249438733, 7038580.731712374836206 ], [ 255870.42398465948645, 7038580.731712374836206 ], [ 255870.42398465948645, 7038575.728521784767509 ], [ 255850.411222299706424, 7038575.728521784767509 ], [ 255850.411222299706424, 7038580.731712374836206 ], [ 255830.398459939926397, 7038580.731712374836206 ], [ 255830.398459939926397, 7038585.734902964904904 ], [ 255820.392078760021832, 7038585.734902964904904 ], [ 255820.392078760021832, 7038590.738093554973602 ], [ 255805.382506990164984, 7038590.738093554973602 ], [ 255805.382506990164984, 7038595.7412841450423 ], [ 255780.366554040432675, 7038595.7412841450423 ], [ 255780.366554040432675, 7038590.738093554973602 ], [ 255775.363363450509496, 7038590.738093554973602 ], [ 255775.363363450509496, 7038585.734902964904904 ], [ 255770.360172860557213, 7038585.734902964904904 ], [ 255770.360172860557213, 7038580.731712374836206 ], [ 255765.356982270604931, 7038580.731712374836206 ], [ 255765.356982270604931, 7038565.722140605561435 ], [ 255760.353791680652648, 7038565.722140605561435 ], [ 255760.353791680652648, 7038550.712568835355341 ], [ 255755.350601090700366, 7038550.712568835355341 ], [ 255755.350601090700366, 7038545.709378245286644 ], [ 255750.347410500748083, 7038545.709378245286644 ], [ 255750.347410500748083, 7038520.693425295874476 ], [ 255755.350601090700366, 7038520.693425295874476 ], [ 255755.350601090700366, 7038480.667900576256216 ], [ 255745.344219910824904, 7038480.667900576256216 ], [ 255745.344219910824904, 7038475.664709986187518 ], [ 255740.341029320872622, 7038475.664709986187518 ], [ 255740.341029320872622, 7038470.66151939611882 ], [ 255735.337838730920339, 7038470.66151939611882 ], [ 255735.337838730920339, 7038475.664709986187518 ], [ 255730.334648140968056, 7038475.664709986187518 ], [ 255730.334648140968056, 7038480.667900576256216 ], [ 255725.331457551015774, 7038480.667900576256216 ], [ 255725.331457551015774, 7038485.671091166324914 ], [ 255720.328266961092595, 7038485.671091166324914 ], [ 255720.328266961092595, 7038490.674281756393611 ], [ 255715.325076371140312, 7038490.674281756393611 ], [ 255715.325076371140312, 7038495.677472346462309 ], [ 255710.32188578118803, 7038495.677472346462309 ], [ 255710.32188578118803, 7038500.680662935599685 ], [ 255705.318695191235747, 7038500.680662935599685 ], [ 255705.318695191235747, 7038505.683853525668383 ], [ 255700.315504601283465, 7038505.683853525668383 ], [ 255700.315504601283465, 7038510.687044115737081 ], [ 255695.312314011331182, 7038510.687044115737081 ], [ 255695.312314011331182, 7038515.690234705805779 ], [ 255690.309123421408003, 7038515.690234705805779 ], [ 255690.309123421408003, 7038520.693425295874476 ], [ 255685.305932831455721, 7038520.693425295874476 ], [ 255685.305932831455721, 7038525.696615885943174 ], [ 255680.302742241503438, 7038525.696615885943174 ], [ 255680.302742241503438, 7038530.699806476011872 ], [ 255675.299551651551155, 7038530.699806476011872 ], [ 255675.299551651551155, 7038535.702997065149248 ], [ 255655.286789291771129, 7038535.702997065149248 ], [ 255655.286789291771129, 7038530.699806476011872 ], [ 255650.283598701818846, 7038530.699806476011872 ], [ 255650.283598701818846, 7038525.696615885943174 ], [ 255645.280408111866564, 7038525.696615885943174 ], [ 255645.280408111866564, 7038520.693425295874476 ], [ 255640.277217521914281, 7038520.693425295874476 ], [ 255640.277217521914281, 7038515.690234705805779 ], [ 255635.274026931991102, 7038515.690234705805779 ], [ 255635.274026931991102, 7038510.687044115737081 ], [ 255630.27083634203882, 7038510.687044115737081 ], [ 255630.27083634203882, 7038505.683853525668383 ], [ 255625.267645752086537, 7038505.683853525668383 ], [ 255625.267645752086537, 7038500.680662935599685 ], [ 255620.264455162134254, 7038500.680662935599685 ], [ 255620.264455162134254, 7038495.677472346462309 ], [ 255615.261264572181972, 7038495.677472346462309 ], [ 255615.261264572181972, 7038490.674281756393611 ], [ 255610.258073982258793, 7038490.674281756393611 ], [ 255610.258073982258793, 7038485.671091166324914 ], [ 255605.25488339230651, 7038485.671091166324914 ], [ 255605.25488339230651, 7038480.667900576256216 ], [ 255600.251692802354228, 7038480.667900576256216 ], [ 255600.251692802354228, 7038475.664709986187518 ], [ 255535.210215133032762, 7038475.664709986187518 ], [ 255535.210215133032762, 7038480.667900576256216 ], [ 255530.207024543080479, 7038480.667900576256216 ], [ 255530.207024543080479, 7038500.680662935599685 ], [ 255525.2038339531573, 7038500.680662935599685 ], [ 255525.2038339531573, 7038505.683853525668383 ], [ 255520.200643363205018, 7038505.683853525668383 ], [ 255520.200643363205018, 7038510.687044115737081 ], [ 255515.197452773252735, 7038510.687044115737081 ], [ 255515.197452773252735, 7038515.690234705805779 ], [ 255510.194262183300452, 7038515.690234705805779 ], [ 255510.194262183300452, 7038520.693425295874476 ], [ 255500.187881003424991, 7038520.693425295874476 ], [ 255500.187881003424991, 7038525.696615885943174 ], [ 255490.181499823520426, 7038525.696615885943174 ], [ 255490.181499823520426, 7038530.699806476011872 ], [ 255485.178309233568143, 7038530.699806476011872 ], [ 255485.178309233568143, 7038540.706187655217946 ], [ 255480.17511864361586, 7038540.706187655217946 ], [ 255480.17511864361586, 7038545.709378245286644 ], [ 255475.171928053663578, 7038545.709378245286644 ], [ 255475.171928053663578, 7038550.712568835355341 ], [ 255480.17511864361586, 7038550.712568835355341 ], [ 255480.17511864361586, 7038555.715759425424039 ], [ 255485.178309233568143, 7038555.715759425424039 ], [ 255485.178309233568143, 7038560.718950015492737 ], [ 255490.181499823520426, 7038560.718950015492737 ], [ 255490.181499823520426, 7038565.722140605561435 ], [ 255495.184690413472708, 7038565.722140605561435 ], [ 255495.184690413472708, 7038570.725331195630133 ], [ 255500.187881003424991, 7038570.725331195630133 ], [ 255500.187881003424991, 7038585.734902964904904 ], [ 255495.184690413472708, 7038585.734902964904904 ], [ 255495.184690413472708, 7038590.738093554973602 ], [ 255490.181499823520426, 7038590.738093554973602 ], [ 255490.181499823520426, 7038595.7412841450423 ], [ 255485.178309233568143, 7038595.7412841450423 ], [ 255485.178309233568143, 7038600.744474735110998 ], [ 255480.17511864361586, 7038600.744474735110998 ], [ 255480.17511864361586, 7038605.747665325179696 ], [ 255475.171928053663578, 7038605.747665325179696 ], [ 255475.171928053663578, 7038615.754046504385769 ], [ 255480.17511864361586, 7038615.754046504385769 ], [ 255480.17511864361586, 7038620.757237094454467 ], [ 255485.178309233568143, 7038620.757237094454467 ], [ 255485.178309233568143, 7038630.763618274591863 ], [ 255480.17511864361586, 7038630.763618274591863 ], [ 255480.17511864361586, 7038635.766808864660561 ], [ 255475.171928053663578, 7038635.766808864660561 ], [ 255475.171928053663578, 7038640.769999454729259 ], [ 255470.168737463740399, 7038640.769999454729259 ], [ 255470.168737463740399, 7038645.773190044797957 ], [ 255465.165546873788116, 7038645.773190044797957 ], [ 255465.165546873788116, 7038650.776380633935332 ], [ 255460.162356283835834, 7038650.776380633935332 ], [ 255460.162356283835834, 7038655.77957122400403 ], [ 255465.165546873788116, 7038655.77957122400403 ], [ 255465.165546873788116, 7038660.782761814072728 ], [ 255470.168737463740399, 7038660.782761814072728 ], [ 255470.168737463740399, 7038665.785952404141426 ], [ 255475.171928053663578, 7038665.785952404141426 ], [ 255475.171928053663578, 7038685.798714764416218 ], [ 255470.168737463740399, 7038685.798714764416218 ], [ 255470.168737463740399, 7038690.801905353553593 ], [ 255465.165546873788116, 7038690.801905353553593 ], [ 255465.165546873788116, 7038700.808286533690989 ], [ 255470.168737463740399, 7038700.808286533690989 ], [ 255470.168737463740399, 7038705.811477123759687 ], [ 255475.171928053663578, 7038705.811477123759687 ], [ 255475.171928053663578, 7038710.814667713828385 ], [ 255480.17511864361586, 7038710.814667713828385 ], [ 255480.17511864361586, 7038715.817858303897083 ], [ 255485.178309233568143, 7038715.817858303897083 ], [ 255485.178309233568143, 7038730.827430073171854 ], [ 255480.17511864361586, 7038730.827430073171854 ], [ 255480.17511864361586, 7038735.830620663240552 ], [ 255475.171928053663578, 7038735.830620663240552 ], [ 255475.171928053663578, 7038740.83381125330925 ], [ 255470.168737463740399, 7038740.83381125330925 ], [ 255470.168737463740399, 7038745.837001843377948 ], [ 255465.165546873788116, 7038745.837001843377948 ], [ 255465.165546873788116, 7038750.840192433446646 ], [ 255460.162356283835834, 7038750.840192433446646 ], [ 255460.162356283835834, 7038755.843383023515344 ], [ 255455.159165693883551, 7038755.843383023515344 ], [ 255455.159165693883551, 7038760.846573613584042 ], [ 255450.155975103931269, 7038760.846573613584042 ], [ 255450.155975103931269, 7038765.849764202721417 ], [ 255445.15278451400809, 7038765.849764202721417 ], [ 255445.15278451400809, 7038775.856145382858813 ], [ 255450.155975103931269, 7038775.856145382858813 ], [ 255450.155975103931269, 7038780.859335972927511 ], [ 255455.159165693883551, 7038780.859335972927511 ], [ 255455.159165693883551, 7038785.862526562996209 ], [ 255460.162356283835834, 7038785.862526562996209 ], [ 255460.162356283835834, 7038790.865717153064907 ], [ 255465.165546873788116, 7038790.865717153064907 ], [ 255465.165546873788116, 7038795.868907743133605 ], [ 255470.168737463740399, 7038795.868907743133605 ], [ 255470.168737463740399, 7038800.872098333202302 ], [ 255475.171928053663578, 7038800.872098333202302 ], [ 255475.171928053663578, 7038805.875288922339678 ], [ 255480.17511864361586, 7038805.875288922339678 ], [ 255480.17511864361586, 7038810.878479512408376 ], [ 255485.178309233568143, 7038810.878479512408376 ], [ 255485.178309233568143, 7038815.881670102477074 ], [ 255490.181499823520426, 7038815.881670102477074 ], [ 255490.181499823520426, 7038830.891241872683167 ], [ 255485.178309233568143, 7038830.891241872683167 ], [ 255485.178309233568143, 7038835.894432462751865 ], [ 255480.17511864361586, 7038835.894432462751865 ], [ 255480.17511864361586, 7038840.897623051889241 ], [ 255475.171928053663578, 7038840.897623051889241 ], [ 255475.171928053663578, 7038845.900813641957939 ], [ 255470.168737463740399, 7038845.900813641957939 ], [ 255470.168737463740399, 7038850.904004232026637 ], [ 255465.165546873788116, 7038850.904004232026637 ], [ 255465.165546873788116, 7038855.907194822095335 ], [ 255460.162356283835834, 7038855.907194822095335 ], [ 255460.162356283835834, 7038860.910385412164032 ], [ 255455.159165693883551, 7038860.910385412164032 ], [ 255455.159165693883551, 7038865.91357600223273 ], [ 255500.187881003424991, 7038865.91357600223273 ], [ 255500.187881003424991, 7038870.916766592301428 ], [ 255510.194262183300452, 7038870.916766592301428 ], [ 255510.194262183300452, 7038900.935910131782293 ], [ 255505.19107159334817, 7038900.935910131782293 ], [ 255505.19107159334817, 7038905.939100721850991 ], [ 255500.187881003424991, 7038905.939100721850991 ], [ 255500.187881003424991, 7038910.942291311919689 ], [ 255495.184690413472708, 7038910.942291311919689 ], [ 255495.184690413472708, 7038915.945481901988387 ], [ 255540.213405722985044, 7038915.945481901988387 ], [ 255540.213405722985044, 7038910.942291311919689 ], [ 255570.232549262669636, 7038910.942291311919689 ], [ 255570.232549262669636, 7038900.935910131782293 ], [ 255565.229358672717353, 7038900.935910131782293 ], [ 255565.229358672717353, 7038895.932719541713595 ], [ 255570.232549262669636, 7038895.932719541713595 ], [ 255570.232549262669636, 7038890.929528951644897 ], [ 255585.24212103249738, 7038890.929528951644897 ], [ 255585.24212103249738, 7038895.932719541713595 ], [ 255595.248502212401945, 7038895.932719541713595 ], [ 255595.248502212401945, 7038900.935910131782293 ], [ 255615.261264572181972, 7038900.935910131782293 ], [ 255615.261264572181972, 7038905.939100721850991 ], [ 255635.274026931991102, 7038905.939100721850991 ], [ 255635.274026931991102, 7038910.942291311919689 ], [ 255675.299551651551155, 7038910.942291311919689 ], [ 255675.299551651551155, 7038915.945481901988387 ], [ 255685.305932831455721, 7038915.945481901988387 ], [ 255685.305932831455721, 7038920.948672491125762 ], [ 255690.309123421408003, 7038920.948672491125762 ], [ 255690.309123421408003, 7038925.95186308119446 ], [ 255695.312314011331182, 7038925.95186308119446 ], [ 255695.312314011331182, 7038930.955053671263158 ], [ 255700.315504601283465, 7038930.955053671263158 ], [ 255700.315504601283465, 7038935.958244261331856 ], [ 255705.318695191235747, 7038935.958244261331856 ], [ 255705.318695191235747, 7038940.961434851400554 ], [ 255710.32188578118803, 7038940.961434851400554 ], [ 255710.32188578118803, 7038945.964625441469252 ], [ 255715.325076371140312, 7038945.964625441469252 ], [ 255715.325076371140312, 7038950.96781603153795 ], [ 255720.328266961092595, 7038950.96781603153795 ], [ 255720.328266961092595, 7038975.983768980950117 ], [ 255725.331457551015774, 7038975.983768980950117 ], [ 255725.331457551015774, 7038980.986959571018815 ], [ 255730.334648140968056, 7038980.986959571018815 ], [ 255730.334648140968056, 7038985.990150161087513 ], [ 255735.337838730920339, 7038985.990150161087513 ], [ 255735.337838730920339, 7038990.993340751156211 ], [ 255740.341029320872622, 7038990.993340751156211 ], [ 255740.341029320872622, 7038995.996531340293586 ], [ 255745.344219910824904, 7038995.996531340293586 ], [ 255745.344219910824904, 7039000.999721930362284 ], [ 255750.347410500748083, 7039000.999721930362284 ], [ 255750.347410500748083, 7039021.012484290637076 ], [ 255745.344219910824904, 7039021.012484290637076 ], [ 255745.344219910824904, 7039026.015674880705774 ], [ 255740.341029320872622, 7039026.015674880705774 ], [ 255740.341029320872622, 7039031.018865470774472 ], [ 255735.337838730920339, 7039031.018865470774472 ], [ 255735.337838730920339, 7039036.022056059911847 ], [ 255730.334648140968056, 7039036.022056059911847 ], [ 255730.334648140968056, 7039041.025246649980545 ], [ 255725.331457551015774, 7039041.025246649980545 ], [ 255725.331457551015774, 7039046.028437240049243 ], [ 255720.328266961092595, 7039046.028437240049243 ], [ 255720.328266961092595, 7039051.031627830117941 ], [ 255715.325076371140312, 7039051.031627830117941 ], [ 255715.325076371140312, 7039056.034818420186639 ], [ 255710.32188578118803, 7039056.034818420186639 ], [ 255710.32188578118803, 7039061.038009010255337 ], [ 255705.318695191235747, 7039061.038009010255337 ], [ 255705.318695191235747, 7039066.041199600324035 ], [ 255700.315504601283465, 7039066.041199600324035 ], [ 255700.315504601283465, 7039071.04439018946141 ], [ 255695.312314011331182, 7039071.04439018946141 ], [ 255695.312314011331182, 7039076.047580779530108 ], [ 255690.309123421408003, 7039076.047580779530108 ], [ 255690.309123421408003, 7039081.050771369598806 ], [ 255685.305932831455721, 7039081.050771369598806 ], [ 255685.305932831455721, 7039086.053961959667504 ], [ 255680.302742241503438, 7039086.053961959667504 ], [ 255680.302742241503438, 7039091.057152549736202 ], [ 255660.289979881723411, 7039091.057152549736202 ], [ 255660.289979881723411, 7039086.053961959667504 ], [ 255655.286789291771129, 7039086.053961959667504 ], [ 255655.286789291771129, 7039081.050771369598806 ], [ 255650.283598701818846, 7039081.050771369598806 ], [ 255650.283598701818846, 7039076.047580779530108 ], [ 255645.280408111866564, 7039076.047580779530108 ], [ 255645.280408111866564, 7039071.04439018946141 ], [ 255640.277217521914281, 7039071.04439018946141 ], [ 255640.277217521914281, 7039066.041199600324035 ], [ 255635.274026931991102, 7039066.041199600324035 ], [ 255635.274026931991102, 7039061.038009010255337 ], [ 255630.27083634203882, 7039061.038009010255337 ], [ 255630.27083634203882, 7039076.047580779530108 ], [ 255625.267645752086537, 7039076.047580779530108 ], [ 255625.267645752086537, 7039081.050771369598806 ], [ 255620.264455162134254, 7039081.050771369598806 ], [ 255620.264455162134254, 7039101.063533729873598 ], [ 255615.261264572181972, 7039101.063533729873598 ], [ 255615.261264572181972, 7039116.073105499148369 ], [ 255600.251692802354228, 7039116.073105499148369 ], [ 255600.251692802354228, 7039121.076296089217067 ], [ 255595.248502212401945, 7039121.076296089217067 ], [ 255595.248502212401945, 7039126.079486679285765 ], [ 255590.245311622449663, 7039126.079486679285765 ], [ 255590.245311622449663, 7039131.082677269354463 ], [ 255585.24212103249738, 7039131.082677269354463 ], [ 255585.24212103249738, 7039141.089058449491858 ], [ 255590.245311622449663, 7039141.089058449491858 ], [ 255590.245311622449663, 7039146.092249039560556 ], [ 255580.238930442574201, 7039146.092249039560556 ], [ 255580.238930442574201, 7039141.089058449491858 ], [ 255555.222977492841892, 7039141.089058449491858 ], [ 255555.222977492841892, 7039146.092249039560556 ], [ 255530.207024543080479, 7039146.092249039560556 ], [ 255530.207024543080479, 7039141.089058449491858 ], [ 255495.184690413472708, 7039141.089058449491858 ], [ 255495.184690413472708, 7039156.09863021876663 ], [ 255500.187881003424991, 7039156.09863021876663 ], [ 255500.187881003424991, 7039161.101820808835328 ], [ 255495.184690413472708, 7039161.101820808835328 ], [ 255495.184690413472708, 7039166.105011398904026 ], [ 255490.181499823520426, 7039166.105011398904026 ], [ 255490.181499823520426, 7039181.114583169110119 ], [ 255485.178309233568143, 7039181.114583169110119 ], [ 255485.178309233568143, 7039196.124154938384891 ], [ 255490.181499823520426, 7039196.124154938384891 ], [ 255490.181499823520426, 7039201.127345528453588 ], [ 255495.184690413472708, 7039201.127345528453588 ], [ 255495.184690413472708, 7039206.130536118522286 ], [ 255500.187881003424991, 7039206.130536118522286 ], [ 255500.187881003424991, 7039211.133726708590984 ], [ 255505.19107159334817, 7039211.133726708590984 ], [ 255505.19107159334817, 7039216.136917298659682 ], [ 255510.194262183300452, 7039216.136917298659682 ], [ 255510.194262183300452, 7039221.14010788872838 ], [ 255520.200643363205018, 7039221.14010788872838 ], [ 255520.200643363205018, 7039226.143298477865756 ], [ 255525.2038339531573, 7039226.143298477865756 ], [ 255525.2038339531573, 7039236.149679658003151 ], [ 255530.207024543080479, 7039236.149679658003151 ], [ 255530.207024543080479, 7039241.152870248071849 ], [ 255535.210215133032762, 7039241.152870248071849 ], [ 255535.210215133032762, 7039246.156060838140547 ], [ 255540.213405722985044, 7039246.156060838140547 ], [ 255540.213405722985044, 7039256.162442018277943 ], [ 255550.219786902889609, 7039256.162442018277943 ], [ 255550.219786902889609, 7039251.159251428209245 ], [ 255555.222977492841892, 7039251.159251428209245 ], [ 255555.222977492841892, 7039261.165632608346641 ], [ 255560.226168082765071, 7039261.165632608346641 ], [ 255560.226168082765071, 7039266.168823197484016 ], [ 255565.229358672717353, 7039266.168823197484016 ], [ 255565.229358672717353, 7039271.172013787552714 ], [ 255585.24212103249738, 7039271.172013787552714 ], [ 255585.24212103249738, 7039276.175204377621412 ], [ 255590.245311622449663, 7039276.175204377621412 ], [ 255590.245311622449663, 7039281.17839496769011 ], [ 255595.248502212401945, 7039281.17839496769011 ], [ 255595.248502212401945, 7039286.181585557758808 ], [ 255600.251692802354228, 7039286.181585557758808 ], [ 255600.251692802354228, 7039296.187966737896204 ], [ 255605.25488339230651, 7039296.187966737896204 ], [ 255605.25488339230651, 7039301.191157327033579 ], [ 255615.261264572181972, 7039301.191157327033579 ], [ 255615.261264572181972, 7039306.194347917102277 ], [ 255625.267645752086537, 7039306.194347917102277 ], [ 255625.267645752086537, 7039311.197538507170975 ], [ 255630.27083634203882, 7039311.197538507170975 ], [ 255630.27083634203882, 7039316.200729097239673 ], [ 255635.274026931991102, 7039316.200729097239673 ], [ 255635.274026931991102, 7039321.203919687308371 ], [ 255645.280408111866564, 7039321.203919687308371 ], [ 255645.280408111866564, 7039326.207110277377069 ], [ 255650.283598701818846, 7039326.207110277377069 ], [ 255650.283598701818846, 7039331.210300867445767 ], [ 255660.289979881723411, 7039331.210300867445767 ], [ 255660.289979881723411, 7039336.213491457514465 ], [ 255695.312314011331182, 7039336.213491457514465 ], [ 255695.312314011331182, 7039346.219872636720538 ], [ 255700.315504601283465, 7039346.219872636720538 ], [ 255700.315504601283465, 7039351.223063226789236 ], [ 255705.318695191235747, 7039351.223063226789236 ], [ 255705.318695191235747, 7039356.226253816857934 ], [ 255700.315504601283465, 7039356.226253816857934 ], [ 255700.315504601283465, 7039361.229444406926632 ], [ 255690.309123421408003, 7039361.229444406926632 ], [ 255690.309123421408003, 7039366.23263499699533 ], [ 255720.328266961092595, 7039366.23263499699533 ], [ 255720.328266961092595, 7039371.235825587064028 ], [ 255725.331457551015774, 7039371.235825587064028 ], [ 255725.331457551015774, 7039376.239016177132726 ], [ 255730.334648140968056, 7039376.239016177132726 ], [ 255730.334648140968056, 7039381.242206766270101 ], [ 255735.337838730920339, 7039381.242206766270101 ], [ 255735.337838730920339, 7039386.245397356338799 ], [ 255740.341029320872622, 7039386.245397356338799 ], [ 255740.341029320872622, 7039391.248587946407497 ], [ 255745.344219910824904, 7039391.248587946407497 ], [ 255745.344219910824904, 7039396.251778536476195 ], [ 255750.347410500748083, 7039396.251778536476195 ], [ 255750.347410500748083, 7039401.254969126544893 ], [ 255755.350601090700366, 7039401.254969126544893 ], [ 255755.350601090700366, 7039406.258159716613591 ], [ 255765.356982270604931, 7039406.258159716613591 ], [ 255765.356982270604931, 7039401.254969126544893 ], [ 255770.360172860557213, 7039401.254969126544893 ], [ 255770.360172860557213, 7039396.251778536476195 ], [ 255775.363363450509496, 7039396.251778536476195 ], [ 255775.363363450509496, 7039386.245397356338799 ], [ 255770.360172860557213, 7039386.245397356338799 ], [ 255770.360172860557213, 7039381.242206766270101 ], [ 255765.356982270604931, 7039381.242206766270101 ], [ 255765.356982270604931, 7039356.226253816857934 ], [ 255770.360172860557213, 7039356.226253816857934 ], [ 255770.360172860557213, 7039351.223063226789236 ], [ 255775.363363450509496, 7039351.223063226789236 ], [ 255775.363363450509496, 7039346.219872636720538 ], [ 255780.366554040432675, 7039346.219872636720538 ], [ 255780.366554040432675, 7039341.21668204665184 ], [ 255785.369744630384957, 7039341.21668204665184 ], [ 255785.369744630384957, 7039336.213491457514465 ], [ 255790.37293522033724, 7039336.213491457514465 ], [ 255790.37293522033724, 7039331.210300867445767 ], [ 255795.376125810289523, 7039331.210300867445767 ], [ 255795.376125810289523, 7039326.207110277377069 ], [ 255800.379316400241805, 7039326.207110277377069 ], [ 255800.379316400241805, 7039321.203919687308371 ], [ 255805.382506990164984, 7039321.203919687308371 ], [ 255805.382506990164984, 7039316.200729097239673 ], [ 255810.385697580117267, 7039316.200729097239673 ], [ 255810.385697580117267, 7039311.197538507170975 ], [ 255815.388888170069549, 7039311.197538507170975 ], [ 255815.388888170069549, 7039306.194347917102277 ], [ 255820.392078760021832, 7039306.194347917102277 ], [ 255820.392078760021832, 7039301.191157327033579 ], [ 255825.395269349974114, 7039301.191157327033579 ], [ 255825.395269349974114, 7039296.187966737896204 ], [ 255830.398459939926397, 7039296.187966737896204 ], [ 255830.398459939926397, 7039291.184776147827506 ], [ 255835.401650529849576, 7039291.184776147827506 ], [ 255835.401650529849576, 7039286.181585557758808 ], [ 255855.414412889658706, 7039286.181585557758808 ], [ 255855.414412889658706, 7039291.184776147827506 ], [ 255860.417603479581885, 7039291.184776147827506 ], [ 255860.417603479581885, 7039296.187966737896204 ], [ 255865.420794069534168, 7039296.187966737896204 ], [ 255865.420794069534168, 7039301.191157327033579 ], [ 255870.42398465948645, 7039301.191157327033579 ], [ 255870.42398465948645, 7039306.194347917102277 ], [ 255875.427175249438733, 7039306.194347917102277 ], [ 255875.427175249438733, 7039311.197538507170975 ], [ 255880.430365839391015, 7039311.197538507170975 ], [ 255880.430365839391015, 7039316.200729097239673 ], [ 255885.433556429343298, 7039316.200729097239673 ], [ 255885.433556429343298, 7039321.203919687308371 ], [ 255890.436747019266477, 7039321.203919687308371 ], [ 255890.436747019266477, 7039326.207110277377069 ], [ 255895.439937609218759, 7039326.207110277377069 ], [ 255895.439937609218759, 7039331.210300867445767 ], [ 255900.443128199171042, 7039331.210300867445767 ], [ 255900.443128199171042, 7039336.213491457514465 ], [ 255905.446318789123325, 7039336.213491457514465 ], [ 255905.446318789123325, 7039341.21668204665184 ], [ 255910.449509379075607, 7039341.21668204665184 ], [ 255910.449509379075607, 7039346.219872636720538 ], [ 255915.452699968998786, 7039346.219872636720538 ], [ 255915.452699968998786, 7039351.223063226789236 ], [ 255920.455890558951069, 7039351.223063226789236 ], [ 255920.455890558951069, 7039356.226253816857934 ], [ 255925.459081148903351, 7039356.226253816857934 ], [ 255925.459081148903351, 7039361.229444406926632 ], [ 255930.462271738855634, 7039361.229444406926632 ], [ 255930.462271738855634, 7039376.239016177132726 ], [ 255925.459081148903351, 7039376.239016177132726 ], [ 255925.459081148903351, 7039381.242206766270101 ], [ 255920.455890558951069, 7039381.242206766270101 ], [ 255920.455890558951069, 7039386.245397356338799 ], [ 255915.452699968998786, 7039386.245397356338799 ], [ 255915.452699968998786, 7039391.248587946407497 ], [ 255910.449509379075607, 7039391.248587946407497 ], [ 255910.449509379075607, 7039396.251778536476195 ], [ 255905.446318789123325, 7039396.251778536476195 ], [ 255905.446318789123325, 7039401.254969126544893 ], [ 255900.443128199171042, 7039401.254969126544893 ], [ 255900.443128199171042, 7039406.258159716613591 ], [ 255895.439937609218759, 7039406.258159716613591 ], [ 255895.439937609218759, 7039411.261350306682289 ], [ 255890.436747019266477, 7039411.261350306682289 ], [ 255890.436747019266477, 7039416.264540895819664 ], [ 255885.433556429343298, 7039416.264540895819664 ], [ 255885.433556429343298, 7039421.267731485888362 ], [ 255880.430365839391015, 7039421.267731485888362 ], [ 255880.430365839391015, 7039426.27092207595706 ], [ 255875.427175249438733, 7039426.27092207595706 ], [ 255875.427175249438733, 7039431.274112666025758 ], [ 255870.42398465948645, 7039431.274112666025758 ], [ 255870.42398465948645, 7039436.277303256094456 ], [ 255875.427175249438733, 7039436.277303256094456 ], [ 255875.427175249438733, 7039441.280493846163154 ], [ 255880.430365839391015, 7039441.280493846163154 ], [ 255880.430365839391015, 7039446.283684436231852 ], [ 255885.433556429343298, 7039446.283684436231852 ], [ 255885.433556429343298, 7039466.296446795575321 ], [ 255880.430365839391015, 7039466.296446795575321 ], [ 255880.430365839391015, 7039471.299637385644019 ], [ 255875.427175249438733, 7039471.299637385644019 ], [ 255875.427175249438733, 7039476.302827975712717 ], [ 255870.42398465948645, 7039476.302827975712717 ], [ 255870.42398465948645, 7039481.306018565781415 ], [ 255865.420794069534168, 7039481.306018565781415 ], [ 255865.420794069534168, 7039486.309209155850112 ], [ 255860.417603479581885, 7039486.309209155850112 ], [ 255860.417603479581885, 7039491.312399744987488 ], [ 255855.414412889658706, 7039491.312399744987488 ], [ 255855.414412889658706, 7039496.315590335056186 ], [ 255850.411222299706424, 7039496.315590335056186 ], [ 255850.411222299706424, 7039501.318780925124884 ], [ 255845.408031709754141, 7039501.318780925124884 ], [ 255845.408031709754141, 7039506.321971515193582 ], [ 255840.404841119801858, 7039506.321971515193582 ], [ 255840.404841119801858, 7039511.32516210526228 ], [ 255835.401650529849576, 7039511.32516210526228 ], [ 255835.401650529849576, 7039516.328352695330977 ], [ 255830.398459939926397, 7039516.328352695330977 ], [ 255830.398459939926397, 7039521.331543285399675 ], [ 255825.395269349974114, 7039521.331543285399675 ], [ 255825.395269349974114, 7039526.334733875468373 ], [ 255820.392078760021832, 7039526.334733875468373 ], [ 255820.392078760021832, 7039531.337924464605749 ], [ 255815.388888170069549, 7039531.337924464605749 ], [ 255815.388888170069549, 7039536.341115054674447 ], [ 255810.385697580117267, 7039536.341115054674447 ], [ 255810.385697580117267, 7039546.347496234811842 ], [ 255815.388888170069549, 7039546.347496234811842 ], [ 255815.388888170069549, 7039551.35068682488054 ], [ 255820.392078760021832, 7039551.35068682488054 ], [ 255820.392078760021832, 7039556.353877414949238 ], [ 255825.395269349974114, 7039556.353877414949238 ], [ 255825.395269349974114, 7039561.357068005017936 ], [ 255830.398459939926397, 7039561.357068005017936 ], [ 255830.398459939926397, 7039566.360258595086634 ], [ 255835.401650529849576, 7039566.360258595086634 ], [ 255835.401650529849576, 7039571.36344918422401 ], [ 255840.404841119801858, 7039571.36344918422401 ], [ 255840.404841119801858, 7039566.360258595086634 ], [ 255845.408031709754141, 7039566.360258595086634 ], [ 255845.408031709754141, 7039561.357068005017936 ], [ 255850.411222299706424, 7039561.357068005017936 ], [ 255850.411222299706424, 7039556.353877414949238 ], [ 255855.414412889658706, 7039556.353877414949238 ], [ 255855.414412889658706, 7039551.35068682488054 ], [ 255860.417603479581885, 7039551.35068682488054 ], [ 255860.417603479581885, 7039546.347496234811842 ], [ 255870.42398465948645, 7039546.347496234811842 ], [ 255870.42398465948645, 7039541.344305644743145 ], [ 255880.430365839391015, 7039541.344305644743145 ], [ 255880.430365839391015, 7039546.347496234811842 ], [ 255885.433556429343298, 7039546.347496234811842 ], [ 255885.433556429343298, 7039551.35068682488054 ], [ 255890.436747019266477, 7039551.35068682488054 ], [ 255890.436747019266477, 7039556.353877414949238 ], [ 255895.439937609218759, 7039556.353877414949238 ], [ 255895.439937609218759, 7039561.357068005017936 ], [ 255900.443128199171042, 7039561.357068005017936 ], [ 255900.443128199171042, 7039566.360258595086634 ], [ 255905.446318789123325, 7039566.360258595086634 ], [ 255905.446318789123325, 7039571.36344918422401 ], [ 255910.449509379075607, 7039571.36344918422401 ], [ 255910.449509379075607, 7039576.366639774292707 ], [ 255915.452699968998786, 7039576.366639774292707 ], [ 255915.452699968998786, 7039571.36344918422401 ], [ 255920.455890558951069, 7039571.36344918422401 ], [ 255920.455890558951069, 7039566.360258595086634 ], [ 255925.459081148903351, 7039566.360258595086634 ], [ 255925.459081148903351, 7039561.357068005017936 ], [ 255930.462271738855634, 7039561.357068005017936 ], [ 255930.462271738855634, 7039556.353877414949238 ], [ 255935.465462328807916, 7039556.353877414949238 ], [ 255935.465462328807916, 7039551.35068682488054 ], [ 255940.468652918760199, 7039551.35068682488054 ], [ 255940.468652918760199, 7039546.347496234811842 ], [ 255945.471843508683378, 7039546.347496234811842 ], [ 255945.471843508683378, 7039541.344305644743145 ], [ 255950.47503409863566, 7039541.344305644743145 ], [ 255950.47503409863566, 7039536.341115054674447 ], [ 255955.478224688587943, 7039536.341115054674447 ], [ 255955.478224688587943, 7039531.337924464605749 ], [ 255960.481415278540226, 7039531.337924464605749 ], [ 255960.481415278540226, 7039526.334733875468373 ], [ 255980.494177638320252, 7039526.334733875468373 ], [ 255980.494177638320252, 7039531.337924464605749 ], [ 255985.497368228272535, 7039531.337924464605749 ], [ 255985.497368228272535, 7039536.341115054674447 ], [ 255990.500558818224818, 7039536.341115054674447 ], [ 255990.500558818224818, 7039541.344305644743145 ], [ 255995.5037494081771, 7039541.344305644743145 ], [ 255995.5037494081771, 7039546.347496234811842 ], [ 256000.506939998100279, 7039546.347496234811842 ], [ 256000.506939998100279, 7039551.35068682488054 ], [ 256005.510130588052562, 7039551.35068682488054 ], [ 256005.510130588052562, 7039556.353877414949238 ], [ 256010.513321178004844, 7039556.353877414949238 ], [ 256010.513321178004844, 7039561.357068005017936 ], [ 256015.516511767957127, 7039561.357068005017936 ], [ 256015.516511767957127, 7039566.360258595086634 ], [ 256020.519702357909409, 7039566.360258595086634 ], [ 256020.519702357909409, 7039571.36344918422401 ], [ 256025.522892947832588, 7039571.36344918422401 ], [ 256025.522892947832588, 7039576.366639774292707 ], [ 256030.526083537784871, 7039576.366639774292707 ], [ 256030.526083537784871, 7039581.369830364361405 ], [ 256035.529274127737153, 7039581.369830364361405 ], [ 256035.529274127737153, 7039586.373020954430103 ], [ 256040.532464717689436, 7039586.373020954430103 ], [ 256040.532464717689436, 7039591.376211544498801 ], [ 256045.535655307641719, 7039591.376211544498801 ], [ 256045.535655307641719, 7039596.379402134567499 ], [ 256050.538845897594001, 7039596.379402134567499 ], [ 256050.538845897594001, 7039616.392164493910968 ], [ 256045.535655307641719, 7039616.392164493910968 ], [ 256045.535655307641719, 7039621.395355083979666 ], [ 256040.532464717689436, 7039621.395355083979666 ], [ 256040.532464717689436, 7039626.398545674048364 ], [ 256035.529274127737153, 7039626.398545674048364 ], [ 256035.529274127737153, 7039631.401736264117062 ], [ 256030.526083537784871, 7039631.401736264117062 ], [ 256030.526083537784871, 7039636.40492685418576 ], [ 256025.522892947832588, 7039636.40492685418576 ], [ 256025.522892947832588, 7039641.408117444254458 ], [ 256020.519702357909409, 7039641.408117444254458 ], [ 256020.519702357909409, 7039646.411308033391833 ], [ 256015.516511767957127, 7039646.411308033391833 ], [ 256015.516511767957127, 7039651.414498623460531 ], [ 256010.513321178004844, 7039651.414498623460531 ], [ 256010.513321178004844, 7039656.417689213529229 ], [ 256005.510130588052562, 7039656.417689213529229 ], [ 256005.510130588052562, 7039661.420879803597927 ], [ 256000.506939998100279, 7039661.420879803597927 ], [ 256000.506939998100279, 7039666.424070393666625 ], [ 255995.5037494081771, 7039666.424070393666625 ], [ 255995.5037494081771, 7039671.427260983735323 ], [ 255990.500558818224818, 7039671.427260983735323 ], [ 255990.500558818224818, 7039676.430451573804021 ], [ 255985.497368228272535, 7039676.430451573804021 ], [ 255985.497368228272535, 7039681.433642163872719 ], [ 255980.494177638320252, 7039681.433642163872719 ], [ 255980.494177638320252, 7039686.436832753010094 ], [ 255975.49098704836797, 7039686.436832753010094 ], [ 255975.49098704836797, 7039691.440023343078792 ], [ 255965.484605868492508, 7039691.440023343078792 ], [ 255965.484605868492508, 7039686.436832753010094 ], [ 255960.481415278540226, 7039686.436832753010094 ], [ 255960.481415278540226, 7039681.433642163872719 ], [ 255955.478224688587943, 7039681.433642163872719 ], [ 255955.478224688587943, 7039676.430451573804021 ], [ 255950.47503409863566, 7039676.430451573804021 ], [ 255950.47503409863566, 7039671.427260983735323 ], [ 255945.471843508683378, 7039671.427260983735323 ], [ 255945.471843508683378, 7039666.424070393666625 ], [ 255940.468652918760199, 7039666.424070393666625 ], [ 255940.468652918760199, 7039661.420879803597927 ], [ 255935.465462328807916, 7039661.420879803597927 ], [ 255935.465462328807916, 7039656.417689213529229 ], [ 255930.462271738855634, 7039656.417689213529229 ], [ 255930.462271738855634, 7039661.420879803597927 ], [ 255925.459081148903351, 7039661.420879803597927 ], [ 255925.459081148903351, 7039666.424070393666625 ], [ 255920.455890558951069, 7039666.424070393666625 ], [ 255920.455890558951069, 7039671.427260983735323 ], [ 255915.452699968998786, 7039671.427260983735323 ], [ 255915.452699968998786, 7039676.430451573804021 ], [ 255910.449509379075607, 7039676.430451573804021 ], [ 255910.449509379075607, 7039681.433642163872719 ], [ 255905.446318789123325, 7039681.433642163872719 ], [ 255905.446318789123325, 7039686.436832753010094 ], [ 255900.443128199171042, 7039686.436832753010094 ], [ 255900.443128199171042, 7039691.440023343078792 ], [ 255895.439937609218759, 7039691.440023343078792 ], [ 255895.439937609218759, 7039696.44321393314749 ], [ 255890.436747019266477, 7039696.44321393314749 ], [ 255890.436747019266477, 7039701.446404523216188 ], [ 255885.433556429343298, 7039701.446404523216188 ], [ 255885.433556429343298, 7039706.449595113284886 ], [ 255865.420794069534168, 7039706.449595113284886 ], [ 255865.420794069534168, 7039716.455976293422282 ], [ 255870.42398465948645, 7039716.455976293422282 ], [ 255870.42398465948645, 7039731.465548062697053 ], [ 255875.427175249438733, 7039731.465548062697053 ], [ 255875.427175249438733, 7039741.471929242834449 ], [ 255880.430365839391015, 7039741.471929242834449 ], [ 255880.430365839391015, 7039751.478310422971845 ], [ 255885.433556429343298, 7039751.478310422971845 ], [ 255885.433556429343298, 7039756.481501013040543 ], [ 255890.436747019266477, 7039756.481501013040543 ], [ 255890.436747019266477, 7039766.487882192246616 ], [ 255895.439937609218759, 7039766.487882192246616 ], [ 255895.439937609218759, 7039771.491072782315314 ], [ 255900.443128199171042, 7039771.491072782315314 ], [ 255900.443128199171042, 7039781.49745396245271 ], [ 255905.446318789123325, 7039781.49745396245271 ], [ 255905.446318789123325, 7039786.500644552521408 ], [ 255910.449509379075607, 7039786.500644552521408 ], [ 255910.449509379075607, 7039796.507025732658803 ], [ 255915.452699968998786, 7039796.507025732658803 ], [ 255915.452699968998786, 7039806.513406911864877 ], [ 255920.455890558951069, 7039806.513406911864877 ], [ 255920.455890558951069, 7039811.516597501933575 ], [ 255925.459081148903351, 7039811.516597501933575 ], [ 255925.459081148903351, 7039821.522978682070971 ], [ 255930.462271738855634, 7039821.522978682070971 ], [ 255930.462271738855634, 7039826.526169272139668 ], [ 255935.465462328807916, 7039826.526169272139668 ], [ 255935.465462328807916, 7039836.532550451345742 ], [ 255940.468652918760199, 7039836.532550451345742 ], [ 255940.468652918760199, 7039841.53574104141444 ], [ 255945.471843508683378, 7039841.53574104141444 ], [ 255945.471843508683378, 7039851.542122221551836 ], [ 255950.47503409863566, 7039851.542122221551836 ], [ 255950.47503409863566, 7039861.548503401689231 ], [ 255955.478224688587943, 7039861.548503401689231 ], [ 255955.478224688587943, 7039866.551693991757929 ], [ 255960.481415278540226, 7039866.551693991757929 ], [ 255960.481415278540226, 7039876.558075170964003 ], [ 255965.484605868492508, 7039876.558075170964003 ], [ 255965.484605868492508, 7039886.564456351101398 ], [ 255970.487796458415687, 7039886.564456351101398 ], [ 255970.487796458415687, 7039896.570837531238794 ], [ 255975.49098704836797, 7039896.570837531238794 ], [ 255975.49098704836797, 7039906.57721871137619 ], [ 255980.494177638320252, 7039906.57721871137619 ], [ 255980.494177638320252, 7039916.583599890582263 ], [ 255985.497368228272535, 7039916.583599890582263 ], [ 255985.497368228272535, 7039926.589981070719659 ], [ 255990.500558818224818, 7039926.589981070719659 ], [ 255990.500558818224818, 7039936.596362250857055 ], [ 255995.5037494081771, 7039936.596362250857055 ], [ 255995.5037494081771, 7039946.602743430994451 ], [ 256000.506939998100279, 7039946.602743430994451 ], [ 256000.506939998100279, 7039951.605934020131826 ], [ 256005.510130588052562, 7039951.605934020131826 ], [ 256005.510130588052562, 7039956.609124610200524 ], [ 256010.513321178004844, 7039956.609124610200524 ], [ 256010.513321178004844, 7039966.61550579033792 ], [ 256015.516511767957127, 7039966.61550579033792 ], [ 256015.516511767957127, 7039971.618696380406618 ], [ 256020.519702357909409, 7039971.618696380406618 ], [ 256020.519702357909409, 7039981.625077560544014 ], [ 256025.522892947832588, 7039981.625077560544014 ], [ 256025.522892947832588, 7039986.628268150612712 ], [ 256030.526083537784871, 7039986.628268150612712 ], [ 256030.526083537784871, 7039991.631458739750087 ], [ 256035.529274127737153, 7039991.631458739750087 ], [ 256035.529274127737153, 7039996.634649329818785 ], [ 256040.532464717689436, 7039996.634649329818785 ], [ 256040.532464717689436, 7040006.641030509956181 ], [ 256050.538845897594001, 7040006.641030509956181 ], [ 256050.538845897594001, 7040016.647411690093577 ], [ 256055.54203648751718, 7040016.647411690093577 ], [ 256055.54203648751718, 7040021.650602280162275 ], [ 256060.545227077469463, 7040021.650602280162275 ], [ 256060.545227077469463, 7040026.653792870230973 ], [ 256065.548417667421745, 7040026.653792870230973 ], [ 256065.548417667421745, 7040036.660174049437046 ], [ 256070.551608257374028, 7040036.660174049437046 ], [ 256070.551608257374028, 7040041.663364639505744 ], [ 256075.55479884732631, 7040041.663364639505744 ], [ 256075.55479884732631, 7040046.666555229574442 ], [ 256080.557989437249489, 7040046.666555229574442 ], [ 256080.557989437249489, 7040051.66974581964314 ], [ 256085.561180027201772, 7040051.66974581964314 ], [ 256085.561180027201772, 7040061.676126999780536 ], [ 256090.564370617154054, 7040061.676126999780536 ], [ 256090.564370617154054, 7040066.679317588917911 ], [ 256095.567561207106337, 7040066.679317588917911 ], [ 256095.567561207106337, 7040076.685698769055307 ], [ 256100.57075179705862, 7040076.685698769055307 ], [ 256100.57075179705862, 7040081.688889359124005 ], [ 256105.573942387010902, 7040081.688889359124005 ], [ 256105.573942387010902, 7040086.692079949192703 ], [ 256110.577132976934081, 7040086.692079949192703 ], [ 256110.577132976934081, 7040096.698461129330099 ], [ 256115.580323566886364, 7040096.698461129330099 ], [ 256115.580323566886364, 7040091.695270539261401 ], [ 256120.583514156838646, 7040091.695270539261401 ], [ 256120.583514156838646, 7040086.692079949192703 ], [ 256125.586704746790929, 7040086.692079949192703 ], [ 256125.586704746790929, 7040081.688889359124005 ], [ 256130.589895336743211, 7040081.688889359124005 ], [ 256130.589895336743211, 7040076.685698769055307 ], [ 256135.59308592666639, 7040076.685698769055307 ], [ 256135.59308592666639, 7040071.682508178986609 ], [ 256140.596276516618673, 7040071.682508178986609 ], [ 256140.596276516618673, 7040066.679317588917911 ], [ 256145.599467106570955, 7040066.679317588917911 ], [ 256145.599467106570955, 7040061.676126999780536 ], [ 256150.602657696523238, 7040061.676126999780536 ], [ 256150.602657696523238, 7040056.672936409711838 ], [ 256155.605848286475521, 7040056.672936409711838 ], [ 256155.605848286475521, 7040051.66974581964314 ], [ 256160.609038876427803, 7040051.66974581964314 ], [ 256160.609038876427803, 7040046.666555229574442 ], [ 256165.612229466350982, 7040046.666555229574442 ], [ 256165.612229466350982, 7040041.663364639505744 ], [ 256170.615420056303265, 7040041.663364639505744 ], [ 256170.615420056303265, 7040036.660174049437046 ], [ 256190.628182416083291, 7040036.660174049437046 ], [ 256190.628182416083291, 7040041.663364639505744 ], [ 256195.631373006035574, 7040041.663364639505744 ], [ 256195.631373006035574, 7040046.666555229574442 ], [ 256200.634563595987856, 7040046.666555229574442 ], [ 256200.634563595987856, 7040051.66974581964314 ], [ 256205.637754185940139, 7040051.66974581964314 ], [ 256205.637754185940139, 7040056.672936409711838 ], [ 256210.640944775892422, 7040056.672936409711838 ], [ 256210.640944775892422, 7040061.676126999780536 ], [ 256215.644135365844704, 7040061.676126999780536 ], [ 256215.644135365844704, 7040066.679317588917911 ], [ 256220.647325955767883, 7040066.679317588917911 ], [ 256220.647325955767883, 7040071.682508178986609 ], [ 256225.650516545720166, 7040071.682508178986609 ], [ 256225.650516545720166, 7040076.685698769055307 ], [ 256230.653707135672448, 7040076.685698769055307 ], [ 256230.653707135672448, 7040081.688889359124005 ], [ 256235.656897725624731, 7040081.688889359124005 ], [ 256235.656897725624731, 7040086.692079949192703 ], [ 256240.660088315577013, 7040086.692079949192703 ], [ 256240.660088315577013, 7040091.695270539261401 ], [ 256245.663278905500192, 7040091.695270539261401 ], [ 256245.663278905500192, 7040096.698461129330099 ], [ 256250.666469495452475, 7040096.698461129330099 ], [ 256250.666469495452475, 7040101.701651719398797 ], [ 256255.669660085404757, 7040101.701651719398797 ], [ 256255.669660085404757, 7040106.704842308536172 ], [ 256260.67285067535704, 7040106.704842308536172 ], [ 256260.67285067535704, 7040131.720795258879662 ], [ 256255.669660085404757, 7040131.720795258879662 ], [ 256255.669660085404757, 7040136.723985848948359 ], [ 256250.666469495452475, 7040136.723985848948359 ], [ 256250.666469495452475, 7040141.727176439017057 ], [ 256245.663278905500192, 7040141.727176439017057 ], [ 256245.663278905500192, 7040146.730367028154433 ], [ 256240.660088315577013, 7040146.730367028154433 ], [ 256240.660088315577013, 7040151.733557618223131 ], [ 256235.656897725624731, 7040151.733557618223131 ], [ 256235.656897725624731, 7040156.736748208291829 ], [ 256230.653707135672448, 7040156.736748208291829 ], [ 256230.653707135672448, 7040161.739938798360527 ], [ 256225.650516545720166, 7040161.739938798360527 ], [ 256225.650516545720166, 7040166.743129388429224 ], [ 256220.647325955767883, 7040166.743129388429224 ], [ 256220.647325955767883, 7040171.746319978497922 ], [ 256215.644135365844704, 7040171.746319978497922 ], [ 256215.644135365844704, 7040176.74951056856662 ], [ 256210.640944775892422, 7040176.74951056856662 ], [ 256210.640944775892422, 7040181.752701157703996 ], [ 256205.637754185940139, 7040181.752701157703996 ], [ 256205.637754185940139, 7040186.755891747772694 ], [ 256200.634563595987856, 7040186.755891747772694 ], [ 256200.634563595987856, 7040191.759082337841392 ], [ 256195.631373006035574, 7040191.759082337841392 ], [ 256195.631373006035574, 7040201.765463517978787 ], [ 256200.634563595987856, 7040201.765463517978787 ], [ 256200.634563595987856, 7040206.768654108047485 ], [ 256210.640944775892422, 7040206.768654108047485 ], [ 256210.640944775892422, 7040211.771844698116183 ], [ 256215.644135365844704, 7040211.771844698116183 ], [ 256215.644135365844704, 7040216.775035288184881 ], [ 256225.650516545720166, 7040216.775035288184881 ], [ 256225.650516545720166, 7040221.778225877322257 ], [ 256235.656897725624731, 7040221.778225877322257 ], [ 256235.656897725624731, 7040226.781416467390954 ], [ 256240.660088315577013, 7040226.781416467390954 ], [ 256240.660088315577013, 7040231.784607057459652 ], [ 256245.663278905500192, 7040231.784607057459652 ], [ 256245.663278905500192, 7040236.78779764752835 ], [ 256250.666469495452475, 7040236.78779764752835 ], [ 256250.666469495452475, 7040241.790988237597048 ], [ 256255.669660085404757, 7040241.790988237597048 ], [ 256255.669660085404757, 7040246.794178827665746 ], [ 256265.676041265309323, 7040246.794178827665746 ], [ 256265.676041265309323, 7040251.797369417734444 ], [ 256275.682422445184784, 7040251.797369417734444 ], [ 256275.682422445184784, 7040256.800560007803142 ], [ 256280.685613035137067, 7040256.800560007803142 ], [ 256280.685613035137067, 7040261.803750596940517 ], [ 256305.701565984869376, 7040261.803750596940517 ], [ 256305.701565984869376, 7040271.810131777077913 ], [ 256310.704756574821658, 7040271.810131777077913 ], [ 256310.704756574821658, 7040276.813322367146611 ], [ 256320.711137754726224, 7040276.813322367146611 ], [ 256320.711137754726224, 7040281.816512957215309 ], [ 256330.717518934601685, 7040281.816512957215309 ], [ 256330.717518934601685, 7040286.819703547284007 ], [ 256335.720709524553968, 7040286.819703547284007 ], [ 256335.720709524553968, 7040291.822894137352705 ], [ 256345.727090704458533, 7040291.822894137352705 ], [ 256345.727090704458533, 7040296.82608472649008 ], [ 256355.733471884333994, 7040296.82608472649008 ], [ 256355.733471884333994, 7040301.829275316558778 ], [ 256360.736662474286277, 7040301.829275316558778 ], [ 256360.736662474286277, 7040306.832465906627476 ], [ 256365.739853064238559, 7040306.832465906627476 ], [ 256365.739853064238559, 7040311.835656496696174 ], [ 256370.743043654190842, 7040311.835656496696174 ], [ 256370.743043654190842, 7040316.838847086764872 ], [ 256380.749424834095407, 7040316.838847086764872 ], [ 256380.749424834095407, 7040321.84203767683357 ], [ 256400.762187193875434, 7040321.84203767683357 ], [ 256400.762187193875434, 7040326.845228266902268 ], [ 256410.768568373750895, 7040326.845228266902268 ], [ 256410.768568373750895, 7040331.848418856970966 ], [ 256415.771758963703178, 7040331.848418856970966 ], [ 256415.771758963703178, 7040336.851609446108341 ], [ 256420.77494955365546, 7040336.851609446108341 ], [ 256420.77494955365546, 7040341.854800036177039 ], [ 256435.784521323512308, 7040341.854800036177039 ], [ 256435.784521323512308, 7040361.867562396451831 ], [ 256445.79090250338777, 7040361.867562396451831 ], [ 256445.79090250338777, 7040366.870752986520529 ], [ 256455.797283683292335, 7040366.870752986520529 ], [ 256455.797283683292335, 7040371.873943575657904 ], [ 256470.806855453120079, 7040371.873943575657904 ], [ 256470.806855453120079, 7040376.877134165726602 ], [ 256480.813236633024644, 7040376.877134165726602 ], [ 256480.813236633024644, 7040381.8803247557953 ], [ 256485.816427222976927, 7040381.8803247557953 ], [ 256485.816427222976927, 7040386.883515345863998 ], [ 256495.822808402852388, 7040386.883515345863998 ], [ 256495.822808402852388, 7040381.8803247557953 ], [ 256500.825998992804671, 7040381.8803247557953 ], [ 256500.825998992804671, 7040376.877134165726602 ], [ 256510.832380172709236, 7040376.877134165726602 ], [ 256510.832380172709236, 7040371.873943575657904 ], [ 256520.838761352584697, 7040371.873943575657904 ], [ 256520.838761352584697, 7040381.8803247557953 ], [ 256515.835570762661519, 7040381.8803247557953 ], [ 256515.835570762661519, 7040391.886705935932696 ], [ 256520.838761352584697, 7040391.886705935932696 ], [ 256520.838761352584697, 7040386.883515345863998 ], [ 256545.85471430234611, 7040386.883515345863998 ], [ 256545.85471430234611, 7040391.886705935932696 ], [ 256555.861095482221572, 7040391.886705935932696 ], [ 256555.861095482221572, 7040396.889896526001394 ], [ 256560.864286072173854, 7040396.889896526001394 ], [ 256560.864286072173854, 7040401.893087116070092 ], [ 256565.867476662126137, 7040401.893087116070092 ], [ 256565.867476662126137, 7040406.89627770613879 ], [ 256560.864286072173854, 7040406.89627770613879 ], [ 256560.864286072173854, 7040416.902658885344863 ], [ 256570.87066725207842, 7040416.902658885344863 ], [ 256570.87066725207842, 7040411.899468295276165 ], [ 256585.880239021906164, 7040411.899468295276165 ], [ 256585.880239021906164, 7040416.902658885344863 ], [ 256595.886620201810729, 7040416.902658885344863 ], [ 256595.886620201810729, 7040421.905849475413561 ], [ 256600.889810791763011, 7040421.905849475413561 ], [ 256600.889810791763011, 7040426.909040065482259 ], [ 256605.89300138168619, 7040426.909040065482259 ], [ 256605.89300138168619, 7040436.915421245619655 ], [ 256620.902573151543038, 7040436.915421245619655 ], [ 256620.902573151543038, 7040441.918611835688353 ], [ 256625.905763741495321, 7040441.918611835688353 ], [ 256625.905763741495321, 7040446.921802425757051 ], [ 256630.908954331418499, 7040446.921802425757051 ], [ 256630.908954331418499, 7040451.924993014894426 ], [ 256635.912144921370782, 7040451.924993014894426 ], [ 256635.912144921370782, 7040461.931374195031822 ], [ 256640.915335511323065, 7040461.931374195031822 ], [ 256640.915335511323065, 7040476.940945965237916 ], [ 256650.92171669122763, 7040476.940945965237916 ], [ 256650.92171669122763, 7040481.944136555306613 ], [ 256660.928097871103091, 7040481.944136555306613 ], [ 256660.928097871103091, 7040486.947327144443989 ], [ 256665.931288461055374, 7040486.947327144443989 ], [ 256665.931288461055374, 7040491.950517734512687 ], [ 256670.934479051007656, 7040491.950517734512687 ], [ 256670.934479051007656, 7040496.953708324581385 ], [ 256675.937669640959939, 7040496.953708324581385 ], [ 256675.937669640959939, 7040501.956898914650083 ], [ 256680.940860230912222, 7040501.956898914650083 ], [ 256680.940860230912222, 7040506.960089504718781 ], [ 256685.9440508208354, 7040506.960089504718781 ], [ 256685.9440508208354, 7040511.963280094787478 ], [ 256690.947241410787683, 7040511.963280094787478 ], [ 256690.947241410787683, 7040516.966470684856176 ], [ 256695.950432000739966, 7040516.966470684856176 ], [ 256695.950432000739966, 7040521.969661274924874 ], [ 256700.953622590692248, 7040521.969661274924874 ], [ 256700.953622590692248, 7040526.97285186406225 ], [ 256705.956813180644531, 7040526.97285186406225 ], [ 256705.956813180644531, 7040531.976042454130948 ], [ 256710.960003770596813, 7040531.976042454130948 ], [ 256710.960003770596813, 7040536.979233044199646 ], [ 256720.966384950472275, 7040536.979233044199646 ], [ 256720.966384950472275, 7040541.982423634268343 ], [ 256725.969575540424557, 7040541.982423634268343 ], [ 256725.969575540424557, 7040546.985614224337041 ], [ 256730.97276613037684, 7040546.985614224337041 ], [ 256730.97276613037684, 7040551.988804814405739 ], [ 256740.979147310252301, 7040551.988804814405739 ], [ 256740.979147310252301, 7040556.991995404474437 ], [ 256750.985528490156867, 7040556.991995404474437 ], [ 256750.985528490156867, 7040561.995185994543135 ], [ 256755.988719080109149, 7040561.995185994543135 ], [ 256755.988719080109149, 7040566.998376583680511 ], [ 256760.991909670061432, 7040566.998376583680511 ], [ 256760.991909670061432, 7040572.001567173749208 ], [ 256770.998290849936893, 7040572.001567173749208 ], [ 256770.998290849936893, 7040577.004757763817906 ], [ 256781.004672029841458, 7040577.004757763817906 ], [ 256781.004672029841458, 7040582.007948353886604 ], [ 256791.011053209746024, 7040582.007948353886604 ], [ 256791.011053209746024, 7040587.011138943955302 ], [ 256806.020624979573768, 7040587.011138943955302 ], [ 256806.020624979573768, 7040592.014329534024 ] ], [ [ 258512.108616151497699, 7039816.519788092002273 ], [ 258517.111806741449982, 7039816.519788092002273 ], [ 258517.111806741449982, 7039731.465548062697053 ], [ 258507.105425561545417, 7039731.465548062697053 ], [ 258507.105425561545417, 7039736.468738652765751 ], [ 258497.099044381669955, 7039736.468738652765751 ], [ 258497.099044381669955, 7039741.471929242834449 ], [ 258492.095853791717673, 7039741.471929242834449 ], [ 258492.095853791717673, 7039746.475119832903147 ], [ 258487.09266320176539, 7039746.475119832903147 ], [ 258487.09266320176539, 7039756.481501013040543 ], [ 258482.089472611813108, 7039756.481501013040543 ], [ 258482.089472611813108, 7039761.484691602177918 ], [ 258477.086282021860825, 7039761.484691602177918 ], [ 258477.086282021860825, 7039766.487882192246616 ], [ 258472.083091431937646, 7039766.487882192246616 ], [ 258472.083091431937646, 7039771.491072782315314 ], [ 258467.079900841985364, 7039771.491072782315314 ], [ 258467.079900841985364, 7039781.49745396245271 ], [ 258472.083091431937646, 7039781.49745396245271 ], [ 258472.083091431937646, 7039786.500644552521408 ], [ 258477.086282021860825, 7039786.500644552521408 ], [ 258477.086282021860825, 7039791.503835142590106 ], [ 258482.089472611813108, 7039791.503835142590106 ], [ 258482.089472611813108, 7039796.507025732658803 ], [ 258497.099044381669955, 7039796.507025732658803 ], [ 258497.099044381669955, 7039801.510216321796179 ], [ 258502.102234971593134, 7039801.510216321796179 ], [ 258502.102234971593134, 7039806.513406911864877 ], [ 258507.105425561545417, 7039806.513406911864877 ], [ 258507.105425561545417, 7039811.516597501933575 ], [ 258512.108616151497699, 7039811.516597501933575 ], [ 258512.108616151497699, 7039816.519788092002273 ] ], [ [ 258502.102234971593134, 7039651.414498623460531 ], [ 258517.111806741449982, 7039651.414498623460531 ], [ 258517.111806741449982, 7039611.38897390384227 ], [ 258522.114997331402265, 7039611.38897390384227 ], [ 258522.114997331402265, 7039506.321971515193582 ], [ 258517.111806741449982, 7039506.321971515193582 ], [ 258517.111806741449982, 7039501.318780925124884 ], [ 258512.108616151497699, 7039501.318780925124884 ], [ 258512.108616151497699, 7039496.315590335056186 ], [ 258507.105425561545417, 7039496.315590335056186 ], [ 258507.105425561545417, 7039491.312399744987488 ], [ 258502.102234971593134, 7039491.312399744987488 ], [ 258502.102234971593134, 7039486.309209155850112 ], [ 258492.095853791717673, 7039486.309209155850112 ], [ 258492.095853791717673, 7039481.306018565781415 ], [ 258482.089472611813108, 7039481.306018565781415 ], [ 258482.089472611813108, 7039486.309209155850112 ], [ 258477.086282021860825, 7039486.309209155850112 ], [ 258477.086282021860825, 7039501.318780925124884 ], [ 258472.083091431937646, 7039501.318780925124884 ], [ 258472.083091431937646, 7039516.328352695330977 ], [ 258467.079900841985364, 7039516.328352695330977 ], [ 258467.079900841985364, 7039526.334733875468373 ], [ 258462.076710252033081, 7039526.334733875468373 ], [ 258462.076710252033081, 7039576.366639774292707 ], [ 258457.073519662080798, 7039576.366639774292707 ], [ 258457.073519662080798, 7039596.379402134567499 ], [ 258452.070329072128516, 7039596.379402134567499 ], [ 258452.070329072128516, 7039601.382592724636197 ], [ 258442.063947892253054, 7039601.382592724636197 ], [ 258442.063947892253054, 7039611.38897390384227 ], [ 258447.067138482176233, 7039611.38897390384227 ], [ 258447.067138482176233, 7039616.392164493910968 ], [ 258462.076710252033081, 7039616.392164493910968 ], [ 258462.076710252033081, 7039621.395355083979666 ], [ 258467.079900841985364, 7039621.395355083979666 ], [ 258467.079900841985364, 7039626.398545674048364 ], [ 258477.086282021860825, 7039626.398545674048364 ], [ 258477.086282021860825, 7039631.401736264117062 ], [ 258482.089472611813108, 7039631.401736264117062 ], [ 258482.089472611813108, 7039636.40492685418576 ], [ 258492.095853791717673, 7039636.40492685418576 ], [ 258492.095853791717673, 7039641.408117444254458 ], [ 258497.099044381669955, 7039641.408117444254458 ], [ 258497.099044381669955, 7039646.411308033391833 ], [ 258502.102234971593134, 7039646.411308033391833 ], [ 258502.102234971593134, 7039651.414498623460531 ] ], [ [ 256570.87066725207842, 7039541.344305644743145 ], [ 256575.873857842001598, 7039541.344305644743145 ], [ 256575.873857842001598, 7039531.337924464605749 ], [ 256570.87066725207842, 7039531.337924464605749 ], [ 256570.87066725207842, 7039541.344305644743145 ] ], [ [ 256660.928097871103091, 7039541.344305644743145 ], [ 256665.931288461055374, 7039541.344305644743145 ], [ 256665.931288461055374, 7039536.341115054674447 ], [ 256660.928097871103091, 7039536.341115054674447 ], [ 256660.928097871103091, 7039541.344305644743145 ] ], [ [ 255685.305932831455721, 7039371.235825587064028 ], [ 255690.309123421408003, 7039371.235825587064028 ], [ 255690.309123421408003, 7039366.23263499699533 ], [ 255685.305932831455721, 7039366.23263499699533 ], [ 255685.305932831455721, 7039371.235825587064028 ] ], [ [ 255385.114497434638906, 7039166.105011398904026 ], [ 255400.12406920446665, 7039166.105011398904026 ], [ 255400.12406920446665, 7039161.101820808835328 ], [ 255405.127259794418933, 7039161.101820808835328 ], [ 255405.127259794418933, 7039156.09863021876663 ], [ 255415.133640974323498, 7039156.09863021876663 ], [ 255415.133640974323498, 7039146.092249039560556 ], [ 255420.136831564246677, 7039146.092249039560556 ], [ 255420.136831564246677, 7039131.082677269354463 ], [ 255425.140022154198959, 7039131.082677269354463 ], [ 255425.140022154198959, 7039121.076296089217067 ], [ 255430.143212744151242, 7039121.076296089217067 ], [ 255430.143212744151242, 7039111.069914909079671 ], [ 255435.146403334103525, 7039111.069914909079671 ], [ 255435.146403334103525, 7039086.053961959667504 ], [ 255440.149593924055807, 7039086.053961959667504 ], [ 255440.149593924055807, 7039081.050771369598806 ], [ 255445.15278451400809, 7039081.050771369598806 ], [ 255445.15278451400809, 7039076.047580779530108 ], [ 255450.155975103931269, 7039076.047580779530108 ], [ 255450.155975103931269, 7039071.04439018946141 ], [ 255460.162356283835834, 7039071.04439018946141 ], [ 255460.162356283835834, 7039076.047580779530108 ], [ 255465.165546873788116, 7039076.047580779530108 ], [ 255465.165546873788116, 7039081.050771369598806 ], [ 255475.171928053663578, 7039081.050771369598806 ], [ 255475.171928053663578, 7039086.053961959667504 ], [ 255480.17511864361586, 7039086.053961959667504 ], [ 255480.17511864361586, 7039091.057152549736202 ], [ 255495.184690413472708, 7039091.057152549736202 ], [ 255495.184690413472708, 7039086.053961959667504 ], [ 255500.187881003424991, 7039086.053961959667504 ], [ 255500.187881003424991, 7039081.050771369598806 ], [ 255505.19107159334817, 7039081.050771369598806 ], [ 255505.19107159334817, 7039071.04439018946141 ], [ 255510.194262183300452, 7039071.04439018946141 ], [ 255510.194262183300452, 7039046.028437240049243 ], [ 255515.197452773252735, 7039046.028437240049243 ], [ 255515.197452773252735, 7039026.015674880705774 ], [ 255520.200643363205018, 7039026.015674880705774 ], [ 255520.200643363205018, 7038995.996531340293586 ], [ 255500.187881003424991, 7038995.996531340293586 ], [ 255500.187881003424991, 7038990.993340751156211 ], [ 255490.181499823520426, 7038990.993340751156211 ], [ 255490.181499823520426, 7038985.990150161087513 ], [ 255485.178309233568143, 7038985.990150161087513 ], [ 255485.178309233568143, 7038980.986959571018815 ], [ 255470.168737463740399, 7038980.986959571018815 ], [ 255470.168737463740399, 7038975.983768980950117 ], [ 255460.162356283835834, 7038975.983768980950117 ], [ 255460.162356283835834, 7038970.980578390881419 ], [ 255455.159165693883551, 7038970.980578390881419 ], [ 255455.159165693883551, 7038960.974197210744023 ], [ 255480.17511864361586, 7038960.974197210744023 ], [ 255480.17511864361586, 7038950.96781603153795 ], [ 255485.178309233568143, 7038950.96781603153795 ], [ 255485.178309233568143, 7038935.958244261331856 ], [ 255480.17511864361586, 7038935.958244261331856 ], [ 255480.17511864361586, 7038920.948672491125762 ], [ 255475.171928053663578, 7038920.948672491125762 ], [ 255475.171928053663578, 7038915.945481901988387 ], [ 255465.165546873788116, 7038915.945481901988387 ], [ 255465.165546873788116, 7038910.942291311919689 ], [ 255455.159165693883551, 7038910.942291311919689 ], [ 255455.159165693883551, 7038905.939100721850991 ], [ 255450.155975103931269, 7038905.939100721850991 ], [ 255450.155975103931269, 7038900.935910131782293 ], [ 255445.15278451400809, 7038900.935910131782293 ], [ 255445.15278451400809, 7038890.929528951644897 ], [ 255440.149593924055807, 7038890.929528951644897 ], [ 255440.149593924055807, 7038880.923147771507502 ], [ 255435.146403334103525, 7038880.923147771507502 ], [ 255435.146403334103525, 7038885.9263383615762 ], [ 255430.143212744151242, 7038885.9263383615762 ], [ 255430.143212744151242, 7038890.929528951644897 ], [ 255425.140022154198959, 7038890.929528951644897 ], [ 255425.140022154198959, 7038895.932719541713595 ], [ 255420.136831564246677, 7038895.932719541713595 ], [ 255420.136831564246677, 7038900.935910131782293 ], [ 255415.133640974323498, 7038900.935910131782293 ], [ 255415.133640974323498, 7038905.939100721850991 ], [ 255395.120878614514368, 7038905.939100721850991 ], [ 255395.120878614514368, 7038900.935910131782293 ], [ 255390.117688024591189, 7038900.935910131782293 ], [ 255390.117688024591189, 7038895.932719541713595 ], [ 255385.114497434638906, 7038895.932719541713595 ], [ 255385.114497434638906, 7038890.929528951644897 ], [ 255380.111306844686624, 7038890.929528951644897 ], [ 255380.111306844686624, 7038885.9263383615762 ], [ 255375.108116254734341, 7038885.9263383615762 ], [ 255375.108116254734341, 7038880.923147771507502 ], [ 255370.104925664782058, 7038880.923147771507502 ], [ 255370.104925664782058, 7038875.919957182370126 ], [ 255365.101735074829776, 7038875.919957182370126 ], [ 255365.101735074829776, 7038870.916766592301428 ], [ 255360.098544484906597, 7038870.916766592301428 ], [ 255360.098544484906597, 7038865.91357600223273 ], [ 255355.095353894954314, 7038865.91357600223273 ], [ 255355.095353894954314, 7038860.910385412164032 ], [ 255350.092163305002032, 7038860.910385412164032 ], [ 255350.092163305002032, 7038855.907194822095335 ], [ 255345.088972715049749, 7038855.907194822095335 ], [ 255345.088972715049749, 7038850.904004232026637 ], [ 255340.085782125097467, 7038850.904004232026637 ], [ 255340.085782125097467, 7038845.900813641957939 ], [ 255335.082591535174288, 7038845.900813641957939 ], [ 255335.082591535174288, 7038840.897623051889241 ], [ 255330.079400945222005, 7038840.897623051889241 ], [ 255330.079400945222005, 7038835.894432462751865 ], [ 255325.076210355269723, 7038835.894432462751865 ], [ 255325.076210355269723, 7038830.891241872683167 ], [ 255320.07301976531744, 7038830.891241872683167 ], [ 255320.07301976531744, 7038820.884860692545772 ], [ 255325.076210355269723, 7038820.884860692545772 ], [ 255325.076210355269723, 7038810.878479512408376 ], [ 255330.079400945222005, 7038810.878479512408376 ], [ 255330.079400945222005, 7038805.875288922339678 ], [ 255335.082591535174288, 7038805.875288922339678 ], [ 255335.082591535174288, 7038800.872098333202302 ], [ 255340.085782125097467, 7038800.872098333202302 ], [ 255340.085782125097467, 7038795.868907743133605 ], [ 255345.088972715049749, 7038795.868907743133605 ], [ 255345.088972715049749, 7038790.865717153064907 ], [ 255350.092163305002032, 7038790.865717153064907 ], [ 255350.092163305002032, 7038785.862526562996209 ], [ 255355.095353894954314, 7038785.862526562996209 ], [ 255355.095353894954314, 7038780.859335972927511 ], [ 255360.098544484906597, 7038780.859335972927511 ], [ 255360.098544484906597, 7038775.856145382858813 ], [ 255355.095353894954314, 7038775.856145382858813 ], [ 255355.095353894954314, 7038770.852954792790115 ], [ 255350.092163305002032, 7038770.852954792790115 ], [ 255350.092163305002032, 7038765.849764202721417 ], [ 255345.088972715049749, 7038765.849764202721417 ], [ 255345.088972715049749, 7038760.846573613584042 ], [ 255340.085782125097467, 7038760.846573613584042 ], [ 255340.085782125097467, 7038755.843383023515344 ], [ 255335.082591535174288, 7038755.843383023515344 ], [ 255335.082591535174288, 7038750.840192433446646 ], [ 255330.079400945222005, 7038750.840192433446646 ], [ 255330.079400945222005, 7038745.837001843377948 ], [ 255325.076210355269723, 7038745.837001843377948 ], [ 255325.076210355269723, 7038740.83381125330925 ], [ 255320.07301976531744, 7038740.83381125330925 ], [ 255320.07301976531744, 7038735.830620663240552 ], [ 255315.069829175365157, 7038735.830620663240552 ], [ 255315.069829175365157, 7038715.817858303897083 ], [ 255320.07301976531744, 7038715.817858303897083 ], [ 255320.07301976531744, 7038710.814667713828385 ], [ 255325.076210355269723, 7038710.814667713828385 ], [ 255325.076210355269723, 7038705.811477123759687 ], [ 255330.079400945222005, 7038705.811477123759687 ], [ 255330.079400945222005, 7038695.805095943622291 ], [ 255325.076210355269723, 7038695.805095943622291 ], [ 255325.076210355269723, 7038690.801905353553593 ], [ 255320.07301976531744, 7038690.801905353553593 ], [ 255320.07301976531744, 7038685.798714764416218 ], [ 255315.069829175365157, 7038685.798714764416218 ], [ 255315.069829175365157, 7038680.79552417434752 ], [ 255310.066638585412875, 7038680.79552417434752 ], [ 255310.066638585412875, 7038670.789142994210124 ], [ 255315.069829175365157, 7038670.789142994210124 ], [ 255315.069829175365157, 7038665.785952404141426 ], [ 255320.07301976531744, 7038665.785952404141426 ], [ 255320.07301976531744, 7038660.782761814072728 ], [ 255325.076210355269723, 7038660.782761814072728 ], [ 255325.076210355269723, 7038655.77957122400403 ], [ 255330.079400945222005, 7038655.77957122400403 ], [ 255330.079400945222005, 7038650.776380633935332 ], [ 255335.082591535174288, 7038650.776380633935332 ], [ 255335.082591535174288, 7038645.773190044797957 ], [ 255330.079400945222005, 7038645.773190044797957 ], [ 255330.079400945222005, 7038640.769999454729259 ], [ 255325.076210355269723, 7038640.769999454729259 ], [ 255325.076210355269723, 7038635.766808864660561 ], [ 255320.07301976531744, 7038635.766808864660561 ], [ 255320.07301976531744, 7038615.754046504385769 ], [ 255325.076210355269723, 7038615.754046504385769 ], [ 255325.076210355269723, 7038610.750855915248394 ], [ 255330.079400945222005, 7038610.750855915248394 ], [ 255330.079400945222005, 7038605.747665325179696 ], [ 255335.082591535174288, 7038605.747665325179696 ], [ 255335.082591535174288, 7038600.744474735110998 ], [ 255340.085782125097467, 7038600.744474735110998 ], [ 255340.085782125097467, 7038590.738093554973602 ], [ 255335.082591535174288, 7038590.738093554973602 ], [ 255335.082591535174288, 7038565.722140605561435 ], [ 255340.085782125097467, 7038565.722140605561435 ], [ 255340.085782125097467, 7038560.718950015492737 ], [ 255345.088972715049749, 7038560.718950015492737 ], [ 255345.088972715049749, 7038555.715759425424039 ], [ 255340.085782125097467, 7038555.715759425424039 ], [ 255340.085782125097467, 7038550.712568835355341 ], [ 255335.082591535174288, 7038550.712568835355341 ], [ 255335.082591535174288, 7038545.709378245286644 ], [ 255330.079400945222005, 7038545.709378245286644 ], [ 255330.079400945222005, 7038540.706187655217946 ], [ 255325.076210355269723, 7038540.706187655217946 ], [ 255325.076210355269723, 7038535.702997065149248 ], [ 255320.07301976531744, 7038535.702997065149248 ], [ 255320.07301976531744, 7038525.696615885943174 ], [ 255325.076210355269723, 7038525.696615885943174 ], [ 255325.076210355269723, 7038520.693425295874476 ], [ 255330.079400945222005, 7038520.693425295874476 ], [ 255330.079400945222005, 7038515.690234705805779 ], [ 255335.082591535174288, 7038515.690234705805779 ], [ 255335.082591535174288, 7038510.687044115737081 ], [ 255325.076210355269723, 7038510.687044115737081 ], [ 255325.076210355269723, 7038515.690234705805779 ], [ 255315.069829175365157, 7038515.690234705805779 ], [ 255315.069829175365157, 7038510.687044115737081 ], [ 255310.066638585412875, 7038510.687044115737081 ], [ 255310.066638585412875, 7038515.690234705805779 ], [ 255295.057066815585131, 7038515.690234705805779 ], [ 255295.057066815585131, 7038520.693425295874476 ], [ 255285.050685635680566, 7038520.693425295874476 ], [ 255285.050685635680566, 7038525.696615885943174 ], [ 255275.044304455805104, 7038525.696615885943174 ], [ 255275.044304455805104, 7038530.699806476011872 ], [ 255260.034732685948256, 7038530.699806476011872 ], [ 255260.034732685948256, 7038535.702997065149248 ], [ 255265.037923275900539, 7038535.702997065149248 ], [ 255265.037923275900539, 7038540.706187655217946 ], [ 255270.041113865852822, 7038540.706187655217946 ], [ 255270.041113865852822, 7038545.709378245286644 ], [ 255275.044304455805104, 7038545.709378245286644 ], [ 255275.044304455805104, 7038550.712568835355341 ], [ 255280.047495045757387, 7038550.712568835355341 ], [ 255280.047495045757387, 7038555.715759425424039 ], [ 255285.050685635680566, 7038555.715759425424039 ], [ 255285.050685635680566, 7038560.718950015492737 ], [ 255290.053876225632848, 7038560.718950015492737 ], [ 255290.053876225632848, 7038565.722140605561435 ], [ 255295.057066815585131, 7038565.722140605561435 ], [ 255295.057066815585131, 7038585.734902964904904 ], [ 255290.053876225632848, 7038585.734902964904904 ], [ 255290.053876225632848, 7038590.738093554973602 ], [ 255285.050685635680566, 7038590.738093554973602 ], [ 255285.050685635680566, 7038595.7412841450423 ], [ 255280.047495045757387, 7038595.7412841450423 ], [ 255280.047495045757387, 7038600.744474735110998 ], [ 255275.044304455805104, 7038600.744474735110998 ], [ 255275.044304455805104, 7038605.747665325179696 ], [ 255270.041113865852822, 7038605.747665325179696 ], [ 255270.041113865852822, 7038610.750855915248394 ], [ 255265.037923275900539, 7038610.750855915248394 ], [ 255265.037923275900539, 7038615.754046504385769 ], [ 255260.034732685948256, 7038615.754046504385769 ], [ 255260.034732685948256, 7038620.757237094454467 ], [ 255255.031542095995974, 7038620.757237094454467 ], [ 255255.031542095995974, 7038625.760427684523165 ], [ 255250.028351506072795, 7038625.760427684523165 ], [ 255250.028351506072795, 7038630.763618274591863 ], [ 255245.025160916120512, 7038630.763618274591863 ], [ 255245.025160916120512, 7038635.766808864660561 ], [ 255240.02197032616823, 7038635.766808864660561 ], [ 255240.02197032616823, 7038640.769999454729259 ], [ 255235.018779736215947, 7038640.769999454729259 ], [ 255235.018779736215947, 7038645.773190044797957 ], [ 255230.015589146263665, 7038645.773190044797957 ], [ 255230.015589146263665, 7038650.776380633935332 ], [ 255225.012398556340486, 7038650.776380633935332 ], [ 255225.012398556340486, 7038655.77957122400403 ], [ 255220.009207966388203, 7038655.77957122400403 ], [ 255220.009207966388203, 7038660.782761814072728 ], [ 255204.999636196531355, 7038660.782761814072728 ], [ 255204.999636196531355, 7038655.77957122400403 ], [ 255199.996445606579073, 7038655.77957122400403 ], [ 255199.996445606579073, 7038650.776380633935332 ], [ 255194.993255016655894, 7038650.776380633935332 ], [ 255194.993255016655894, 7038645.773190044797957 ], [ 255189.990064426703611, 7038645.773190044797957 ], [ 255189.990064426703611, 7038640.769999454729259 ], [ 255184.986873836751329, 7038640.769999454729259 ], [ 255184.986873836751329, 7038635.766808864660561 ], [ 255179.983683246799046, 7038635.766808864660561 ], [ 255179.983683246799046, 7038630.763618274591863 ], [ 255174.980492656846764, 7038630.763618274591863 ], [ 255174.980492656846764, 7038625.760427684523165 ], [ 255169.977302066923585, 7038625.760427684523165 ], [ 255169.977302066923585, 7038620.757237094454467 ], [ 255164.974111476971302, 7038620.757237094454467 ], [ 255164.974111476971302, 7038615.754046504385769 ], [ 255159.97092088701902, 7038615.754046504385769 ], [ 255159.97092088701902, 7038610.750855915248394 ], [ 255154.967730297066737, 7038610.750855915248394 ], [ 255154.967730297066737, 7038605.747665325179696 ], [ 255149.964539707114454, 7038605.747665325179696 ], [ 255149.964539707114454, 7038600.744474735110998 ], [ 255144.961349117162172, 7038600.744474735110998 ], [ 255144.961349117162172, 7038595.7412841450423 ], [ 255139.958158527238993, 7038595.7412841450423 ], [ 255139.958158527238993, 7038590.738093554973602 ], [ 255134.95496793728671, 7038590.738093554973602 ], [ 255134.95496793728671, 7038585.734902964904904 ], [ 255129.951777347334428, 7038585.734902964904904 ], [ 255129.951777347334428, 7038565.722140605561435 ], [ 255134.95496793728671, 7038565.722140605561435 ], [ 255134.95496793728671, 7038560.718950015492737 ], [ 255139.958158527238993, 7038560.718950015492737 ], [ 255139.958158527238993, 7038555.715759425424039 ], [ 255144.961349117162172, 7038555.715759425424039 ], [ 255144.961349117162172, 7038550.712568835355341 ], [ 255149.964539707114454, 7038550.712568835355341 ], [ 255149.964539707114454, 7038545.709378245286644 ], [ 255154.967730297066737, 7038545.709378245286644 ], [ 255154.967730297066737, 7038540.706187655217946 ], [ 255159.97092088701902, 7038540.706187655217946 ], [ 255159.97092088701902, 7038535.702997065149248 ], [ 255164.974111476971302, 7038535.702997065149248 ], [ 255164.974111476971302, 7038530.699806476011872 ], [ 255169.977302066923585, 7038530.699806476011872 ], [ 255169.977302066923585, 7038525.696615885943174 ], [ 255174.980492656846764, 7038525.696615885943174 ], [ 255174.980492656846764, 7038520.693425295874476 ], [ 255179.983683246799046, 7038520.693425295874476 ], [ 255179.983683246799046, 7038515.690234705805779 ], [ 255184.986873836751329, 7038515.690234705805779 ], [ 255184.986873836751329, 7038510.687044115737081 ], [ 255189.990064426703611, 7038510.687044115737081 ], [ 255189.990064426703611, 7038505.683853525668383 ], [ 255194.993255016655894, 7038505.683853525668383 ], [ 255194.993255016655894, 7038500.680662935599685 ], [ 255199.996445606579073, 7038500.680662935599685 ], [ 255199.996445606579073, 7038495.677472346462309 ], [ 255210.002826786483638, 7038495.677472346462309 ], [ 255210.002826786483638, 7038485.671091166324914 ], [ 255199.996445606579073, 7038485.671091166324914 ], [ 255199.996445606579073, 7038490.674281756393611 ], [ 255194.993255016655894, 7038490.674281756393611 ], [ 255194.993255016655894, 7038495.677472346462309 ], [ 255189.990064426703611, 7038495.677472346462309 ], [ 255189.990064426703611, 7038500.680662935599685 ], [ 255184.986873836751329, 7038500.680662935599685 ], [ 255184.986873836751329, 7038505.683853525668383 ], [ 255179.983683246799046, 7038505.683853525668383 ], [ 255179.983683246799046, 7038510.687044115737081 ], [ 255164.974111476971302, 7038510.687044115737081 ], [ 255164.974111476971302, 7038505.683853525668383 ], [ 255129.951777347334428, 7038505.683853525668383 ], [ 255129.951777347334428, 7038510.687044115737081 ], [ 255124.948586757382145, 7038510.687044115737081 ], [ 255124.948586757382145, 7038515.690234705805779 ], [ 255119.945396167429863, 7038515.690234705805779 ], [ 255119.945396167429863, 7038520.693425295874476 ], [ 255114.942205577506684, 7038520.693425295874476 ], [ 255114.942205577506684, 7038525.696615885943174 ], [ 255109.939014987554401, 7038525.696615885943174 ], [ 255109.939014987554401, 7038530.699806476011872 ], [ 255104.935824397602119, 7038530.699806476011872 ], [ 255104.935824397602119, 7038535.702997065149248 ], [ 255099.932633807649836, 7038535.702997065149248 ], [ 255099.932633807649836, 7038540.706187655217946 ], [ 255089.926252627745271, 7038540.706187655217946 ], [ 255089.926252627745271, 7038555.715759425424039 ], [ 255084.923062037822092, 7038555.715759425424039 ], [ 255084.923062037822092, 7038565.722140605561435 ], [ 255079.919871447869809, 7038565.722140605561435 ], [ 255079.919871447869809, 7038580.731712374836206 ], [ 255099.932633807649836, 7038580.731712374836206 ], [ 255099.932633807649836, 7038600.744474735110998 ], [ 255094.929443217697553, 7038600.744474735110998 ], [ 255094.929443217697553, 7038620.757237094454467 ], [ 255109.939014987554401, 7038620.757237094454467 ], [ 255109.939014987554401, 7038625.760427684523165 ], [ 255119.945396167429863, 7038625.760427684523165 ], [ 255119.945396167429863, 7038635.766808864660561 ], [ 255114.942205577506684, 7038635.766808864660561 ], [ 255114.942205577506684, 7038645.773190044797957 ], [ 255109.939014987554401, 7038645.773190044797957 ], [ 255109.939014987554401, 7038660.782761814072728 ], [ 255104.935824397602119, 7038660.782761814072728 ], [ 255104.935824397602119, 7038670.789142994210124 ], [ 255134.95496793728671, 7038670.789142994210124 ], [ 255134.95496793728671, 7038680.79552417434752 ], [ 255129.951777347334428, 7038680.79552417434752 ], [ 255129.951777347334428, 7038710.814667713828385 ], [ 255139.958158527238993, 7038710.814667713828385 ], [ 255139.958158527238993, 7038720.821048893965781 ], [ 255134.95496793728671, 7038720.821048893965781 ], [ 255134.95496793728671, 7038740.83381125330925 ], [ 255139.958158527238993, 7038740.83381125330925 ], [ 255139.958158527238993, 7038750.840192433446646 ], [ 255144.961349117162172, 7038750.840192433446646 ], [ 255144.961349117162172, 7038755.843383023515344 ], [ 255149.964539707114454, 7038755.843383023515344 ], [ 255149.964539707114454, 7038760.846573613584042 ], [ 255169.977302066923585, 7038760.846573613584042 ], [ 255169.977302066923585, 7038770.852954792790115 ], [ 255174.980492656846764, 7038770.852954792790115 ], [ 255174.980492656846764, 7038785.862526562996209 ], [ 255179.983683246799046, 7038785.862526562996209 ], [ 255179.983683246799046, 7038790.865717153064907 ], [ 255174.980492656846764, 7038790.865717153064907 ], [ 255174.980492656846764, 7038800.872098333202302 ], [ 255184.986873836751329, 7038800.872098333202302 ], [ 255184.986873836751329, 7038805.875288922339678 ], [ 255189.990064426703611, 7038805.875288922339678 ], [ 255189.990064426703611, 7038820.884860692545772 ], [ 255194.993255016655894, 7038820.884860692545772 ], [ 255194.993255016655894, 7038835.894432462751865 ], [ 255199.996445606579073, 7038835.894432462751865 ], [ 255199.996445606579073, 7038855.907194822095335 ], [ 255204.999636196531355, 7038855.907194822095335 ], [ 255204.999636196531355, 7038870.916766592301428 ], [ 255210.002826786483638, 7038870.916766592301428 ], [ 255210.002826786483638, 7038885.9263383615762 ], [ 255215.006017376435921, 7038885.9263383615762 ], [ 255215.006017376435921, 7038905.939100721850991 ], [ 255220.009207966388203, 7038905.939100721850991 ], [ 255220.009207966388203, 7038920.948672491125762 ], [ 255225.012398556340486, 7038920.948672491125762 ], [ 255225.012398556340486, 7038940.961434851400554 ], [ 255230.015589146263665, 7038940.961434851400554 ], [ 255230.015589146263665, 7038960.974197210744023 ], [ 255235.018779736215947, 7038960.974197210744023 ], [ 255235.018779736215947, 7038970.980578390881419 ], [ 255240.02197032616823, 7038970.980578390881419 ], [ 255240.02197032616823, 7038980.986959571018815 ], [ 255245.025160916120512, 7038980.986959571018815 ], [ 255245.025160916120512, 7038995.996531340293586 ], [ 255250.028351506072795, 7038995.996531340293586 ], [ 255250.028351506072795, 7039006.002912520430982 ], [ 255255.031542095995974, 7039006.002912520430982 ], [ 255255.031542095995974, 7039016.009293700568378 ], [ 255260.034732685948256, 7039016.009293700568378 ], [ 255260.034732685948256, 7039056.034818420186639 ], [ 255265.037923275900539, 7039056.034818420186639 ], [ 255265.037923275900539, 7039106.066724319942296 ], [ 255270.041113865852822, 7039106.066724319942296 ], [ 255270.041113865852822, 7039061.038009010255337 ], [ 255275.044304455805104, 7039061.038009010255337 ], [ 255275.044304455805104, 7039066.041199600324035 ], [ 255280.047495045757387, 7039066.041199600324035 ], [ 255280.047495045757387, 7039086.053961959667504 ], [ 255285.050685635680566, 7039086.053961959667504 ], [ 255285.050685635680566, 7039106.066724319942296 ], [ 255290.053876225632848, 7039106.066724319942296 ], [ 255290.053876225632848, 7039111.069914909079671 ], [ 255295.057066815585131, 7039111.069914909079671 ], [ 255295.057066815585131, 7039116.073105499148369 ], [ 255300.060257405537413, 7039116.073105499148369 ], [ 255300.060257405537413, 7039121.076296089217067 ], [ 255305.063447995489696, 7039121.076296089217067 ], [ 255305.063447995489696, 7039126.079486679285765 ], [ 255315.069829175365157, 7039126.079486679285765 ], [ 255315.069829175365157, 7039131.082677269354463 ], [ 255320.07301976531744, 7039131.082677269354463 ], [ 255320.07301976531744, 7039136.085867859423161 ], [ 255340.085782125097467, 7039136.085867859423161 ], [ 255340.085782125097467, 7039141.089058449491858 ], [ 255350.092163305002032, 7039141.089058449491858 ], [ 255350.092163305002032, 7039146.092249039560556 ], [ 255360.098544484906597, 7039146.092249039560556 ], [ 255360.098544484906597, 7039151.095439628697932 ], [ 255365.101735074829776, 7039151.095439628697932 ], [ 255365.101735074829776, 7039156.09863021876663 ], [ 255375.108116254734341, 7039156.09863021876663 ], [ 255375.108116254734341, 7039161.101820808835328 ], [ 255385.114497434638906, 7039161.101820808835328 ], [ 255385.114497434638906, 7039166.105011398904026 ] ], [ [ 258622.178809130331501, 7039161.101820808835328 ], [ 258627.181999720283784, 7039161.101820808835328 ], [ 258627.181999720283784, 7039156.09863021876663 ], [ 258632.185190310236067, 7039156.09863021876663 ], [ 258632.185190310236067, 7039151.095439628697932 ], [ 258637.188380900188349, 7039151.095439628697932 ], [ 258637.188380900188349, 7039146.092249039560556 ], [ 258642.191571490111528, 7039146.092249039560556 ], [ 258642.191571490111528, 7039136.085867859423161 ], [ 258647.194762080063811, 7039136.085867859423161 ], [ 258647.194762080063811, 7039126.079486679285765 ], [ 258652.197952670016093, 7039126.079486679285765 ], [ 258652.197952670016093, 7039116.073105499148369 ], [ 258657.201143259968376, 7039116.073105499148369 ], [ 258657.201143259968376, 7039106.066724319942296 ], [ 258667.207524439843837, 7039106.066724319942296 ], [ 258667.207524439843837, 7039096.0603431398049 ], [ 258677.213905619748402, 7039096.0603431398049 ], [ 258677.213905619748402, 7039081.050771369598806 ], [ 258682.217096209700685, 7039081.050771369598806 ], [ 258682.217096209700685, 7039076.047580779530108 ], [ 258687.220286799652968, 7039076.047580779530108 ], [ 258687.220286799652968, 7039071.04439018946141 ], [ 258692.22347738960525, 7039071.04439018946141 ], [ 258692.22347738960525, 7039066.041199600324035 ], [ 258712.236239749385277, 7039066.041199600324035 ], [ 258712.236239749385277, 7039061.038009010255337 ], [ 258717.239430339337559, 7039061.038009010255337 ], [ 258717.239430339337559, 7039051.031627830117941 ], [ 258722.242620929260738, 7039051.031627830117941 ], [ 258722.242620929260738, 7039036.022056059911847 ], [ 258727.245811519213021, 7039036.022056059911847 ], [ 258727.245811519213021, 7039021.012484290637076 ], [ 258732.249002109165303, 7039021.012484290637076 ], [ 258732.249002109165303, 7039006.002912520430982 ], [ 258737.252192699117586, 7039006.002912520430982 ], [ 258737.252192699117586, 7038980.986959571018815 ], [ 258732.249002109165303, 7038980.986959571018815 ], [ 258732.249002109165303, 7038985.990150161087513 ], [ 258717.239430339337559, 7038985.990150161087513 ], [ 258717.239430339337559, 7038980.986959571018815 ], [ 258712.236239749385277, 7038980.986959571018815 ], [ 258712.236239749385277, 7038975.983768980950117 ], [ 258707.233049159432994, 7038975.983768980950117 ], [ 258707.233049159432994, 7038980.986959571018815 ], [ 258702.229858569480712, 7038980.986959571018815 ], [ 258702.229858569480712, 7038985.990150161087513 ], [ 258697.226667979528429, 7038985.990150161087513 ], [ 258697.226667979528429, 7038990.993340751156211 ], [ 258692.22347738960525, 7038990.993340751156211 ], [ 258692.22347738960525, 7038995.996531340293586 ], [ 258687.220286799652968, 7038995.996531340293586 ], [ 258687.220286799652968, 7039000.999721930362284 ], [ 258672.21071502979612, 7039000.999721930362284 ], [ 258672.21071502979612, 7038995.996531340293586 ], [ 258662.204333849920658, 7038995.996531340293586 ], [ 258662.204333849920658, 7039000.999721930362284 ], [ 258657.201143259968376, 7039000.999721930362284 ], [ 258657.201143259968376, 7039006.002912520430982 ], [ 258652.197952670016093, 7039006.002912520430982 ], [ 258652.197952670016093, 7039011.00610311049968 ], [ 258647.194762080063811, 7039011.00610311049968 ], [ 258647.194762080063811, 7039016.009293700568378 ], [ 258642.191571490111528, 7039016.009293700568378 ], [ 258642.191571490111528, 7039021.012484290637076 ], [ 258637.188380900188349, 7039021.012484290637076 ], [ 258637.188380900188349, 7039026.015674880705774 ], [ 258632.185190310236067, 7039026.015674880705774 ], [ 258632.185190310236067, 7039031.018865470774472 ], [ 258627.181999720283784, 7039031.018865470774472 ], [ 258627.181999720283784, 7039036.022056059911847 ], [ 258622.178809130331501, 7039036.022056059911847 ], [ 258622.178809130331501, 7039041.025246649980545 ], [ 258617.175618540379219, 7039041.025246649980545 ], [ 258617.175618540379219, 7039046.028437240049243 ], [ 258612.172427950426936, 7039046.028437240049243 ], [ 258612.172427950426936, 7039051.031627830117941 ], [ 258607.169237360503757, 7039051.031627830117941 ], [ 258607.169237360503757, 7039056.034818420186639 ], [ 258612.172427950426936, 7039056.034818420186639 ], [ 258612.172427950426936, 7039071.04439018946141 ], [ 258617.175618540379219, 7039071.04439018946141 ], [ 258617.175618540379219, 7039076.047580779530108 ], [ 258622.178809130331501, 7039076.047580779530108 ], [ 258622.178809130331501, 7039086.053961959667504 ], [ 258627.181999720283784, 7039086.053961959667504 ], [ 258627.181999720283784, 7039096.0603431398049 ], [ 258632.185190310236067, 7039096.0603431398049 ], [ 258632.185190310236067, 7039136.085867859423161 ], [ 258637.188380900188349, 7039136.085867859423161 ], [ 258637.188380900188349, 7039141.089058449491858 ], [ 258617.175618540379219, 7039141.089058449491858 ], [ 258617.175618540379219, 7039156.09863021876663 ], [ 258622.178809130331501, 7039156.09863021876663 ], [ 258622.178809130331501, 7039161.101820808835328 ] ], [ [ 256670.934479051007656, 7039146.092249039560556 ], [ 256675.937669640959939, 7039146.092249039560556 ], [ 256675.937669640959939, 7039141.089058449491858 ], [ 256680.940860230912222, 7039141.089058449491858 ], [ 256680.940860230912222, 7039136.085867859423161 ], [ 256685.9440508208354, 7039136.085867859423161 ], [ 256685.9440508208354, 7039131.082677269354463 ], [ 256680.940860230912222, 7039131.082677269354463 ], [ 256680.940860230912222, 7039126.079486679285765 ], [ 256665.931288461055374, 7039126.079486679285765 ], [ 256665.931288461055374, 7039131.082677269354463 ], [ 256660.928097871103091, 7039131.082677269354463 ], [ 256660.928097871103091, 7039136.085867859423161 ], [ 256665.931288461055374, 7039136.085867859423161 ], [ 256665.931288461055374, 7039141.089058449491858 ], [ 256670.934479051007656, 7039141.089058449491858 ], [ 256670.934479051007656, 7039146.092249039560556 ] ], [ [ 257781.642790019250242, 7038910.942291311919689 ], [ 257791.649171199125703, 7038910.942291311919689 ], [ 257791.649171199125703, 7038895.932719541713595 ], [ 257786.645980609173421, 7038895.932719541713595 ], [ 257786.645980609173421, 7038890.929528951644897 ], [ 257781.642790019250242, 7038890.929528951644897 ], [ 257781.642790019250242, 7038885.9263383615762 ], [ 257776.639599429297959, 7038885.9263383615762 ], [ 257776.639599429297959, 7038880.923147771507502 ], [ 257771.636408839345677, 7038880.923147771507502 ], [ 257771.636408839345677, 7038875.919957182370126 ], [ 257766.633218249393394, 7038875.919957182370126 ], [ 257766.633218249393394, 7038870.916766592301428 ], [ 257761.630027659441112, 7038870.916766592301428 ], [ 257761.630027659441112, 7038865.91357600223273 ], [ 257756.626837069517933, 7038865.91357600223273 ], [ 257756.626837069517933, 7038860.910385412164032 ], [ 257746.620455889613368, 7038860.910385412164032 ], [ 257746.620455889613368, 7038855.907194822095335 ], [ 257736.614074709708802, 7038855.907194822095335 ], [ 257736.614074709708802, 7038860.910385412164032 ], [ 257731.61088411975652, 7038860.910385412164032 ], [ 257731.61088411975652, 7038865.91357600223273 ], [ 257736.614074709708802, 7038865.91357600223273 ], [ 257736.614074709708802, 7038870.916766592301428 ], [ 257741.617265299661085, 7038870.916766592301428 ], [ 257741.617265299661085, 7038875.919957182370126 ], [ 257751.62364647956565, 7038875.919957182370126 ], [ 257751.62364647956565, 7038880.923147771507502 ], [ 257756.626837069517933, 7038880.923147771507502 ], [ 257756.626837069517933, 7038885.9263383615762 ], [ 257761.630027659441112, 7038885.9263383615762 ], [ 257761.630027659441112, 7038890.929528951644897 ], [ 257766.633218249393394, 7038890.929528951644897 ], [ 257766.633218249393394, 7038895.932719541713595 ], [ 257771.636408839345677, 7038895.932719541713595 ], [ 257771.636408839345677, 7038900.935910131782293 ], [ 257776.639599429297959, 7038900.935910131782293 ], [ 257776.639599429297959, 7038905.939100721850991 ], [ 257781.642790019250242, 7038905.939100721850991 ], [ 257781.642790019250242, 7038910.942291311919689 ] ], [ [ 257301.336493384325877, 7038905.939100721850991 ], [ 257336.358827513962751, 7038905.939100721850991 ], [ 257336.358827513962751, 7038900.935910131782293 ], [ 257341.362018103915034, 7038900.935910131782293 ], [ 257341.362018103915034, 7038895.932719541713595 ], [ 257351.368399283790495, 7038895.932719541713595 ], [ 257351.368399283790495, 7038875.919957182370126 ], [ 257356.371589873742778, 7038875.919957182370126 ], [ 257356.371589873742778, 7038865.91357600223273 ], [ 257351.368399283790495, 7038865.91357600223273 ], [ 257351.368399283790495, 7038840.897623051889241 ], [ 257346.365208693838213, 7038840.897623051889241 ], [ 257346.365208693838213, 7038830.891241872683167 ], [ 257341.362018103915034, 7038830.891241872683167 ], [ 257341.362018103915034, 7038820.884860692545772 ], [ 257336.358827513962751, 7038820.884860692545772 ], [ 257336.358827513962751, 7038815.881670102477074 ], [ 257331.355636924010469, 7038815.881670102477074 ], [ 257331.355636924010469, 7038810.878479512408376 ], [ 257326.352446334058186, 7038810.878479512408376 ], [ 257326.352446334058186, 7038805.875288922339678 ], [ 257321.349255744105903, 7038805.875288922339678 ], [ 257321.349255744105903, 7038800.872098333202302 ], [ 257311.342874564230442, 7038800.872098333202302 ], [ 257311.342874564230442, 7038795.868907743133605 ], [ 257306.339683974278159, 7038795.868907743133605 ], [ 257306.339683974278159, 7038790.865717153064907 ], [ 257296.333302794373594, 7038790.865717153064907 ], [ 257296.333302794373594, 7038785.862526562996209 ], [ 257291.330112204421312, 7038785.862526562996209 ], [ 257291.330112204421312, 7038780.859335972927511 ], [ 257286.326921614498133, 7038780.859335972927511 ], [ 257286.326921614498133, 7038765.849764202721417 ], [ 257291.330112204421312, 7038765.849764202721417 ], [ 257291.330112204421312, 7038760.846573613584042 ], [ 257296.333302794373594, 7038760.846573613584042 ], [ 257296.333302794373594, 7038755.843383023515344 ], [ 257301.336493384325877, 7038755.843383023515344 ], [ 257301.336493384325877, 7038750.840192433446646 ], [ 257306.339683974278159, 7038750.840192433446646 ], [ 257306.339683974278159, 7038745.837001843377948 ], [ 257311.342874564230442, 7038745.837001843377948 ], [ 257311.342874564230442, 7038740.83381125330925 ], [ 257316.346065154182725, 7038740.83381125330925 ], [ 257316.346065154182725, 7038730.827430073171854 ], [ 257321.349255744105903, 7038730.827430073171854 ], [ 257321.349255744105903, 7038680.79552417434752 ], [ 257326.352446334058186, 7038680.79552417434752 ], [ 257326.352446334058186, 7038665.785952404141426 ], [ 257331.355636924010469, 7038665.785952404141426 ], [ 257331.355636924010469, 7038655.77957122400403 ], [ 257336.358827513962751, 7038655.77957122400403 ], [ 257336.358827513962751, 7038640.769999454729259 ], [ 257341.362018103915034, 7038640.769999454729259 ], [ 257341.362018103915034, 7038635.766808864660561 ], [ 257346.365208693838213, 7038635.766808864660561 ], [ 257346.365208693838213, 7038630.763618274591863 ], [ 257351.368399283790495, 7038630.763618274591863 ], [ 257351.368399283790495, 7038620.757237094454467 ], [ 257356.371589873742778, 7038620.757237094454467 ], [ 257356.371589873742778, 7038580.731712374836206 ], [ 257351.368399283790495, 7038580.731712374836206 ], [ 257351.368399283790495, 7038575.728521784767509 ], [ 257341.362018103915034, 7038575.728521784767509 ], [ 257341.362018103915034, 7038580.731712374836206 ], [ 257336.358827513962751, 7038580.731712374836206 ], [ 257336.358827513962751, 7038585.734902964904904 ], [ 257331.355636924010469, 7038585.734902964904904 ], [ 257331.355636924010469, 7038590.738093554973602 ], [ 257326.352446334058186, 7038590.738093554973602 ], [ 257326.352446334058186, 7038595.7412841450423 ], [ 257316.346065154182725, 7038595.7412841450423 ], [ 257316.346065154182725, 7038605.747665325179696 ], [ 257311.342874564230442, 7038605.747665325179696 ], [ 257311.342874564230442, 7038610.750855915248394 ], [ 257306.339683974278159, 7038610.750855915248394 ], [ 257306.339683974278159, 7038635.766808864660561 ], [ 257296.333302794373594, 7038635.766808864660561 ], [ 257296.333302794373594, 7038645.773190044797957 ], [ 257291.330112204421312, 7038645.773190044797957 ], [ 257291.330112204421312, 7038660.782761814072728 ], [ 257286.326921614498133, 7038660.782761814072728 ], [ 257286.326921614498133, 7038670.789142994210124 ], [ 257281.32373102454585, 7038670.789142994210124 ], [ 257281.32373102454585, 7038690.801905353553593 ], [ 257276.320540434593568, 7038690.801905353553593 ], [ 257276.320540434593568, 7038700.808286533690989 ], [ 257266.314159254689002, 7038700.808286533690989 ], [ 257266.314159254689002, 7038690.801905353553593 ], [ 257261.310968664765824, 7038690.801905353553593 ], [ 257261.310968664765824, 7038675.792333584278822 ], [ 257256.307778074813541, 7038675.792333584278822 ], [ 257256.307778074813541, 7038650.776380633935332 ], [ 257251.304587484861258, 7038650.776380633935332 ], [ 257251.304587484861258, 7038625.760427684523165 ], [ 257246.301396894908976, 7038625.760427684523165 ], [ 257246.301396894908976, 7038585.734902964904904 ], [ 257251.304587484861258, 7038585.734902964904904 ], [ 257251.304587484861258, 7038570.725331195630133 ], [ 257246.301396894908976, 7038570.725331195630133 ], [ 257246.301396894908976, 7038545.709378245286644 ], [ 257241.298206304956693, 7038545.709378245286644 ], [ 257241.298206304956693, 7038540.706187655217946 ], [ 257236.295015715004411, 7038540.706187655217946 ], [ 257236.295015715004411, 7038535.702997065149248 ], [ 257231.291825125081232, 7038535.702997065149248 ], [ 257231.291825125081232, 7038530.699806476011872 ], [ 257226.288634535128949, 7038530.699806476011872 ], [ 257226.288634535128949, 7038525.696615885943174 ], [ 257221.285443945176667, 7038525.696615885943174 ], [ 257221.285443945176667, 7038520.693425295874476 ], [ 257216.282253355224384, 7038520.693425295874476 ], [ 257216.282253355224384, 7038515.690234705805779 ], [ 257211.279062765272101, 7038515.690234705805779 ], [ 257211.279062765272101, 7038520.693425295874476 ], [ 257206.275872175348923, 7038520.693425295874476 ], [ 257206.275872175348923, 7038525.696615885943174 ], [ 257201.27268158539664, 7038525.696615885943174 ], [ 257201.27268158539664, 7038530.699806476011872 ], [ 257196.269490995444357, 7038530.699806476011872 ], [ 257196.269490995444357, 7038535.702997065149248 ], [ 257191.266300405492075, 7038535.702997065149248 ], [ 257191.266300405492075, 7038540.706187655217946 ], [ 257186.263109815539792, 7038540.706187655217946 ], [ 257186.263109815539792, 7038545.709378245286644 ], [ 257196.269490995444357, 7038545.709378245286644 ], [ 257196.269490995444357, 7038550.712568835355341 ], [ 257201.27268158539664, 7038550.712568835355341 ], [ 257201.27268158539664, 7038570.725331195630133 ], [ 257196.269490995444357, 7038570.725331195630133 ], [ 257196.269490995444357, 7038575.728521784767509 ], [ 257191.266300405492075, 7038575.728521784767509 ], [ 257191.266300405492075, 7038580.731712374836206 ], [ 257186.263109815539792, 7038580.731712374836206 ], [ 257186.263109815539792, 7038605.747665325179696 ], [ 257181.25991922558751, 7038605.747665325179696 ], [ 257181.25991922558751, 7038615.754046504385769 ], [ 257171.253538045712048, 7038615.754046504385769 ], [ 257171.253538045712048, 7038620.757237094454467 ], [ 257166.250347455759766, 7038620.757237094454467 ], [ 257166.250347455759766, 7038630.763618274591863 ], [ 257161.247156865807483, 7038630.763618274591863 ], [ 257161.247156865807483, 7038635.766808864660561 ], [ 257156.2439662758552, 7038635.766808864660561 ], [ 257156.2439662758552, 7038640.769999454729259 ], [ 257151.240775685932022, 7038640.769999454729259 ], [ 257151.240775685932022, 7038645.773190044797957 ], [ 257146.237585095979739, 7038645.773190044797957 ], [ 257146.237585095979739, 7038650.776380633935332 ], [ 257136.231203916075174, 7038650.776380633935332 ], [ 257136.231203916075174, 7038655.77957122400403 ], [ 257131.228013326122891, 7038655.77957122400403 ], [ 257131.228013326122891, 7038675.792333584278822 ], [ 257136.231203916075174, 7038675.792333584278822 ], [ 257136.231203916075174, 7038680.79552417434752 ], [ 257141.234394506027456, 7038680.79552417434752 ], [ 257141.234394506027456, 7038685.798714764416218 ], [ 257151.240775685932022, 7038685.798714764416218 ], [ 257151.240775685932022, 7038690.801905353553593 ], [ 257156.2439662758552, 7038690.801905353553593 ], [ 257156.2439662758552, 7038700.808286533690989 ], [ 257166.250347455759766, 7038700.808286533690989 ], [ 257166.250347455759766, 7038725.824239483103156 ], [ 257161.247156865807483, 7038725.824239483103156 ], [ 257161.247156865807483, 7038740.83381125330925 ], [ 257151.240775685932022, 7038740.83381125330925 ], [ 257151.240775685932022, 7038745.837001843377948 ], [ 257156.2439662758552, 7038745.837001843377948 ], [ 257156.2439662758552, 7038755.843383023515344 ], [ 257161.247156865807483, 7038755.843383023515344 ], [ 257161.247156865807483, 7038765.849764202721417 ], [ 257166.250347455759766, 7038765.849764202721417 ], [ 257166.250347455759766, 7038770.852954792790115 ], [ 257171.253538045712048, 7038770.852954792790115 ], [ 257171.253538045712048, 7038765.849764202721417 ], [ 257176.256728635664331, 7038765.849764202721417 ], [ 257176.256728635664331, 7038760.846573613584042 ], [ 257181.25991922558751, 7038760.846573613584042 ], [ 257181.25991922558751, 7038755.843383023515344 ], [ 257186.263109815539792, 7038755.843383023515344 ], [ 257186.263109815539792, 7038750.840192433446646 ], [ 257206.275872175348923, 7038750.840192433446646 ], [ 257206.275872175348923, 7038755.843383023515344 ], [ 257211.279062765272101, 7038755.843383023515344 ], [ 257211.279062765272101, 7038760.846573613584042 ], [ 257216.282253355224384, 7038760.846573613584042 ], [ 257216.282253355224384, 7038765.849764202721417 ], [ 257221.285443945176667, 7038765.849764202721417 ], [ 257221.285443945176667, 7038770.852954792790115 ], [ 257226.288634535128949, 7038770.852954792790115 ], [ 257226.288634535128949, 7038775.856145382858813 ], [ 257231.291825125081232, 7038775.856145382858813 ], [ 257231.291825125081232, 7038780.859335972927511 ], [ 257236.295015715004411, 7038780.859335972927511 ], [ 257236.295015715004411, 7038785.862526562996209 ], [ 257241.298206304956693, 7038785.862526562996209 ], [ 257241.298206304956693, 7038790.865717153064907 ], [ 257246.301396894908976, 7038790.865717153064907 ], [ 257246.301396894908976, 7038795.868907743133605 ], [ 257251.304587484861258, 7038795.868907743133605 ], [ 257251.304587484861258, 7038800.872098333202302 ], [ 257256.307778074813541, 7038800.872098333202302 ], [ 257256.307778074813541, 7038805.875288922339678 ], [ 257261.310968664765824, 7038805.875288922339678 ], [ 257261.310968664765824, 7038810.878479512408376 ], [ 257266.314159254689002, 7038810.878479512408376 ], [ 257266.314159254689002, 7038815.881670102477074 ], [ 257271.317349844641285, 7038815.881670102477074 ], [ 257271.317349844641285, 7038820.884860692545772 ], [ 257276.320540434593568, 7038820.884860692545772 ], [ 257276.320540434593568, 7038825.88805128261447 ], [ 257281.32373102454585, 7038825.88805128261447 ], [ 257281.32373102454585, 7038835.894432462751865 ], [ 257286.326921614498133, 7038835.894432462751865 ], [ 257286.326921614498133, 7038840.897623051889241 ], [ 257291.330112204421312, 7038840.897623051889241 ], [ 257291.330112204421312, 7038855.907194822095335 ], [ 257286.326921614498133, 7038855.907194822095335 ], [ 257286.326921614498133, 7038860.910385412164032 ], [ 257281.32373102454585, 7038860.910385412164032 ], [ 257281.32373102454585, 7038865.91357600223273 ], [ 257276.320540434593568, 7038865.91357600223273 ], [ 257276.320540434593568, 7038870.916766592301428 ], [ 257271.317349844641285, 7038870.916766592301428 ], [ 257271.317349844641285, 7038875.919957182370126 ], [ 257276.320540434593568, 7038875.919957182370126 ], [ 257276.320540434593568, 7038880.923147771507502 ], [ 257281.32373102454585, 7038880.923147771507502 ], [ 257281.32373102454585, 7038885.9263383615762 ], [ 257286.326921614498133, 7038885.9263383615762 ], [ 257286.326921614498133, 7038890.929528951644897 ], [ 257296.333302794373594, 7038890.929528951644897 ], [ 257296.333302794373594, 7038895.932719541713595 ], [ 257301.336493384325877, 7038895.932719541713595 ], [ 257301.336493384325877, 7038905.939100721850991 ] ], [ [ 257536.486451111850329, 7038890.929528951644897 ], [ 257541.489641701773508, 7038890.929528951644897 ], [ 257541.489641701773508, 7038845.900813641957939 ], [ 257546.49283229172579, 7038845.900813641957939 ], [ 257546.49283229172579, 7038835.894432462751865 ], [ 257551.496022881678073, 7038835.894432462751865 ], [ 257551.496022881678073, 7038830.891241872683167 ], [ 257556.499213471630355, 7038830.891241872683167 ], [ 257556.499213471630355, 7038825.88805128261447 ], [ 257566.505594651505817, 7038825.88805128261447 ], [ 257566.505594651505817, 7038805.875288922339678 ], [ 257561.502404061582638, 7038805.875288922339678 ], [ 257561.502404061582638, 7038785.862526562996209 ], [ 257556.499213471630355, 7038785.862526562996209 ], [ 257556.499213471630355, 7038775.856145382858813 ], [ 257551.496022881678073, 7038775.856145382858813 ], [ 257551.496022881678073, 7038765.849764202721417 ], [ 257546.49283229172579, 7038765.849764202721417 ], [ 257546.49283229172579, 7038755.843383023515344 ], [ 257541.489641701773508, 7038755.843383023515344 ], [ 257541.489641701773508, 7038745.837001843377948 ], [ 257536.486451111850329, 7038745.837001843377948 ], [ 257536.486451111850329, 7038735.830620663240552 ], [ 257531.483260521898046, 7038735.830620663240552 ], [ 257531.483260521898046, 7038730.827430073171854 ], [ 257526.480069931945764, 7038730.827430073171854 ], [ 257526.480069931945764, 7038725.824239483103156 ], [ 257521.476879341993481, 7038725.824239483103156 ], [ 257521.476879341993481, 7038720.821048893965781 ], [ 257516.473688752041198, 7038720.821048893965781 ], [ 257516.473688752041198, 7038680.79552417434752 ], [ 257521.476879341993481, 7038680.79552417434752 ], [ 257521.476879341993481, 7038675.792333584278822 ], [ 257531.483260521898046, 7038675.792333584278822 ], [ 257531.483260521898046, 7038680.79552417434752 ], [ 257536.486451111850329, 7038680.79552417434752 ], [ 257536.486451111850329, 7038685.798714764416218 ], [ 257541.489641701773508, 7038685.798714764416218 ], [ 257541.489641701773508, 7038690.801905353553593 ], [ 257546.49283229172579, 7038690.801905353553593 ], [ 257546.49283229172579, 7038695.805095943622291 ], [ 257551.496022881678073, 7038695.805095943622291 ], [ 257551.496022881678073, 7038700.808286533690989 ], [ 257556.499213471630355, 7038700.808286533690989 ], [ 257556.499213471630355, 7038705.811477123759687 ], [ 257566.505594651505817, 7038705.811477123759687 ], [ 257566.505594651505817, 7038710.814667713828385 ], [ 257571.508785241458099, 7038710.814667713828385 ], [ 257571.508785241458099, 7038715.817858303897083 ], [ 257576.511975831410382, 7038715.817858303897083 ], [ 257576.511975831410382, 7038720.821048893965781 ], [ 257581.515166421362665, 7038720.821048893965781 ], [ 257581.515166421362665, 7038725.824239483103156 ], [ 257586.518357011314947, 7038725.824239483103156 ], [ 257586.518357011314947, 7038730.827430073171854 ], [ 257591.52154760126723, 7038730.827430073171854 ], [ 257591.52154760126723, 7038735.830620663240552 ], [ 257596.524738191190409, 7038735.830620663240552 ], [ 257596.524738191190409, 7038740.83381125330925 ], [ 257601.527928781142691, 7038740.83381125330925 ], [ 257601.527928781142691, 7038750.840192433446646 ], [ 257596.524738191190409, 7038750.840192433446646 ], [ 257596.524738191190409, 7038785.862526562996209 ], [ 257601.527928781142691, 7038785.862526562996209 ], [ 257601.527928781142691, 7038790.865717153064907 ], [ 257606.531119371094974, 7038790.865717153064907 ], [ 257606.531119371094974, 7038785.862526562996209 ], [ 257611.534309961047256, 7038785.862526562996209 ], [ 257611.534309961047256, 7038780.859335972927511 ], [ 257616.537500550999539, 7038780.859335972927511 ], [ 257616.537500550999539, 7038775.856145382858813 ], [ 257621.540691140922718, 7038775.856145382858813 ], [ 257621.540691140922718, 7038770.852954792790115 ], [ 257626.543881730875, 7038770.852954792790115 ], [ 257626.543881730875, 7038765.849764202721417 ], [ 257631.547072320827283, 7038765.849764202721417 ], [ 257631.547072320827283, 7038760.846573613584042 ], [ 257636.550262910779566, 7038760.846573613584042 ], [ 257636.550262910779566, 7038755.843383023515344 ], [ 257641.553453500731848, 7038755.843383023515344 ], [ 257641.553453500731848, 7038750.840192433446646 ], [ 257646.556644090684131, 7038750.840192433446646 ], [ 257646.556644090684131, 7038745.837001843377948 ], [ 257651.55983468060731, 7038745.837001843377948 ], [ 257651.55983468060731, 7038740.83381125330925 ], [ 257656.563025270559592, 7038740.83381125330925 ], [ 257656.563025270559592, 7038735.830620663240552 ], [ 257676.575787630339619, 7038735.830620663240552 ], [ 257676.575787630339619, 7038730.827430073171854 ], [ 257671.57259704041644, 7038730.827430073171854 ], [ 257671.57259704041644, 7038720.821048893965781 ], [ 257666.569406450464157, 7038720.821048893965781 ], [ 257666.569406450464157, 7038715.817858303897083 ], [ 257661.566215860511875, 7038715.817858303897083 ], [ 257661.566215860511875, 7038710.814667713828385 ], [ 257651.55983468060731, 7038710.814667713828385 ], [ 257651.55983468060731, 7038705.811477123759687 ], [ 257646.556644090684131, 7038705.811477123759687 ], [ 257646.556644090684131, 7038700.808286533690989 ], [ 257641.553453500731848, 7038700.808286533690989 ], [ 257641.553453500731848, 7038695.805095943622291 ], [ 257636.550262910779566, 7038695.805095943622291 ], [ 257636.550262910779566, 7038690.801905353553593 ], [ 257631.547072320827283, 7038690.801905353553593 ], [ 257631.547072320827283, 7038685.798714764416218 ], [ 257621.540691140922718, 7038685.798714764416218 ], [ 257621.540691140922718, 7038680.79552417434752 ], [ 257616.537500550999539, 7038680.79552417434752 ], [ 257616.537500550999539, 7038675.792333584278822 ], [ 257606.531119371094974, 7038675.792333584278822 ], [ 257606.531119371094974, 7038670.789142994210124 ], [ 257596.524738191190409, 7038670.789142994210124 ], [ 257596.524738191190409, 7038665.785952404141426 ], [ 257586.518357011314947, 7038665.785952404141426 ], [ 257586.518357011314947, 7038660.782761814072728 ], [ 257576.511975831410382, 7038660.782761814072728 ], [ 257576.511975831410382, 7038655.77957122400403 ], [ 257566.505594651505817, 7038655.77957122400403 ], [ 257566.505594651505817, 7038650.776380633935332 ], [ 257561.502404061582638, 7038650.776380633935332 ], [ 257561.502404061582638, 7038645.773190044797957 ], [ 257546.49283229172579, 7038645.773190044797957 ], [ 257546.49283229172579, 7038640.769999454729259 ], [ 257536.486451111850329, 7038640.769999454729259 ], [ 257536.486451111850329, 7038635.766808864660561 ], [ 257526.480069931945764, 7038635.766808864660561 ], [ 257526.480069931945764, 7038625.760427684523165 ], [ 257521.476879341993481, 7038625.760427684523165 ], [ 257521.476879341993481, 7038610.750855915248394 ], [ 257516.473688752041198, 7038610.750855915248394 ], [ 257516.473688752041198, 7038595.7412841450423 ], [ 257506.467307572165737, 7038595.7412841450423 ], [ 257506.467307572165737, 7038600.744474735110998 ], [ 257501.464116982213454, 7038600.744474735110998 ], [ 257501.464116982213454, 7038605.747665325179696 ], [ 257496.460926392261172, 7038605.747665325179696 ], [ 257496.460926392261172, 7038610.750855915248394 ], [ 257491.457735802308889, 7038610.750855915248394 ], [ 257491.457735802308889, 7038615.754046504385769 ], [ 257486.454545212356606, 7038615.754046504385769 ], [ 257486.454545212356606, 7038645.773190044797957 ], [ 257491.457735802308889, 7038645.773190044797957 ], [ 257491.457735802308889, 7038675.792333584278822 ], [ 257486.454545212356606, 7038675.792333584278822 ], [ 257486.454545212356606, 7038695.805095943622291 ], [ 257491.457735802308889, 7038695.805095943622291 ], [ 257491.457735802308889, 7038715.817858303897083 ], [ 257496.460926392261172, 7038715.817858303897083 ], [ 257496.460926392261172, 7038730.827430073171854 ], [ 257501.464116982213454, 7038730.827430073171854 ], [ 257501.464116982213454, 7038740.83381125330925 ], [ 257511.470498162088916, 7038740.83381125330925 ], [ 257511.470498162088916, 7038745.837001843377948 ], [ 257516.473688752041198, 7038745.837001843377948 ], [ 257516.473688752041198, 7038750.840192433446646 ], [ 257521.476879341993481, 7038750.840192433446646 ], [ 257521.476879341993481, 7038760.846573613584042 ], [ 257526.480069931945764, 7038760.846573613584042 ], [ 257526.480069931945764, 7038770.852954792790115 ], [ 257531.483260521898046, 7038770.852954792790115 ], [ 257531.483260521898046, 7038780.859335972927511 ], [ 257536.486451111850329, 7038780.859335972927511 ], [ 257536.486451111850329, 7038785.862526562996209 ], [ 257541.489641701773508, 7038785.862526562996209 ], [ 257541.489641701773508, 7038815.881670102477074 ], [ 257536.486451111850329, 7038815.881670102477074 ], [ 257536.486451111850329, 7038820.884860692545772 ], [ 257531.483260521898046, 7038820.884860692545772 ], [ 257531.483260521898046, 7038825.88805128261447 ], [ 257526.480069931945764, 7038825.88805128261447 ], [ 257526.480069931945764, 7038840.897623051889241 ], [ 257521.476879341993481, 7038840.897623051889241 ], [ 257521.476879341993481, 7038870.916766592301428 ], [ 257526.480069931945764, 7038870.916766592301428 ], [ 257526.480069931945764, 7038880.923147771507502 ], [ 257531.483260521898046, 7038880.923147771507502 ], [ 257531.483260521898046, 7038885.9263383615762 ], [ 257536.486451111850329, 7038885.9263383615762 ], [ 257536.486451111850329, 7038890.929528951644897 ] ], [ [ 257716.601312349928776, 7038855.907194822095335 ], [ 257726.607693529833341, 7038855.907194822095335 ], [ 257726.607693529833341, 7038845.900813641957939 ], [ 257721.604502939881058, 7038845.900813641957939 ], [ 257721.604502939881058, 7038850.904004232026637 ], [ 257716.601312349928776, 7038850.904004232026637 ], [ 257716.601312349928776, 7038855.907194822095335 ] ], [ [ 255169.977302066923585, 7038805.875288922339678 ], [ 255174.980492656846764, 7038805.875288922339678 ], [ 255174.980492656846764, 7038800.872098333202302 ], [ 255169.977302066923585, 7038800.872098333202302 ], [ 255169.977302066923585, 7038805.875288922339678 ] ], [ [ 257141.234394506027456, 7038740.83381125330925 ], [ 257151.240775685932022, 7038740.83381125330925 ], [ 257151.240775685932022, 7038735.830620663240552 ], [ 257146.237585095979739, 7038735.830620663240552 ], [ 257146.237585095979739, 7038730.827430073171854 ], [ 257141.234394506027456, 7038730.827430073171854 ], [ 257141.234394506027456, 7038740.83381125330925 ] ], [ [ 257676.575787630339619, 7038740.83381125330925 ], [ 257681.578978220291901, 7038740.83381125330925 ], [ 257681.578978220291901, 7038735.830620663240552 ], [ 257676.575787630339619, 7038735.830620663240552 ], [ 257676.575787630339619, 7038740.83381125330925 ] ], [ [ 257116.218441556295147, 7038710.814667713828385 ], [ 257126.224822736170609, 7038710.814667713828385 ], [ 257126.224822736170609, 7038695.805095943622291 ], [ 257116.218441556295147, 7038695.805095943622291 ], [ 257116.218441556295147, 7038685.798714764416218 ], [ 257111.215250966342865, 7038685.798714764416218 ], [ 257111.215250966342865, 7038680.79552417434752 ], [ 257106.212060376390582, 7038680.79552417434752 ], [ 257106.212060376390582, 7038665.785952404141426 ], [ 257101.208869786438299, 7038665.785952404141426 ], [ 257101.208869786438299, 7038655.77957122400403 ], [ 257096.205679196515121, 7038655.77957122400403 ], [ 257096.205679196515121, 7038645.773190044797957 ], [ 257091.202488606562838, 7038645.773190044797957 ], [ 257091.202488606562838, 7038640.769999454729259 ], [ 257086.199298016610555, 7038640.769999454729259 ], [ 257086.199298016610555, 7038625.760427684523165 ], [ 257081.196107426658273, 7038625.760427684523165 ], [ 257081.196107426658273, 7038615.754046504385769 ], [ 257076.19291683670599, 7038615.754046504385769 ], [ 257076.19291683670599, 7038620.757237094454467 ], [ 257071.189726246753708, 7038620.757237094454467 ], [ 257071.189726246753708, 7038625.760427684523165 ], [ 257066.186535656830529, 7038625.760427684523165 ], [ 257066.186535656830529, 7038630.763618274591863 ], [ 257071.189726246753708, 7038630.763618274591863 ], [ 257071.189726246753708, 7038640.769999454729259 ], [ 257076.19291683670599, 7038640.769999454729259 ], [ 257076.19291683670599, 7038645.773190044797957 ], [ 257081.196107426658273, 7038645.773190044797957 ], [ 257081.196107426658273, 7038655.77957122400403 ], [ 257086.199298016610555, 7038655.77957122400403 ], [ 257086.199298016610555, 7038660.782761814072728 ], [ 257091.202488606562838, 7038660.782761814072728 ], [ 257091.202488606562838, 7038675.792333584278822 ], [ 257096.205679196515121, 7038675.792333584278822 ], [ 257096.205679196515121, 7038685.798714764416218 ], [ 257101.208869786438299, 7038685.798714764416218 ], [ 257101.208869786438299, 7038690.801905353553593 ], [ 257106.212060376390582, 7038690.801905353553593 ], [ 257106.212060376390582, 7038700.808286533690989 ], [ 257111.215250966342865, 7038700.808286533690989 ], [ 257111.215250966342865, 7038705.811477123759687 ], [ 257116.218441556295147, 7038705.811477123759687 ], [ 257116.218441556295147, 7038710.814667713828385 ] ], [ [ 258266.952277244097786, 7038675.792333584278822 ], [ 258291.968230193830095, 7038675.792333584278822 ], [ 258291.968230193830095, 7038670.789142994210124 ], [ 258266.952277244097786, 7038670.789142994210124 ], [ 258266.952277244097786, 7038675.792333584278822 ] ], [ [ 257611.534309961047256, 7038660.782761814072728 ], [ 257616.537500550999539, 7038660.782761814072728 ], [ 257616.537500550999539, 7038655.77957122400403 ], [ 257621.540691140922718, 7038655.77957122400403 ], [ 257621.540691140922718, 7038650.776380633935332 ], [ 257626.543881730875, 7038650.776380633935332 ], [ 257626.543881730875, 7038605.747665325179696 ], [ 257621.540691140922718, 7038605.747665325179696 ], [ 257621.540691140922718, 7038575.728521784767509 ], [ 257616.537500550999539, 7038575.728521784767509 ], [ 257616.537500550999539, 7038555.715759425424039 ], [ 257611.534309961047256, 7038555.715759425424039 ], [ 257611.534309961047256, 7038545.709378245286644 ], [ 257601.527928781142691, 7038545.709378245286644 ], [ 257601.527928781142691, 7038540.706187655217946 ], [ 257596.524738191190409, 7038540.706187655217946 ], [ 257596.524738191190409, 7038535.702997065149248 ], [ 257591.52154760126723, 7038535.702997065149248 ], [ 257591.52154760126723, 7038530.699806476011872 ], [ 257586.518357011314947, 7038530.699806476011872 ], [ 257586.518357011314947, 7038525.696615885943174 ], [ 257561.502404061582638, 7038525.696615885943174 ], [ 257561.502404061582638, 7038530.699806476011872 ], [ 257556.499213471630355, 7038530.699806476011872 ], [ 257556.499213471630355, 7038545.709378245286644 ], [ 257561.502404061582638, 7038545.709378245286644 ], [ 257561.502404061582638, 7038550.712568835355341 ], [ 257566.505594651505817, 7038550.712568835355341 ], [ 257566.505594651505817, 7038555.715759425424039 ], [ 257571.508785241458099, 7038555.715759425424039 ], [ 257571.508785241458099, 7038560.718950015492737 ], [ 257576.511975831410382, 7038560.718950015492737 ], [ 257576.511975831410382, 7038570.725331195630133 ], [ 257581.515166421362665, 7038570.725331195630133 ], [ 257581.515166421362665, 7038585.734902964904904 ], [ 257586.518357011314947, 7038585.734902964904904 ], [ 257586.518357011314947, 7038600.744474735110998 ], [ 257581.515166421362665, 7038600.744474735110998 ], [ 257581.515166421362665, 7038620.757237094454467 ], [ 257586.518357011314947, 7038620.757237094454467 ], [ 257586.518357011314947, 7038630.763618274591863 ], [ 257591.52154760126723, 7038630.763618274591863 ], [ 257591.52154760126723, 7038635.766808864660561 ], [ 257596.524738191190409, 7038635.766808864660561 ], [ 257596.524738191190409, 7038640.769999454729259 ], [ 257601.527928781142691, 7038640.769999454729259 ], [ 257601.527928781142691, 7038650.776380633935332 ], [ 257606.531119371094974, 7038650.776380633935332 ], [ 257606.531119371094974, 7038655.77957122400403 ], [ 257611.534309961047256, 7038655.77957122400403 ], [ 257611.534309961047256, 7038660.782761814072728 ] ], [ [ 258397.035232582711615, 7038660.782761814072728 ], [ 258412.044804352568462, 7038660.782761814072728 ], [ 258412.044804352568462, 7038655.77957122400403 ], [ 258417.047994942520745, 7038655.77957122400403 ], [ 258417.047994942520745, 7038650.776380633935332 ], [ 258422.051185532443924, 7038650.776380633935332 ], [ 258422.051185532443924, 7038615.754046504385769 ], [ 258427.054376122396206, 7038615.754046504385769 ], [ 258427.054376122396206, 7038610.750855915248394 ], [ 258432.057566712348489, 7038610.750855915248394 ], [ 258432.057566712348489, 7038605.747665325179696 ], [ 258442.063947892253054, 7038605.747665325179696 ], [ 258442.063947892253054, 7038600.744474735110998 ], [ 258452.070329072128516, 7038600.744474735110998 ], [ 258452.070329072128516, 7038580.731712374836206 ], [ 258447.067138482176233, 7038580.731712374836206 ], [ 258447.067138482176233, 7038540.706187655217946 ], [ 258452.070329072128516, 7038540.706187655217946 ], [ 258452.070329072128516, 7038535.702997065149248 ], [ 258467.079900841985364, 7038535.702997065149248 ], [ 258467.079900841985364, 7038540.706187655217946 ], [ 258472.083091431937646, 7038540.706187655217946 ], [ 258472.083091431937646, 7038535.702997065149248 ], [ 258477.086282021860825, 7038535.702997065149248 ], [ 258477.086282021860825, 7038530.699806476011872 ], [ 258482.089472611813108, 7038530.699806476011872 ], [ 258482.089472611813108, 7038525.696615885943174 ], [ 258477.086282021860825, 7038525.696615885943174 ], [ 258477.086282021860825, 7038505.683853525668383 ], [ 258472.083091431937646, 7038505.683853525668383 ], [ 258472.083091431937646, 7038495.677472346462309 ], [ 258462.076710252033081, 7038495.677472346462309 ], [ 258462.076710252033081, 7038490.674281756393611 ], [ 258457.073519662080798, 7038490.674281756393611 ], [ 258457.073519662080798, 7038485.671091166324914 ], [ 258452.070329072128516, 7038485.671091166324914 ], [ 258452.070329072128516, 7038480.667900576256216 ], [ 258447.067138482176233, 7038480.667900576256216 ], [ 258447.067138482176233, 7038485.671091166324914 ], [ 258442.063947892253054, 7038485.671091166324914 ], [ 258442.063947892253054, 7038490.674281756393611 ], [ 258437.060757302300772, 7038490.674281756393611 ], [ 258437.060757302300772, 7038495.677472346462309 ], [ 258422.051185532443924, 7038495.677472346462309 ], [ 258422.051185532443924, 7038490.674281756393611 ], [ 258417.047994942520745, 7038490.674281756393611 ], [ 258417.047994942520745, 7038485.671091166324914 ], [ 258412.044804352568462, 7038485.671091166324914 ], [ 258412.044804352568462, 7038480.667900576256216 ], [ 258407.04161376261618, 7038480.667900576256216 ], [ 258407.04161376261618, 7038475.664709986187518 ], [ 258402.038423172663897, 7038475.664709986187518 ], [ 258402.038423172663897, 7038470.66151939611882 ], [ 258392.032041992759332, 7038470.66151939611882 ], [ 258392.032041992759332, 7038475.664709986187518 ], [ 258387.028851402836153, 7038475.664709986187518 ], [ 258387.028851402836153, 7038480.667900576256216 ], [ 258382.025660812883871, 7038480.667900576256216 ], [ 258382.025660812883871, 7038485.671091166324914 ], [ 258377.022470222931588, 7038485.671091166324914 ], [ 258377.022470222931588, 7038490.674281756393611 ], [ 258367.016089043027023, 7038490.674281756393611 ], [ 258367.016089043027023, 7038485.671091166324914 ], [ 258347.003326683246996, 7038485.671091166324914 ], [ 258347.003326683246996, 7038490.674281756393611 ], [ 258331.993754913419252, 7038490.674281756393611 ], [ 258331.993754913419252, 7038510.687044115737081 ], [ 258336.996945503342431, 7038510.687044115737081 ], [ 258336.996945503342431, 7038525.696615885943174 ], [ 258342.000136093294714, 7038525.696615885943174 ], [ 258342.000136093294714, 7038530.699806476011872 ], [ 258347.003326683246996, 7038530.699806476011872 ], [ 258347.003326683246996, 7038540.706187655217946 ], [ 258352.006517273199279, 7038540.706187655217946 ], [ 258352.006517273199279, 7038545.709378245286644 ], [ 258357.009707863151561, 7038545.709378245286644 ], [ 258357.009707863151561, 7038555.715759425424039 ], [ 258362.012898453103844, 7038555.715759425424039 ], [ 258362.012898453103844, 7038560.718950015492737 ], [ 258367.016089043027023, 7038560.718950015492737 ], [ 258367.016089043027023, 7038565.722140605561435 ], [ 258372.019279632979305, 7038565.722140605561435 ], [ 258372.019279632979305, 7038575.728521784767509 ], [ 258362.012898453103844, 7038575.728521784767509 ], [ 258362.012898453103844, 7038580.731712374836206 ], [ 258357.009707863151561, 7038580.731712374836206 ], [ 258357.009707863151561, 7038585.734902964904904 ], [ 258352.006517273199279, 7038585.734902964904904 ], [ 258352.006517273199279, 7038605.747665325179696 ], [ 258357.009707863151561, 7038605.747665325179696 ], [ 258357.009707863151561, 7038610.750855915248394 ], [ 258372.019279632979305, 7038610.750855915248394 ], [ 258372.019279632979305, 7038590.738093554973602 ], [ 258377.022470222931588, 7038590.738093554973602 ], [ 258377.022470222931588, 7038615.754046504385769 ], [ 258382.025660812883871, 7038615.754046504385769 ], [ 258382.025660812883871, 7038650.776380633935332 ], [ 258387.028851402836153, 7038650.776380633935332 ], [ 258387.028851402836153, 7038655.77957122400403 ], [ 258397.035232582711615, 7038655.77957122400403 ], [ 258397.035232582711615, 7038660.782761814072728 ] ], [ [ 258347.003326683246996, 7038650.776380633935332 ], [ 258372.019279632979305, 7038650.776380633935332 ], [ 258372.019279632979305, 7038630.763618274591863 ], [ 258367.016089043027023, 7038630.763618274591863 ], [ 258367.016089043027023, 7038625.760427684523165 ], [ 258352.006517273199279, 7038625.760427684523165 ], [ 258352.006517273199279, 7038630.763618274591863 ], [ 258347.003326683246996, 7038630.763618274591863 ], [ 258347.003326683246996, 7038635.766808864660561 ], [ 258342.000136093294714, 7038635.766808864660561 ], [ 258342.000136093294714, 7038640.769999454729259 ], [ 258347.003326683246996, 7038640.769999454729259 ], [ 258347.003326683246996, 7038650.776380633935332 ] ], [ [ 257281.32373102454585, 7038645.773190044797957 ], [ 257291.330112204421312, 7038645.773190044797957 ], [ 257291.330112204421312, 7038625.760427684523165 ], [ 257281.32373102454585, 7038625.760427684523165 ], [ 257281.32373102454585, 7038645.773190044797957 ] ], [ [ 256025.522892947832588, 7038560.718950015492737 ], [ 256030.526083537784871, 7038560.718950015492737 ], [ 256030.526083537784871, 7038555.715759425424039 ], [ 256035.529274127737153, 7038555.715759425424039 ], [ 256035.529274127737153, 7038545.709378245286644 ], [ 256050.538845897594001, 7038545.709378245286644 ], [ 256050.538845897594001, 7038540.706187655217946 ], [ 256055.54203648751718, 7038540.706187655217946 ], [ 256055.54203648751718, 7038535.702997065149248 ], [ 256060.545227077469463, 7038535.702997065149248 ], [ 256060.545227077469463, 7038530.699806476011872 ], [ 256065.548417667421745, 7038530.699806476011872 ], [ 256065.548417667421745, 7038510.687044115737081 ], [ 256070.551608257374028, 7038510.687044115737081 ], [ 256070.551608257374028, 7038455.651947626844049 ], [ 256075.55479884732631, 7038455.651947626844049 ], [ 256075.55479884732631, 7038450.648757036775351 ], [ 256080.557989437249489, 7038450.648757036775351 ], [ 256080.557989437249489, 7038385.6072793668136 ], [ 256085.561180027201772, 7038385.6072793668136 ], [ 256085.561180027201772, 7038340.578564058057964 ], [ 256090.564370617154054, 7038340.578564058057964 ], [ 256090.564370617154054, 7038295.549848748371005 ], [ 256095.567561207106337, 7038295.549848748371005 ], [ 256095.567561207106337, 7038285.543467568233609 ], [ 256100.57075179705862, 7038285.543467568233609 ], [ 256100.57075179705862, 7038280.540276978164911 ], [ 256105.573942387010902, 7038280.540276978164911 ], [ 256105.573942387010902, 7038275.537086388096213 ], [ 256115.580323566886364, 7038275.537086388096213 ], [ 256115.580323566886364, 7038255.524324028752744 ], [ 256110.577132976934081, 7038255.524324028752744 ], [ 256110.577132976934081, 7038250.521133438684046 ], [ 256105.573942387010902, 7038250.521133438684046 ], [ 256105.573942387010902, 7038245.517942848615348 ], [ 256090.564370617154054, 7038245.517942848615348 ], [ 256090.564370617154054, 7038250.521133438684046 ], [ 256085.561180027201772, 7038250.521133438684046 ], [ 256085.561180027201772, 7038255.524324028752744 ], [ 256080.557989437249489, 7038255.524324028752744 ], [ 256080.557989437249489, 7038260.527514618821442 ], [ 256070.551608257374028, 7038260.527514618821442 ], [ 256070.551608257374028, 7038265.53070520889014 ], [ 256065.548417667421745, 7038265.53070520889014 ], [ 256065.548417667421745, 7038270.533895798027515 ], [ 256055.54203648751718, 7038270.533895798027515 ], [ 256055.54203648751718, 7038275.537086388096213 ], [ 256045.535655307641719, 7038275.537086388096213 ], [ 256045.535655307641719, 7038280.540276978164911 ], [ 256035.529274127737153, 7038280.540276978164911 ], [ 256035.529274127737153, 7038285.543467568233609 ], [ 256025.522892947832588, 7038285.543467568233609 ], [ 256025.522892947832588, 7038290.546658158302307 ], [ 256020.519702357909409, 7038290.546658158302307 ], [ 256020.519702357909409, 7038295.549848748371005 ], [ 256005.510130588052562, 7038295.549848748371005 ], [ 256005.510130588052562, 7038300.553039338439703 ], [ 255995.5037494081771, 7038300.553039338439703 ], [ 255995.5037494081771, 7038305.556229927577078 ], [ 255985.497368228272535, 7038305.556229927577078 ], [ 255985.497368228272535, 7038310.559420517645776 ], [ 255975.49098704836797, 7038310.559420517645776 ], [ 255975.49098704836797, 7038315.562611107714474 ], [ 255970.487796458415687, 7038315.562611107714474 ], [ 255970.487796458415687, 7038320.565801697783172 ], [ 255965.484605868492508, 7038320.565801697783172 ], [ 255965.484605868492508, 7038325.56899228785187 ], [ 255960.481415278540226, 7038325.56899228785187 ], [ 255960.481415278540226, 7038330.572182877920568 ], [ 255950.47503409863566, 7038330.572182877920568 ], [ 255950.47503409863566, 7038335.575373467989266 ], [ 255945.471843508683378, 7038335.575373467989266 ], [ 255945.471843508683378, 7038340.578564058057964 ], [ 255940.468652918760199, 7038340.578564058057964 ], [ 255940.468652918760199, 7038350.584945237264037 ], [ 255935.465462328807916, 7038350.584945237264037 ], [ 255935.465462328807916, 7038355.588135827332735 ], [ 255930.462271738855634, 7038355.588135827332735 ], [ 255930.462271738855634, 7038360.591326417401433 ], [ 255920.455890558951069, 7038360.591326417401433 ], [ 255920.455890558951069, 7038375.600898187607527 ], [ 255915.452699968998786, 7038375.600898187607527 ], [ 255915.452699968998786, 7038380.604088777676225 ], [ 255910.449509379075607, 7038380.604088777676225 ], [ 255910.449509379075607, 7038390.610469956882298 ], [ 255900.443128199171042, 7038390.610469956882298 ], [ 255900.443128199171042, 7038415.626422907225788 ], [ 255905.446318789123325, 7038415.626422907225788 ], [ 255905.446318789123325, 7038420.629613496363163 ], [ 255910.449509379075607, 7038420.629613496363163 ], [ 255910.449509379075607, 7038425.632804086431861 ], [ 255920.455890558951069, 7038425.632804086431861 ], [ 255920.455890558951069, 7038435.639185266569257 ], [ 255915.452699968998786, 7038435.639185266569257 ], [ 255915.452699968998786, 7038440.642375856637955 ], [ 255910.449509379075607, 7038440.642375856637955 ], [ 255910.449509379075607, 7038445.645566446706653 ], [ 255900.443128199171042, 7038445.645566446706653 ], [ 255900.443128199171042, 7038450.648757036775351 ], [ 255890.436747019266477, 7038450.648757036775351 ], [ 255890.436747019266477, 7038455.651947626844049 ], [ 255885.433556429343298, 7038455.651947626844049 ], [ 255885.433556429343298, 7038460.655138215981424 ], [ 255880.430365839391015, 7038460.655138215981424 ], [ 255880.430365839391015, 7038475.664709986187518 ], [ 255885.433556429343298, 7038475.664709986187518 ], [ 255885.433556429343298, 7038470.66151939611882 ], [ 255895.439937609218759, 7038470.66151939611882 ], [ 255895.439937609218759, 7038465.658328806050122 ], [ 255995.5037494081771, 7038465.658328806050122 ], [ 255995.5037494081771, 7038470.66151939611882 ], [ 256000.506939998100279, 7038470.66151939611882 ], [ 256000.506939998100279, 7038475.664709986187518 ], [ 256005.510130588052562, 7038475.664709986187518 ], [ 256005.510130588052562, 7038510.687044115737081 ], [ 256000.506939998100279, 7038510.687044115737081 ], [ 256000.506939998100279, 7038515.690234705805779 ], [ 255995.5037494081771, 7038515.690234705805779 ], [ 255995.5037494081771, 7038520.693425295874476 ], [ 255990.500558818224818, 7038520.693425295874476 ], [ 255990.500558818224818, 7038525.696615885943174 ], [ 255995.5037494081771, 7038525.696615885943174 ], [ 255995.5037494081771, 7038530.699806476011872 ], [ 256000.506939998100279, 7038530.699806476011872 ], [ 256000.506939998100279, 7038535.702997065149248 ], [ 256005.510130588052562, 7038535.702997065149248 ], [ 256005.510130588052562, 7038540.706187655217946 ], [ 256010.513321178004844, 7038540.706187655217946 ], [ 256010.513321178004844, 7038545.709378245286644 ], [ 256015.516511767957127, 7038545.709378245286644 ], [ 256015.516511767957127, 7038550.712568835355341 ], [ 256020.519702357909409, 7038550.712568835355341 ], [ 256020.519702357909409, 7038555.715759425424039 ], [ 256025.522892947832588, 7038555.715759425424039 ], [ 256025.522892947832588, 7038560.718950015492737 ] ], [ [ 257156.2439662758552, 7038555.715759425424039 ], [ 257166.250347455759766, 7038555.715759425424039 ], [ 257166.250347455759766, 7038550.712568835355341 ], [ 257171.253538045712048, 7038550.712568835355341 ], [ 257171.253538045712048, 7038535.702997065149248 ], [ 257166.250347455759766, 7038535.702997065149248 ], [ 257166.250347455759766, 7038530.699806476011872 ], [ 257161.247156865807483, 7038530.699806476011872 ], [ 257161.247156865807483, 7038525.696615885943174 ], [ 257156.2439662758552, 7038525.696615885943174 ], [ 257156.2439662758552, 7038520.693425295874476 ], [ 257151.240775685932022, 7038520.693425295874476 ], [ 257151.240775685932022, 7038535.702997065149248 ], [ 257156.2439662758552, 7038535.702997065149248 ], [ 257156.2439662758552, 7038555.715759425424039 ] ], [ [ 256866.058912058942951, 7038480.667900576256216 ], [ 256876.065293238847516, 7038480.667900576256216 ], [ 256876.065293238847516, 7038475.664709986187518 ], [ 256886.071674418722978, 7038475.664709986187518 ], [ 256886.071674418722978, 7038470.66151939611882 ], [ 256891.07486500867526, 7038470.66151939611882 ], [ 256891.07486500867526, 7038465.658328806050122 ], [ 256906.084436778503004, 7038465.658328806050122 ], [ 256906.084436778503004, 7038460.655138215981424 ], [ 256931.100389728264417, 7038460.655138215981424 ], [ 256931.100389728264417, 7038455.651947626844049 ], [ 256946.109961498092161, 7038455.651947626844049 ], [ 256946.109961498092161, 7038445.645566446706653 ], [ 256936.103580318187596, 7038445.645566446706653 ], [ 256936.103580318187596, 7038440.642375856637955 ], [ 256931.100389728264417, 7038440.642375856637955 ], [ 256931.100389728264417, 7038435.639185266569257 ], [ 256921.094008548359852, 7038435.639185266569257 ], [ 256921.094008548359852, 7038430.635994676500559 ], [ 256916.09081795840757, 7038430.635994676500559 ], [ 256916.09081795840757, 7038435.639185266569257 ], [ 256911.087627368455287, 7038435.639185266569257 ], [ 256911.087627368455287, 7038445.645566446706653 ], [ 256906.084436778503004, 7038445.645566446706653 ], [ 256906.084436778503004, 7038450.648757036775351 ], [ 256891.07486500867526, 7038450.648757036775351 ], [ 256891.07486500867526, 7038455.651947626844049 ], [ 256886.071674418722978, 7038455.651947626844049 ], [ 256886.071674418722978, 7038460.655138215981424 ], [ 256881.068483828770695, 7038460.655138215981424 ], [ 256881.068483828770695, 7038465.658328806050122 ], [ 256876.065293238847516, 7038465.658328806050122 ], [ 256876.065293238847516, 7038470.66151939611882 ], [ 256871.062102648895234, 7038470.66151939611882 ], [ 256871.062102648895234, 7038475.664709986187518 ], [ 256866.058912058942951, 7038475.664709986187518 ], [ 256866.058912058942951, 7038480.667900576256216 ] ], [ [ 255044.897537318232935, 7038410.62323231715709 ], [ 255049.900727908185218, 7038410.62323231715709 ], [ 255049.900727908185218, 7038405.620041727088392 ], [ 255054.9039184981375, 7038405.620041727088392 ], [ 255054.9039184981375, 7038400.616851137019694 ], [ 255059.907109088089783, 7038400.616851137019694 ], [ 255059.907109088089783, 7038395.613660546950996 ], [ 255064.910299678012962, 7038395.613660546950996 ], [ 255064.910299678012962, 7038390.610469956882298 ], [ 255059.907109088089783, 7038390.610469956882298 ], [ 255059.907109088089783, 7038370.597707597538829 ], [ 255064.910299678012962, 7038370.597707597538829 ], [ 255064.910299678012962, 7038365.594517007470131 ], [ 255069.913490267965244, 7038365.594517007470131 ], [ 255069.913490267965244, 7038360.591326417401433 ], [ 255074.916680857917527, 7038360.591326417401433 ], [ 255074.916680857917527, 7038355.588135827332735 ], [ 255079.919871447869809, 7038355.588135827332735 ], [ 255079.919871447869809, 7038350.584945237264037 ], [ 255074.916680857917527, 7038350.584945237264037 ], [ 255074.916680857917527, 7038345.581754647195339 ], [ 255069.913490267965244, 7038345.581754647195339 ], [ 255069.913490267965244, 7038350.584945237264037 ], [ 255064.910299678012962, 7038350.584945237264037 ], [ 255064.910299678012962, 7038355.588135827332735 ], [ 255054.9039184981375, 7038355.588135827332735 ], [ 255054.9039184981375, 7038360.591326417401433 ], [ 255049.900727908185218, 7038360.591326417401433 ], [ 255049.900727908185218, 7038365.594517007470131 ], [ 255034.89115613832837, 7038365.594517007470131 ], [ 255034.89115613832837, 7038380.604088777676225 ], [ 255039.894346728280652, 7038380.604088777676225 ], [ 255039.894346728280652, 7038405.620041727088392 ], [ 255044.897537318232935, 7038405.620041727088392 ], [ 255044.897537318232935, 7038410.62323231715709 ] ], [ [ 257336.358827513962751, 7038400.616851137019694 ], [ 257341.362018103915034, 7038400.616851137019694 ], [ 257341.362018103915034, 7038395.613660546950996 ], [ 257346.365208693838213, 7038395.613660546950996 ], [ 257346.365208693838213, 7038390.610469956882298 ], [ 257351.368399283790495, 7038390.610469956882298 ], [ 257351.368399283790495, 7038385.6072793668136 ], [ 257356.371589873742778, 7038385.6072793668136 ], [ 257356.371589873742778, 7038380.604088777676225 ], [ 257361.37478046369506, 7038380.604088777676225 ], [ 257361.37478046369506, 7038375.600898187607527 ], [ 257371.381161643599626, 7038375.600898187607527 ], [ 257371.381161643599626, 7038370.597707597538829 ], [ 257376.384352233522804, 7038370.597707597538829 ], [ 257376.384352233522804, 7038375.600898187607527 ], [ 257386.39073341342737, 7038375.600898187607527 ], [ 257386.39073341342737, 7038380.604088777676225 ], [ 257391.393924003379652, 7038380.604088777676225 ], [ 257391.393924003379652, 7038365.594517007470131 ], [ 257396.397114593331935, 7038365.594517007470131 ], [ 257396.397114593331935, 7038295.549848748371005 ], [ 257381.387542823475087, 7038295.549848748371005 ], [ 257381.387542823475087, 7038290.546658158302307 ], [ 257366.377971053647343, 7038290.546658158302307 ], [ 257366.377971053647343, 7038280.540276978164911 ], [ 257396.397114593331935, 7038280.540276978164911 ], [ 257396.397114593331935, 7038285.543467568233609 ], [ 257436.422639312891988, 7038285.543467568233609 ], [ 257436.422639312891988, 7038280.540276978164911 ], [ 257446.429020492796553, 7038280.540276978164911 ], [ 257446.429020492796553, 7038275.537086388096213 ], [ 257461.438592262624297, 7038275.537086388096213 ], [ 257461.438592262624297, 7038270.533895798027515 ], [ 257486.454545212356606, 7038270.533895798027515 ], [ 257486.454545212356606, 7038275.537086388096213 ], [ 257521.476879341993481, 7038275.537086388096213 ], [ 257521.476879341993481, 7038270.533895798027515 ], [ 257526.480069931945764, 7038270.533895798027515 ], [ 257526.480069931945764, 7038255.524324028752744 ], [ 257521.476879341993481, 7038255.524324028752744 ], [ 257521.476879341993481, 7038245.517942848615348 ], [ 257516.473688752041198, 7038245.517942848615348 ], [ 257516.473688752041198, 7038240.51475225854665 ], [ 257511.470498162088916, 7038240.51475225854665 ], [ 257511.470498162088916, 7038235.511561668477952 ], [ 257506.467307572165737, 7038235.511561668477952 ], [ 257506.467307572165737, 7038230.508371078409255 ], [ 257496.460926392261172, 7038230.508371078409255 ], [ 257496.460926392261172, 7038225.505180489271879 ], [ 257491.457735802308889, 7038225.505180489271879 ], [ 257491.457735802308889, 7038220.501989899203181 ], [ 257481.451354622433428, 7038220.501989899203181 ], [ 257481.451354622433428, 7038215.498799309134483 ], [ 257471.444973442528863, 7038215.498799309134483 ], [ 257471.444973442528863, 7038210.495608719065785 ], [ 257461.438592262624297, 7038210.495608719065785 ], [ 257461.438592262624297, 7038200.48922753892839 ], [ 257456.435401672672015, 7038200.48922753892839 ], [ 257456.435401672672015, 7038195.486036948859692 ], [ 257451.432211082748836, 7038195.486036948859692 ], [ 257451.432211082748836, 7038190.482846358790994 ], [ 257446.429020492796553, 7038190.482846358790994 ], [ 257446.429020492796553, 7038185.479655769653618 ], [ 257441.425829902844271, 7038185.479655769653618 ], [ 257441.425829902844271, 7038180.47646517958492 ], [ 257436.422639312891988, 7038180.47646517958492 ], [ 257436.422639312891988, 7038170.470083999447525 ], [ 257431.419448722939705, 7038170.470083999447525 ], [ 257431.419448722939705, 7038165.466893409378827 ], [ 257426.416258133016527, 7038165.466893409378827 ], [ 257426.416258133016527, 7038160.463702819310129 ], [ 257421.413067543064244, 7038160.463702819310129 ], [ 257421.413067543064244, 7038155.460512229241431 ], [ 257416.409876953111961, 7038155.460512229241431 ], [ 257416.409876953111961, 7038145.454131050035357 ], [ 257411.406686363159679, 7038145.454131050035357 ], [ 257411.406686363159679, 7038140.45094045996666 ], [ 257406.403495773207396, 7038140.45094045996666 ], [ 257406.403495773207396, 7038130.444559279829264 ], [ 257401.400305183255114, 7038130.444559279829264 ], [ 257401.400305183255114, 7038115.43498750962317 ], [ 257396.397114593331935, 7038115.43498750962317 ], [ 257396.397114593331935, 7038075.409462790004909 ], [ 257391.393924003379652, 7038075.409462790004909 ], [ 257391.393924003379652, 7038065.403081610798836 ], [ 257381.387542823475087, 7038065.403081610798836 ], [ 257381.387542823475087, 7038060.399891020730138 ], [ 257371.381161643599626, 7038060.399891020730138 ], [ 257371.381161643599626, 7038055.39670043066144 ], [ 257361.37478046369506, 7038055.39670043066144 ], [ 257361.37478046369506, 7038050.393509840592742 ], [ 257356.371589873742778, 7038050.393509840592742 ], [ 257356.371589873742778, 7038045.390319250524044 ], [ 257341.362018103915034, 7038045.390319250524044 ], [ 257341.362018103915034, 7038040.387128660455346 ], [ 257331.355636924010469, 7038040.387128660455346 ], [ 257331.355636924010469, 7038035.383938071317971 ], [ 257326.352446334058186, 7038035.383938071317971 ], [ 257326.352446334058186, 7038030.380747481249273 ], [ 257316.346065154182725, 7038030.380747481249273 ], [ 257316.346065154182725, 7038025.377556891180575 ], [ 257306.339683974278159, 7038025.377556891180575 ], [ 257306.339683974278159, 7038020.374366301111877 ], [ 257301.336493384325877, 7038020.374366301111877 ], [ 257301.336493384325877, 7038015.371175711043179 ], [ 257291.330112204421312, 7038015.371175711043179 ], [ 257291.330112204421312, 7038010.367985120974481 ], [ 257286.326921614498133, 7038010.367985120974481 ], [ 257286.326921614498133, 7038005.364794530905783 ], [ 257281.32373102454585, 7038005.364794530905783 ], [ 257281.32373102454585, 7038000.361603940837085 ], [ 257276.320540434593568, 7038000.361603940837085 ], [ 257276.320540434593568, 7037990.355222761631012 ], [ 257271.317349844641285, 7037990.355222761631012 ], [ 257271.317349844641285, 7037980.348841581493616 ], [ 257266.314159254689002, 7037980.348841581493616 ], [ 257266.314159254689002, 7037975.345650991424918 ], [ 257261.310968664765824, 7037975.345650991424918 ], [ 257261.310968664765824, 7037970.34246040135622 ], [ 257256.307778074813541, 7037970.34246040135622 ], [ 257256.307778074813541, 7037965.339269811287522 ], [ 257251.304587484861258, 7037965.339269811287522 ], [ 257251.304587484861258, 7037955.332888632081449 ], [ 257246.301396894908976, 7037955.332888632081449 ], [ 257246.301396894908976, 7037950.329698042012751 ], [ 257241.298206304956693, 7037950.329698042012751 ], [ 257241.298206304956693, 7037940.323316861875355 ], [ 257236.295015715004411, 7037940.323316861875355 ], [ 257236.295015715004411, 7037935.320126271806657 ], [ 257221.285443945176667, 7037935.320126271806657 ], [ 257221.285443945176667, 7037930.316935681737959 ], [ 257206.275872175348923, 7037930.316935681737959 ], [ 257206.275872175348923, 7037920.310554502531886 ], [ 257201.27268158539664, 7037920.310554502531886 ], [ 257201.27268158539664, 7037925.313745091669261 ], [ 257196.269490995444357, 7037925.313745091669261 ], [ 257196.269490995444357, 7037930.316935681737959 ], [ 257201.27268158539664, 7037930.316935681737959 ], [ 257201.27268158539664, 7037940.323316861875355 ], [ 257206.275872175348923, 7037940.323316861875355 ], [ 257206.275872175348923, 7037970.34246040135622 ], [ 257211.279062765272101, 7037970.34246040135622 ], [ 257211.279062765272101, 7037990.355222761631012 ], [ 257216.282253355224384, 7037990.355222761631012 ], [ 257216.282253355224384, 7038010.367985120974481 ], [ 257221.285443945176667, 7038010.367985120974481 ], [ 257221.285443945176667, 7038020.374366301111877 ], [ 257226.288634535128949, 7038020.374366301111877 ], [ 257226.288634535128949, 7038070.406272200867534 ], [ 257231.291825125081232, 7038070.406272200867534 ], [ 257231.291825125081232, 7038100.425415740348399 ], [ 257236.295015715004411, 7038100.425415740348399 ], [ 257236.295015715004411, 7038160.463702819310129 ], [ 257241.298206304956693, 7038160.463702819310129 ], [ 257241.298206304956693, 7038170.470083999447525 ], [ 257246.301396894908976, 7038170.470083999447525 ], [ 257246.301396894908976, 7038180.47646517958492 ], [ 257251.304587484861258, 7038180.47646517958492 ], [ 257251.304587484861258, 7038185.479655769653618 ], [ 257256.307778074813541, 7038185.479655769653618 ], [ 257256.307778074813541, 7038190.482846358790994 ], [ 257266.314159254689002, 7038190.482846358790994 ], [ 257266.314159254689002, 7038195.486036948859692 ], [ 257271.317349844641285, 7038195.486036948859692 ], [ 257271.317349844641285, 7038200.48922753892839 ], [ 257281.32373102454585, 7038200.48922753892839 ], [ 257281.32373102454585, 7038205.492418128997087 ], [ 257276.320540434593568, 7038205.492418128997087 ], [ 257276.320540434593568, 7038210.495608719065785 ], [ 257281.32373102454585, 7038210.495608719065785 ], [ 257281.32373102454585, 7038220.501989899203181 ], [ 257286.326921614498133, 7038220.501989899203181 ], [ 257286.326921614498133, 7038245.517942848615348 ], [ 257276.320540434593568, 7038245.517942848615348 ], [ 257276.320540434593568, 7038255.524324028752744 ], [ 257271.317349844641285, 7038255.524324028752744 ], [ 257271.317349844641285, 7038250.521133438684046 ], [ 257266.314159254689002, 7038250.521133438684046 ], [ 257266.314159254689002, 7038260.527514618821442 ], [ 257261.310968664765824, 7038260.527514618821442 ], [ 257261.310968664765824, 7038265.53070520889014 ], [ 257266.314159254689002, 7038265.53070520889014 ], [ 257266.314159254689002, 7038270.533895798027515 ], [ 257281.32373102454585, 7038270.533895798027515 ], [ 257281.32373102454585, 7038275.537086388096213 ], [ 257286.326921614498133, 7038275.537086388096213 ], [ 257286.326921614498133, 7038285.543467568233609 ], [ 257296.333302794373594, 7038285.543467568233609 ], [ 257296.333302794373594, 7038290.546658158302307 ], [ 257301.336493384325877, 7038290.546658158302307 ], [ 257301.336493384325877, 7038295.549848748371005 ], [ 257306.339683974278159, 7038295.549848748371005 ], [ 257306.339683974278159, 7038300.553039338439703 ], [ 257331.355636924010469, 7038300.553039338439703 ], [ 257331.355636924010469, 7038295.549848748371005 ], [ 257336.358827513962751, 7038295.549848748371005 ], [ 257336.358827513962751, 7038305.556229927577078 ], [ 257331.355636924010469, 7038305.556229927577078 ], [ 257331.355636924010469, 7038310.559420517645776 ], [ 257326.352446334058186, 7038310.559420517645776 ], [ 257326.352446334058186, 7038335.575373467989266 ], [ 257331.355636924010469, 7038335.575373467989266 ], [ 257331.355636924010469, 7038355.588135827332735 ], [ 257336.358827513962751, 7038355.588135827332735 ], [ 257336.358827513962751, 7038360.591326417401433 ], [ 257331.355636924010469, 7038360.591326417401433 ], [ 257331.355636924010469, 7038395.613660546950996 ], [ 257336.358827513962751, 7038395.613660546950996 ], [ 257336.358827513962751, 7038400.616851137019694 ] ], [ [ 257241.298206304956693, 7038395.613660546950996 ], [ 257246.301396894908976, 7038395.613660546950996 ], [ 257246.301396894908976, 7038390.610469956882298 ], [ 257241.298206304956693, 7038390.610469956882298 ], [ 257241.298206304956693, 7038395.613660546950996 ] ], [ [ 256961.119533267919905, 7038390.610469956882298 ], [ 256966.122723857872188, 7038390.610469956882298 ], [ 256966.122723857872188, 7038385.6072793668136 ], [ 256971.125914447824471, 7038385.6072793668136 ], [ 256971.125914447824471, 7038380.604088777676225 ], [ 256976.129105037776753, 7038380.604088777676225 ], [ 256976.129105037776753, 7038375.600898187607527 ], [ 256981.132295627729036, 7038375.600898187607527 ], [ 256981.132295627729036, 7038370.597707597538829 ], [ 256986.135486217681319, 7038370.597707597538829 ], [ 256986.135486217681319, 7038365.594517007470131 ], [ 256991.138676807604497, 7038365.594517007470131 ], [ 256991.138676807604497, 7038360.591326417401433 ], [ 256996.14186739755678, 7038360.591326417401433 ], [ 256996.14186739755678, 7038355.588135827332735 ], [ 257001.145057987509063, 7038355.588135827332735 ], [ 257001.145057987509063, 7038345.581754647195339 ], [ 256996.14186739755678, 7038345.581754647195339 ], [ 256996.14186739755678, 7038340.578564058057964 ], [ 256991.138676807604497, 7038340.578564058057964 ], [ 256991.138676807604497, 7038345.581754647195339 ], [ 256986.135486217681319, 7038345.581754647195339 ], [ 256986.135486217681319, 7038350.584945237264037 ], [ 256981.132295627729036, 7038350.584945237264037 ], [ 256981.132295627729036, 7038355.588135827332735 ], [ 256976.129105037776753, 7038355.588135827332735 ], [ 256976.129105037776753, 7038360.591326417401433 ], [ 256971.125914447824471, 7038360.591326417401433 ], [ 256971.125914447824471, 7038370.597707597538829 ], [ 256966.122723857872188, 7038370.597707597538829 ], [ 256966.122723857872188, 7038380.604088777676225 ], [ 256961.119533267919905, 7038380.604088777676225 ], [ 256961.119533267919905, 7038390.610469956882298 ] ], [ [ 257256.307778074813541, 7038375.600898187607527 ], [ 257266.314159254689002, 7038375.600898187607527 ], [ 257266.314159254689002, 7038370.597707597538829 ], [ 257271.317349844641285, 7038370.597707597538829 ], [ 257271.317349844641285, 7038365.594517007470131 ], [ 257276.320540434593568, 7038365.594517007470131 ], [ 257276.320540434593568, 7038355.588135827332735 ], [ 257281.32373102454585, 7038355.588135827332735 ], [ 257281.32373102454585, 7038350.584945237264037 ], [ 257271.317349844641285, 7038350.584945237264037 ], [ 257271.317349844641285, 7038355.588135827332735 ], [ 257261.310968664765824, 7038355.588135827332735 ], [ 257261.310968664765824, 7038360.591326417401433 ], [ 257256.307778074813541, 7038360.591326417401433 ], [ 257256.307778074813541, 7038375.600898187607527 ] ], [ [ 256330.717518934601685, 7038365.594517007470131 ], [ 256340.72390011450625, 7038365.594517007470131 ], [ 256340.72390011450625, 7038350.584945237264037 ], [ 256330.717518934601685, 7038350.584945237264037 ], [ 256330.717518934601685, 7038345.581754647195339 ], [ 256315.707947164773941, 7038345.581754647195339 ], [ 256315.707947164773941, 7038350.584945237264037 ], [ 256320.711137754726224, 7038350.584945237264037 ], [ 256320.711137754726224, 7038355.588135827332735 ], [ 256325.714328344678506, 7038355.588135827332735 ], [ 256325.714328344678506, 7038360.591326417401433 ], [ 256330.717518934601685, 7038360.591326417401433 ], [ 256330.717518934601685, 7038365.594517007470131 ] ], [ [ 257856.69064886844717, 7038365.594517007470131 ], [ 257861.693839458399452, 7038365.594517007470131 ], [ 257861.693839458399452, 7038355.588135827332735 ], [ 257856.69064886844717, 7038355.588135827332735 ], [ 257856.69064886844717, 7038350.584945237264037 ], [ 257851.687458278494887, 7038350.584945237264037 ], [ 257851.687458278494887, 7038345.581754647195339 ], [ 257846.684267688542604, 7038345.581754647195339 ], [ 257846.684267688542604, 7038340.578564058057964 ], [ 257841.681077098590322, 7038340.578564058057964 ], [ 257841.681077098590322, 7038335.575373467989266 ], [ 257836.677886508667143, 7038335.575373467989266 ], [ 257836.677886508667143, 7038330.572182877920568 ], [ 257831.67469591871486, 7038330.572182877920568 ], [ 257831.67469591871486, 7038325.56899228785187 ], [ 257826.671505328762578, 7038325.56899228785187 ], [ 257826.671505328762578, 7038335.575373467989266 ], [ 257831.67469591871486, 7038335.575373467989266 ], [ 257831.67469591871486, 7038345.581754647195339 ], [ 257836.677886508667143, 7038345.581754647195339 ], [ 257836.677886508667143, 7038350.584945237264037 ], [ 257841.681077098590322, 7038350.584945237264037 ], [ 257841.681077098590322, 7038355.588135827332735 ], [ 257846.684267688542604, 7038355.588135827332735 ], [ 257846.684267688542604, 7038360.591326417401433 ], [ 257856.69064886844717, 7038360.591326417401433 ], [ 257856.69064886844717, 7038365.594517007470131 ] ], [ [ 255084.923062037822092, 7038345.581754647195339 ], [ 255089.926252627745271, 7038345.581754647195339 ], [ 255089.926252627745271, 7038340.578564058057964 ], [ 255084.923062037822092, 7038340.578564058057964 ], [ 255084.923062037822092, 7038345.581754647195339 ] ], [ [ 256340.72390011450625, 7038345.581754647195339 ], [ 256380.749424834095407, 7038345.581754647195339 ], [ 256380.749424834095407, 7038340.578564058057964 ], [ 256385.752615424018586, 7038340.578564058057964 ], [ 256385.752615424018586, 7038320.565801697783172 ], [ 256380.749424834095407, 7038320.565801697783172 ], [ 256380.749424834095407, 7038300.553039338439703 ], [ 256385.752615424018586, 7038300.553039338439703 ], [ 256385.752615424018586, 7038270.533895798027515 ], [ 256390.755806013970869, 7038270.533895798027515 ], [ 256390.755806013970869, 7038255.524324028752744 ], [ 256395.758996603923151, 7038255.524324028752744 ], [ 256395.758996603923151, 7038245.517942848615348 ], [ 256400.762187193875434, 7038245.517942848615348 ], [ 256400.762187193875434, 7038235.511561668477952 ], [ 256405.765377783827716, 7038235.511561668477952 ], [ 256405.765377783827716, 7038225.505180489271879 ], [ 256400.762187193875434, 7038225.505180489271879 ], [ 256400.762187193875434, 7038220.501989899203181 ], [ 256395.758996603923151, 7038220.501989899203181 ], [ 256395.758996603923151, 7038215.498799309134483 ], [ 256390.755806013970869, 7038215.498799309134483 ], [ 256390.755806013970869, 7038210.495608719065785 ], [ 256385.752615424018586, 7038210.495608719065785 ], [ 256385.752615424018586, 7038215.498799309134483 ], [ 256380.749424834095407, 7038215.498799309134483 ], [ 256380.749424834095407, 7038225.505180489271879 ], [ 256375.746234244143125, 7038225.505180489271879 ], [ 256375.746234244143125, 7038235.511561668477952 ], [ 256370.743043654190842, 7038235.511561668477952 ], [ 256370.743043654190842, 7038240.51475225854665 ], [ 256365.739853064238559, 7038240.51475225854665 ], [ 256365.739853064238559, 7038250.521133438684046 ], [ 256360.736662474286277, 7038250.521133438684046 ], [ 256360.736662474286277, 7038255.524324028752744 ], [ 256355.733471884333994, 7038255.524324028752744 ], [ 256355.733471884333994, 7038265.53070520889014 ], [ 256350.730281294410815, 7038265.53070520889014 ], [ 256350.730281294410815, 7038280.540276978164911 ], [ 256345.727090704458533, 7038280.540276978164911 ], [ 256345.727090704458533, 7038290.546658158302307 ], [ 256340.72390011450625, 7038290.546658158302307 ], [ 256340.72390011450625, 7038305.556229927577078 ], [ 256330.717518934601685, 7038305.556229927577078 ], [ 256330.717518934601685, 7038310.559420517645776 ], [ 256325.714328344678506, 7038310.559420517645776 ], [ 256325.714328344678506, 7038315.562611107714474 ], [ 256315.707947164773941, 7038315.562611107714474 ], [ 256315.707947164773941, 7038320.565801697783172 ], [ 256310.704756574821658, 7038320.565801697783172 ], [ 256310.704756574821658, 7038330.572182877920568 ], [ 256315.707947164773941, 7038330.572182877920568 ], [ 256315.707947164773941, 7038335.575373467989266 ], [ 256330.717518934601685, 7038335.575373467989266 ], [ 256330.717518934601685, 7038340.578564058057964 ], [ 256340.72390011450625, 7038340.578564058057964 ], [ 256340.72390011450625, 7038345.581754647195339 ] ], [ [ 258462.076710252033081, 7038335.575373467989266 ], [ 258467.079900841985364, 7038335.575373467989266 ], [ 258467.079900841985364, 7038330.572182877920568 ], [ 258477.086282021860825, 7038330.572182877920568 ], [ 258477.086282021860825, 7038320.565801697783172 ], [ 258487.09266320176539, 7038320.565801697783172 ], [ 258487.09266320176539, 7038325.56899228785187 ], [ 258532.121378511277726, 7038325.56899228785187 ], [ 258532.121378511277726, 7038315.562611107714474 ], [ 258537.124569101230009, 7038315.562611107714474 ], [ 258537.124569101230009, 7038305.556229927577078 ], [ 258542.127759691182291, 7038305.556229927577078 ], [ 258542.127759691182291, 7038300.553039338439703 ], [ 258547.130950281134574, 7038300.553039338439703 ], [ 258547.130950281134574, 7038280.540276978164911 ], [ 258552.134140871086856, 7038280.540276978164911 ], [ 258552.134140871086856, 7038260.527514618821442 ], [ 258557.137331461010035, 7038260.527514618821442 ], [ 258557.137331461010035, 7038250.521133438684046 ], [ 258562.140522050962318, 7038250.521133438684046 ], [ 258562.140522050962318, 7038240.51475225854665 ], [ 258557.137331461010035, 7038240.51475225854665 ], [ 258557.137331461010035, 7038235.511561668477952 ], [ 258552.134140871086856, 7038235.511561668477952 ], [ 258552.134140871086856, 7038225.505180489271879 ], [ 258547.130950281134574, 7038225.505180489271879 ], [ 258547.130950281134574, 7038215.498799309134483 ], [ 258552.134140871086856, 7038215.498799309134483 ], [ 258552.134140871086856, 7038195.486036948859692 ], [ 258547.130950281134574, 7038195.486036948859692 ], [ 258547.130950281134574, 7038190.482846358790994 ], [ 258542.127759691182291, 7038190.482846358790994 ], [ 258542.127759691182291, 7038185.479655769653618 ], [ 258537.124569101230009, 7038185.479655769653618 ], [ 258537.124569101230009, 7038175.473274589516222 ], [ 258532.121378511277726, 7038175.473274589516222 ], [ 258532.121378511277726, 7038160.463702819310129 ], [ 258527.118187921354547, 7038160.463702819310129 ], [ 258527.118187921354547, 7038155.460512229241431 ], [ 258502.102234971593134, 7038155.460512229241431 ], [ 258502.102234971593134, 7038150.457321640104055 ], [ 258477.086282021860825, 7038150.457321640104055 ], [ 258477.086282021860825, 7038145.454131050035357 ], [ 258472.083091431937646, 7038145.454131050035357 ], [ 258472.083091431937646, 7038140.45094045996666 ], [ 258462.076710252033081, 7038140.45094045996666 ], [ 258462.076710252033081, 7038135.447749869897962 ], [ 258457.073519662080798, 7038135.447749869897962 ], [ 258457.073519662080798, 7038130.444559279829264 ], [ 258452.070329072128516, 7038130.444559279829264 ], [ 258452.070329072128516, 7038120.438178099691868 ], [ 258447.067138482176233, 7038120.438178099691868 ], [ 258447.067138482176233, 7038100.425415740348399 ], [ 258442.063947892253054, 7038100.425415740348399 ], [ 258442.063947892253054, 7038090.419034560211003 ], [ 258447.067138482176233, 7038090.419034560211003 ], [ 258447.067138482176233, 7038085.415843970142305 ], [ 258452.070329072128516, 7038085.415843970142305 ], [ 258452.070329072128516, 7038070.406272200867534 ], [ 258462.076710252033081, 7038070.406272200867534 ], [ 258462.076710252033081, 7038065.403081610798836 ], [ 258472.083091431937646, 7038065.403081610798836 ], [ 258472.083091431937646, 7038060.399891020730138 ], [ 258482.089472611813108, 7038060.399891020730138 ], [ 258482.089472611813108, 7038065.403081610798836 ], [ 258492.095853791717673, 7038065.403081610798836 ], [ 258492.095853791717673, 7038060.399891020730138 ], [ 258507.105425561545417, 7038060.399891020730138 ], [ 258507.105425561545417, 7038055.39670043066144 ], [ 258512.108616151497699, 7038055.39670043066144 ], [ 258512.108616151497699, 7038050.393509840592742 ], [ 258517.111806741449982, 7038050.393509840592742 ], [ 258517.111806741449982, 7038045.390319250524044 ], [ 258522.114997331402265, 7038045.390319250524044 ], [ 258522.114997331402265, 7038040.387128660455346 ], [ 258527.118187921354547, 7038040.387128660455346 ], [ 258527.118187921354547, 7038035.383938071317971 ], [ 258532.121378511277726, 7038035.383938071317971 ], [ 258532.121378511277726, 7038030.380747481249273 ], [ 258542.127759691182291, 7038030.380747481249273 ], [ 258542.127759691182291, 7038020.374366301111877 ], [ 258547.130950281134574, 7038020.374366301111877 ], [ 258547.130950281134574, 7038010.367985120974481 ], [ 258552.134140871086856, 7038010.367985120974481 ], [ 258552.134140871086856, 7037995.35841335169971 ], [ 258547.130950281134574, 7037995.35841335169971 ], [ 258547.130950281134574, 7037975.345650991424918 ], [ 258552.134140871086856, 7037975.345650991424918 ], [ 258552.134140871086856, 7037950.329698042012751 ], [ 258547.130950281134574, 7037950.329698042012751 ], [ 258547.130950281134574, 7037910.30417332239449 ], [ 258542.127759691182291, 7037910.30417332239449 ], [ 258542.127759691182291, 7037905.300982732325792 ], [ 258547.130950281134574, 7037905.300982732325792 ], [ 258547.130950281134574, 7037900.297792142257094 ], [ 258542.127759691182291, 7037900.297792142257094 ], [ 258542.127759691182291, 7037895.294601552188396 ], [ 258547.130950281134574, 7037895.294601552188396 ], [ 258547.130950281134574, 7037890.291410962119699 ], [ 258542.127759691182291, 7037890.291410962119699 ], [ 258542.127759691182291, 7037880.285029782913625 ], [ 258547.130950281134574, 7037880.285029782913625 ], [ 258547.130950281134574, 7037870.278648602776229 ], [ 258542.127759691182291, 7037870.278648602776229 ], [ 258542.127759691182291, 7037865.275458012707531 ], [ 258547.130950281134574, 7037865.275458012707531 ], [ 258547.130950281134574, 7037860.272267422638834 ], [ 258542.127759691182291, 7037860.272267422638834 ], [ 258542.127759691182291, 7037850.265886242501438 ], [ 258537.124569101230009, 7037850.265886242501438 ], [ 258537.124569101230009, 7037845.26269565243274 ], [ 258532.121378511277726, 7037845.26269565243274 ], [ 258532.121378511277726, 7037840.259505063295364 ], [ 258527.118187921354547, 7037840.259505063295364 ], [ 258527.118187921354547, 7037835.256314473226666 ], [ 258522.114997331402265, 7037835.256314473226666 ], [ 258522.114997331402265, 7037830.253123883157969 ], [ 258517.111806741449982, 7037830.253123883157969 ], [ 258517.111806741449982, 7037825.249933293089271 ], [ 258512.108616151497699, 7037825.249933293089271 ], [ 258512.108616151497699, 7037820.246742703020573 ], [ 258502.102234971593134, 7037820.246742703020573 ], [ 258502.102234971593134, 7037815.243552112951875 ], [ 258497.099044381669955, 7037815.243552112951875 ], [ 258497.099044381669955, 7037810.240361522883177 ], [ 258492.095853791717673, 7037810.240361522883177 ], [ 258492.095853791717673, 7037805.237170933745801 ], [ 258487.09266320176539, 7037805.237170933745801 ], [ 258487.09266320176539, 7037800.233980343677104 ], [ 258482.089472611813108, 7037800.233980343677104 ], [ 258482.089472611813108, 7037795.230789753608406 ], [ 258477.086282021860825, 7037795.230789753608406 ], [ 258477.086282021860825, 7037790.227599163539708 ], [ 258472.083091431937646, 7037790.227599163539708 ], [ 258472.083091431937646, 7037780.221217983402312 ], [ 258467.079900841985364, 7037780.221217983402312 ], [ 258467.079900841985364, 7037775.218027393333614 ], [ 258462.076710252033081, 7037775.218027393333614 ], [ 258462.076710252033081, 7037765.211646214127541 ], [ 258452.070329072128516, 7037765.211646214127541 ], [ 258452.070329072128516, 7037760.208455624058843 ], [ 258442.063947892253054, 7037760.208455624058843 ], [ 258442.063947892253054, 7037750.202074443921447 ], [ 258437.060757302300772, 7037750.202074443921447 ], [ 258437.060757302300772, 7037740.195693263784051 ], [ 258432.057566712348489, 7037740.195693263784051 ], [ 258432.057566712348489, 7037730.189312084577978 ], [ 258427.054376122396206, 7037730.189312084577978 ], [ 258427.054376122396206, 7037720.182930904440582 ], [ 258422.051185532443924, 7037720.182930904440582 ], [ 258422.051185532443924, 7037715.179740314371884 ], [ 258417.047994942520745, 7037715.179740314371884 ], [ 258417.047994942520745, 7037700.17016854416579 ], [ 258412.044804352568462, 7037700.17016854416579 ], [ 258412.044804352568462, 7037680.157406184822321 ], [ 258407.04161376261618, 7037680.157406184822321 ], [ 258407.04161376261618, 7037650.138262645341456 ], [ 258412.044804352568462, 7037650.138262645341456 ], [ 258412.044804352568462, 7037645.135072055272758 ], [ 258417.047994942520745, 7037645.135072055272758 ], [ 258417.047994942520745, 7037625.122309694997966 ], [ 258422.051185532443924, 7037625.122309694997966 ], [ 258422.051185532443924, 7037620.119119104929268 ], [ 258427.054376122396206, 7037620.119119104929268 ], [ 258427.054376122396206, 7037615.115928515791893 ], [ 258432.057566712348489, 7037615.115928515791893 ], [ 258432.057566712348489, 7037610.112737925723195 ], [ 258437.060757302300772, 7037610.112737925723195 ], [ 258437.060757302300772, 7037580.093594385311007 ], [ 258442.063947892253054, 7037580.093594385311007 ], [ 258442.063947892253054, 7037560.080832025967538 ], [ 258437.060757302300772, 7037560.080832025967538 ], [ 258437.060757302300772, 7037555.07764143589884 ], [ 258422.051185532443924, 7037555.07764143589884 ], [ 258422.051185532443924, 7037540.068069665692747 ], [ 258417.047994942520745, 7037540.068069665692747 ], [ 258417.047994942520745, 7037535.064879076555371 ], [ 258422.051185532443924, 7037535.064879076555371 ], [ 258422.051185532443924, 7037510.048926126211882 ], [ 258427.054376122396206, 7037510.048926126211882 ], [ 258427.054376122396206, 7037470.023401406593621 ], [ 258422.051185532443924, 7037470.023401406593621 ], [ 258422.051185532443924, 7037465.020210816524923 ], [ 258417.047994942520745, 7037465.020210816524923 ], [ 258417.047994942520745, 7037460.017020227387547 ], [ 258412.044804352568462, 7037460.017020227387547 ], [ 258412.044804352568462, 7037450.010639047250152 ], [ 258407.04161376261618, 7037450.010639047250152 ], [ 258407.04161376261618, 7037455.01382963731885 ], [ 258392.032041992759332, 7037455.01382963731885 ], [ 258392.032041992759332, 7037460.017020227387547 ], [ 258387.028851402836153, 7037460.017020227387547 ], [ 258387.028851402836153, 7037455.01382963731885 ], [ 258382.025660812883871, 7037455.01382963731885 ], [ 258382.025660812883871, 7037450.010639047250152 ], [ 258387.028851402836153, 7037450.010639047250152 ], [ 258387.028851402836153, 7037440.004257867112756 ], [ 258382.025660812883871, 7037440.004257867112756 ], [ 258382.025660812883871, 7037435.001067277044058 ], [ 258372.019279632979305, 7037435.001067277044058 ], [ 258372.019279632979305, 7037440.004257867112756 ], [ 258367.016089043027023, 7037440.004257867112756 ], [ 258367.016089043027023, 7037445.007448457181454 ], [ 258362.012898453103844, 7037445.007448457181454 ], [ 258362.012898453103844, 7037450.010639047250152 ], [ 258326.99056432346697, 7037450.010639047250152 ], [ 258326.99056432346697, 7037455.01382963731885 ], [ 258321.987373733514687, 7037455.01382963731885 ], [ 258321.987373733514687, 7037460.017020227387547 ], [ 258316.984183143562404, 7037460.017020227387547 ], [ 258316.984183143562404, 7037465.020210816524923 ], [ 258321.987373733514687, 7037465.020210816524923 ], [ 258321.987373733514687, 7037475.026591996662319 ], [ 258311.980992553610122, 7037475.026591996662319 ], [ 258311.980992553610122, 7037480.029782586731017 ], [ 258301.97461137373466, 7037480.029782586731017 ], [ 258301.97461137373466, 7037485.032973176799715 ], [ 258296.971420783782378, 7037485.032973176799715 ], [ 258296.971420783782378, 7037490.036163766868412 ], [ 258291.968230193830095, 7037490.036163766868412 ], [ 258291.968230193830095, 7037495.03935435693711 ], [ 258281.96184901392553, 7037495.03935435693711 ], [ 258281.96184901392553, 7037500.042544947005808 ], [ 258271.955467834050069, 7037500.042544947005808 ], [ 258271.955467834050069, 7037505.045735536143184 ], [ 258256.945896064193221, 7037505.045735536143184 ], [ 258256.945896064193221, 7037510.048926126211882 ], [ 258246.939514884317759, 7037510.048926126211882 ], [ 258246.939514884317759, 7037515.05211671628058 ], [ 258231.929943114460912, 7037515.05211671628058 ], [ 258231.929943114460912, 7037520.055307306349277 ], [ 258211.917180754680885, 7037520.055307306349277 ], [ 258211.917180754680885, 7037525.058497896417975 ], [ 258181.898037214996293, 7037525.058497896417975 ], [ 258181.898037214996293, 7037530.061688486486673 ], [ 258171.891656035091728, 7037530.061688486486673 ], [ 258171.891656035091728, 7037535.064879076555371 ], [ 258146.875703085359419, 7037535.064879076555371 ], [ 258146.875703085359419, 7037540.068069665692747 ], [ 258131.866131315531675, 7037540.068069665692747 ], [ 258131.866131315531675, 7037535.064879076555371 ], [ 258096.8437971858948, 7037535.064879076555371 ], [ 258096.8437971858948, 7037530.061688486486673 ], [ 258081.834225416067056, 7037530.061688486486673 ], [ 258081.834225416067056, 7037525.058497896417975 ], [ 257981.770413617108716, 7037525.058497896417975 ], [ 257981.770413617108716, 7037530.061688486486673 ], [ 257966.760841847280972, 7037530.061688486486673 ], [ 257966.760841847280972, 7037525.058497896417975 ], [ 257941.744888897548662, 7037525.058497896417975 ], [ 257941.744888897548662, 7037520.055307306349277 ], [ 257931.738507717644097, 7037520.055307306349277 ], [ 257931.738507717644097, 7037515.05211671628058 ], [ 257891.712982998084044, 7037515.05211671628058 ], [ 257891.712982998084044, 7037520.055307306349277 ], [ 257886.709792408131761, 7037520.055307306349277 ], [ 257886.709792408131761, 7037515.05211671628058 ], [ 257866.697030048351735, 7037515.05211671628058 ], [ 257866.697030048351735, 7037510.048926126211882 ], [ 257851.687458278494887, 7037510.048926126211882 ], [ 257851.687458278494887, 7037505.045735536143184 ], [ 257841.681077098590322, 7037505.045735536143184 ], [ 257841.681077098590322, 7037500.042544947005808 ], [ 257831.67469591871486, 7037500.042544947005808 ], [ 257831.67469591871486, 7037495.03935435693711 ], [ 257806.658742968982551, 7037495.03935435693711 ], [ 257806.658742968982551, 7037490.036163766868412 ], [ 257791.649171199125703, 7037490.036163766868412 ], [ 257791.649171199125703, 7037485.032973176799715 ], [ 257776.639599429297959, 7037485.032973176799715 ], [ 257776.639599429297959, 7037480.029782586731017 ], [ 257771.636408839345677, 7037480.029782586731017 ], [ 257771.636408839345677, 7037485.032973176799715 ], [ 257761.630027659441112, 7037485.032973176799715 ], [ 257761.630027659441112, 7037480.029782586731017 ], [ 257741.617265299661085, 7037480.029782586731017 ], [ 257741.617265299661085, 7037475.026591996662319 ], [ 257726.607693529833341, 7037475.026591996662319 ], [ 257726.607693529833341, 7037470.023401406593621 ], [ 257711.598121759976493, 7037470.023401406593621 ], [ 257711.598121759976493, 7037465.020210816524923 ], [ 257706.594931170024211, 7037465.020210816524923 ], [ 257706.594931170024211, 7037460.017020227387547 ], [ 257701.591740580101032, 7037460.017020227387547 ], [ 257701.591740580101032, 7037455.01382963731885 ], [ 257661.566215860511875, 7037455.01382963731885 ], [ 257661.566215860511875, 7037460.017020227387547 ], [ 257656.563025270559592, 7037460.017020227387547 ], [ 257656.563025270559592, 7037455.01382963731885 ], [ 257646.556644090684131, 7037455.01382963731885 ], [ 257646.556644090684131, 7037460.017020227387547 ], [ 257641.553453500731848, 7037460.017020227387547 ], [ 257641.553453500731848, 7037470.023401406593621 ], [ 257636.550262910779566, 7037470.023401406593621 ], [ 257636.550262910779566, 7037475.026591996662319 ], [ 257621.540691140922718, 7037475.026591996662319 ], [ 257621.540691140922718, 7037480.029782586731017 ], [ 257591.52154760126723, 7037480.029782586731017 ], [ 257591.52154760126723, 7037485.032973176799715 ], [ 257581.515166421362665, 7037485.032973176799715 ], [ 257581.515166421362665, 7037480.029782586731017 ], [ 257566.505594651505817, 7037480.029782586731017 ], [ 257566.505594651505817, 7037465.020210816524923 ], [ 257571.508785241458099, 7037465.020210816524923 ], [ 257571.508785241458099, 7037455.01382963731885 ], [ 257576.511975831410382, 7037455.01382963731885 ], [ 257576.511975831410382, 7037429.99787668697536 ], [ 257571.508785241458099, 7037429.99787668697536 ], [ 257571.508785241458099, 7037419.991495507769287 ], [ 257566.505594651505817, 7037419.991495507769287 ], [ 257566.505594651505817, 7037414.988304917700589 ], [ 257561.502404061582638, 7037414.988304917700589 ], [ 257561.502404061582638, 7037399.978733147494495 ], [ 257556.499213471630355, 7037399.978733147494495 ], [ 257556.499213471630355, 7037394.975542557425797 ], [ 257551.496022881678073, 7037394.975542557425797 ], [ 257551.496022881678073, 7037389.972351967357099 ], [ 257531.483260521898046, 7037389.972351967357099 ], [ 257531.483260521898046, 7037379.965970788151026 ], [ 257526.480069931945764, 7037379.965970788151026 ], [ 257526.480069931945764, 7037374.962780198082328 ], [ 257521.476879341993481, 7037374.962780198082328 ], [ 257521.476879341993481, 7037369.95958960801363 ], [ 257501.464116982213454, 7037369.95958960801363 ], [ 257501.464116982213454, 7037364.956399017944932 ], [ 257486.454545212356606, 7037364.956399017944932 ], [ 257486.454545212356606, 7037359.953208427876234 ], [ 257481.451354622433428, 7037359.953208427876234 ], [ 257481.451354622433428, 7037354.950017837807536 ], [ 257451.432211082748836, 7037354.950017837807536 ], [ 257451.432211082748836, 7037349.946827247738838 ], [ 257441.425829902844271, 7037349.946827247738838 ], [ 257441.425829902844271, 7037344.943636658601463 ], [ 257411.406686363159679, 7037344.943636658601463 ], [ 257411.406686363159679, 7037339.940446068532765 ], [ 257401.400305183255114, 7037339.940446068532765 ], [ 257401.400305183255114, 7037334.937255478464067 ], [ 257391.393924003379652, 7037334.937255478464067 ], [ 257391.393924003379652, 7037329.934064888395369 ], [ 257386.39073341342737, 7037329.934064888395369 ], [ 257386.39073341342737, 7037324.930874298326671 ], [ 257371.381161643599626, 7037324.930874298326671 ], [ 257371.381161643599626, 7037319.927683708257973 ], [ 257366.377971053647343, 7037319.927683708257973 ], [ 257366.377971053647343, 7037314.924493118189275 ], [ 257361.37478046369506, 7037314.924493118189275 ], [ 257361.37478046369506, 7037304.918111938983202 ], [ 257356.371589873742778, 7037304.918111938983202 ], [ 257356.371589873742778, 7037299.914921348914504 ], [ 257351.368399283790495, 7037299.914921348914504 ], [ 257351.368399283790495, 7037294.911730758845806 ], [ 257346.365208693838213, 7037294.911730758845806 ], [ 257346.365208693838213, 7037289.908540168777108 ], [ 257336.358827513962751, 7037289.908540168777108 ], [ 257336.358827513962751, 7037284.90534957870841 ], [ 257331.355636924010469, 7037284.90534957870841 ], [ 257331.355636924010469, 7037279.902158988639712 ], [ 257326.352446334058186, 7037279.902158988639712 ], [ 257326.352446334058186, 7037274.898968398571014 ], [ 257321.349255744105903, 7037274.898968398571014 ], [ 257321.349255744105903, 7037239.876634269021451 ], [ 257326.352446334058186, 7037239.876634269021451 ], [ 257326.352446334058186, 7037234.873443678952754 ], [ 257321.349255744105903, 7037234.873443678952754 ], [ 257321.349255744105903, 7037224.86706249974668 ], [ 257311.342874564230442, 7037224.86706249974668 ], [ 257311.342874564230442, 7037219.863871909677982 ], [ 257306.339683974278159, 7037219.863871909677982 ], [ 257306.339683974278159, 7037214.860681319609284 ], [ 257301.336493384325877, 7037214.860681319609284 ], [ 257301.336493384325877, 7037209.857490729540586 ], [ 257291.330112204421312, 7037209.857490729540586 ], [ 257291.330112204421312, 7037204.854300139471889 ], [ 257286.326921614498133, 7037204.854300139471889 ], [ 257286.326921614498133, 7037199.851109549403191 ], [ 257281.32373102454585, 7037199.851109549403191 ], [ 257281.32373102454585, 7037194.847918959334493 ], [ 257266.314159254689002, 7037194.847918959334493 ], [ 257266.314159254689002, 7037189.844728370197117 ], [ 257256.307778074813541, 7037189.844728370197117 ], [ 257256.307778074813541, 7037184.841537780128419 ], [ 257241.298206304956693, 7037184.841537780128419 ], [ 257241.298206304956693, 7037179.838347190059721 ], [ 257226.288634535128949, 7037179.838347190059721 ], [ 257226.288634535128949, 7037184.841537780128419 ], [ 257221.285443945176667, 7037184.841537780128419 ], [ 257221.285443945176667, 7037189.844728370197117 ], [ 257216.282253355224384, 7037189.844728370197117 ], [ 257216.282253355224384, 7037194.847918959334493 ], [ 257201.27268158539664, 7037194.847918959334493 ], [ 257201.27268158539664, 7037204.854300139471889 ], [ 257196.269490995444357, 7037204.854300139471889 ], [ 257196.269490995444357, 7037209.857490729540586 ], [ 257191.266300405492075, 7037209.857490729540586 ], [ 257191.266300405492075, 7037214.860681319609284 ], [ 257181.25991922558751, 7037214.860681319609284 ], [ 257181.25991922558751, 7037224.86706249974668 ], [ 257171.253538045712048, 7037224.86706249974668 ], [ 257171.253538045712048, 7037229.870253089815378 ], [ 257166.250347455759766, 7037229.870253089815378 ], [ 257166.250347455759766, 7037239.876634269021451 ], [ 257171.253538045712048, 7037239.876634269021451 ], [ 257171.253538045712048, 7037244.879824859090149 ], [ 257176.256728635664331, 7037244.879824859090149 ], [ 257176.256728635664331, 7037249.883015449158847 ], [ 257186.263109815539792, 7037249.883015449158847 ], [ 257186.263109815539792, 7037254.886206039227545 ], [ 257191.266300405492075, 7037254.886206039227545 ], [ 257191.266300405492075, 7037269.895777809433639 ], [ 257196.269490995444357, 7037269.895777809433639 ], [ 257196.269490995444357, 7037304.918111938983202 ], [ 257201.27268158539664, 7037304.918111938983202 ], [ 257201.27268158539664, 7037309.921302528120577 ], [ 257206.275872175348923, 7037309.921302528120577 ], [ 257206.275872175348923, 7037314.924493118189275 ], [ 257211.279062765272101, 7037314.924493118189275 ], [ 257211.279062765272101, 7037319.927683708257973 ], [ 257216.282253355224384, 7037319.927683708257973 ], [ 257216.282253355224384, 7037324.930874298326671 ], [ 257231.291825125081232, 7037324.930874298326671 ], [ 257231.291825125081232, 7037329.934064888395369 ], [ 257236.295015715004411, 7037329.934064888395369 ], [ 257236.295015715004411, 7037334.937255478464067 ], [ 257246.301396894908976, 7037334.937255478464067 ], [ 257246.301396894908976, 7037344.943636658601463 ], [ 257251.304587484861258, 7037344.943636658601463 ], [ 257251.304587484861258, 7037354.950017837807536 ], [ 257256.307778074813541, 7037354.950017837807536 ], [ 257256.307778074813541, 7037359.953208427876234 ], [ 257261.310968664765824, 7037359.953208427876234 ], [ 257261.310968664765824, 7037369.95958960801363 ], [ 257266.314159254689002, 7037369.95958960801363 ], [ 257266.314159254689002, 7037379.965970788151026 ], [ 257271.317349844641285, 7037379.965970788151026 ], [ 257271.317349844641285, 7037384.969161378219724 ], [ 257276.320540434593568, 7037384.969161378219724 ], [ 257276.320540434593568, 7037394.975542557425797 ], [ 257281.32373102454585, 7037394.975542557425797 ], [ 257281.32373102454585, 7037409.985114327631891 ], [ 257286.326921614498133, 7037409.985114327631891 ], [ 257286.326921614498133, 7037414.988304917700589 ], [ 257291.330112204421312, 7037414.988304917700589 ], [ 257291.330112204421312, 7037419.991495507769287 ], [ 257296.333302794373594, 7037419.991495507769287 ], [ 257296.333302794373594, 7037424.994686096906662 ], [ 257306.339683974278159, 7037424.994686096906662 ], [ 257306.339683974278159, 7037429.99787668697536 ], [ 257321.349255744105903, 7037429.99787668697536 ], [ 257321.349255744105903, 7037435.001067277044058 ], [ 257326.352446334058186, 7037435.001067277044058 ], [ 257326.352446334058186, 7037440.004257867112756 ], [ 257336.358827513962751, 7037440.004257867112756 ], [ 257336.358827513962751, 7037445.007448457181454 ], [ 257346.365208693838213, 7037445.007448457181454 ], [ 257346.365208693838213, 7037450.010639047250152 ], [ 257356.371589873742778, 7037450.010639047250152 ], [ 257356.371589873742778, 7037455.01382963731885 ], [ 257386.39073341342737, 7037455.01382963731885 ], [ 257386.39073341342737, 7037460.017020227387547 ], [ 257401.400305183255114, 7037460.017020227387547 ], [ 257401.400305183255114, 7037465.020210816524923 ], [ 257411.406686363159679, 7037465.020210816524923 ], [ 257411.406686363159679, 7037470.023401406593621 ], [ 257421.413067543064244, 7037470.023401406593621 ], [ 257421.413067543064244, 7037475.026591996662319 ], [ 257436.422639312891988, 7037475.026591996662319 ], [ 257436.422639312891988, 7037480.029782586731017 ], [ 257446.429020492796553, 7037480.029782586731017 ], [ 257446.429020492796553, 7037485.032973176799715 ], [ 257461.438592262624297, 7037485.032973176799715 ], [ 257461.438592262624297, 7037490.036163766868412 ], [ 257506.467307572165737, 7037490.036163766868412 ], [ 257506.467307572165737, 7037485.032973176799715 ], [ 257526.480069931945764, 7037485.032973176799715 ], [ 257526.480069931945764, 7037490.036163766868412 ], [ 257561.502404061582638, 7037490.036163766868412 ], [ 257561.502404061582638, 7037485.032973176799715 ], [ 257566.505594651505817, 7037485.032973176799715 ], [ 257566.505594651505817, 7037505.045735536143184 ], [ 257571.508785241458099, 7037505.045735536143184 ], [ 257571.508785241458099, 7037510.048926126211882 ], [ 257581.515166421362665, 7037510.048926126211882 ], [ 257581.515166421362665, 7037515.05211671628058 ], [ 257586.518357011314947, 7037515.05211671628058 ], [ 257586.518357011314947, 7037520.055307306349277 ], [ 257596.524738191190409, 7037520.055307306349277 ], [ 257596.524738191190409, 7037525.058497896417975 ], [ 257601.527928781142691, 7037525.058497896417975 ], [ 257601.527928781142691, 7037530.061688486486673 ], [ 257611.534309961047256, 7037530.061688486486673 ], [ 257611.534309961047256, 7037535.064879076555371 ], [ 257616.537500550999539, 7037535.064879076555371 ], [ 257616.537500550999539, 7037540.068069665692747 ], [ 257621.540691140922718, 7037540.068069665692747 ], [ 257621.540691140922718, 7037550.074450845830142 ], [ 257626.543881730875, 7037550.074450845830142 ], [ 257626.543881730875, 7037555.07764143589884 ], [ 257631.547072320827283, 7037555.07764143589884 ], [ 257631.547072320827283, 7037560.080832025967538 ], [ 257636.550262910779566, 7037560.080832025967538 ], [ 257636.550262910779566, 7037565.084022616036236 ], [ 257641.553453500731848, 7037565.084022616036236 ], [ 257641.553453500731848, 7037585.096784975379705 ], [ 257636.550262910779566, 7037585.096784975379705 ], [ 257636.550262910779566, 7037600.106356745585799 ], [ 257631.547072320827283, 7037600.106356745585799 ], [ 257631.547072320827283, 7037610.112737925723195 ], [ 257626.543881730875, 7037610.112737925723195 ], [ 257626.543881730875, 7037605.109547335654497 ], [ 257616.537500550999539, 7037605.109547335654497 ], [ 257616.537500550999539, 7037610.112737925723195 ], [ 257611.534309961047256, 7037610.112737925723195 ], [ 257611.534309961047256, 7037625.122309694997966 ], [ 257606.531119371094974, 7037625.122309694997966 ], [ 257606.531119371094974, 7037630.125500285066664 ], [ 257591.52154760126723, 7037630.125500285066664 ], [ 257591.52154760126723, 7037620.119119104929268 ], [ 257586.518357011314947, 7037620.119119104929268 ], [ 257586.518357011314947, 7037610.112737925723195 ], [ 257581.515166421362665, 7037610.112737925723195 ], [ 257581.515166421362665, 7037605.109547335654497 ], [ 257576.511975831410382, 7037605.109547335654497 ], [ 257576.511975831410382, 7037610.112737925723195 ], [ 257571.508785241458099, 7037610.112737925723195 ], [ 257571.508785241458099, 7037625.122309694997966 ], [ 257566.505594651505817, 7037625.122309694997966 ], [ 257566.505594651505817, 7037645.135072055272758 ], [ 257561.502404061582638, 7037645.135072055272758 ], [ 257561.502404061582638, 7037650.138262645341456 ], [ 257556.499213471630355, 7037650.138262645341456 ], [ 257556.499213471630355, 7037655.141453234478831 ], [ 257546.49283229172579, 7037655.141453234478831 ], [ 257546.49283229172579, 7037660.144643824547529 ], [ 257526.480069931945764, 7037660.144643824547529 ], [ 257526.480069931945764, 7037655.141453234478831 ], [ 257511.470498162088916, 7037655.141453234478831 ], [ 257511.470498162088916, 7037660.144643824547529 ], [ 257506.467307572165737, 7037660.144643824547529 ], [ 257506.467307572165737, 7037665.147834414616227 ], [ 257476.448164032481145, 7037665.147834414616227 ], [ 257476.448164032481145, 7037660.144643824547529 ], [ 257466.44178285257658, 7037660.144643824547529 ], [ 257466.44178285257658, 7037655.141453234478831 ], [ 257456.435401672672015, 7037655.141453234478831 ], [ 257456.435401672672015, 7037660.144643824547529 ], [ 257451.432211082748836, 7037660.144643824547529 ], [ 257451.432211082748836, 7037665.147834414616227 ], [ 257436.422639312891988, 7037665.147834414616227 ], [ 257436.422639312891988, 7037670.151025004684925 ], [ 257401.400305183255114, 7037670.151025004684925 ], [ 257401.400305183255114, 7037665.147834414616227 ], [ 257391.393924003379652, 7037665.147834414616227 ], [ 257391.393924003379652, 7037660.144643824547529 ], [ 257381.387542823475087, 7037660.144643824547529 ], [ 257381.387542823475087, 7037640.13188146520406 ], [ 257371.381161643599626, 7037640.13188146520406 ], [ 257371.381161643599626, 7037645.135072055272758 ], [ 257346.365208693838213, 7037645.135072055272758 ], [ 257346.365208693838213, 7037650.138262645341456 ], [ 257316.346065154182725, 7037650.138262645341456 ], [ 257316.346065154182725, 7037645.135072055272758 ], [ 257306.339683974278159, 7037645.135072055272758 ], [ 257306.339683974278159, 7037650.138262645341456 ], [ 257291.330112204421312, 7037650.138262645341456 ], [ 257291.330112204421312, 7037655.141453234478831 ], [ 257271.317349844641285, 7037655.141453234478831 ], [ 257271.317349844641285, 7037650.138262645341456 ], [ 257256.307778074813541, 7037650.138262645341456 ], [ 257256.307778074813541, 7037655.141453234478831 ], [ 257206.275872175348923, 7037655.141453234478831 ], [ 257206.275872175348923, 7037660.144643824547529 ], [ 257146.237585095979739, 7037660.144643824547529 ], [ 257146.237585095979739, 7037665.147834414616227 ], [ 257131.228013326122891, 7037665.147834414616227 ], [ 257131.228013326122891, 7037670.151025004684925 ], [ 257126.224822736170609, 7037670.151025004684925 ], [ 257126.224822736170609, 7037675.154215594753623 ], [ 257131.228013326122891, 7037675.154215594753623 ], [ 257131.228013326122891, 7037680.157406184822321 ], [ 257141.234394506027456, 7037680.157406184822321 ], [ 257141.234394506027456, 7037675.154215594753623 ], [ 257166.250347455759766, 7037675.154215594753623 ], [ 257166.250347455759766, 7037680.157406184822321 ], [ 257176.256728635664331, 7037680.157406184822321 ], [ 257176.256728635664331, 7037675.154215594753623 ], [ 257216.282253355224384, 7037675.154215594753623 ], [ 257216.282253355224384, 7037670.151025004684925 ], [ 257251.304587484861258, 7037670.151025004684925 ], [ 257251.304587484861258, 7037665.147834414616227 ], [ 257276.320540434593568, 7037665.147834414616227 ], [ 257276.320540434593568, 7037670.151025004684925 ], [ 257296.333302794373594, 7037670.151025004684925 ], [ 257296.333302794373594, 7037665.147834414616227 ], [ 257316.346065154182725, 7037665.147834414616227 ], [ 257316.346065154182725, 7037670.151025004684925 ], [ 257361.37478046369506, 7037670.151025004684925 ], [ 257361.37478046369506, 7037675.154215594753623 ], [ 257371.381161643599626, 7037675.154215594753623 ], [ 257371.381161643599626, 7037680.157406184822321 ], [ 257381.387542823475087, 7037680.157406184822321 ], [ 257381.387542823475087, 7037685.160596774891019 ], [ 257401.400305183255114, 7037685.160596774891019 ], [ 257401.400305183255114, 7037690.163787364959717 ], [ 257441.425829902844271, 7037690.163787364959717 ], [ 257441.425829902844271, 7037685.160596774891019 ], [ 257466.44178285257658, 7037685.160596774891019 ], [ 257466.44178285257658, 7037690.163787364959717 ], [ 257486.454545212356606, 7037690.163787364959717 ], [ 257486.454545212356606, 7037695.166977954097092 ], [ 257526.480069931945764, 7037695.166977954097092 ], [ 257526.480069931945764, 7037690.163787364959717 ], [ 257566.505594651505817, 7037690.163787364959717 ], [ 257566.505594651505817, 7037685.160596774891019 ], [ 257576.511975831410382, 7037685.160596774891019 ], [ 257576.511975831410382, 7037680.157406184822321 ], [ 257581.515166421362665, 7037680.157406184822321 ], [ 257581.515166421362665, 7037675.154215594753623 ], [ 257626.543881730875, 7037675.154215594753623 ], [ 257626.543881730875, 7037680.157406184822321 ], [ 257716.601312349928776, 7037680.157406184822321 ], [ 257716.601312349928776, 7037685.160596774891019 ], [ 257721.604502939881058, 7037685.160596774891019 ], [ 257721.604502939881058, 7037690.163787364959717 ], [ 257731.61088411975652, 7037690.163787364959717 ], [ 257731.61088411975652, 7037700.17016854416579 ], [ 257736.614074709708802, 7037700.17016854416579 ], [ 257736.614074709708802, 7037710.176549724303186 ], [ 257741.617265299661085, 7037710.176549724303186 ], [ 257741.617265299661085, 7037715.179740314371884 ], [ 257746.620455889613368, 7037715.179740314371884 ], [ 257746.620455889613368, 7037720.182930904440582 ], [ 257751.62364647956565, 7037720.182930904440582 ], [ 257751.62364647956565, 7037725.18612149450928 ], [ 257736.614074709708802, 7037725.18612149450928 ], [ 257736.614074709708802, 7037720.182930904440582 ], [ 257731.61088411975652, 7037720.182930904440582 ], [ 257731.61088411975652, 7037715.179740314371884 ], [ 257721.604502939881058, 7037715.179740314371884 ], [ 257721.604502939881058, 7037710.176549724303186 ], [ 257716.601312349928776, 7037710.176549724303186 ], [ 257716.601312349928776, 7037705.173359134234488 ], [ 257701.591740580101032, 7037705.173359134234488 ], [ 257701.591740580101032, 7037700.17016854416579 ], [ 257691.585359400196467, 7037700.17016854416579 ], [ 257691.585359400196467, 7037705.173359134234488 ], [ 257686.582168810244184, 7037705.173359134234488 ], [ 257686.582168810244184, 7037710.176549724303186 ], [ 257691.585359400196467, 7037710.176549724303186 ], [ 257691.585359400196467, 7037725.18612149450928 ], [ 257696.588549990148749, 7037725.18612149450928 ], [ 257696.588549990148749, 7037730.189312084577978 ], [ 257701.591740580101032, 7037730.189312084577978 ], [ 257701.591740580101032, 7037740.195693263784051 ], [ 257711.598121759976493, 7037740.195693263784051 ], [ 257711.598121759976493, 7037750.202074443921447 ], [ 257716.601312349928776, 7037750.202074443921447 ], [ 257716.601312349928776, 7037765.211646214127541 ], [ 257721.604502939881058, 7037765.211646214127541 ], [ 257721.604502939881058, 7037770.214836803264916 ], [ 257726.607693529833341, 7037770.214836803264916 ], [ 257726.607693529833341, 7037775.218027393333614 ], [ 257731.61088411975652, 7037775.218027393333614 ], [ 257731.61088411975652, 7037780.221217983402312 ], [ 257736.614074709708802, 7037780.221217983402312 ], [ 257736.614074709708802, 7037785.22440857347101 ], [ 257741.617265299661085, 7037785.22440857347101 ], [ 257741.617265299661085, 7037790.227599163539708 ], [ 257746.620455889613368, 7037790.227599163539708 ], [ 257746.620455889613368, 7037795.230789753608406 ], [ 257751.62364647956565, 7037795.230789753608406 ], [ 257751.62364647956565, 7037805.237170933745801 ], [ 257756.626837069517933, 7037805.237170933745801 ], [ 257756.626837069517933, 7037815.243552112951875 ], [ 257761.630027659441112, 7037815.243552112951875 ], [ 257761.630027659441112, 7037825.249933293089271 ], [ 257791.649171199125703, 7037825.249933293089271 ], [ 257791.649171199125703, 7037830.253123883157969 ], [ 257796.652361789077986, 7037830.253123883157969 ], [ 257796.652361789077986, 7037835.256314473226666 ], [ 257826.671505328762578, 7037835.256314473226666 ], [ 257826.671505328762578, 7037830.253123883157969 ], [ 257841.681077098590322, 7037830.253123883157969 ], [ 257841.681077098590322, 7037825.249933293089271 ], [ 257851.687458278494887, 7037825.249933293089271 ], [ 257851.687458278494887, 7037830.253123883157969 ], [ 257861.693839458399452, 7037830.253123883157969 ], [ 257861.693839458399452, 7037840.259505063295364 ], [ 257866.697030048351735, 7037840.259505063295364 ], [ 257866.697030048351735, 7037860.272267422638834 ], [ 257871.700220638274914, 7037860.272267422638834 ], [ 257871.700220638274914, 7037880.285029782913625 ], [ 257866.697030048351735, 7037880.285029782913625 ], [ 257866.697030048351735, 7037885.288220372051001 ], [ 257861.693839458399452, 7037885.288220372051001 ], [ 257861.693839458399452, 7037890.291410962119699 ], [ 257841.681077098590322, 7037890.291410962119699 ], [ 257841.681077098590322, 7037895.294601552188396 ], [ 257786.645980609173421, 7037895.294601552188396 ], [ 257786.645980609173421, 7037900.297792142257094 ], [ 257781.642790019250242, 7037900.297792142257094 ], [ 257781.642790019250242, 7037915.307363912463188 ], [ 257791.649171199125703, 7037915.307363912463188 ], [ 257791.649171199125703, 7037920.310554502531886 ], [ 257796.652361789077986, 7037920.310554502531886 ], [ 257796.652361789077986, 7037925.313745091669261 ], [ 257801.655552379030269, 7037925.313745091669261 ], [ 257801.655552379030269, 7037930.316935681737959 ], [ 257806.658742968982551, 7037930.316935681737959 ], [ 257806.658742968982551, 7037935.320126271806657 ], [ 257816.665124148858013, 7037935.320126271806657 ], [ 257816.665124148858013, 7037940.323316861875355 ], [ 257821.668314738810295, 7037940.323316861875355 ], [ 257821.668314738810295, 7037945.326507451944053 ], [ 257831.67469591871486, 7037945.326507451944053 ], [ 257831.67469591871486, 7037950.329698042012751 ], [ 257851.687458278494887, 7037950.329698042012751 ], [ 257851.687458278494887, 7037955.332888632081449 ], [ 257866.697030048351735, 7037955.332888632081449 ], [ 257866.697030048351735, 7037960.336079221218824 ], [ 257881.706601818179479, 7037960.336079221218824 ], [ 257881.706601818179479, 7037965.339269811287522 ], [ 257886.709792408131761, 7037965.339269811287522 ], [ 257886.709792408131761, 7037970.34246040135622 ], [ 257891.712982998084044, 7037970.34246040135622 ], [ 257891.712982998084044, 7037980.348841581493616 ], [ 257896.716173588007223, 7037980.348841581493616 ], [ 257896.716173588007223, 7038045.390319250524044 ], [ 257911.725745357864071, 7038045.390319250524044 ], [ 257911.725745357864071, 7038050.393509840592742 ], [ 257936.74169830759638, 7038050.393509840592742 ], [ 257936.74169830759638, 7038055.39670043066144 ], [ 257951.751270077424124, 7038055.39670043066144 ], [ 257951.751270077424124, 7038060.399891020730138 ], [ 257961.757651257328689, 7038060.399891020730138 ], [ 257961.757651257328689, 7038065.403081610798836 ], [ 257971.764032437233254, 7038065.403081610798836 ], [ 257971.764032437233254, 7038070.406272200867534 ], [ 257986.773604207060998, 7038070.406272200867534 ], [ 257986.773604207060998, 7038075.409462790004909 ], [ 257991.776794797013281, 7038075.409462790004909 ], [ 257991.776794797013281, 7038080.412653380073607 ], [ 257996.779985386965564, 7038080.412653380073607 ], [ 257996.779985386965564, 7038095.422225150279701 ], [ 257991.776794797013281, 7038095.422225150279701 ], [ 257991.776794797013281, 7038110.431796920485795 ], [ 257986.773604207060998, 7038110.431796920485795 ], [ 257986.773604207060998, 7038125.441368689760566 ], [ 257981.770413617108716, 7038125.441368689760566 ], [ 257981.770413617108716, 7038135.447749869897962 ], [ 257976.767223027185537, 7038135.447749869897962 ], [ 257976.767223027185537, 7038145.454131050035357 ], [ 257971.764032437233254, 7038145.454131050035357 ], [ 257971.764032437233254, 7038150.457321640104055 ], [ 257966.760841847280972, 7038150.457321640104055 ], [ 257966.760841847280972, 7038160.463702819310129 ], [ 257961.757651257328689, 7038160.463702819310129 ], [ 257961.757651257328689, 7038165.466893409378827 ], [ 257956.754460667376406, 7038165.466893409378827 ], [ 257956.754460667376406, 7038175.473274589516222 ], [ 257951.751270077424124, 7038175.473274589516222 ], [ 257951.751270077424124, 7038180.47646517958492 ], [ 257981.770413617108716, 7038180.47646517958492 ], [ 257981.770413617108716, 7038175.473274589516222 ], [ 257996.779985386965564, 7038175.473274589516222 ], [ 257996.779985386965564, 7038170.470083999447525 ], [ 258006.786366566841025, 7038170.470083999447525 ], [ 258006.786366566841025, 7038165.466893409378827 ], [ 258021.795938336697873, 7038165.466893409378827 ], [ 258021.795938336697873, 7038160.463702819310129 ], [ 258061.821463056257926, 7038160.463702819310129 ], [ 258061.821463056257926, 7038165.466893409378827 ], [ 258081.834225416067056, 7038165.466893409378827 ], [ 258081.834225416067056, 7038160.463702819310129 ], [ 258096.8437971858948, 7038160.463702819310129 ], [ 258096.8437971858948, 7038165.466893409378827 ], [ 258176.894846625044011, 7038165.466893409378827 ], [ 258176.894846625044011, 7038170.470083999447525 ], [ 258191.904418394900858, 7038170.470083999447525 ], [ 258191.904418394900858, 7038175.473274589516222 ], [ 258206.913990164728602, 7038175.473274589516222 ], [ 258206.913990164728602, 7038180.47646517958492 ], [ 258201.91079957477632, 7038180.47646517958492 ], [ 258201.91079957477632, 7038195.486036948859692 ], [ 258206.913990164728602, 7038195.486036948859692 ], [ 258206.913990164728602, 7038200.48922753892839 ], [ 258226.926752524508629, 7038200.48922753892839 ], [ 258226.926752524508629, 7038205.492418128997087 ], [ 258236.933133704413194, 7038205.492418128997087 ], [ 258236.933133704413194, 7038210.495608719065785 ], [ 258246.939514884317759, 7038210.495608719065785 ], [ 258246.939514884317759, 7038215.498799309134483 ], [ 258256.945896064193221, 7038215.498799309134483 ], [ 258256.945896064193221, 7038220.501989899203181 ], [ 258261.949086654145503, 7038220.501989899203181 ], [ 258261.949086654145503, 7038225.505180489271879 ], [ 258271.955467834050069, 7038225.505180489271879 ], [ 258271.955467834050069, 7038230.508371078409255 ], [ 258276.958658424002351, 7038230.508371078409255 ], [ 258276.958658424002351, 7038240.51475225854665 ], [ 258286.965039603877813, 7038240.51475225854665 ], [ 258286.965039603877813, 7038245.517942848615348 ], [ 258291.968230193830095, 7038245.517942848615348 ], [ 258291.968230193830095, 7038255.524324028752744 ], [ 258296.971420783782378, 7038255.524324028752744 ], [ 258296.971420783782378, 7038265.53070520889014 ], [ 258301.97461137373466, 7038265.53070520889014 ], [ 258301.97461137373466, 7038270.533895798027515 ], [ 258296.971420783782378, 7038270.533895798027515 ], [ 258296.971420783782378, 7038275.537086388096213 ], [ 258291.968230193830095, 7038275.537086388096213 ], [ 258291.968230193830095, 7038280.540276978164911 ], [ 258236.933133704413194, 7038280.540276978164911 ], [ 258236.933133704413194, 7038285.543467568233609 ], [ 258226.926752524508629, 7038285.543467568233609 ], [ 258226.926752524508629, 7038290.546658158302307 ], [ 258221.92356193458545, 7038290.546658158302307 ], [ 258221.92356193458545, 7038295.549848748371005 ], [ 258241.936324294365477, 7038295.549848748371005 ], [ 258241.936324294365477, 7038300.553039338439703 ], [ 258256.945896064193221, 7038300.553039338439703 ], [ 258256.945896064193221, 7038305.556229927577078 ], [ 258261.949086654145503, 7038305.556229927577078 ], [ 258261.949086654145503, 7038310.559420517645776 ], [ 258271.955467834050069, 7038310.559420517645776 ], [ 258271.955467834050069, 7038315.562611107714474 ], [ 258316.984183143562404, 7038315.562611107714474 ], [ 258316.984183143562404, 7038320.565801697783172 ], [ 258321.987373733514687, 7038320.565801697783172 ], [ 258321.987373733514687, 7038325.56899228785187 ], [ 258331.993754913419252, 7038325.56899228785187 ], [ 258331.993754913419252, 7038320.565801697783172 ], [ 258347.003326683246996, 7038320.565801697783172 ], [ 258347.003326683246996, 7038325.56899228785187 ], [ 258362.012898453103844, 7038325.56899228785187 ], [ 258362.012898453103844, 7038320.565801697783172 ], [ 258377.022470222931588, 7038320.565801697783172 ], [ 258377.022470222931588, 7038325.56899228785187 ], [ 258407.04161376261618, 7038325.56899228785187 ], [ 258407.04161376261618, 7038330.572182877920568 ], [ 258417.047994942520745, 7038330.572182877920568 ], [ 258417.047994942520745, 7038325.56899228785187 ], [ 258442.063947892253054, 7038325.56899228785187 ], [ 258442.063947892253054, 7038330.572182877920568 ], [ 258452.070329072128516, 7038330.572182877920568 ], [ 258452.070329072128516, 7038325.56899228785187 ], [ 258462.076710252033081, 7038325.56899228785187 ], [ 258462.076710252033081, 7038335.575373467989266 ] ], [ [ 257821.668314738810295, 7038325.56899228785187 ], [ 257826.671505328762578, 7038325.56899228785187 ], [ 257826.671505328762578, 7038320.565801697783172 ], [ 257821.668314738810295, 7038320.565801697783172 ], [ 257821.668314738810295, 7038325.56899228785187 ] ], [ [ 257711.598121759976493, 7038295.549848748371005 ], [ 257731.61088411975652, 7038295.549848748371005 ], [ 257731.61088411975652, 7038290.546658158302307 ], [ 257726.607693529833341, 7038290.546658158302307 ], [ 257726.607693529833341, 7038285.543467568233609 ], [ 257721.604502939881058, 7038285.543467568233609 ], [ 257721.604502939881058, 7038280.540276978164911 ], [ 257716.601312349928776, 7038280.540276978164911 ], [ 257716.601312349928776, 7038285.543467568233609 ], [ 257711.598121759976493, 7038285.543467568233609 ], [ 257711.598121759976493, 7038295.549848748371005 ] ], [ [ 257171.253538045712048, 7038260.527514618821442 ], [ 257201.27268158539664, 7038260.527514618821442 ], [ 257201.27268158539664, 7038255.524324028752744 ], [ 257226.288634535128949, 7038255.524324028752744 ], [ 257226.288634535128949, 7038250.521133438684046 ], [ 257231.291825125081232, 7038250.521133438684046 ], [ 257231.291825125081232, 7038245.517942848615348 ], [ 257216.282253355224384, 7038245.517942848615348 ], [ 257216.282253355224384, 7038240.51475225854665 ], [ 257171.253538045712048, 7038240.51475225854665 ], [ 257171.253538045712048, 7038260.527514618821442 ] ], [ [ 257736.614074709708802, 7038150.457321640104055 ], [ 257741.617265299661085, 7038150.457321640104055 ], [ 257741.617265299661085, 7038145.454131050035357 ], [ 257746.620455889613368, 7038145.454131050035357 ], [ 257746.620455889613368, 7038135.447749869897962 ], [ 257706.594931170024211, 7038135.447749869897962 ], [ 257706.594931170024211, 7038140.45094045996666 ], [ 257726.607693529833341, 7038140.45094045996666 ], [ 257726.607693529833341, 7038145.454131050035357 ], [ 257736.614074709708802, 7038145.454131050035357 ], [ 257736.614074709708802, 7038150.457321640104055 ] ], [ [ 256420.77494955365546, 7037945.326507451944053 ], [ 256460.800474273244618, 7037945.326507451944053 ], [ 256460.800474273244618, 7037940.323316861875355 ], [ 256500.825998992804671, 7037940.323316861875355 ], [ 256500.825998992804671, 7037945.326507451944053 ], [ 256510.832380172709236, 7037945.326507451944053 ], [ 256510.832380172709236, 7037940.323316861875355 ], [ 256515.835570762661519, 7037940.323316861875355 ], [ 256515.835570762661519, 7037935.320126271806657 ], [ 256505.829189582756953, 7037935.320126271806657 ], [ 256505.829189582756953, 7037930.316935681737959 ], [ 256500.825998992804671, 7037930.316935681737959 ], [ 256500.825998992804671, 7037925.313745091669261 ], [ 256495.822808402852388, 7037925.313745091669261 ], [ 256495.822808402852388, 7037920.310554502531886 ], [ 256485.816427222976927, 7037920.310554502531886 ], [ 256485.816427222976927, 7037925.313745091669261 ], [ 256480.813236633024644, 7037925.313745091669261 ], [ 256480.813236633024644, 7037920.310554502531886 ], [ 256465.803664863167796, 7037920.310554502531886 ], [ 256465.803664863167796, 7037915.307363912463188 ], [ 256460.800474273244618, 7037915.307363912463188 ], [ 256460.800474273244618, 7037910.30417332239449 ], [ 256450.794093093340052, 7037910.30417332239449 ], [ 256450.794093093340052, 7037905.300982732325792 ], [ 256440.787711913435487, 7037905.300982732325792 ], [ 256440.787711913435487, 7037895.294601552188396 ], [ 256435.784521323512308, 7037895.294601552188396 ], [ 256435.784521323512308, 7037890.291410962119699 ], [ 256430.781330733560026, 7037890.291410962119699 ], [ 256430.781330733560026, 7037880.285029782913625 ], [ 256425.778140143607743, 7037880.285029782913625 ], [ 256425.778140143607743, 7037875.281839192844927 ], [ 256420.77494955365546, 7037875.281839192844927 ], [ 256420.77494955365546, 7037870.278648602776229 ], [ 256415.771758963703178, 7037870.278648602776229 ], [ 256415.771758963703178, 7037865.275458012707531 ], [ 256405.765377783827716, 7037865.275458012707531 ], [ 256405.765377783827716, 7037860.272267422638834 ], [ 256400.762187193875434, 7037860.272267422638834 ], [ 256400.762187193875434, 7037855.269076832570136 ], [ 256395.758996603923151, 7037855.269076832570136 ], [ 256395.758996603923151, 7037850.265886242501438 ], [ 256390.755806013970869, 7037850.265886242501438 ], [ 256390.755806013970869, 7037845.26269565243274 ], [ 256385.752615424018586, 7037845.26269565243274 ], [ 256385.752615424018586, 7037840.259505063295364 ], [ 256380.749424834095407, 7037840.259505063295364 ], [ 256380.749424834095407, 7037835.256314473226666 ], [ 256375.746234244143125, 7037835.256314473226666 ], [ 256375.746234244143125, 7037830.253123883157969 ], [ 256370.743043654190842, 7037830.253123883157969 ], [ 256370.743043654190842, 7037820.246742703020573 ], [ 256365.739853064238559, 7037820.246742703020573 ], [ 256365.739853064238559, 7037815.243552112951875 ], [ 256340.72390011450625, 7037815.243552112951875 ], [ 256340.72390011450625, 7037840.259505063295364 ], [ 256345.727090704458533, 7037840.259505063295364 ], [ 256345.727090704458533, 7037850.265886242501438 ], [ 256350.730281294410815, 7037850.265886242501438 ], [ 256350.730281294410815, 7037865.275458012707531 ], [ 256355.733471884333994, 7037865.275458012707531 ], [ 256355.733471884333994, 7037885.288220372051001 ], [ 256360.736662474286277, 7037885.288220372051001 ], [ 256360.736662474286277, 7037890.291410962119699 ], [ 256355.733471884333994, 7037890.291410962119699 ], [ 256355.733471884333994, 7037910.30417332239449 ], [ 256360.736662474286277, 7037910.30417332239449 ], [ 256360.736662474286277, 7037915.307363912463188 ], [ 256365.739853064238559, 7037915.307363912463188 ], [ 256365.739853064238559, 7037920.310554502531886 ], [ 256370.743043654190842, 7037920.310554502531886 ], [ 256370.743043654190842, 7037925.313745091669261 ], [ 256375.746234244143125, 7037925.313745091669261 ], [ 256375.746234244143125, 7037930.316935681737959 ], [ 256405.765377783827716, 7037930.316935681737959 ], [ 256405.765377783827716, 7037935.320126271806657 ], [ 256415.771758963703178, 7037935.320126271806657 ], [ 256415.771758963703178, 7037940.323316861875355 ], [ 256420.77494955365546, 7037940.323316861875355 ], [ 256420.77494955365546, 7037945.326507451944053 ] ], [ [ 255735.337838730920339, 7037940.323316861875355 ], [ 255755.350601090700366, 7037940.323316861875355 ], [ 255755.350601090700366, 7037935.320126271806657 ], [ 255760.353791680652648, 7037935.320126271806657 ], [ 255760.353791680652648, 7037910.30417332239449 ], [ 255765.356982270604931, 7037910.30417332239449 ], [ 255765.356982270604931, 7037890.291410962119699 ], [ 255770.360172860557213, 7037890.291410962119699 ], [ 255770.360172860557213, 7037870.278648602776229 ], [ 255765.356982270604931, 7037870.278648602776229 ], [ 255765.356982270604931, 7037820.246742703020573 ], [ 255760.353791680652648, 7037820.246742703020573 ], [ 255760.353791680652648, 7037810.240361522883177 ], [ 255755.350601090700366, 7037810.240361522883177 ], [ 255755.350601090700366, 7037795.230789753608406 ], [ 255750.347410500748083, 7037795.230789753608406 ], [ 255750.347410500748083, 7037770.214836803264916 ], [ 255760.353791680652648, 7037770.214836803264916 ], [ 255760.353791680652648, 7037765.211646214127541 ], [ 255800.379316400241805, 7037765.211646214127541 ], [ 255800.379316400241805, 7037770.214836803264916 ], [ 255815.388888170069549, 7037770.214836803264916 ], [ 255815.388888170069549, 7037765.211646214127541 ], [ 255835.401650529849576, 7037765.211646214127541 ], [ 255835.401650529849576, 7037760.208455624058843 ], [ 255855.414412889658706, 7037760.208455624058843 ], [ 255855.414412889658706, 7037765.211646214127541 ], [ 255865.420794069534168, 7037765.211646214127541 ], [ 255865.420794069534168, 7037770.214836803264916 ], [ 255875.427175249438733, 7037770.214836803264916 ], [ 255875.427175249438733, 7037775.218027393333614 ], [ 255890.436747019266477, 7037775.218027393333614 ], [ 255890.436747019266477, 7037780.221217983402312 ], [ 255905.446318789123325, 7037780.221217983402312 ], [ 255905.446318789123325, 7037785.22440857347101 ], [ 255915.452699968998786, 7037785.22440857347101 ], [ 255915.452699968998786, 7037790.227599163539708 ], [ 255925.459081148903351, 7037790.227599163539708 ], [ 255925.459081148903351, 7037795.230789753608406 ], [ 255930.462271738855634, 7037795.230789753608406 ], [ 255930.462271738855634, 7037800.233980343677104 ], [ 255940.468652918760199, 7037800.233980343677104 ], [ 255940.468652918760199, 7037805.237170933745801 ], [ 255970.487796458415687, 7037805.237170933745801 ], [ 255970.487796458415687, 7037810.240361522883177 ], [ 255985.497368228272535, 7037810.240361522883177 ], [ 255985.497368228272535, 7037815.243552112951875 ], [ 255995.5037494081771, 7037815.243552112951875 ], [ 255995.5037494081771, 7037810.240361522883177 ], [ 256005.510130588052562, 7037810.240361522883177 ], [ 256005.510130588052562, 7037800.233980343677104 ], [ 256020.519702357909409, 7037800.233980343677104 ], [ 256020.519702357909409, 7037815.243552112951875 ], [ 256015.516511767957127, 7037815.243552112951875 ], [ 256015.516511767957127, 7037820.246742703020573 ], [ 256005.510130588052562, 7037820.246742703020573 ], [ 256005.510130588052562, 7037830.253123883157969 ], [ 256015.516511767957127, 7037830.253123883157969 ], [ 256015.516511767957127, 7037835.256314473226666 ], [ 256030.526083537784871, 7037835.256314473226666 ], [ 256030.526083537784871, 7037840.259505063295364 ], [ 256045.535655307641719, 7037840.259505063295364 ], [ 256045.535655307641719, 7037835.256314473226666 ], [ 256050.538845897594001, 7037835.256314473226666 ], [ 256050.538845897594001, 7037830.253123883157969 ], [ 256055.54203648751718, 7037830.253123883157969 ], [ 256055.54203648751718, 7037825.249933293089271 ], [ 256060.545227077469463, 7037825.249933293089271 ], [ 256060.545227077469463, 7037815.243552112951875 ], [ 256050.538845897594001, 7037815.243552112951875 ], [ 256050.538845897594001, 7037810.240361522883177 ], [ 256045.535655307641719, 7037810.240361522883177 ], [ 256045.535655307641719, 7037800.233980343677104 ], [ 256035.529274127737153, 7037800.233980343677104 ], [ 256035.529274127737153, 7037785.22440857347101 ], [ 256030.526083537784871, 7037785.22440857347101 ], [ 256030.526083537784871, 7037760.208455624058843 ], [ 256040.532464717689436, 7037760.208455624058843 ], [ 256040.532464717689436, 7037755.205265033990145 ], [ 256045.535655307641719, 7037755.205265033990145 ], [ 256045.535655307641719, 7037750.202074443921447 ], [ 256050.538845897594001, 7037750.202074443921447 ], [ 256050.538845897594001, 7037745.198883853852749 ], [ 256055.54203648751718, 7037745.198883853852749 ], [ 256055.54203648751718, 7037740.195693263784051 ], [ 256075.55479884732631, 7037740.195693263784051 ], [ 256075.55479884732631, 7037745.198883853852749 ], [ 256085.561180027201772, 7037745.198883853852749 ], [ 256085.561180027201772, 7037750.202074443921447 ], [ 256090.564370617154054, 7037750.202074443921447 ], [ 256090.564370617154054, 7037755.205265033990145 ], [ 256100.57075179705862, 7037755.205265033990145 ], [ 256100.57075179705862, 7037730.189312084577978 ], [ 256105.573942387010902, 7037730.189312084577978 ], [ 256105.573942387010902, 7037720.182930904440582 ], [ 256110.577132976934081, 7037720.182930904440582 ], [ 256110.577132976934081, 7037715.179740314371884 ], [ 256120.583514156838646, 7037715.179740314371884 ], [ 256120.583514156838646, 7037710.176549724303186 ], [ 256130.589895336743211, 7037710.176549724303186 ], [ 256130.589895336743211, 7037705.173359134234488 ], [ 256145.599467106570955, 7037705.173359134234488 ], [ 256145.599467106570955, 7037700.17016854416579 ], [ 256165.612229466350982, 7037700.17016854416579 ], [ 256165.612229466350982, 7037695.166977954097092 ], [ 256215.644135365844704, 7037695.166977954097092 ], [ 256215.644135365844704, 7037690.163787364959717 ], [ 256225.650516545720166, 7037690.163787364959717 ], [ 256225.650516545720166, 7037695.166977954097092 ], [ 256275.682422445184784, 7037695.166977954097092 ], [ 256275.682422445184784, 7037700.17016854416579 ], [ 256285.688803625089349, 7037700.17016854416579 ], [ 256285.688803625089349, 7037690.163787364959717 ], [ 256290.691994215041632, 7037690.163787364959717 ], [ 256290.691994215041632, 7037680.157406184822321 ], [ 256295.695184804993914, 7037680.157406184822321 ], [ 256295.695184804993914, 7037675.154215594753623 ], [ 256300.698375394917093, 7037675.154215594753623 ], [ 256300.698375394917093, 7037670.151025004684925 ], [ 256305.701565984869376, 7037670.151025004684925 ], [ 256305.701565984869376, 7037665.147834414616227 ], [ 256310.704756574821658, 7037665.147834414616227 ], [ 256310.704756574821658, 7037660.144643824547529 ], [ 256315.707947164773941, 7037660.144643824547529 ], [ 256315.707947164773941, 7037655.141453234478831 ], [ 256320.711137754726224, 7037655.141453234478831 ], [ 256320.711137754726224, 7037650.138262645341456 ], [ 256330.717518934601685, 7037650.138262645341456 ], [ 256330.717518934601685, 7037645.135072055272758 ], [ 256340.72390011450625, 7037645.135072055272758 ], [ 256340.72390011450625, 7037650.138262645341456 ], [ 256350.730281294410815, 7037650.138262645341456 ], [ 256350.730281294410815, 7037655.141453234478831 ], [ 256360.736662474286277, 7037655.141453234478831 ], [ 256360.736662474286277, 7037650.138262645341456 ], [ 256365.739853064238559, 7037650.138262645341456 ], [ 256365.739853064238559, 7037645.135072055272758 ], [ 256370.743043654190842, 7037645.135072055272758 ], [ 256370.743043654190842, 7037640.13188146520406 ], [ 256375.746234244143125, 7037640.13188146520406 ], [ 256375.746234244143125, 7037635.128690875135362 ], [ 256385.752615424018586, 7037635.128690875135362 ], [ 256385.752615424018586, 7037630.125500285066664 ], [ 256390.755806013970869, 7037630.125500285066664 ], [ 256390.755806013970869, 7037625.122309694997966 ], [ 256395.758996603923151, 7037625.122309694997966 ], [ 256395.758996603923151, 7037620.119119104929268 ], [ 256400.762187193875434, 7037620.119119104929268 ], [ 256400.762187193875434, 7037615.115928515791893 ], [ 256405.765377783827716, 7037615.115928515791893 ], [ 256405.765377783827716, 7037605.109547335654497 ], [ 256410.768568373750895, 7037605.109547335654497 ], [ 256410.768568373750895, 7037595.103166155517101 ], [ 256415.771758963703178, 7037595.103166155517101 ], [ 256415.771758963703178, 7037585.096784975379705 ], [ 256420.77494955365546, 7037585.096784975379705 ], [ 256420.77494955365546, 7037570.087213206104934 ], [ 256425.778140143607743, 7037570.087213206104934 ], [ 256425.778140143607743, 7037550.074450845830142 ], [ 256430.781330733560026, 7037550.074450845830142 ], [ 256430.781330733560026, 7037540.068069665692747 ], [ 256435.784521323512308, 7037540.068069665692747 ], [ 256435.784521323512308, 7037530.061688486486673 ], [ 256440.787711913435487, 7037530.061688486486673 ], [ 256440.787711913435487, 7037525.058497896417975 ], [ 256445.79090250338777, 7037525.058497896417975 ], [ 256445.79090250338777, 7037520.055307306349277 ], [ 256450.794093093340052, 7037520.055307306349277 ], [ 256450.794093093340052, 7037515.05211671628058 ], [ 256455.797283683292335, 7037515.05211671628058 ], [ 256455.797283683292335, 7037510.048926126211882 ], [ 256460.800474273244618, 7037510.048926126211882 ], [ 256460.800474273244618, 7037505.045735536143184 ], [ 256465.803664863167796, 7037505.045735536143184 ], [ 256465.803664863167796, 7037500.042544947005808 ], [ 256475.810046043072361, 7037500.042544947005808 ], [ 256475.810046043072361, 7037495.03935435693711 ], [ 256485.816427222976927, 7037495.03935435693711 ], [ 256485.816427222976927, 7037490.036163766868412 ], [ 256490.819617812929209, 7037490.036163766868412 ], [ 256490.819617812929209, 7037485.032973176799715 ], [ 256500.825998992804671, 7037485.032973176799715 ], [ 256500.825998992804671, 7037480.029782586731017 ], [ 256520.838761352584697, 7037480.029782586731017 ], [ 256520.838761352584697, 7037475.026591996662319 ], [ 256530.845142532489263, 7037475.026591996662319 ], [ 256530.845142532489263, 7037470.023401406593621 ], [ 256550.857904892269289, 7037470.023401406593621 ], [ 256550.857904892269289, 7037465.020210816524923 ], [ 256555.861095482221572, 7037465.020210816524923 ], [ 256555.861095482221572, 7037460.017020227387547 ], [ 256550.857904892269289, 7037460.017020227387547 ], [ 256550.857904892269289, 7037455.01382963731885 ], [ 256545.85471430234611, 7037455.01382963731885 ], [ 256545.85471430234611, 7037450.010639047250152 ], [ 256540.851523712393828, 7037450.010639047250152 ], [ 256540.851523712393828, 7037445.007448457181454 ], [ 256520.838761352584697, 7037445.007448457181454 ], [ 256520.838761352584697, 7037450.010639047250152 ], [ 256515.835570762661519, 7037450.010639047250152 ], [ 256515.835570762661519, 7037445.007448457181454 ], [ 256510.832380172709236, 7037445.007448457181454 ], [ 256510.832380172709236, 7037450.010639047250152 ], [ 256505.829189582756953, 7037450.010639047250152 ], [ 256505.829189582756953, 7037455.01382963731885 ], [ 256500.825998992804671, 7037455.01382963731885 ], [ 256500.825998992804671, 7037460.017020227387547 ], [ 256495.822808402852388, 7037460.017020227387547 ], [ 256495.822808402852388, 7037465.020210816524923 ], [ 256470.806855453120079, 7037465.020210816524923 ], [ 256470.806855453120079, 7037455.01382963731885 ], [ 256465.803664863167796, 7037455.01382963731885 ], [ 256465.803664863167796, 7037450.010639047250152 ], [ 256460.800474273244618, 7037450.010639047250152 ], [ 256460.800474273244618, 7037445.007448457181454 ], [ 256455.797283683292335, 7037445.007448457181454 ], [ 256455.797283683292335, 7037440.004257867112756 ], [ 256450.794093093340052, 7037440.004257867112756 ], [ 256450.794093093340052, 7037435.001067277044058 ], [ 256445.79090250338777, 7037435.001067277044058 ], [ 256445.79090250338777, 7037440.004257867112756 ], [ 256440.787711913435487, 7037440.004257867112756 ], [ 256440.787711913435487, 7037445.007448457181454 ], [ 256435.784521323512308, 7037445.007448457181454 ], [ 256435.784521323512308, 7037450.010639047250152 ], [ 256410.768568373750895, 7037450.010639047250152 ], [ 256410.768568373750895, 7037445.007448457181454 ], [ 256405.765377783827716, 7037445.007448457181454 ], [ 256405.765377783827716, 7037440.004257867112756 ], [ 256395.758996603923151, 7037440.004257867112756 ], [ 256395.758996603923151, 7037435.001067277044058 ], [ 256380.749424834095407, 7037435.001067277044058 ], [ 256380.749424834095407, 7037429.99787668697536 ], [ 256355.733471884333994, 7037429.99787668697536 ], [ 256355.733471884333994, 7037435.001067277044058 ], [ 256345.727090704458533, 7037435.001067277044058 ], [ 256345.727090704458533, 7037399.978733147494495 ], [ 256340.72390011450625, 7037399.978733147494495 ], [ 256340.72390011450625, 7037394.975542557425797 ], [ 256335.720709524553968, 7037394.975542557425797 ], [ 256335.720709524553968, 7037384.969161378219724 ], [ 256330.717518934601685, 7037384.969161378219724 ], [ 256330.717518934601685, 7037379.965970788151026 ], [ 256320.711137754726224, 7037379.965970788151026 ], [ 256320.711137754726224, 7037369.95958960801363 ], [ 256305.701565984869376, 7037369.95958960801363 ], [ 256305.701565984869376, 7037364.956399017944932 ], [ 256285.688803625089349, 7037364.956399017944932 ], [ 256285.688803625089349, 7037369.95958960801363 ], [ 256265.676041265309323, 7037369.95958960801363 ], [ 256265.676041265309323, 7037364.956399017944932 ], [ 256260.67285067535704, 7037364.956399017944932 ], [ 256260.67285067535704, 7037369.95958960801363 ], [ 256245.663278905500192, 7037369.95958960801363 ], [ 256245.663278905500192, 7037364.956399017944932 ], [ 256240.660088315577013, 7037364.956399017944932 ], [ 256240.660088315577013, 7037359.953208427876234 ], [ 256235.656897725624731, 7037359.953208427876234 ], [ 256235.656897725624731, 7037354.950017837807536 ], [ 256245.663278905500192, 7037354.950017837807536 ], [ 256245.663278905500192, 7037349.946827247738838 ], [ 256255.669660085404757, 7037349.946827247738838 ], [ 256255.669660085404757, 7037354.950017837807536 ], [ 256270.679231855261605, 7037354.950017837807536 ], [ 256270.679231855261605, 7037349.946827247738838 ], [ 256280.685613035137067, 7037349.946827247738838 ], [ 256280.685613035137067, 7037344.943636658601463 ], [ 256315.707947164773941, 7037344.943636658601463 ], [ 256315.707947164773941, 7037349.946827247738838 ], [ 256320.711137754726224, 7037349.946827247738838 ], [ 256320.711137754726224, 7037354.950017837807536 ], [ 256325.714328344678506, 7037354.950017837807536 ], [ 256325.714328344678506, 7037364.956399017944932 ], [ 256330.717518934601685, 7037364.956399017944932 ], [ 256330.717518934601685, 7037369.95958960801363 ], [ 256365.739853064238559, 7037369.95958960801363 ], [ 256365.739853064238559, 7037374.962780198082328 ], [ 256375.746234244143125, 7037374.962780198082328 ], [ 256375.746234244143125, 7037369.95958960801363 ], [ 256400.762187193875434, 7037369.95958960801363 ], [ 256400.762187193875434, 7037364.956399017944932 ], [ 256420.77494955365546, 7037364.956399017944932 ], [ 256420.77494955365546, 7037359.953208427876234 ], [ 256425.778140143607743, 7037359.953208427876234 ], [ 256425.778140143607743, 7037354.950017837807536 ], [ 256415.771758963703178, 7037354.950017837807536 ], [ 256415.771758963703178, 7037349.946827247738838 ], [ 256410.768568373750895, 7037349.946827247738838 ], [ 256410.768568373750895, 7037354.950017837807536 ], [ 256385.752615424018586, 7037354.950017837807536 ], [ 256385.752615424018586, 7037359.953208427876234 ], [ 256350.730281294410815, 7037359.953208427876234 ], [ 256350.730281294410815, 7037354.950017837807536 ], [ 256335.720709524553968, 7037354.950017837807536 ], [ 256335.720709524553968, 7037349.946827247738838 ], [ 256330.717518934601685, 7037349.946827247738838 ], [ 256330.717518934601685, 7037344.943636658601463 ], [ 256325.714328344678506, 7037344.943636658601463 ], [ 256325.714328344678506, 7037339.940446068532765 ], [ 256315.707947164773941, 7037339.940446068532765 ], [ 256315.707947164773941, 7037334.937255478464067 ], [ 256305.701565984869376, 7037334.937255478464067 ], [ 256305.701565984869376, 7037329.934064888395369 ], [ 256275.682422445184784, 7037329.934064888395369 ], [ 256275.682422445184784, 7037324.930874298326671 ], [ 256270.679231855261605, 7037324.930874298326671 ], [ 256270.679231855261605, 7037329.934064888395369 ], [ 256235.656897725624731, 7037329.934064888395369 ], [ 256235.656897725624731, 7037324.930874298326671 ], [ 256225.650516545720166, 7037324.930874298326671 ], [ 256225.650516545720166, 7037329.934064888395369 ], [ 256220.647325955767883, 7037329.934064888395369 ], [ 256220.647325955767883, 7037324.930874298326671 ], [ 256215.644135365844704, 7037324.930874298326671 ], [ 256215.644135365844704, 7037314.924493118189275 ], [ 256210.640944775892422, 7037314.924493118189275 ], [ 256210.640944775892422, 7037299.914921348914504 ], [ 256215.644135365844704, 7037299.914921348914504 ], [ 256215.644135365844704, 7037294.911730758845806 ], [ 256220.647325955767883, 7037294.911730758845806 ], [ 256220.647325955767883, 7037279.902158988639712 ], [ 256215.644135365844704, 7037279.902158988639712 ], [ 256215.644135365844704, 7037274.898968398571014 ], [ 256195.631373006035574, 7037274.898968398571014 ], [ 256195.631373006035574, 7037279.902158988639712 ], [ 256185.624991826160112, 7037279.902158988639712 ], [ 256185.624991826160112, 7037284.90534957870841 ], [ 256175.618610646255547, 7037284.90534957870841 ], [ 256175.618610646255547, 7037289.908540168777108 ], [ 256160.609038876427803, 7037289.908540168777108 ], [ 256160.609038876427803, 7037294.911730758845806 ], [ 256085.561180027201772, 7037294.911730758845806 ], [ 256085.561180027201772, 7037299.914921348914504 ], [ 256015.516511767957127, 7037299.914921348914504 ], [ 256015.516511767957127, 7037304.918111938983202 ], [ 256010.513321178004844, 7037304.918111938983202 ], [ 256010.513321178004844, 7037299.914921348914504 ], [ 256005.510130588052562, 7037299.914921348914504 ], [ 256005.510130588052562, 7037304.918111938983202 ], [ 256000.506939998100279, 7037304.918111938983202 ], [ 256000.506939998100279, 7037299.914921348914504 ], [ 255985.497368228272535, 7037299.914921348914504 ], [ 255985.497368228272535, 7037304.918111938983202 ], [ 255965.484605868492508, 7037304.918111938983202 ], [ 255965.484605868492508, 7037299.914921348914504 ], [ 255940.468652918760199, 7037299.914921348914504 ], [ 255940.468652918760199, 7037294.911730758845806 ], [ 255925.459081148903351, 7037294.911730758845806 ], [ 255925.459081148903351, 7037289.908540168777108 ], [ 255915.452699968998786, 7037289.908540168777108 ], [ 255915.452699968998786, 7037284.90534957870841 ], [ 255900.443128199171042, 7037284.90534957870841 ], [ 255900.443128199171042, 7037274.898968398571014 ], [ 255880.430365839391015, 7037274.898968398571014 ], [ 255880.430365839391015, 7037269.895777809433639 ], [ 255870.42398465948645, 7037269.895777809433639 ], [ 255870.42398465948645, 7037264.892587219364941 ], [ 255860.417603479581885, 7037264.892587219364941 ], [ 255860.417603479581885, 7037259.889396629296243 ], [ 255855.414412889658706, 7037259.889396629296243 ], [ 255855.414412889658706, 7037254.886206039227545 ], [ 255850.411222299706424, 7037254.886206039227545 ], [ 255850.411222299706424, 7037249.883015449158847 ], [ 255840.404841119801858, 7037249.883015449158847 ], [ 255840.404841119801858, 7037244.879824859090149 ], [ 255830.398459939926397, 7037244.879824859090149 ], [ 255830.398459939926397, 7037249.883015449158847 ], [ 255825.395269349974114, 7037249.883015449158847 ], [ 255825.395269349974114, 7037254.886206039227545 ], [ 255815.388888170069549, 7037254.886206039227545 ], [ 255815.388888170069549, 7037249.883015449158847 ], [ 255810.385697580117267, 7037249.883015449158847 ], [ 255810.385697580117267, 7037244.879824859090149 ], [ 255805.382506990164984, 7037244.879824859090149 ], [ 255805.382506990164984, 7037239.876634269021451 ], [ 255800.379316400241805, 7037239.876634269021451 ], [ 255800.379316400241805, 7037234.873443678952754 ], [ 255795.376125810289523, 7037234.873443678952754 ], [ 255795.376125810289523, 7037229.870253089815378 ], [ 255790.37293522033724, 7037229.870253089815378 ], [ 255790.37293522033724, 7037224.86706249974668 ], [ 255785.369744630384957, 7037224.86706249974668 ], [ 255785.369744630384957, 7037219.863871909677982 ], [ 255780.366554040432675, 7037219.863871909677982 ], [ 255780.366554040432675, 7037214.860681319609284 ], [ 255775.363363450509496, 7037214.860681319609284 ], [ 255775.363363450509496, 7037209.857490729540586 ], [ 255770.360172860557213, 7037209.857490729540586 ], [ 255770.360172860557213, 7037204.854300139471889 ], [ 255765.356982270604931, 7037204.854300139471889 ], [ 255765.356982270604931, 7037199.851109549403191 ], [ 255745.344219910824904, 7037199.851109549403191 ], [ 255745.344219910824904, 7037194.847918959334493 ], [ 255740.341029320872622, 7037194.847918959334493 ], [ 255740.341029320872622, 7037189.844728370197117 ], [ 255730.334648140968056, 7037189.844728370197117 ], [ 255730.334648140968056, 7037184.841537780128419 ], [ 255725.331457551015774, 7037184.841537780128419 ], [ 255725.331457551015774, 7037179.838347190059721 ], [ 255720.328266961092595, 7037179.838347190059721 ], [ 255720.328266961092595, 7037174.835156599991024 ], [ 255715.325076371140312, 7037174.835156599991024 ], [ 255715.325076371140312, 7037169.831966009922326 ], [ 255705.318695191235747, 7037169.831966009922326 ], [ 255705.318695191235747, 7037164.828775419853628 ], [ 255695.312314011331182, 7037164.828775419853628 ], [ 255695.312314011331182, 7037159.82558482978493 ], [ 255690.309123421408003, 7037159.82558482978493 ], [ 255690.309123421408003, 7037154.822394240647554 ], [ 255680.302742241503438, 7037154.822394240647554 ], [ 255680.302742241503438, 7037149.819203650578856 ], [ 255675.299551651551155, 7037149.819203650578856 ], [ 255675.299551651551155, 7037144.816013060510159 ], [ 255670.296361061598873, 7037144.816013060510159 ], [ 255670.296361061598873, 7037139.812822470441461 ], [ 255665.293170471675694, 7037139.812822470441461 ], [ 255665.293170471675694, 7037134.809631880372763 ], [ 255660.289979881723411, 7037134.809631880372763 ], [ 255660.289979881723411, 7037144.816013060510159 ], [ 255655.286789291771129, 7037144.816013060510159 ], [ 255655.286789291771129, 7037149.819203650578856 ], [ 255650.283598701818846, 7037149.819203650578856 ], [ 255650.283598701818846, 7037159.82558482978493 ], [ 255645.280408111866564, 7037159.82558482978493 ], [ 255645.280408111866564, 7037164.828775419853628 ], [ 255640.277217521914281, 7037164.828775419853628 ], [ 255640.277217521914281, 7037169.831966009922326 ], [ 255635.274026931991102, 7037169.831966009922326 ], [ 255635.274026931991102, 7037174.835156599991024 ], [ 255630.27083634203882, 7037174.835156599991024 ], [ 255630.27083634203882, 7037179.838347190059721 ], [ 255625.267645752086537, 7037179.838347190059721 ], [ 255625.267645752086537, 7037194.847918959334493 ], [ 255620.264455162134254, 7037194.847918959334493 ], [ 255620.264455162134254, 7037204.854300139471889 ], [ 255615.261264572181972, 7037204.854300139471889 ], [ 255615.261264572181972, 7037209.857490729540586 ], [ 255610.258073982258793, 7037209.857490729540586 ], [ 255610.258073982258793, 7037219.863871909677982 ], [ 255605.25488339230651, 7037219.863871909677982 ], [ 255605.25488339230651, 7037229.870253089815378 ], [ 255600.251692802354228, 7037229.870253089815378 ], [ 255600.251692802354228, 7037234.873443678952754 ], [ 255595.248502212401945, 7037234.873443678952754 ], [ 255595.248502212401945, 7037244.879824859090149 ], [ 255590.245311622449663, 7037244.879824859090149 ], [ 255590.245311622449663, 7037249.883015449158847 ], [ 255585.24212103249738, 7037249.883015449158847 ], [ 255585.24212103249738, 7037259.889396629296243 ], [ 255580.238930442574201, 7037259.889396629296243 ], [ 255580.238930442574201, 7037264.892587219364941 ], [ 255575.235739852621919, 7037264.892587219364941 ], [ 255575.235739852621919, 7037274.898968398571014 ], [ 255570.232549262669636, 7037274.898968398571014 ], [ 255570.232549262669636, 7037284.90534957870841 ], [ 255565.229358672717353, 7037284.90534957870841 ], [ 255565.229358672717353, 7037294.911730758845806 ], [ 255560.226168082765071, 7037294.911730758845806 ], [ 255560.226168082765071, 7037299.914921348914504 ], [ 255555.222977492841892, 7037299.914921348914504 ], [ 255555.222977492841892, 7037309.921302528120577 ], [ 255550.219786902889609, 7037309.921302528120577 ], [ 255550.219786902889609, 7037319.927683708257973 ], [ 255555.222977492841892, 7037319.927683708257973 ], [ 255555.222977492841892, 7037324.930874298326671 ], [ 255560.226168082765071, 7037324.930874298326671 ], [ 255560.226168082765071, 7037329.934064888395369 ], [ 255565.229358672717353, 7037329.934064888395369 ], [ 255565.229358672717353, 7037334.937255478464067 ], [ 255570.232549262669636, 7037334.937255478464067 ], [ 255570.232549262669636, 7037339.940446068532765 ], [ 255575.235739852621919, 7037339.940446068532765 ], [ 255575.235739852621919, 7037344.943636658601463 ], [ 255585.24212103249738, 7037344.943636658601463 ], [ 255585.24212103249738, 7037349.946827247738838 ], [ 255590.245311622449663, 7037349.946827247738838 ], [ 255590.245311622449663, 7037354.950017837807536 ], [ 255595.248502212401945, 7037354.950017837807536 ], [ 255595.248502212401945, 7037359.953208427876234 ], [ 255600.251692802354228, 7037359.953208427876234 ], [ 255600.251692802354228, 7037364.956399017944932 ], [ 255605.25488339230651, 7037364.956399017944932 ], [ 255605.25488339230651, 7037369.95958960801363 ], [ 255610.258073982258793, 7037369.95958960801363 ], [ 255610.258073982258793, 7037379.965970788151026 ], [ 255615.261264572181972, 7037379.965970788151026 ], [ 255615.261264572181972, 7037384.969161378219724 ], [ 255620.264455162134254, 7037384.969161378219724 ], [ 255620.264455162134254, 7037389.972351967357099 ], [ 255625.267645752086537, 7037389.972351967357099 ], [ 255625.267645752086537, 7037399.978733147494495 ], [ 255630.27083634203882, 7037399.978733147494495 ], [ 255630.27083634203882, 7037404.981923737563193 ], [ 255635.274026931991102, 7037404.981923737563193 ], [ 255635.274026931991102, 7037409.985114327631891 ], [ 255645.280408111866564, 7037409.985114327631891 ], [ 255645.280408111866564, 7037419.991495507769287 ], [ 255650.283598701818846, 7037419.991495507769287 ], [ 255650.283598701818846, 7037429.99787668697536 ], [ 255655.286789291771129, 7037429.99787668697536 ], [ 255655.286789291771129, 7037455.01382963731885 ], [ 255660.289979881723411, 7037455.01382963731885 ], [ 255660.289979881723411, 7037465.020210816524923 ], [ 255655.286789291771129, 7037465.020210816524923 ], [ 255655.286789291771129, 7037480.029782586731017 ], [ 255650.283598701818846, 7037480.029782586731017 ], [ 255650.283598701818846, 7037485.032973176799715 ], [ 255645.280408111866564, 7037485.032973176799715 ], [ 255645.280408111866564, 7037490.036163766868412 ], [ 255640.277217521914281, 7037490.036163766868412 ], [ 255640.277217521914281, 7037495.03935435693711 ], [ 255635.274026931991102, 7037495.03935435693711 ], [ 255635.274026931991102, 7037500.042544947005808 ], [ 255630.27083634203882, 7037500.042544947005808 ], [ 255630.27083634203882, 7037505.045735536143184 ], [ 255625.267645752086537, 7037505.045735536143184 ], [ 255625.267645752086537, 7037510.048926126211882 ], [ 255620.264455162134254, 7037510.048926126211882 ], [ 255620.264455162134254, 7037515.05211671628058 ], [ 255615.261264572181972, 7037515.05211671628058 ], [ 255615.261264572181972, 7037520.055307306349277 ], [ 255610.258073982258793, 7037520.055307306349277 ], [ 255610.258073982258793, 7037525.058497896417975 ], [ 255605.25488339230651, 7037525.058497896417975 ], [ 255605.25488339230651, 7037530.061688486486673 ], [ 255600.251692802354228, 7037530.061688486486673 ], [ 255600.251692802354228, 7037535.064879076555371 ], [ 255595.248502212401945, 7037535.064879076555371 ], [ 255595.248502212401945, 7037540.068069665692747 ], [ 255590.245311622449663, 7037540.068069665692747 ], [ 255590.245311622449663, 7037545.071260255761445 ], [ 255585.24212103249738, 7037545.071260255761445 ], [ 255585.24212103249738, 7037550.074450845830142 ], [ 255555.222977492841892, 7037550.074450845830142 ], [ 255555.222977492841892, 7037555.07764143589884 ], [ 255550.219786902889609, 7037555.07764143589884 ], [ 255550.219786902889609, 7037565.084022616036236 ], [ 255545.216596312937327, 7037565.084022616036236 ], [ 255545.216596312937327, 7037590.099975565448403 ], [ 255550.219786902889609, 7037590.099975565448403 ], [ 255550.219786902889609, 7037615.115928515791893 ], [ 255545.216596312937327, 7037615.115928515791893 ], [ 255545.216596312937327, 7037620.119119104929268 ], [ 255530.207024543080479, 7037620.119119104929268 ], [ 255530.207024543080479, 7037625.122309694997966 ], [ 255525.2038339531573, 7037625.122309694997966 ], [ 255525.2038339531573, 7037630.125500285066664 ], [ 255520.200643363205018, 7037630.125500285066664 ], [ 255520.200643363205018, 7037635.128690875135362 ], [ 255510.194262183300452, 7037635.128690875135362 ], [ 255510.194262183300452, 7037640.13188146520406 ], [ 255500.187881003424991, 7037640.13188146520406 ], [ 255500.187881003424991, 7037645.135072055272758 ], [ 255485.178309233568143, 7037645.135072055272758 ], [ 255485.178309233568143, 7037650.138262645341456 ], [ 255480.17511864361586, 7037650.138262645341456 ], [ 255480.17511864361586, 7037665.147834414616227 ], [ 255475.171928053663578, 7037665.147834414616227 ], [ 255475.171928053663578, 7037675.154215594753623 ], [ 255470.168737463740399, 7037675.154215594753623 ], [ 255470.168737463740399, 7037685.160596774891019 ], [ 255465.165546873788116, 7037685.160596774891019 ], [ 255465.165546873788116, 7037705.173359134234488 ], [ 255460.162356283835834, 7037705.173359134234488 ], [ 255460.162356283835834, 7037715.179740314371884 ], [ 255455.159165693883551, 7037715.179740314371884 ], [ 255455.159165693883551, 7037725.18612149450928 ], [ 255450.155975103931269, 7037725.18612149450928 ], [ 255450.155975103931269, 7037735.192502673715353 ], [ 255445.15278451400809, 7037735.192502673715353 ], [ 255445.15278451400809, 7037760.208455624058843 ], [ 255440.149593924055807, 7037760.208455624058843 ], [ 255440.149593924055807, 7037785.22440857347101 ], [ 255435.146403334103525, 7037785.22440857347101 ], [ 255435.146403334103525, 7037805.237170933745801 ], [ 255430.143212744151242, 7037805.237170933745801 ], [ 255430.143212744151242, 7037815.243552112951875 ], [ 255425.140022154198959, 7037815.243552112951875 ], [ 255425.140022154198959, 7037825.249933293089271 ], [ 255420.136831564246677, 7037825.249933293089271 ], [ 255420.136831564246677, 7037830.253123883157969 ], [ 255415.133640974323498, 7037830.253123883157969 ], [ 255415.133640974323498, 7037845.26269565243274 ], [ 255410.130450384371215, 7037845.26269565243274 ], [ 255410.130450384371215, 7037850.265886242501438 ], [ 255405.127259794418933, 7037850.265886242501438 ], [ 255405.127259794418933, 7037865.275458012707531 ], [ 255400.12406920446665, 7037865.275458012707531 ], [ 255400.12406920446665, 7037870.278648602776229 ], [ 255395.120878614514368, 7037870.278648602776229 ], [ 255395.120878614514368, 7037875.281839192844927 ], [ 255390.117688024591189, 7037875.281839192844927 ], [ 255390.117688024591189, 7037885.288220372051001 ], [ 255400.12406920446665, 7037885.288220372051001 ], [ 255400.12406920446665, 7037890.291410962119699 ], [ 255415.133640974323498, 7037890.291410962119699 ], [ 255415.133640974323498, 7037885.288220372051001 ], [ 255420.136831564246677, 7037885.288220372051001 ], [ 255420.136831564246677, 7037880.285029782913625 ], [ 255435.146403334103525, 7037880.285029782913625 ], [ 255435.146403334103525, 7037875.281839192844927 ], [ 255455.159165693883551, 7037875.281839192844927 ], [ 255455.159165693883551, 7037880.285029782913625 ], [ 255480.17511864361586, 7037880.285029782913625 ], [ 255480.17511864361586, 7037875.281839192844927 ], [ 255505.19107159334817, 7037875.281839192844927 ], [ 255505.19107159334817, 7037870.278648602776229 ], [ 255520.200643363205018, 7037870.278648602776229 ], [ 255520.200643363205018, 7037865.275458012707531 ], [ 255525.2038339531573, 7037865.275458012707531 ], [ 255525.2038339531573, 7037860.272267422638834 ], [ 255570.232549262669636, 7037860.272267422638834 ], [ 255570.232549262669636, 7037865.275458012707531 ], [ 255580.238930442574201, 7037865.275458012707531 ], [ 255580.238930442574201, 7037870.278648602776229 ], [ 255590.245311622449663, 7037870.278648602776229 ], [ 255590.245311622449663, 7037885.288220372051001 ], [ 255595.248502212401945, 7037885.288220372051001 ], [ 255595.248502212401945, 7037890.291410962119699 ], [ 255640.277217521914281, 7037890.291410962119699 ], [ 255640.277217521914281, 7037895.294601552188396 ], [ 255655.286789291771129, 7037895.294601552188396 ], [ 255655.286789291771129, 7037900.297792142257094 ], [ 255665.293170471675694, 7037900.297792142257094 ], [ 255665.293170471675694, 7037905.300982732325792 ], [ 255670.296361061598873, 7037905.300982732325792 ], [ 255670.296361061598873, 7037910.30417332239449 ], [ 255675.299551651551155, 7037910.30417332239449 ], [ 255675.299551651551155, 7037915.307363912463188 ], [ 255685.305932831455721, 7037915.307363912463188 ], [ 255685.305932831455721, 7037920.310554502531886 ], [ 255695.312314011331182, 7037920.310554502531886 ], [ 255695.312314011331182, 7037925.313745091669261 ], [ 255715.325076371140312, 7037925.313745091669261 ], [ 255715.325076371140312, 7037930.316935681737959 ], [ 255725.331457551015774, 7037930.316935681737959 ], [ 255725.331457551015774, 7037935.320126271806657 ], [ 255735.337838730920339, 7037935.320126271806657 ], [ 255735.337838730920339, 7037940.323316861875355 ] ], [ [ 255390.117688024591189, 7037900.297792142257094 ], [ 255400.12406920446665, 7037900.297792142257094 ], [ 255400.12406920446665, 7037890.291410962119699 ], [ 255390.117688024591189, 7037890.291410962119699 ], [ 255390.117688024591189, 7037900.297792142257094 ] ], [ [ 256325.714328344678506, 7037780.221217983402312 ], [ 256355.733471884333994, 7037780.221217983402312 ], [ 256355.733471884333994, 7037770.214836803264916 ], [ 256365.739853064238559, 7037770.214836803264916 ], [ 256365.739853064238559, 7037765.211646214127541 ], [ 256360.736662474286277, 7037765.211646214127541 ], [ 256360.736662474286277, 7037755.205265033990145 ], [ 256355.733471884333994, 7037755.205265033990145 ], [ 256355.733471884333994, 7037740.195693263784051 ], [ 256350.730281294410815, 7037740.195693263784051 ], [ 256350.730281294410815, 7037725.18612149450928 ], [ 256340.72390011450625, 7037725.18612149450928 ], [ 256340.72390011450625, 7037720.182930904440582 ], [ 256320.711137754726224, 7037720.182930904440582 ], [ 256320.711137754726224, 7037725.18612149450928 ], [ 256315.707947164773941, 7037725.18612149450928 ], [ 256315.707947164773941, 7037730.189312084577978 ], [ 256310.704756574821658, 7037730.189312084577978 ], [ 256310.704756574821658, 7037735.192502673715353 ], [ 256305.701565984869376, 7037735.192502673715353 ], [ 256305.701565984869376, 7037755.205265033990145 ], [ 256310.704756574821658, 7037755.205265033990145 ], [ 256310.704756574821658, 7037765.211646214127541 ], [ 256315.707947164773941, 7037765.211646214127541 ], [ 256315.707947164773941, 7037770.214836803264916 ], [ 256320.711137754726224, 7037770.214836803264916 ], [ 256320.711137754726224, 7037775.218027393333614 ], [ 256325.714328344678506, 7037775.218027393333614 ], [ 256325.714328344678506, 7037780.221217983402312 ] ], [ [ 258452.070329072128516, 7037234.873443678952754 ], [ 258457.073519662080798, 7037234.873443678952754 ], [ 258457.073519662080798, 7037229.870253089815378 ], [ 258462.076710252033081, 7037229.870253089815378 ], [ 258462.076710252033081, 7037224.86706249974668 ], [ 258467.079900841985364, 7037224.86706249974668 ], [ 258467.079900841985364, 7037214.860681319609284 ], [ 258472.083091431937646, 7037214.860681319609284 ], [ 258472.083091431937646, 7037199.851109549403191 ], [ 258477.086282021860825, 7037199.851109549403191 ], [ 258477.086282021860825, 7037194.847918959334493 ], [ 258482.089472611813108, 7037194.847918959334493 ], [ 258482.089472611813108, 7037189.844728370197117 ], [ 258487.09266320176539, 7037189.844728370197117 ], [ 258487.09266320176539, 7037214.860681319609284 ], [ 258492.095853791717673, 7037214.860681319609284 ], [ 258492.095853791717673, 7037209.857490729540586 ], [ 258497.099044381669955, 7037209.857490729540586 ], [ 258497.099044381669955, 7037204.854300139471889 ], [ 258502.102234971593134, 7037204.854300139471889 ], [ 258502.102234971593134, 7037199.851109549403191 ], [ 258507.105425561545417, 7037199.851109549403191 ], [ 258507.105425561545417, 7037194.847918959334493 ], [ 258512.108616151497699, 7037194.847918959334493 ], [ 258512.108616151497699, 7037189.844728370197117 ], [ 258522.114997331402265, 7037189.844728370197117 ], [ 258522.114997331402265, 7037184.841537780128419 ], [ 258527.118187921354547, 7037184.841537780128419 ], [ 258527.118187921354547, 7037179.838347190059721 ], [ 258532.121378511277726, 7037179.838347190059721 ], [ 258532.121378511277726, 7037174.835156599991024 ], [ 258537.124569101230009, 7037174.835156599991024 ], [ 258537.124569101230009, 7037169.831966009922326 ], [ 258542.127759691182291, 7037169.831966009922326 ], [ 258542.127759691182291, 7037159.82558482978493 ], [ 258552.134140871086856, 7037159.82558482978493 ], [ 258552.134140871086856, 7037154.822394240647554 ], [ 258572.146903230866883, 7037154.822394240647554 ], [ 258572.146903230866883, 7037149.819203650578856 ], [ 258577.150093820819166, 7037149.819203650578856 ], [ 258577.150093820819166, 7037134.809631880372763 ], [ 258572.146903230866883, 7037134.809631880372763 ], [ 258572.146903230866883, 7037129.806441290304065 ], [ 258577.150093820819166, 7037129.806441290304065 ], [ 258577.150093820819166, 7037109.793678930960596 ], [ 258572.146903230866883, 7037109.793678930960596 ], [ 258572.146903230866883, 7037104.790488340891898 ], [ 258567.1437126409146, 7037104.790488340891898 ], [ 258567.1437126409146, 7037099.7872977508232 ], [ 258562.140522050962318, 7037099.7872977508232 ], [ 258562.140522050962318, 7037094.784107160754502 ], [ 258557.137331461010035, 7037094.784107160754502 ], [ 258557.137331461010035, 7037089.780916570685804 ], [ 258552.134140871086856, 7037089.780916570685804 ], [ 258552.134140871086856, 7037084.777725980617106 ], [ 258547.130950281134574, 7037084.777725980617106 ], [ 258547.130950281134574, 7037079.774535390548408 ], [ 258532.121378511277726, 7037079.774535390548408 ], [ 258532.121378511277726, 7037084.777725980617106 ], [ 258522.114997331402265, 7037084.777725980617106 ], [ 258522.114997331402265, 7037054.758582441136241 ], [ 258517.111806741449982, 7037054.758582441136241 ], [ 258517.111806741449982, 7037049.755391851067543 ], [ 258512.108616151497699, 7037049.755391851067543 ], [ 258512.108616151497699, 7037039.74901067186147 ], [ 258507.105425561545417, 7037039.74901067186147 ], [ 258507.105425561545417, 7037029.742629491724074 ], [ 258467.079900841985364, 7037029.742629491724074 ], [ 258467.079900841985364, 7037034.745820081792772 ], [ 258462.076710252033081, 7037034.745820081792772 ], [ 258462.076710252033081, 7037029.742629491724074 ], [ 258427.054376122396206, 7037029.742629491724074 ], [ 258427.054376122396206, 7037024.739438901655376 ], [ 258417.047994942520745, 7037024.739438901655376 ], [ 258417.047994942520745, 7037019.736248311586678 ], [ 258402.038423172663897, 7037019.736248311586678 ], [ 258402.038423172663897, 7037014.73305772151798 ], [ 258392.032041992759332, 7037014.73305772151798 ], [ 258392.032041992759332, 7037009.729867131449282 ], [ 258372.019279632979305, 7037009.729867131449282 ], [ 258372.019279632979305, 7037004.726676541380584 ], [ 258342.000136093294714, 7037004.726676541380584 ], [ 258342.000136093294714, 7036999.723485952243209 ], [ 258291.968230193830095, 7036999.723485952243209 ], [ 258291.968230193830095, 7036994.720295362174511 ], [ 258271.955467834050069, 7036994.720295362174511 ], [ 258271.955467834050069, 7036989.717104772105813 ], [ 258241.936324294365477, 7036989.717104772105813 ], [ 258241.936324294365477, 7036994.720295362174511 ], [ 258221.92356193458545, 7036994.720295362174511 ], [ 258221.92356193458545, 7036999.723485952243209 ], [ 258196.907608984853141, 7036999.723485952243209 ], [ 258196.907608984853141, 7037004.726676541380584 ], [ 258176.894846625044011, 7037004.726676541380584 ], [ 258176.894846625044011, 7036999.723485952243209 ], [ 258151.878893675311701, 7036999.723485952243209 ], [ 258151.878893675311701, 7037009.729867131449282 ], [ 258156.882084265263984, 7037009.729867131449282 ], [ 258156.882084265263984, 7037014.73305772151798 ], [ 258161.885274855216267, 7037014.73305772151798 ], [ 258161.885274855216267, 7037019.736248311586678 ], [ 258166.888465445168549, 7037019.736248311586678 ], [ 258166.888465445168549, 7037024.739438901655376 ], [ 258161.885274855216267, 7037024.739438901655376 ], [ 258161.885274855216267, 7037039.74901067186147 ], [ 258156.882084265263984, 7037039.74901067186147 ], [ 258156.882084265263984, 7037049.755391851067543 ], [ 258161.885274855216267, 7037049.755391851067543 ], [ 258161.885274855216267, 7037054.758582441136241 ], [ 258166.888465445168549, 7037054.758582441136241 ], [ 258166.888465445168549, 7037059.761773031204939 ], [ 258171.891656035091728, 7037059.761773031204939 ], [ 258171.891656035091728, 7037074.771344801411033 ], [ 258181.898037214996293, 7037074.771344801411033 ], [ 258181.898037214996293, 7037094.784107160754502 ], [ 258171.891656035091728, 7037094.784107160754502 ], [ 258171.891656035091728, 7037099.7872977508232 ], [ 258146.875703085359419, 7037099.7872977508232 ], [ 258146.875703085359419, 7037104.790488340891898 ], [ 258126.862940725579392, 7037104.790488340891898 ], [ 258126.862940725579392, 7037109.793678930960596 ], [ 258091.840606595942518, 7037109.793678930960596 ], [ 258091.840606595942518, 7037114.796869521029294 ], [ 258066.824653646210209, 7037114.796869521029294 ], [ 258066.824653646210209, 7037119.800060110166669 ], [ 258051.815081876382465, 7037119.800060110166669 ], [ 258051.815081876382465, 7037124.803250700235367 ], [ 258046.811891286430182, 7037124.803250700235367 ], [ 258046.811891286430182, 7037129.806441290304065 ], [ 258036.805510106525617, 7037129.806441290304065 ], [ 258036.805510106525617, 7037134.809631880372763 ], [ 258031.802319516602438, 7037134.809631880372763 ], [ 258031.802319516602438, 7037139.812822470441461 ], [ 258026.799128926650155, 7037139.812822470441461 ], [ 258026.799128926650155, 7037144.816013060510159 ], [ 258021.795938336697873, 7037144.816013060510159 ], [ 258021.795938336697873, 7037154.822394240647554 ], [ 258016.79274774674559, 7037154.822394240647554 ], [ 258016.79274774674559, 7037164.828775419853628 ], [ 258011.789557156793308, 7037164.828775419853628 ], [ 258011.789557156793308, 7037169.831966009922326 ], [ 258006.786366566841025, 7037169.831966009922326 ], [ 258006.786366566841025, 7037174.835156599991024 ], [ 258011.789557156793308, 7037174.835156599991024 ], [ 258011.789557156793308, 7037179.838347190059721 ], [ 258041.808700696477899, 7037179.838347190059721 ], [ 258041.808700696477899, 7037174.835156599991024 ], [ 258046.811891286430182, 7037174.835156599991024 ], [ 258046.811891286430182, 7037159.82558482978493 ], [ 258051.815081876382465, 7037159.82558482978493 ], [ 258051.815081876382465, 7037154.822394240647554 ], [ 258061.821463056257926, 7037154.822394240647554 ], [ 258061.821463056257926, 7037149.819203650578856 ], [ 258071.827844236162491, 7037149.819203650578856 ], [ 258071.827844236162491, 7037144.816013060510159 ], [ 258101.846987775847083, 7037144.816013060510159 ], [ 258101.846987775847083, 7037139.812822470441461 ], [ 258196.907608984853141, 7037139.812822470441461 ], [ 258196.907608984853141, 7037134.809631880372763 ], [ 258211.917180754680885, 7037134.809631880372763 ], [ 258211.917180754680885, 7037129.806441290304065 ], [ 258231.929943114460912, 7037129.806441290304065 ], [ 258231.929943114460912, 7037124.803250700235367 ], [ 258256.945896064193221, 7037124.803250700235367 ], [ 258256.945896064193221, 7037119.800060110166669 ], [ 258271.955467834050069, 7037119.800060110166669 ], [ 258271.955467834050069, 7037114.796869521029294 ], [ 258311.980992553610122, 7037114.796869521029294 ], [ 258311.980992553610122, 7037119.800060110166669 ], [ 258321.987373733514687, 7037119.800060110166669 ], [ 258321.987373733514687, 7037124.803250700235367 ], [ 258331.993754913419252, 7037124.803250700235367 ], [ 258331.993754913419252, 7037129.806441290304065 ], [ 258342.000136093294714, 7037129.806441290304065 ], [ 258342.000136093294714, 7037134.809631880372763 ], [ 258347.003326683246996, 7037134.809631880372763 ], [ 258347.003326683246996, 7037139.812822470441461 ], [ 258357.009707863151561, 7037139.812822470441461 ], [ 258357.009707863151561, 7037144.816013060510159 ], [ 258362.012898453103844, 7037144.816013060510159 ], [ 258362.012898453103844, 7037164.828775419853628 ], [ 258357.009707863151561, 7037164.828775419853628 ], [ 258357.009707863151561, 7037169.831966009922326 ], [ 258362.012898453103844, 7037169.831966009922326 ], [ 258362.012898453103844, 7037174.835156599991024 ], [ 258367.016089043027023, 7037174.835156599991024 ], [ 258367.016089043027023, 7037179.838347190059721 ], [ 258382.025660812883871, 7037179.838347190059721 ], [ 258382.025660812883871, 7037184.841537780128419 ], [ 258397.035232582711615, 7037184.841537780128419 ], [ 258397.035232582711615, 7037189.844728370197117 ], [ 258402.038423172663897, 7037189.844728370197117 ], [ 258402.038423172663897, 7037194.847918959334493 ], [ 258412.044804352568462, 7037194.847918959334493 ], [ 258412.044804352568462, 7037199.851109549403191 ], [ 258427.054376122396206, 7037199.851109549403191 ], [ 258427.054376122396206, 7037204.854300139471889 ], [ 258442.063947892253054, 7037204.854300139471889 ], [ 258442.063947892253054, 7037209.857490729540586 ], [ 258447.067138482176233, 7037209.857490729540586 ], [ 258447.067138482176233, 7037224.86706249974668 ], [ 258452.070329072128516, 7037224.86706249974668 ], [ 258452.070329072128516, 7037234.873443678952754 ] ], [ [ 257161.247156865807483, 7037094.784107160754502 ], [ 257201.27268158539664, 7037094.784107160754502 ], [ 257201.27268158539664, 7037089.780916570685804 ], [ 257206.275872175348923, 7037089.780916570685804 ], [ 257206.275872175348923, 7037084.777725980617106 ], [ 257211.279062765272101, 7037084.777725980617106 ], [ 257211.279062765272101, 7037079.774535390548408 ], [ 257221.285443945176667, 7037079.774535390548408 ], [ 257221.285443945176667, 7037074.771344801411033 ], [ 257231.291825125081232, 7037074.771344801411033 ], [ 257231.291825125081232, 7037069.768154211342335 ], [ 257241.298206304956693, 7037069.768154211342335 ], [ 257241.298206304956693, 7037064.764963621273637 ], [ 257246.301396894908976, 7037064.764963621273637 ], [ 257246.301396894908976, 7037059.761773031204939 ], [ 257251.304587484861258, 7037059.761773031204939 ], [ 257251.304587484861258, 7037054.758582441136241 ], [ 257256.307778074813541, 7037054.758582441136241 ], [ 257256.307778074813541, 7037044.752201260998845 ], [ 257251.304587484861258, 7037044.752201260998845 ], [ 257251.304587484861258, 7037039.74901067186147 ], [ 257246.301396894908976, 7037039.74901067186147 ], [ 257246.301396894908976, 7037034.745820081792772 ], [ 257241.298206304956693, 7037034.745820081792772 ], [ 257241.298206304956693, 7037029.742629491724074 ], [ 257236.295015715004411, 7037029.742629491724074 ], [ 257236.295015715004411, 7037009.729867131449282 ], [ 257231.291825125081232, 7037009.729867131449282 ], [ 257231.291825125081232, 7036989.717104772105813 ], [ 257236.295015715004411, 7036989.717104772105813 ], [ 257236.295015715004411, 7036984.713914182037115 ], [ 257241.298206304956693, 7036984.713914182037115 ], [ 257241.298206304956693, 7036979.710723591968417 ], [ 257246.301396894908976, 7036979.710723591968417 ], [ 257246.301396894908976, 7036974.707533001899719 ], [ 257251.304587484861258, 7036974.707533001899719 ], [ 257251.304587484861258, 7036969.704342411831021 ], [ 257211.279062765272101, 7036969.704342411831021 ], [ 257211.279062765272101, 7036974.707533001899719 ], [ 257201.27268158539664, 7036974.707533001899719 ], [ 257201.27268158539664, 7036979.710723591968417 ], [ 257196.269490995444357, 7036979.710723591968417 ], [ 257196.269490995444357, 7036984.713914182037115 ], [ 257191.266300405492075, 7036984.713914182037115 ], [ 257191.266300405492075, 7036979.710723591968417 ], [ 257176.256728635664331, 7036979.710723591968417 ], [ 257176.256728635664331, 7036974.707533001899719 ], [ 257171.253538045712048, 7036974.707533001899719 ], [ 257171.253538045712048, 7036969.704342411831021 ], [ 257166.250347455759766, 7036969.704342411831021 ], [ 257166.250347455759766, 7036964.701151821762323 ], [ 257161.247156865807483, 7036964.701151821762323 ], [ 257161.247156865807483, 7036959.697961232624948 ], [ 257151.240775685932022, 7036959.697961232624948 ], [ 257151.240775685932022, 7036954.69477064255625 ], [ 257146.237585095979739, 7036954.69477064255625 ], [ 257146.237585095979739, 7036949.691580052487552 ], [ 257141.234394506027456, 7036949.691580052487552 ], [ 257141.234394506027456, 7036944.688389462418854 ], [ 257126.224822736170609, 7036944.688389462418854 ], [ 257126.224822736170609, 7036939.685198872350156 ], [ 257116.218441556295147, 7036939.685198872350156 ], [ 257116.218441556295147, 7036934.682008282281458 ], [ 257106.212060376390582, 7036934.682008282281458 ], [ 257106.212060376390582, 7036929.67881769221276 ], [ 257096.205679196515121, 7036929.67881769221276 ], [ 257096.205679196515121, 7036924.675627103075385 ], [ 257086.199298016610555, 7036924.675627103075385 ], [ 257086.199298016610555, 7036919.672436513006687 ], [ 257076.19291683670599, 7036919.672436513006687 ], [ 257076.19291683670599, 7036914.669245922937989 ], [ 257071.189726246753708, 7036914.669245922937989 ], [ 257071.189726246753708, 7036909.666055332869291 ], [ 257066.186535656830529, 7036909.666055332869291 ], [ 257066.186535656830529, 7036914.669245922937989 ], [ 257061.183345066878246, 7036914.669245922937989 ], [ 257061.183345066878246, 7036919.672436513006687 ], [ 257056.180154476925964, 7036919.672436513006687 ], [ 257056.180154476925964, 7036924.675627103075385 ], [ 257066.186535656830529, 7036924.675627103075385 ], [ 257066.186535656830529, 7036929.67881769221276 ], [ 257071.189726246753708, 7036929.67881769221276 ], [ 257071.189726246753708, 7036934.682008282281458 ], [ 257076.19291683670599, 7036934.682008282281458 ], [ 257076.19291683670599, 7036944.688389462418854 ], [ 257081.196107426658273, 7036944.688389462418854 ], [ 257081.196107426658273, 7036949.691580052487552 ], [ 257086.199298016610555, 7036949.691580052487552 ], [ 257086.199298016610555, 7036954.69477064255625 ], [ 257091.202488606562838, 7036954.69477064255625 ], [ 257091.202488606562838, 7036959.697961232624948 ], [ 257096.205679196515121, 7036959.697961232624948 ], [ 257096.205679196515121, 7036964.701151821762323 ], [ 257101.208869786438299, 7036964.701151821762323 ], [ 257101.208869786438299, 7036974.707533001899719 ], [ 257106.212060376390582, 7036974.707533001899719 ], [ 257106.212060376390582, 7036989.717104772105813 ], [ 257111.215250966342865, 7036989.717104772105813 ], [ 257111.215250966342865, 7036999.723485952243209 ], [ 257116.218441556295147, 7036999.723485952243209 ], [ 257116.218441556295147, 7037004.726676541380584 ], [ 257121.22163214624743, 7037004.726676541380584 ], [ 257121.22163214624743, 7037024.739438901655376 ], [ 257126.224822736170609, 7037024.739438901655376 ], [ 257126.224822736170609, 7037044.752201260998845 ], [ 257131.228013326122891, 7037044.752201260998845 ], [ 257131.228013326122891, 7037054.758582441136241 ], [ 257136.231203916075174, 7037054.758582441136241 ], [ 257136.231203916075174, 7037064.764963621273637 ], [ 257141.234394506027456, 7037064.764963621273637 ], [ 257141.234394506027456, 7037074.771344801411033 ], [ 257146.237585095979739, 7037074.771344801411033 ], [ 257146.237585095979739, 7037079.774535390548408 ], [ 257151.240775685932022, 7037079.774535390548408 ], [ 257151.240775685932022, 7037084.777725980617106 ], [ 257156.2439662758552, 7037084.777725980617106 ], [ 257156.2439662758552, 7037089.780916570685804 ], [ 257161.247156865807483, 7037089.780916570685804 ], [ 257161.247156865807483, 7037094.784107160754502 ] ], [ [ 256295.695184804993914, 7037074.771344801411033 ], [ 256300.698375394917093, 7037074.771344801411033 ], [ 256300.698375394917093, 7037069.768154211342335 ], [ 256295.695184804993914, 7037069.768154211342335 ], [ 256295.695184804993914, 7037074.771344801411033 ] ], [ [ 256300.698375394917093, 7037069.768154211342335 ], [ 256310.704756574821658, 7037069.768154211342335 ], [ 256310.704756574821658, 7037064.764963621273637 ], [ 256320.711137754726224, 7037064.764963621273637 ], [ 256320.711137754726224, 7037059.761773031204939 ], [ 256325.714328344678506, 7037059.761773031204939 ], [ 256325.714328344678506, 7037054.758582441136241 ], [ 256320.711137754726224, 7037054.758582441136241 ], [ 256320.711137754726224, 7037049.755391851067543 ], [ 256310.704756574821658, 7037049.755391851067543 ], [ 256310.704756574821658, 7037054.758582441136241 ], [ 256305.701565984869376, 7037054.758582441136241 ], [ 256305.701565984869376, 7037059.761773031204939 ], [ 256300.698375394917093, 7037059.761773031204939 ], [ 256300.698375394917093, 7037069.768154211342335 ] ], [ [ 256030.526083537784871, 7036949.691580052487552 ], [ 256035.529274127737153, 7036949.691580052487552 ], [ 256035.529274127737153, 7036944.688389462418854 ], [ 256030.526083537784871, 7036944.688389462418854 ], [ 256030.526083537784871, 7036949.691580052487552 ] ], [ [ 256160.609038876427803, 7036939.685198872350156 ], [ 256170.615420056303265, 7036939.685198872350156 ], [ 256170.615420056303265, 7036934.682008282281458 ], [ 256175.618610646255547, 7036934.682008282281458 ], [ 256175.618610646255547, 7036929.67881769221276 ], [ 256160.609038876427803, 7036929.67881769221276 ], [ 256160.609038876427803, 7036939.685198872350156 ] ], [ [ 256110.577132976934081, 7036929.67881769221276 ], [ 256135.59308592666639, 7036929.67881769221276 ], [ 256135.59308592666639, 7036924.675627103075385 ], [ 256150.602657696523238, 7036924.675627103075385 ], [ 256150.602657696523238, 7036929.67881769221276 ], [ 256160.609038876427803, 7036929.67881769221276 ], [ 256160.609038876427803, 7036924.675627103075385 ], [ 256155.605848286475521, 7036924.675627103075385 ], [ 256155.605848286475521, 7036914.669245922937989 ], [ 256150.602657696523238, 7036914.669245922937989 ], [ 256150.602657696523238, 7036904.662864742800593 ], [ 256145.599467106570955, 7036904.662864742800593 ], [ 256145.599467106570955, 7036889.6532929725945 ], [ 256140.596276516618673, 7036889.6532929725945 ], [ 256140.596276516618673, 7036869.64053061325103 ], [ 256145.599467106570955, 7036869.64053061325103 ], [ 256145.599467106570955, 7036864.637340023182333 ], [ 256150.602657696523238, 7036864.637340023182333 ], [ 256150.602657696523238, 7036844.624577663838863 ], [ 256145.599467106570955, 7036844.624577663838863 ], [ 256145.599467106570955, 7036834.618196483701468 ], [ 256140.596276516618673, 7036834.618196483701468 ], [ 256140.596276516618673, 7036824.611815303564072 ], [ 256135.59308592666639, 7036824.611815303564072 ], [ 256135.59308592666639, 7036814.605434123426676 ], [ 256140.596276516618673, 7036814.605434123426676 ], [ 256140.596276516618673, 7036819.608624713495374 ], [ 256150.602657696523238, 7036819.608624713495374 ], [ 256150.602657696523238, 7036829.61500589363277 ], [ 256155.605848286475521, 7036829.61500589363277 ], [ 256155.605848286475521, 7036834.618196483701468 ], [ 256160.609038876427803, 7036834.618196483701468 ], [ 256160.609038876427803, 7036839.621387073770165 ], [ 256165.612229466350982, 7036839.621387073770165 ], [ 256165.612229466350982, 7036844.624577663838863 ], [ 256170.615420056303265, 7036844.624577663838863 ], [ 256170.615420056303265, 7036849.627768253907561 ], [ 256175.618610646255547, 7036849.627768253907561 ], [ 256175.618610646255547, 7036854.630958843044937 ], [ 256180.62180123620783, 7036854.630958843044937 ], [ 256180.62180123620783, 7036859.634149433113635 ], [ 256185.624991826160112, 7036859.634149433113635 ], [ 256185.624991826160112, 7036869.64053061325103 ], [ 256190.628182416083291, 7036869.64053061325103 ], [ 256190.628182416083291, 7036874.643721203319728 ], [ 256195.631373006035574, 7036874.643721203319728 ], [ 256195.631373006035574, 7036884.650102383457124 ], [ 256200.634563595987856, 7036884.650102383457124 ], [ 256200.634563595987856, 7036879.646911793388426 ], [ 256205.637754185940139, 7036879.646911793388426 ], [ 256205.637754185940139, 7036874.643721203319728 ], [ 256200.634563595987856, 7036874.643721203319728 ], [ 256200.634563595987856, 7036869.64053061325103 ], [ 256195.631373006035574, 7036869.64053061325103 ], [ 256195.631373006035574, 7036859.634149433113635 ], [ 256200.634563595987856, 7036859.634149433113635 ], [ 256200.634563595987856, 7036864.637340023182333 ], [ 256205.637754185940139, 7036864.637340023182333 ], [ 256205.637754185940139, 7036869.64053061325103 ], [ 256215.644135365844704, 7036869.64053061325103 ], [ 256215.644135365844704, 7036874.643721203319728 ], [ 256225.650516545720166, 7036874.643721203319728 ], [ 256225.650516545720166, 7036879.646911793388426 ], [ 256245.663278905500192, 7036879.646911793388426 ], [ 256245.663278905500192, 7036864.637340023182333 ], [ 256240.660088315577013, 7036864.637340023182333 ], [ 256240.660088315577013, 7036859.634149433113635 ], [ 256235.656897725624731, 7036859.634149433113635 ], [ 256235.656897725624731, 7036849.627768253907561 ], [ 256230.653707135672448, 7036849.627768253907561 ], [ 256230.653707135672448, 7036844.624577663838863 ], [ 256225.650516545720166, 7036844.624577663838863 ], [ 256225.650516545720166, 7036839.621387073770165 ], [ 256220.647325955767883, 7036839.621387073770165 ], [ 256220.647325955767883, 7036829.61500589363277 ], [ 256215.644135365844704, 7036829.61500589363277 ], [ 256215.644135365844704, 7036819.608624713495374 ], [ 256210.640944775892422, 7036819.608624713495374 ], [ 256210.640944775892422, 7036814.605434123426676 ], [ 256205.637754185940139, 7036814.605434123426676 ], [ 256205.637754185940139, 7036799.595862354151905 ], [ 256200.634563595987856, 7036799.595862354151905 ], [ 256200.634563595987856, 7036784.586290583945811 ], [ 256195.631373006035574, 7036784.586290583945811 ], [ 256195.631373006035574, 7036774.579909403808415 ], [ 256190.628182416083291, 7036774.579909403808415 ], [ 256190.628182416083291, 7036769.57671881467104 ], [ 256195.631373006035574, 7036769.57671881467104 ], [ 256195.631373006035574, 7036764.573528224602342 ], [ 256190.628182416083291, 7036764.573528224602342 ], [ 256190.628182416083291, 7036759.570337634533644 ], [ 256185.624991826160112, 7036759.570337634533644 ], [ 256185.624991826160112, 7036749.563956454396248 ], [ 256180.62180123620783, 7036749.563956454396248 ], [ 256180.62180123620783, 7036739.557575274258852 ], [ 256175.618610646255547, 7036739.557575274258852 ], [ 256175.618610646255547, 7036734.554384685121477 ], [ 256170.615420056303265, 7036734.554384685121477 ], [ 256170.615420056303265, 7036724.548003504984081 ], [ 256165.612229466350982, 7036724.548003504984081 ], [ 256165.612229466350982, 7036719.544812914915383 ], [ 256160.609038876427803, 7036719.544812914915383 ], [ 256160.609038876427803, 7036714.541622324846685 ], [ 256145.599467106570955, 7036714.541622324846685 ], [ 256145.599467106570955, 7036719.544812914915383 ], [ 256140.596276516618673, 7036719.544812914915383 ], [ 256140.596276516618673, 7036724.548003504984081 ], [ 256135.59308592666639, 7036724.548003504984081 ], [ 256135.59308592666639, 7036739.557575274258852 ], [ 256130.589895336743211, 7036739.557575274258852 ], [ 256130.589895336743211, 7036769.57671881467104 ], [ 256135.59308592666639, 7036769.57671881467104 ], [ 256135.59308592666639, 7036779.583099993877113 ], [ 256140.596276516618673, 7036779.583099993877113 ], [ 256140.596276516618673, 7036789.589481174014509 ], [ 256145.599467106570955, 7036789.589481174014509 ], [ 256145.599467106570955, 7036804.599052944220603 ], [ 256135.59308592666639, 7036804.599052944220603 ], [ 256135.59308592666639, 7036799.595862354151905 ], [ 256130.589895336743211, 7036799.595862354151905 ], [ 256130.589895336743211, 7036804.599052944220603 ], [ 256125.586704746790929, 7036804.599052944220603 ], [ 256125.586704746790929, 7036809.6022435342893 ], [ 256130.589895336743211, 7036809.6022435342893 ], [ 256130.589895336743211, 7036814.605434123426676 ], [ 256120.583514156838646, 7036814.605434123426676 ], [ 256120.583514156838646, 7036809.6022435342893 ], [ 256115.580323566886364, 7036809.6022435342893 ], [ 256115.580323566886364, 7036789.589481174014509 ], [ 256110.577132976934081, 7036789.589481174014509 ], [ 256110.577132976934081, 7036784.586290583945811 ], [ 256105.573942387010902, 7036784.586290583945811 ], [ 256105.573942387010902, 7036774.579909403808415 ], [ 256100.57075179705862, 7036774.579909403808415 ], [ 256100.57075179705862, 7036754.567147044464946 ], [ 256095.567561207106337, 7036754.567147044464946 ], [ 256095.567561207106337, 7036744.56076586432755 ], [ 256090.564370617154054, 7036744.56076586432755 ], [ 256090.564370617154054, 7036739.557575274258852 ], [ 256085.561180027201772, 7036739.557575274258852 ], [ 256085.561180027201772, 7036734.554384685121477 ], [ 256080.557989437249489, 7036734.554384685121477 ], [ 256080.557989437249489, 7036729.551194095052779 ], [ 256075.55479884732631, 7036729.551194095052779 ], [ 256075.55479884732631, 7036724.548003504984081 ], [ 256065.548417667421745, 7036724.548003504984081 ], [ 256065.548417667421745, 7036719.544812914915383 ], [ 256060.545227077469463, 7036719.544812914915383 ], [ 256060.545227077469463, 7036714.541622324846685 ], [ 256055.54203648751718, 7036714.541622324846685 ], [ 256055.54203648751718, 7036709.538431734777987 ], [ 256050.538845897594001, 7036709.538431734777987 ], [ 256050.538845897594001, 7036704.535241144709289 ], [ 256045.535655307641719, 7036704.535241144709289 ], [ 256045.535655307641719, 7036699.532050554640591 ], [ 256055.54203648751718, 7036699.532050554640591 ], [ 256055.54203648751718, 7036694.528859965503216 ], [ 256060.545227077469463, 7036694.528859965503216 ], [ 256060.545227077469463, 7036699.532050554640591 ], [ 256065.548417667421745, 7036699.532050554640591 ], [ 256065.548417667421745, 7036694.528859965503216 ], [ 256070.551608257374028, 7036694.528859965503216 ], [ 256070.551608257374028, 7036689.525669375434518 ], [ 256090.564370617154054, 7036689.525669375434518 ], [ 256090.564370617154054, 7036684.52247878536582 ], [ 256110.577132976934081, 7036684.52247878536582 ], [ 256110.577132976934081, 7036689.525669375434518 ], [ 256125.586704746790929, 7036689.525669375434518 ], [ 256125.586704746790929, 7036694.528859965503216 ], [ 256135.59308592666639, 7036694.528859965503216 ], [ 256135.59308592666639, 7036699.532050554640591 ], [ 256140.596276516618673, 7036699.532050554640591 ], [ 256140.596276516618673, 7036704.535241144709289 ], [ 256160.609038876427803, 7036704.535241144709289 ], [ 256160.609038876427803, 7036709.538431734777987 ], [ 256180.62180123620783, 7036709.538431734777987 ], [ 256180.62180123620783, 7036714.541622324846685 ], [ 256195.631373006035574, 7036714.541622324846685 ], [ 256195.631373006035574, 7036719.544812914915383 ], [ 256235.656897725624731, 7036719.544812914915383 ], [ 256235.656897725624731, 7036714.541622324846685 ], [ 256265.676041265309323, 7036714.541622324846685 ], [ 256265.676041265309323, 7036719.544812914915383 ], [ 256280.685613035137067, 7036719.544812914915383 ], [ 256280.685613035137067, 7036724.548003504984081 ], [ 256285.688803625089349, 7036724.548003504984081 ], [ 256285.688803625089349, 7036729.551194095052779 ], [ 256290.691994215041632, 7036729.551194095052779 ], [ 256290.691994215041632, 7036734.554384685121477 ], [ 256295.695184804993914, 7036734.554384685121477 ], [ 256295.695184804993914, 7036739.557575274258852 ], [ 256300.698375394917093, 7036739.557575274258852 ], [ 256300.698375394917093, 7036744.56076586432755 ], [ 256305.701565984869376, 7036744.56076586432755 ], [ 256305.701565984869376, 7036749.563956454396248 ], [ 256310.704756574821658, 7036749.563956454396248 ], [ 256310.704756574821658, 7036759.570337634533644 ], [ 256315.707947164773941, 7036759.570337634533644 ], [ 256315.707947164773941, 7036764.573528224602342 ], [ 256300.698375394917093, 7036764.573528224602342 ], [ 256300.698375394917093, 7036759.570337634533644 ], [ 256290.691994215041632, 7036759.570337634533644 ], [ 256290.691994215041632, 7036754.567147044464946 ], [ 256275.682422445184784, 7036754.567147044464946 ], [ 256275.682422445184784, 7036749.563956454396248 ], [ 256260.67285067535704, 7036749.563956454396248 ], [ 256260.67285067535704, 7036744.56076586432755 ], [ 256245.663278905500192, 7036744.56076586432755 ], [ 256245.663278905500192, 7036749.563956454396248 ], [ 256215.644135365844704, 7036749.563956454396248 ], [ 256215.644135365844704, 7036754.567147044464946 ], [ 256210.640944775892422, 7036754.567147044464946 ], [ 256210.640944775892422, 7036759.570337634533644 ], [ 256205.637754185940139, 7036759.570337634533644 ], [ 256205.637754185940139, 7036764.573528224602342 ], [ 256210.640944775892422, 7036764.573528224602342 ], [ 256210.640944775892422, 7036769.57671881467104 ], [ 256215.644135365844704, 7036769.57671881467104 ], [ 256215.644135365844704, 7036774.579909403808415 ], [ 256225.650516545720166, 7036774.579909403808415 ], [ 256225.650516545720166, 7036779.583099993877113 ], [ 256230.653707135672448, 7036779.583099993877113 ], [ 256230.653707135672448, 7036784.586290583945811 ], [ 256240.660088315577013, 7036784.586290583945811 ], [ 256240.660088315577013, 7036789.589481174014509 ], [ 256250.666469495452475, 7036789.589481174014509 ], [ 256250.666469495452475, 7036794.592671764083207 ], [ 256290.691994215041632, 7036794.592671764083207 ], [ 256290.691994215041632, 7036799.595862354151905 ], [ 256305.701565984869376, 7036799.595862354151905 ], [ 256305.701565984869376, 7036794.592671764083207 ], [ 256300.698375394917093, 7036794.592671764083207 ], [ 256300.698375394917093, 7036789.589481174014509 ], [ 256315.707947164773941, 7036789.589481174014509 ], [ 256315.707947164773941, 7036794.592671764083207 ], [ 256320.711137754726224, 7036794.592671764083207 ], [ 256320.711137754726224, 7036809.6022435342893 ], [ 256325.714328344678506, 7036809.6022435342893 ], [ 256325.714328344678506, 7036829.61500589363277 ], [ 256330.717518934601685, 7036829.61500589363277 ], [ 256330.717518934601685, 7036839.621387073770165 ], [ 256325.714328344678506, 7036839.621387073770165 ], [ 256325.714328344678506, 7036849.627768253907561 ], [ 256315.707947164773941, 7036849.627768253907561 ], [ 256315.707947164773941, 7036844.624577663838863 ], [ 256305.701565984869376, 7036844.624577663838863 ], [ 256305.701565984869376, 7036839.621387073770165 ], [ 256300.698375394917093, 7036839.621387073770165 ], [ 256300.698375394917093, 7036849.627768253907561 ], [ 256305.701565984869376, 7036849.627768253907561 ], [ 256305.701565984869376, 7036859.634149433113635 ], [ 256310.704756574821658, 7036859.634149433113635 ], [ 256310.704756574821658, 7036869.64053061325103 ], [ 256315.707947164773941, 7036869.64053061325103 ], [ 256315.707947164773941, 7036894.656483562663198 ], [ 256310.704756574821658, 7036894.656483562663198 ], [ 256310.704756574821658, 7036899.659674152731895 ], [ 256315.707947164773941, 7036899.659674152731895 ], [ 256315.707947164773941, 7036904.662864742800593 ], [ 256320.711137754726224, 7036904.662864742800593 ], [ 256320.711137754726224, 7036909.666055332869291 ], [ 256330.717518934601685, 7036909.666055332869291 ], [ 256330.717518934601685, 7036904.662864742800593 ], [ 256340.72390011450625, 7036904.662864742800593 ], [ 256340.72390011450625, 7036899.659674152731895 ], [ 256345.727090704458533, 7036899.659674152731895 ], [ 256345.727090704458533, 7036904.662864742800593 ], [ 256350.730281294410815, 7036904.662864742800593 ], [ 256350.730281294410815, 7036899.659674152731895 ], [ 256355.733471884333994, 7036899.659674152731895 ], [ 256355.733471884333994, 7036894.656483562663198 ], [ 256360.736662474286277, 7036894.656483562663198 ], [ 256360.736662474286277, 7036889.6532929725945 ], [ 256365.739853064238559, 7036889.6532929725945 ], [ 256365.739853064238559, 7036879.646911793388426 ], [ 256370.743043654190842, 7036879.646911793388426 ], [ 256370.743043654190842, 7036824.611815303564072 ], [ 256375.746234244143125, 7036824.611815303564072 ], [ 256375.746234244143125, 7036814.605434123426676 ], [ 256380.749424834095407, 7036814.605434123426676 ], [ 256380.749424834095407, 7036809.6022435342893 ], [ 256385.752615424018586, 7036809.6022435342893 ], [ 256385.752615424018586, 7036799.595862354151905 ], [ 256390.755806013970869, 7036799.595862354151905 ], [ 256390.755806013970869, 7036759.570337634533644 ], [ 256395.758996603923151, 7036759.570337634533644 ], [ 256395.758996603923151, 7036754.567147044464946 ], [ 256400.762187193875434, 7036754.567147044464946 ], [ 256400.762187193875434, 7036744.56076586432755 ], [ 256395.758996603923151, 7036744.56076586432755 ], [ 256395.758996603923151, 7036734.554384685121477 ], [ 256390.755806013970869, 7036734.554384685121477 ], [ 256390.755806013970869, 7036729.551194095052779 ], [ 256385.752615424018586, 7036729.551194095052779 ], [ 256385.752615424018586, 7036724.548003504984081 ], [ 256380.749424834095407, 7036724.548003504984081 ], [ 256380.749424834095407, 7036719.544812914915383 ], [ 256375.746234244143125, 7036719.544812914915383 ], [ 256375.746234244143125, 7036714.541622324846685 ], [ 256365.739853064238559, 7036714.541622324846685 ], [ 256365.739853064238559, 7036709.538431734777987 ], [ 256355.733471884333994, 7036709.538431734777987 ], [ 256355.733471884333994, 7036704.535241144709289 ], [ 256345.727090704458533, 7036704.535241144709289 ], [ 256345.727090704458533, 7036699.532050554640591 ], [ 256340.72390011450625, 7036699.532050554640591 ], [ 256340.72390011450625, 7036694.528859965503216 ], [ 256330.717518934601685, 7036694.528859965503216 ], [ 256330.717518934601685, 7036689.525669375434518 ], [ 256325.714328344678506, 7036689.525669375434518 ], [ 256325.714328344678506, 7036684.52247878536582 ], [ 256320.711137754726224, 7036684.52247878536582 ], [ 256320.711137754726224, 7036679.519288195297122 ], [ 256315.707947164773941, 7036679.519288195297122 ], [ 256315.707947164773941, 7036674.516097605228424 ], [ 256310.704756574821658, 7036674.516097605228424 ], [ 256310.704756574821658, 7036669.512907015159726 ], [ 256300.698375394917093, 7036669.512907015159726 ], [ 256300.698375394917093, 7036644.496954065747559 ], [ 256305.701565984869376, 7036644.496954065747559 ], [ 256305.701565984869376, 7036639.493763475678861 ], [ 256310.704756574821658, 7036639.493763475678861 ], [ 256310.704756574821658, 7036634.490572885610163 ], [ 256325.714328344678506, 7036634.490572885610163 ], [ 256325.714328344678506, 7036629.487382295541465 ], [ 256330.717518934601685, 7036629.487382295541465 ], [ 256330.717518934601685, 7036634.490572885610163 ], [ 256355.733471884333994, 7036634.490572885610163 ], [ 256355.733471884333994, 7036639.493763475678861 ], [ 256385.752615424018586, 7036639.493763475678861 ], [ 256385.752615424018586, 7036644.496954065747559 ], [ 256425.778140143607743, 7036644.496954065747559 ], [ 256425.778140143607743, 7036634.490572885610163 ], [ 256420.77494955365546, 7036634.490572885610163 ], [ 256420.77494955365546, 7036624.484191705472767 ], [ 256415.771758963703178, 7036624.484191705472767 ], [ 256415.771758963703178, 7036619.481001116335392 ], [ 256410.768568373750895, 7036619.481001116335392 ], [ 256410.768568373750895, 7036614.477810526266694 ], [ 256405.765377783827716, 7036614.477810526266694 ], [ 256405.765377783827716, 7036604.471429346129298 ], [ 256400.762187193875434, 7036604.471429346129298 ], [ 256400.762187193875434, 7036599.4682387560606 ], [ 256395.758996603923151, 7036599.4682387560606 ], [ 256395.758996603923151, 7036594.465048165991902 ], [ 256390.755806013970869, 7036594.465048165991902 ], [ 256390.755806013970869, 7036589.461857575923204 ], [ 256385.752615424018586, 7036589.461857575923204 ], [ 256385.752615424018586, 7036584.458666985854506 ], [ 256375.746234244143125, 7036584.458666985854506 ], [ 256375.746234244143125, 7036579.455476396717131 ], [ 256370.743043654190842, 7036579.455476396717131 ], [ 256370.743043654190842, 7036574.452285806648433 ], [ 256365.739853064238559, 7036574.452285806648433 ], [ 256365.739853064238559, 7036569.449095216579735 ], [ 256360.736662474286277, 7036569.449095216579735 ], [ 256360.736662474286277, 7036564.445904626511037 ], [ 256355.733471884333994, 7036564.445904626511037 ], [ 256355.733471884333994, 7036544.433142266236246 ], [ 256365.739853064238559, 7036544.433142266236246 ], [ 256365.739853064238559, 7036539.42995167709887 ], [ 256370.743043654190842, 7036539.42995167709887 ], [ 256370.743043654190842, 7036529.423570496961474 ], [ 256375.746234244143125, 7036529.423570496961474 ], [ 256375.746234244143125, 7036524.420379906892776 ], [ 256390.755806013970869, 7036524.420379906892776 ], [ 256390.755806013970869, 7036529.423570496961474 ], [ 256395.758996603923151, 7036529.423570496961474 ], [ 256395.758996603923151, 7036539.42995167709887 ], [ 256400.762187193875434, 7036539.42995167709887 ], [ 256400.762187193875434, 7036544.433142266236246 ], [ 256410.768568373750895, 7036544.433142266236246 ], [ 256410.768568373750895, 7036549.436332856304944 ], [ 256415.771758963703178, 7036549.436332856304944 ], [ 256415.771758963703178, 7036554.439523446373641 ], [ 256425.778140143607743, 7036554.439523446373641 ], [ 256425.778140143607743, 7036559.442714036442339 ], [ 256435.784521323512308, 7036559.442714036442339 ], [ 256435.784521323512308, 7036564.445904626511037 ], [ 256460.800474273244618, 7036564.445904626511037 ], [ 256460.800474273244618, 7036569.449095216579735 ], [ 256490.819617812929209, 7036569.449095216579735 ], [ 256490.819617812929209, 7036564.445904626511037 ], [ 256495.822808402852388, 7036564.445904626511037 ], [ 256495.822808402852388, 7036559.442714036442339 ], [ 256500.825998992804671, 7036559.442714036442339 ], [ 256500.825998992804671, 7036554.439523446373641 ], [ 256505.829189582756953, 7036554.439523446373641 ], [ 256505.829189582756953, 7036549.436332856304944 ], [ 256510.832380172709236, 7036549.436332856304944 ], [ 256510.832380172709236, 7036544.433142266236246 ], [ 256530.845142532489263, 7036544.433142266236246 ], [ 256530.845142532489263, 7036549.436332856304944 ], [ 256535.848333122441545, 7036549.436332856304944 ], [ 256535.848333122441545, 7036554.439523446373641 ], [ 256540.851523712393828, 7036554.439523446373641 ], [ 256540.851523712393828, 7036559.442714036442339 ], [ 256545.85471430234611, 7036559.442714036442339 ], [ 256545.85471430234611, 7036564.445904626511037 ], [ 256550.857904892269289, 7036564.445904626511037 ], [ 256550.857904892269289, 7036569.449095216579735 ], [ 256555.861095482221572, 7036569.449095216579735 ], [ 256555.861095482221572, 7036574.452285806648433 ], [ 256560.864286072173854, 7036574.452285806648433 ], [ 256560.864286072173854, 7036579.455476396717131 ], [ 256565.867476662126137, 7036579.455476396717131 ], [ 256565.867476662126137, 7036584.458666985854506 ], [ 256570.87066725207842, 7036584.458666985854506 ], [ 256570.87066725207842, 7036589.461857575923204 ], [ 256575.873857842001598, 7036589.461857575923204 ], [ 256575.873857842001598, 7036594.465048165991902 ], [ 256580.877048431953881, 7036594.465048165991902 ], [ 256580.877048431953881, 7036599.4682387560606 ], [ 256585.880239021906164, 7036599.4682387560606 ], [ 256585.880239021906164, 7036604.471429346129298 ], [ 256590.883429611858446, 7036604.471429346129298 ], [ 256590.883429611858446, 7036609.474619936197996 ], [ 256595.886620201810729, 7036609.474619936197996 ], [ 256595.886620201810729, 7036614.477810526266694 ], [ 256605.89300138168619, 7036614.477810526266694 ], [ 256605.89300138168619, 7036609.474619936197996 ], [ 256620.902573151543038, 7036609.474619936197996 ], [ 256620.902573151543038, 7036604.471429346129298 ], [ 256630.908954331418499, 7036604.471429346129298 ], [ 256630.908954331418499, 7036609.474619936197996 ], [ 256635.912144921370782, 7036609.474619936197996 ], [ 256635.912144921370782, 7036604.471429346129298 ], [ 256640.915335511323065, 7036604.471429346129298 ], [ 256640.915335511323065, 7036609.474619936197996 ], [ 256680.940860230912222, 7036609.474619936197996 ], [ 256680.940860230912222, 7036614.477810526266694 ], [ 256690.947241410787683, 7036614.477810526266694 ], [ 256690.947241410787683, 7036619.481001116335392 ], [ 256700.953622590692248, 7036619.481001116335392 ], [ 256700.953622590692248, 7036624.484191705472767 ], [ 256705.956813180644531, 7036624.484191705472767 ], [ 256705.956813180644531, 7036629.487382295541465 ], [ 256710.960003770596813, 7036629.487382295541465 ], [ 256710.960003770596813, 7036634.490572885610163 ], [ 256715.963194360519992, 7036634.490572885610163 ], [ 256715.963194360519992, 7036624.484191705472767 ], [ 256710.960003770596813, 7036624.484191705472767 ], [ 256710.960003770596813, 7036614.477810526266694 ], [ 256705.956813180644531, 7036614.477810526266694 ], [ 256705.956813180644531, 7036609.474619936197996 ], [ 256695.950432000739966, 7036609.474619936197996 ], [ 256695.950432000739966, 7036604.471429346129298 ], [ 256690.947241410787683, 7036604.471429346129298 ], [ 256690.947241410787683, 7036599.4682387560606 ], [ 256680.940860230912222, 7036599.4682387560606 ], [ 256680.940860230912222, 7036594.465048165991902 ], [ 256665.931288461055374, 7036594.465048165991902 ], [ 256665.931288461055374, 7036589.461857575923204 ], [ 256660.928097871103091, 7036589.461857575923204 ], [ 256660.928097871103091, 7036584.458666985854506 ], [ 256655.924907281179912, 7036584.458666985854506 ], [ 256655.924907281179912, 7036579.455476396717131 ], [ 256650.92171669122763, 7036579.455476396717131 ], [ 256650.92171669122763, 7036574.452285806648433 ], [ 256645.918526101275347, 7036574.452285806648433 ], [ 256645.918526101275347, 7036569.449095216579735 ], [ 256640.915335511323065, 7036569.449095216579735 ], [ 256640.915335511323065, 7036564.445904626511037 ], [ 256635.912144921370782, 7036564.445904626511037 ], [ 256635.912144921370782, 7036559.442714036442339 ], [ 256630.908954331418499, 7036559.442714036442339 ], [ 256630.908954331418499, 7036564.445904626511037 ], [ 256625.905763741495321, 7036564.445904626511037 ], [ 256625.905763741495321, 7036569.449095216579735 ], [ 256605.89300138168619, 7036569.449095216579735 ], [ 256605.89300138168619, 7036564.445904626511037 ], [ 256600.889810791763011, 7036564.445904626511037 ], [ 256600.889810791763011, 7036559.442714036442339 ], [ 256595.886620201810729, 7036559.442714036442339 ], [ 256595.886620201810729, 7036554.439523446373641 ], [ 256590.883429611858446, 7036554.439523446373641 ], [ 256590.883429611858446, 7036549.436332856304944 ], [ 256585.880239021906164, 7036549.436332856304944 ], [ 256585.880239021906164, 7036544.433142266236246 ], [ 256580.877048431953881, 7036544.433142266236246 ], [ 256580.877048431953881, 7036539.42995167709887 ], [ 256575.873857842001598, 7036539.42995167709887 ], [ 256575.873857842001598, 7036534.426761087030172 ], [ 256570.87066725207842, 7036534.426761087030172 ], [ 256570.87066725207842, 7036529.423570496961474 ], [ 256565.867476662126137, 7036529.423570496961474 ], [ 256565.867476662126137, 7036524.420379906892776 ], [ 256560.864286072173854, 7036524.420379906892776 ], [ 256560.864286072173854, 7036519.417189316824079 ], [ 256555.861095482221572, 7036519.417189316824079 ], [ 256555.861095482221572, 7036514.413998726755381 ], [ 256550.857904892269289, 7036514.413998726755381 ], [ 256550.857904892269289, 7036509.410808136686683 ], [ 256545.85471430234611, 7036509.410808136686683 ], [ 256545.85471430234611, 7036514.413998726755381 ], [ 256540.851523712393828, 7036514.413998726755381 ], [ 256540.851523712393828, 7036519.417189316824079 ], [ 256520.838761352584697, 7036519.417189316824079 ], [ 256520.838761352584697, 7036514.413998726755381 ], [ 256515.835570762661519, 7036514.413998726755381 ], [ 256515.835570762661519, 7036509.410808136686683 ], [ 256510.832380172709236, 7036509.410808136686683 ], [ 256510.832380172709236, 7036504.407617547549307 ], [ 256505.829189582756953, 7036504.407617547549307 ], [ 256505.829189582756953, 7036499.404426957480609 ], [ 256500.825998992804671, 7036499.404426957480609 ], [ 256500.825998992804671, 7036494.401236367411911 ], [ 256495.822808402852388, 7036494.401236367411911 ], [ 256495.822808402852388, 7036489.398045777343214 ], [ 256490.819617812929209, 7036489.398045777343214 ], [ 256490.819617812929209, 7036484.394855187274516 ], [ 256485.816427222976927, 7036484.394855187274516 ], [ 256485.816427222976927, 7036479.391664597205818 ], [ 256475.810046043072361, 7036479.391664597205818 ], [ 256475.810046043072361, 7036484.394855187274516 ], [ 256470.806855453120079, 7036484.394855187274516 ], [ 256470.806855453120079, 7036489.398045777343214 ], [ 256465.803664863167796, 7036489.398045777343214 ], [ 256465.803664863167796, 7036494.401236367411911 ], [ 256460.800474273244618, 7036494.401236367411911 ], [ 256460.800474273244618, 7036499.404426957480609 ], [ 256455.797283683292335, 7036499.404426957480609 ], [ 256455.797283683292335, 7036504.407617547549307 ], [ 256450.794093093340052, 7036504.407617547549307 ], [ 256450.794093093340052, 7036509.410808136686683 ], [ 256445.79090250338777, 7036509.410808136686683 ], [ 256445.79090250338777, 7036514.413998726755381 ], [ 256420.77494955365546, 7036514.413998726755381 ], [ 256420.77494955365546, 7036509.410808136686683 ], [ 256415.771758963703178, 7036509.410808136686683 ], [ 256415.771758963703178, 7036504.407617547549307 ], [ 256410.768568373750895, 7036504.407617547549307 ], [ 256410.768568373750895, 7036499.404426957480609 ], [ 256400.762187193875434, 7036499.404426957480609 ], [ 256400.762187193875434, 7036494.401236367411911 ], [ 256395.758996603923151, 7036494.401236367411911 ], [ 256395.758996603923151, 7036489.398045777343214 ], [ 256385.752615424018586, 7036489.398045777343214 ], [ 256385.752615424018586, 7036494.401236367411911 ], [ 256380.749424834095407, 7036494.401236367411911 ], [ 256380.749424834095407, 7036489.398045777343214 ], [ 256370.743043654190842, 7036489.398045777343214 ], [ 256370.743043654190842, 7036484.394855187274516 ], [ 256365.739853064238559, 7036484.394855187274516 ], [ 256365.739853064238559, 7036479.391664597205818 ], [ 256355.733471884333994, 7036479.391664597205818 ], [ 256355.733471884333994, 7036469.385283417068422 ], [ 256350.730281294410815, 7036469.385283417068422 ], [ 256350.730281294410815, 7036464.382092827931046 ], [ 256345.727090704458533, 7036464.382092827931046 ], [ 256345.727090704458533, 7036454.375711647793651 ], [ 256340.72390011450625, 7036454.375711647793651 ], [ 256340.72390011450625, 7036439.366139877587557 ], [ 256335.720709524553968, 7036439.366139877587557 ], [ 256335.720709524553968, 7036434.362949287518859 ], [ 256325.714328344678506, 7036434.362949287518859 ], [ 256325.714328344678506, 7036429.359758697450161 ], [ 256320.711137754726224, 7036429.359758697450161 ], [ 256320.711137754726224, 7036424.356568108312786 ], [ 256315.707947164773941, 7036424.356568108312786 ], [ 256315.707947164773941, 7036419.353377518244088 ], [ 256305.701565984869376, 7036419.353377518244088 ], [ 256305.701565984869376, 7036404.343805748037994 ], [ 256310.704756574821658, 7036404.343805748037994 ], [ 256310.704756574821658, 7036399.340615157969296 ], [ 256315.707947164773941, 7036399.340615157969296 ], [ 256315.707947164773941, 7036394.337424567900598 ], [ 256320.711137754726224, 7036394.337424567900598 ], [ 256320.711137754726224, 7036389.334233978763223 ], [ 256325.714328344678506, 7036389.334233978763223 ], [ 256325.714328344678506, 7036384.331043388694525 ], [ 256330.717518934601685, 7036384.331043388694525 ], [ 256330.717518934601685, 7036379.327852798625827 ], [ 256335.720709524553968, 7036379.327852798625827 ], [ 256335.720709524553968, 7036374.324662208557129 ], [ 256340.72390011450625, 7036374.324662208557129 ], [ 256340.72390011450625, 7036369.321471618488431 ], [ 256345.727090704458533, 7036369.321471618488431 ], [ 256345.727090704458533, 7036359.315090438351035 ], [ 256340.72390011450625, 7036359.315090438351035 ], [ 256340.72390011450625, 7036349.308709259144962 ], [ 256335.720709524553968, 7036349.308709259144962 ], [ 256335.720709524553968, 7036344.305518669076264 ], [ 256330.717518934601685, 7036344.305518669076264 ], [ 256330.717518934601685, 7036334.299137488938868 ], [ 256325.714328344678506, 7036334.299137488938868 ], [ 256325.714328344678506, 7036329.29594689887017 ], [ 256315.707947164773941, 7036329.29594689887017 ], [ 256315.707947164773941, 7036324.292756308801472 ], [ 256305.701565984869376, 7036324.292756308801472 ], [ 256305.701565984869376, 7036319.289565718732774 ], [ 256300.698375394917093, 7036319.289565718732774 ], [ 256300.698375394917093, 7036314.286375128664076 ], [ 256285.688803625089349, 7036314.286375128664076 ], [ 256285.688803625089349, 7036309.283184539526701 ], [ 256260.67285067535704, 7036309.283184539526701 ], [ 256260.67285067535704, 7036304.279993949458003 ], [ 256195.631373006035574, 7036304.279993949458003 ], [ 256195.631373006035574, 7036299.276803359389305 ], [ 256180.62180123620783, 7036299.276803359389305 ], [ 256180.62180123620783, 7036294.273612769320607 ], [ 256170.615420056303265, 7036294.273612769320607 ], [ 256170.615420056303265, 7036289.270422179251909 ], [ 256165.612229466350982, 7036289.270422179251909 ], [ 256165.612229466350982, 7036284.267231589183211 ], [ 256160.609038876427803, 7036284.267231589183211 ], [ 256160.609038876427803, 7036294.273612769320607 ], [ 256155.605848286475521, 7036294.273612769320607 ], [ 256155.605848286475521, 7036299.276803359389305 ], [ 256145.599467106570955, 7036299.276803359389305 ], [ 256145.599467106570955, 7036314.286375128664076 ], [ 256140.596276516618673, 7036314.286375128664076 ], [ 256140.596276516618673, 7036319.289565718732774 ], [ 256135.59308592666639, 7036319.289565718732774 ], [ 256135.59308592666639, 7036324.292756308801472 ], [ 256130.589895336743211, 7036324.292756308801472 ], [ 256130.589895336743211, 7036334.299137488938868 ], [ 256125.586704746790929, 7036334.299137488938868 ], [ 256125.586704746790929, 7036339.302328079007566 ], [ 256120.583514156838646, 7036339.302328079007566 ], [ 256120.583514156838646, 7036344.305518669076264 ], [ 256115.580323566886364, 7036344.305518669076264 ], [ 256115.580323566886364, 7036349.308709259144962 ], [ 256110.577132976934081, 7036349.308709259144962 ], [ 256110.577132976934081, 7036359.315090438351035 ], [ 256105.573942387010902, 7036359.315090438351035 ], [ 256105.573942387010902, 7036364.318281028419733 ], [ 256095.567561207106337, 7036364.318281028419733 ], [ 256095.567561207106337, 7036369.321471618488431 ], [ 256090.564370617154054, 7036369.321471618488431 ], [ 256090.564370617154054, 7036384.331043388694525 ], [ 256085.561180027201772, 7036384.331043388694525 ], [ 256085.561180027201772, 7036389.334233978763223 ], [ 256075.55479884732631, 7036389.334233978763223 ], [ 256075.55479884732631, 7036394.337424567900598 ], [ 256070.551608257374028, 7036394.337424567900598 ], [ 256070.551608257374028, 7036399.340615157969296 ], [ 256065.548417667421745, 7036399.340615157969296 ], [ 256065.548417667421745, 7036404.343805748037994 ], [ 256060.545227077469463, 7036404.343805748037994 ], [ 256060.545227077469463, 7036409.346996338106692 ], [ 256055.54203648751718, 7036409.346996338106692 ], [ 256055.54203648751718, 7036414.35018692817539 ], [ 256050.538845897594001, 7036414.35018692817539 ], [ 256050.538845897594001, 7036419.353377518244088 ], [ 256040.532464717689436, 7036419.353377518244088 ], [ 256040.532464717689436, 7036424.356568108312786 ], [ 256035.529274127737153, 7036424.356568108312786 ], [ 256035.529274127737153, 7036429.359758697450161 ], [ 256025.522892947832588, 7036429.359758697450161 ], [ 256025.522892947832588, 7036434.362949287518859 ], [ 256020.519702357909409, 7036434.362949287518859 ], [ 256020.519702357909409, 7036439.366139877587557 ], [ 256015.516511767957127, 7036439.366139877587557 ], [ 256015.516511767957127, 7036444.369330467656255 ], [ 256005.510130588052562, 7036444.369330467656255 ], [ 256005.510130588052562, 7036449.372521057724953 ], [ 256010.513321178004844, 7036449.372521057724953 ], [ 256010.513321178004844, 7036454.375711647793651 ], [ 256025.522892947832588, 7036454.375711647793651 ], [ 256025.522892947832588, 7036459.378902237862349 ], [ 256010.513321178004844, 7036459.378902237862349 ], [ 256010.513321178004844, 7036464.382092827931046 ], [ 256005.510130588052562, 7036464.382092827931046 ], [ 256005.510130588052562, 7036469.385283417068422 ], [ 256000.506939998100279, 7036469.385283417068422 ], [ 256000.506939998100279, 7036474.38847400713712 ], [ 255995.5037494081771, 7036474.38847400713712 ], [ 255995.5037494081771, 7036479.391664597205818 ], [ 255990.500558818224818, 7036479.391664597205818 ], [ 255990.500558818224818, 7036489.398045777343214 ], [ 255985.497368228272535, 7036489.398045777343214 ], [ 255985.497368228272535, 7036494.401236367411911 ], [ 255980.494177638320252, 7036494.401236367411911 ], [ 255980.494177638320252, 7036499.404426957480609 ], [ 255970.487796458415687, 7036499.404426957480609 ], [ 255970.487796458415687, 7036504.407617547549307 ], [ 255965.484605868492508, 7036504.407617547549307 ], [ 255965.484605868492508, 7036519.417189316824079 ], [ 255960.481415278540226, 7036519.417189316824079 ], [ 255960.481415278540226, 7036524.420379906892776 ], [ 255955.478224688587943, 7036524.420379906892776 ], [ 255955.478224688587943, 7036529.423570496961474 ], [ 255950.47503409863566, 7036529.423570496961474 ], [ 255950.47503409863566, 7036554.439523446373641 ], [ 255945.471843508683378, 7036554.439523446373641 ], [ 255945.471843508683378, 7036564.445904626511037 ], [ 255940.468652918760199, 7036564.445904626511037 ], [ 255940.468652918760199, 7036569.449095216579735 ], [ 255935.465462328807916, 7036569.449095216579735 ], [ 255935.465462328807916, 7036584.458666985854506 ], [ 255930.462271738855634, 7036584.458666985854506 ], [ 255930.462271738855634, 7036604.471429346129298 ], [ 255925.459081148903351, 7036604.471429346129298 ], [ 255925.459081148903351, 7036614.477810526266694 ], [ 255920.455890558951069, 7036614.477810526266694 ], [ 255920.455890558951069, 7036629.487382295541465 ], [ 255915.452699968998786, 7036629.487382295541465 ], [ 255915.452699968998786, 7036639.493763475678861 ], [ 255910.449509379075607, 7036639.493763475678861 ], [ 255910.449509379075607, 7036649.500144655816257 ], [ 255915.452699968998786, 7036649.500144655816257 ], [ 255915.452699968998786, 7036654.503335245884955 ], [ 255920.455890558951069, 7036654.503335245884955 ], [ 255920.455890558951069, 7036659.50652583502233 ], [ 255925.459081148903351, 7036659.50652583502233 ], [ 255925.459081148903351, 7036664.509716425091028 ], [ 255930.462271738855634, 7036664.509716425091028 ], [ 255930.462271738855634, 7036669.512907015159726 ], [ 255935.465462328807916, 7036669.512907015159726 ], [ 255935.465462328807916, 7036689.525669375434518 ], [ 255930.462271738855634, 7036689.525669375434518 ], [ 255930.462271738855634, 7036694.528859965503216 ], [ 255925.459081148903351, 7036694.528859965503216 ], [ 255925.459081148903351, 7036699.532050554640591 ], [ 255920.455890558951069, 7036699.532050554640591 ], [ 255920.455890558951069, 7036704.535241144709289 ], [ 255925.459081148903351, 7036704.535241144709289 ], [ 255925.459081148903351, 7036709.538431734777987 ], [ 255930.462271738855634, 7036709.538431734777987 ], [ 255930.462271738855634, 7036714.541622324846685 ], [ 255935.465462328807916, 7036714.541622324846685 ], [ 255935.465462328807916, 7036719.544812914915383 ], [ 255940.468652918760199, 7036719.544812914915383 ], [ 255940.468652918760199, 7036724.548003504984081 ], [ 255945.471843508683378, 7036724.548003504984081 ], [ 255945.471843508683378, 7036729.551194095052779 ], [ 255950.47503409863566, 7036729.551194095052779 ], [ 255950.47503409863566, 7036734.554384685121477 ], [ 255955.478224688587943, 7036734.554384685121477 ], [ 255955.478224688587943, 7036739.557575274258852 ], [ 255960.481415278540226, 7036739.557575274258852 ], [ 255960.481415278540226, 7036744.56076586432755 ], [ 255965.484605868492508, 7036744.56076586432755 ], [ 255965.484605868492508, 7036749.563956454396248 ], [ 255970.487796458415687, 7036749.563956454396248 ], [ 255970.487796458415687, 7036754.567147044464946 ], [ 255975.49098704836797, 7036754.567147044464946 ], [ 255975.49098704836797, 7036759.570337634533644 ], [ 255980.494177638320252, 7036759.570337634533644 ], [ 255980.494177638320252, 7036769.57671881467104 ], [ 255985.497368228272535, 7036769.57671881467104 ], [ 255985.497368228272535, 7036779.583099993877113 ], [ 255980.494177638320252, 7036779.583099993877113 ], [ 255980.494177638320252, 7036784.586290583945811 ], [ 255975.49098704836797, 7036784.586290583945811 ], [ 255975.49098704836797, 7036789.589481174014509 ], [ 255970.487796458415687, 7036789.589481174014509 ], [ 255970.487796458415687, 7036794.592671764083207 ], [ 255965.484605868492508, 7036794.592671764083207 ], [ 255965.484605868492508, 7036799.595862354151905 ], [ 255960.481415278540226, 7036799.595862354151905 ], [ 255960.481415278540226, 7036804.599052944220603 ], [ 255955.478224688587943, 7036804.599052944220603 ], [ 255955.478224688587943, 7036809.6022435342893 ], [ 255950.47503409863566, 7036809.6022435342893 ], [ 255950.47503409863566, 7036814.605434123426676 ], [ 255945.471843508683378, 7036814.605434123426676 ], [ 255945.471843508683378, 7036819.608624713495374 ], [ 255940.468652918760199, 7036819.608624713495374 ], [ 255940.468652918760199, 7036824.611815303564072 ], [ 255935.465462328807916, 7036824.611815303564072 ], [ 255935.465462328807916, 7036834.618196483701468 ], [ 255950.47503409863566, 7036834.618196483701468 ], [ 255950.47503409863566, 7036839.621387073770165 ], [ 255960.481415278540226, 7036839.621387073770165 ], [ 255960.481415278540226, 7036844.624577663838863 ], [ 255965.484605868492508, 7036844.624577663838863 ], [ 255965.484605868492508, 7036849.627768253907561 ], [ 255975.49098704836797, 7036849.627768253907561 ], [ 255975.49098704836797, 7036854.630958843044937 ], [ 255985.497368228272535, 7036854.630958843044937 ], [ 255985.497368228272535, 7036859.634149433113635 ], [ 256000.506939998100279, 7036859.634149433113635 ], [ 256000.506939998100279, 7036864.637340023182333 ], [ 256010.513321178004844, 7036864.637340023182333 ], [ 256010.513321178004844, 7036869.64053061325103 ], [ 256020.519702357909409, 7036869.64053061325103 ], [ 256020.519702357909409, 7036874.643721203319728 ], [ 256030.526083537784871, 7036874.643721203319728 ], [ 256030.526083537784871, 7036879.646911793388426 ], [ 256035.529274127737153, 7036879.646911793388426 ], [ 256035.529274127737153, 7036884.650102383457124 ], [ 256045.535655307641719, 7036884.650102383457124 ], [ 256045.535655307641719, 7036889.6532929725945 ], [ 256050.538845897594001, 7036889.6532929725945 ], [ 256050.538845897594001, 7036894.656483562663198 ], [ 256055.54203648751718, 7036894.656483562663198 ], [ 256055.54203648751718, 7036904.662864742800593 ], [ 256060.545227077469463, 7036904.662864742800593 ], [ 256060.545227077469463, 7036909.666055332869291 ], [ 256065.548417667421745, 7036909.666055332869291 ], [ 256065.548417667421745, 7036914.669245922937989 ], [ 256070.551608257374028, 7036914.669245922937989 ], [ 256070.551608257374028, 7036919.672436513006687 ], [ 256080.557989437249489, 7036919.672436513006687 ], [ 256080.557989437249489, 7036924.675627103075385 ], [ 256110.577132976934081, 7036924.675627103075385 ], [ 256110.577132976934081, 7036929.67881769221276 ] ], [ [ 257696.588549990148749, 7036924.675627103075385 ], [ 257731.61088411975652, 7036924.675627103075385 ], [ 257731.61088411975652, 7036919.672436513006687 ], [ 257741.617265299661085, 7036919.672436513006687 ], [ 257741.617265299661085, 7036914.669245922937989 ], [ 257746.620455889613368, 7036914.669245922937989 ], [ 257746.620455889613368, 7036909.666055332869291 ], [ 257741.617265299661085, 7036909.666055332869291 ], [ 257741.617265299661085, 7036904.662864742800593 ], [ 257711.598121759976493, 7036904.662864742800593 ], [ 257711.598121759976493, 7036909.666055332869291 ], [ 257701.591740580101032, 7036909.666055332869291 ], [ 257701.591740580101032, 7036914.669245922937989 ], [ 257691.585359400196467, 7036914.669245922937989 ], [ 257691.585359400196467, 7036919.672436513006687 ], [ 257696.588549990148749, 7036919.672436513006687 ], [ 257696.588549990148749, 7036924.675627103075385 ] ], [ [ 257771.636408839345677, 7036904.662864742800593 ], [ 257821.668314738810295, 7036904.662864742800593 ], [ 257821.668314738810295, 7036894.656483562663198 ], [ 257826.671505328762578, 7036894.656483562663198 ], [ 257826.671505328762578, 7036889.6532929725945 ], [ 257821.668314738810295, 7036889.6532929725945 ], [ 257821.668314738810295, 7036884.650102383457124 ], [ 257816.665124148858013, 7036884.650102383457124 ], [ 257816.665124148858013, 7036879.646911793388426 ], [ 257811.661933558934834, 7036879.646911793388426 ], [ 257811.661933558934834, 7036874.643721203319728 ], [ 257781.642790019250242, 7036874.643721203319728 ], [ 257781.642790019250242, 7036879.646911793388426 ], [ 257776.639599429297959, 7036879.646911793388426 ], [ 257776.639599429297959, 7036884.650102383457124 ], [ 257771.636408839345677, 7036884.650102383457124 ], [ 257771.636408839345677, 7036894.656483562663198 ], [ 257776.639599429297959, 7036894.656483562663198 ], [ 257776.639599429297959, 7036899.659674152731895 ], [ 257771.636408839345677, 7036899.659674152731895 ], [ 257771.636408839345677, 7036904.662864742800593 ] ], [ [ 257316.346065154182725, 7036864.637340023182333 ], [ 257331.355636924010469, 7036864.637340023182333 ], [ 257331.355636924010469, 7036859.634149433113635 ], [ 257341.362018103915034, 7036859.634149433113635 ], [ 257341.362018103915034, 7036854.630958843044937 ], [ 257356.371589873742778, 7036854.630958843044937 ], [ 257356.371589873742778, 7036849.627768253907561 ], [ 257361.37478046369506, 7036849.627768253907561 ], [ 257361.37478046369506, 7036839.621387073770165 ], [ 257356.371589873742778, 7036839.621387073770165 ], [ 257356.371589873742778, 7036834.618196483701468 ], [ 257351.368399283790495, 7036834.618196483701468 ], [ 257351.368399283790495, 7036829.61500589363277 ], [ 257346.365208693838213, 7036829.61500589363277 ], [ 257346.365208693838213, 7036819.608624713495374 ], [ 257341.362018103915034, 7036819.608624713495374 ], [ 257341.362018103915034, 7036809.6022435342893 ], [ 257331.355636924010469, 7036809.6022435342893 ], [ 257331.355636924010469, 7036814.605434123426676 ], [ 257326.352446334058186, 7036814.605434123426676 ], [ 257326.352446334058186, 7036839.621387073770165 ], [ 257321.349255744105903, 7036839.621387073770165 ], [ 257321.349255744105903, 7036844.624577663838863 ], [ 257311.342874564230442, 7036844.624577663838863 ], [ 257311.342874564230442, 7036859.634149433113635 ], [ 257316.346065154182725, 7036859.634149433113635 ], [ 257316.346065154182725, 7036864.637340023182333 ] ], [ [ 257066.186535656830529, 7036849.627768253907561 ], [ 257071.189726246753708, 7036849.627768253907561 ], [ 257071.189726246753708, 7036844.624577663838863 ], [ 257066.186535656830529, 7036844.624577663838863 ], [ 257066.186535656830529, 7036849.627768253907561 ] ], [ [ 257061.183345066878246, 7036844.624577663838863 ], [ 257066.186535656830529, 7036844.624577663838863 ], [ 257066.186535656830529, 7036834.618196483701468 ], [ 257061.183345066878246, 7036834.618196483701468 ], [ 257061.183345066878246, 7036844.624577663838863 ] ], [ [ 256635.912144921370782, 7036829.61500589363277 ], [ 256705.956813180644531, 7036829.61500589363277 ], [ 256705.956813180644531, 7036824.611815303564072 ], [ 256710.960003770596813, 7036824.611815303564072 ], [ 256710.960003770596813, 7036809.6022435342893 ], [ 256705.956813180644531, 7036809.6022435342893 ], [ 256705.956813180644531, 7036804.599052944220603 ], [ 256700.953622590692248, 7036804.599052944220603 ], [ 256700.953622590692248, 7036799.595862354151905 ], [ 256680.940860230912222, 7036799.595862354151905 ], [ 256680.940860230912222, 7036794.592671764083207 ], [ 256665.931288461055374, 7036794.592671764083207 ], [ 256665.931288461055374, 7036799.595862354151905 ], [ 256660.928097871103091, 7036799.595862354151905 ], [ 256660.928097871103091, 7036804.599052944220603 ], [ 256655.924907281179912, 7036804.599052944220603 ], [ 256655.924907281179912, 7036809.6022435342893 ], [ 256650.92171669122763, 7036809.6022435342893 ], [ 256650.92171669122763, 7036814.605434123426676 ], [ 256645.918526101275347, 7036814.605434123426676 ], [ 256645.918526101275347, 7036819.608624713495374 ], [ 256640.915335511323065, 7036819.608624713495374 ], [ 256640.915335511323065, 7036824.611815303564072 ], [ 256635.912144921370782, 7036824.611815303564072 ], [ 256635.912144921370782, 7036829.61500589363277 ] ], [ [ 258492.095853791717673, 7036624.484191705472767 ], [ 258497.099044381669955, 7036624.484191705472767 ], [ 258497.099044381669955, 7036619.481001116335392 ], [ 258502.102234971593134, 7036619.481001116335392 ], [ 258502.102234971593134, 7036609.474619936197996 ], [ 258497.099044381669955, 7036609.474619936197996 ], [ 258497.099044381669955, 7036604.471429346129298 ], [ 258502.102234971593134, 7036604.471429346129298 ], [ 258502.102234971593134, 7036584.458666985854506 ], [ 258507.105425561545417, 7036584.458666985854506 ], [ 258507.105425561545417, 7036589.461857575923204 ], [ 258517.111806741449982, 7036589.461857575923204 ], [ 258517.111806741449982, 7036579.455476396717131 ], [ 258527.118187921354547, 7036579.455476396717131 ], [ 258527.118187921354547, 7036574.452285806648433 ], [ 258532.121378511277726, 7036574.452285806648433 ], [ 258532.121378511277726, 7036569.449095216579735 ], [ 258537.124569101230009, 7036569.449095216579735 ], [ 258537.124569101230009, 7036564.445904626511037 ], [ 258532.121378511277726, 7036564.445904626511037 ], [ 258532.121378511277726, 7036549.436332856304944 ], [ 258527.118187921354547, 7036549.436332856304944 ], [ 258527.118187921354547, 7036544.433142266236246 ], [ 258522.114997331402265, 7036544.433142266236246 ], [ 258522.114997331402265, 7036539.42995167709887 ], [ 258517.111806741449982, 7036539.42995167709887 ], [ 258517.111806741449982, 7036534.426761087030172 ], [ 258492.095853791717673, 7036534.426761087030172 ], [ 258492.095853791717673, 7036539.42995167709887 ], [ 258462.076710252033081, 7036539.42995167709887 ], [ 258462.076710252033081, 7036544.433142266236246 ], [ 258447.067138482176233, 7036544.433142266236246 ], [ 258447.067138482176233, 7036549.436332856304944 ], [ 258437.060757302300772, 7036549.436332856304944 ], [ 258437.060757302300772, 7036554.439523446373641 ], [ 258432.057566712348489, 7036554.439523446373641 ], [ 258432.057566712348489, 7036559.442714036442339 ], [ 258402.038423172663897, 7036559.442714036442339 ], [ 258402.038423172663897, 7036564.445904626511037 ], [ 258352.006517273199279, 7036564.445904626511037 ], [ 258352.006517273199279, 7036569.449095216579735 ], [ 258342.000136093294714, 7036569.449095216579735 ], [ 258342.000136093294714, 7036574.452285806648433 ], [ 258331.993754913419252, 7036574.452285806648433 ], [ 258331.993754913419252, 7036579.455476396717131 ], [ 258321.987373733514687, 7036579.455476396717131 ], [ 258321.987373733514687, 7036584.458666985854506 ], [ 258311.980992553610122, 7036584.458666985854506 ], [ 258311.980992553610122, 7036599.4682387560606 ], [ 258316.984183143562404, 7036599.4682387560606 ], [ 258316.984183143562404, 7036604.471429346129298 ], [ 258367.016089043027023, 7036604.471429346129298 ], [ 258367.016089043027023, 7036599.4682387560606 ], [ 258382.025660812883871, 7036599.4682387560606 ], [ 258382.025660812883871, 7036594.465048165991902 ], [ 258397.035232582711615, 7036594.465048165991902 ], [ 258397.035232582711615, 7036589.461857575923204 ], [ 258407.04161376261618, 7036589.461857575923204 ], [ 258407.04161376261618, 7036584.458666985854506 ], [ 258417.047994942520745, 7036584.458666985854506 ], [ 258417.047994942520745, 7036589.461857575923204 ], [ 258422.051185532443924, 7036589.461857575923204 ], [ 258422.051185532443924, 7036594.465048165991902 ], [ 258427.054376122396206, 7036594.465048165991902 ], [ 258427.054376122396206, 7036599.4682387560606 ], [ 258432.057566712348489, 7036599.4682387560606 ], [ 258432.057566712348489, 7036604.471429346129298 ], [ 258437.060757302300772, 7036604.471429346129298 ], [ 258437.060757302300772, 7036609.474619936197996 ], [ 258492.095853791717673, 7036609.474619936197996 ], [ 258492.095853791717673, 7036624.484191705472767 ] ], [ [ 257841.681077098590322, 7036549.436332856304944 ], [ 257856.69064886844717, 7036549.436332856304944 ], [ 257856.69064886844717, 7036544.433142266236246 ], [ 257866.697030048351735, 7036544.433142266236246 ], [ 257866.697030048351735, 7036539.42995167709887 ], [ 257881.706601818179479, 7036539.42995167709887 ], [ 257881.706601818179479, 7036534.426761087030172 ], [ 257936.74169830759638, 7036534.426761087030172 ], [ 257936.74169830759638, 7036539.42995167709887 ], [ 257991.776794797013281, 7036539.42995167709887 ], [ 257991.776794797013281, 7036544.433142266236246 ], [ 258001.783175976917846, 7036544.433142266236246 ], [ 258001.783175976917846, 7036539.42995167709887 ], [ 258031.802319516602438, 7036539.42995167709887 ], [ 258031.802319516602438, 7036534.426761087030172 ], [ 258056.818272466334747, 7036534.426761087030172 ], [ 258056.818272466334747, 7036529.423570496961474 ], [ 258086.837416006019339, 7036529.423570496961474 ], [ 258086.837416006019339, 7036524.420379906892776 ], [ 258106.850178365799366, 7036524.420379906892776 ], [ 258106.850178365799366, 7036519.417189316824079 ], [ 258116.856559545674827, 7036519.417189316824079 ], [ 258116.856559545674827, 7036514.413998726755381 ], [ 258131.866131315531675, 7036514.413998726755381 ], [ 258131.866131315531675, 7036509.410808136686683 ], [ 258156.882084265263984, 7036509.410808136686683 ], [ 258156.882084265263984, 7036504.407617547549307 ], [ 258196.907608984853141, 7036504.407617547549307 ], [ 258196.907608984853141, 7036499.404426957480609 ], [ 258206.913990164728602, 7036499.404426957480609 ], [ 258206.913990164728602, 7036494.401236367411911 ], [ 258201.91079957477632, 7036494.401236367411911 ], [ 258201.91079957477632, 7036489.398045777343214 ], [ 258196.907608984853141, 7036489.398045777343214 ], [ 258196.907608984853141, 7036484.394855187274516 ], [ 258191.904418394900858, 7036484.394855187274516 ], [ 258191.904418394900858, 7036479.391664597205818 ], [ 258186.901227804948576, 7036479.391664597205818 ], [ 258186.901227804948576, 7036474.38847400713712 ], [ 258181.898037214996293, 7036474.38847400713712 ], [ 258181.898037214996293, 7036469.385283417068422 ], [ 258176.894846625044011, 7036469.385283417068422 ], [ 258176.894846625044011, 7036464.382092827931046 ], [ 258171.891656035091728, 7036464.382092827931046 ], [ 258171.891656035091728, 7036459.378902237862349 ], [ 258166.888465445168549, 7036459.378902237862349 ], [ 258166.888465445168549, 7036454.375711647793651 ], [ 258161.885274855216267, 7036454.375711647793651 ], [ 258161.885274855216267, 7036449.372521057724953 ], [ 258156.882084265263984, 7036449.372521057724953 ], [ 258156.882084265263984, 7036444.369330467656255 ], [ 258151.878893675311701, 7036444.369330467656255 ], [ 258151.878893675311701, 7036434.362949287518859 ], [ 258156.882084265263984, 7036434.362949287518859 ], [ 258156.882084265263984, 7036429.359758697450161 ], [ 258161.885274855216267, 7036429.359758697450161 ], [ 258161.885274855216267, 7036419.353377518244088 ], [ 258166.888465445168549, 7036419.353377518244088 ], [ 258166.888465445168549, 7036414.35018692817539 ], [ 258161.885274855216267, 7036414.35018692817539 ], [ 258161.885274855216267, 7036394.337424567900598 ], [ 258166.888465445168549, 7036394.337424567900598 ], [ 258166.888465445168549, 7036389.334233978763223 ], [ 258151.878893675311701, 7036389.334233978763223 ], [ 258151.878893675311701, 7036384.331043388694525 ], [ 258136.869321905483957, 7036384.331043388694525 ], [ 258136.869321905483957, 7036349.308709259144962 ], [ 258141.87251249543624, 7036349.308709259144962 ], [ 258141.87251249543624, 7036339.302328079007566 ], [ 258146.875703085359419, 7036339.302328079007566 ], [ 258146.875703085359419, 7036329.29594689887017 ], [ 258151.878893675311701, 7036329.29594689887017 ], [ 258151.878893675311701, 7036314.286375128664076 ], [ 258156.882084265263984, 7036314.286375128664076 ], [ 258156.882084265263984, 7036299.276803359389305 ], [ 258161.885274855216267, 7036299.276803359389305 ], [ 258161.885274855216267, 7036294.273612769320607 ], [ 258166.888465445168549, 7036294.273612769320607 ], [ 258166.888465445168549, 7036284.267231589183211 ], [ 258186.901227804948576, 7036284.267231589183211 ], [ 258186.901227804948576, 7036279.264040999114513 ], [ 258191.904418394900858, 7036279.264040999114513 ], [ 258191.904418394900858, 7036274.260850409977138 ], [ 258196.907608984853141, 7036274.260850409977138 ], [ 258196.907608984853141, 7036264.254469229839742 ], [ 258201.91079957477632, 7036264.254469229839742 ], [ 258201.91079957477632, 7036254.248088049702346 ], [ 258206.913990164728602, 7036254.248088049702346 ], [ 258206.913990164728602, 7036249.244897459633648 ], [ 258211.917180754680885, 7036249.244897459633648 ], [ 258211.917180754680885, 7036244.24170686956495 ], [ 258216.920371344633168, 7036244.24170686956495 ], [ 258216.920371344633168, 7036239.238516279496253 ], [ 258221.92356193458545, 7036239.238516279496253 ], [ 258221.92356193458545, 7036234.235325690358877 ], [ 258226.926752524508629, 7036234.235325690358877 ], [ 258226.926752524508629, 7036229.232135100290179 ], [ 258231.929943114460912, 7036229.232135100290179 ], [ 258231.929943114460912, 7036219.225753920152783 ], [ 258236.933133704413194, 7036219.225753920152783 ], [ 258236.933133704413194, 7036209.219372740015388 ], [ 258241.936324294365477, 7036209.219372740015388 ], [ 258241.936324294365477, 7036199.212991559877992 ], [ 258236.933133704413194, 7036199.212991559877992 ], [ 258236.933133704413194, 7036189.206610380671918 ], [ 258231.929943114460912, 7036189.206610380671918 ], [ 258231.929943114460912, 7036184.20341979060322 ], [ 258226.926752524508629, 7036184.20341979060322 ], [ 258226.926752524508629, 7036179.200229200534523 ], [ 258221.92356193458545, 7036179.200229200534523 ], [ 258221.92356193458545, 7036174.197038610465825 ], [ 258216.920371344633168, 7036174.197038610465825 ], [ 258216.920371344633168, 7036169.193848020397127 ], [ 258211.917180754680885, 7036169.193848020397127 ], [ 258211.917180754680885, 7036164.190657430328429 ], [ 258206.913990164728602, 7036164.190657430328429 ], [ 258206.913990164728602, 7036159.187466841191053 ], [ 258201.91079957477632, 7036159.187466841191053 ], [ 258201.91079957477632, 7036154.184276251122355 ], [ 258191.904418394900858, 7036154.184276251122355 ], [ 258191.904418394900858, 7036149.181085661053658 ], [ 258186.901227804948576, 7036149.181085661053658 ], [ 258186.901227804948576, 7036144.17789507098496 ], [ 258181.898037214996293, 7036144.17789507098496 ], [ 258181.898037214996293, 7036139.174704480916262 ], [ 258171.891656035091728, 7036139.174704480916262 ], [ 258171.891656035091728, 7036134.171513890847564 ], [ 258161.885274855216267, 7036134.171513890847564 ], [ 258161.885274855216267, 7036129.168323300778866 ], [ 258156.882084265263984, 7036129.168323300778866 ], [ 258156.882084265263984, 7036124.165132710710168 ], [ 258151.878893675311701, 7036124.165132710710168 ], [ 258151.878893675311701, 7036114.158751531504095 ], [ 258146.875703085359419, 7036114.158751531504095 ], [ 258146.875703085359419, 7036109.155560941435397 ], [ 258136.869321905483957, 7036109.155560941435397 ], [ 258136.869321905483957, 7036104.152370351366699 ], [ 258121.85975013562711, 7036104.152370351366699 ], [ 258121.85975013562711, 7036109.155560941435397 ], [ 258091.840606595942518, 7036109.155560941435397 ], [ 258091.840606595942518, 7036104.152370351366699 ], [ 258086.837416006019339, 7036104.152370351366699 ], [ 258086.837416006019339, 7036094.145989171229303 ], [ 258081.834225416067056, 7036094.145989171229303 ], [ 258081.834225416067056, 7036084.139607991091907 ], [ 258076.831034826114774, 7036084.139607991091907 ], [ 258076.831034826114774, 7036059.12365504167974 ], [ 258081.834225416067056, 7036059.12365504167974 ], [ 258081.834225416067056, 7036049.117273861542344 ], [ 258086.837416006019339, 7036049.117273861542344 ], [ 258086.837416006019339, 7036029.104511502198875 ], [ 258091.840606595942518, 7036029.104511502198875 ], [ 258091.840606595942518, 7036024.101320912130177 ], [ 258096.8437971858948, 7036024.101320912130177 ], [ 258096.8437971858948, 7036019.098130322061479 ], [ 258101.846987775847083, 7036019.098130322061479 ], [ 258101.846987775847083, 7036014.094939731992781 ], [ 258106.850178365799366, 7036014.094939731992781 ], [ 258106.850178365799366, 7036009.091749141924083 ], [ 258111.853368955751648, 7036009.091749141924083 ], [ 258111.853368955751648, 7036004.088558552786708 ], [ 258116.856559545674827, 7036004.088558552786708 ], [ 258116.856559545674827, 7035999.08536796271801 ], [ 258121.85975013562711, 7035999.08536796271801 ], [ 258121.85975013562711, 7035994.082177372649312 ], [ 258126.862940725579392, 7035994.082177372649312 ], [ 258126.862940725579392, 7035989.078986782580614 ], [ 258111.853368955751648, 7035989.078986782580614 ], [ 258111.853368955751648, 7035984.075796192511916 ], [ 258091.840606595942518, 7035984.075796192511916 ], [ 258091.840606595942518, 7035979.072605602443218 ], [ 258071.827844236162491, 7035979.072605602443218 ], [ 258071.827844236162491, 7035984.075796192511916 ], [ 258051.815081876382465, 7035984.075796192511916 ], [ 258051.815081876382465, 7035989.078986782580614 ], [ 258011.789557156793308, 7035989.078986782580614 ], [ 258011.789557156793308, 7035969.066224423237145 ], [ 258016.79274774674559, 7035969.066224423237145 ], [ 258016.79274774674559, 7035959.059843243099749 ], [ 258021.795938336697873, 7035959.059843243099749 ], [ 258021.795938336697873, 7035954.056652653031051 ], [ 258031.802319516602438, 7035954.056652653031051 ], [ 258031.802319516602438, 7035949.053462062962353 ], [ 258046.811891286430182, 7035949.053462062962353 ], [ 258046.811891286430182, 7035944.050271472893655 ], [ 258051.815081876382465, 7035944.050271472893655 ], [ 258051.815081876382465, 7035929.040699703618884 ], [ 258046.811891286430182, 7035929.040699703618884 ], [ 258046.811891286430182, 7035919.034318523481488 ], [ 258051.815081876382465, 7035919.034318523481488 ], [ 258051.815081876382465, 7035914.03112793341279 ], [ 258061.821463056257926, 7035914.03112793341279 ], [ 258061.821463056257926, 7035919.034318523481488 ], [ 258066.824653646210209, 7035919.034318523481488 ], [ 258066.824653646210209, 7035924.037509113550186 ], [ 258071.827844236162491, 7035924.037509113550186 ], [ 258071.827844236162491, 7035929.040699703618884 ], [ 258076.831034826114774, 7035929.040699703618884 ], [ 258076.831034826114774, 7035934.043890292756259 ], [ 258086.837416006019339, 7035934.043890292756259 ], [ 258086.837416006019339, 7035939.047080882824957 ], [ 258101.846987775847083, 7035939.047080882824957 ], [ 258101.846987775847083, 7035934.043890292756259 ], [ 258106.850178365799366, 7035934.043890292756259 ], [ 258106.850178365799366, 7035929.040699703618884 ], [ 258116.856559545674827, 7035929.040699703618884 ], [ 258116.856559545674827, 7035924.037509113550186 ], [ 258141.87251249543624, 7035924.037509113550186 ], [ 258141.87251249543624, 7035929.040699703618884 ], [ 258186.901227804948576, 7035929.040699703618884 ], [ 258186.901227804948576, 7035914.03112793341279 ], [ 258226.926752524508629, 7035914.03112793341279 ], [ 258226.926752524508629, 7035919.034318523481488 ], [ 258241.936324294365477, 7035919.034318523481488 ], [ 258241.936324294365477, 7035924.037509113550186 ], [ 258251.942705474270042, 7035924.037509113550186 ], [ 258251.942705474270042, 7035929.040699703618884 ], [ 258286.965039603877813, 7035929.040699703618884 ], [ 258286.965039603877813, 7035934.043890292756259 ], [ 258306.977801963686943, 7035934.043890292756259 ], [ 258306.977801963686943, 7035939.047080882824957 ], [ 258316.984183143562404, 7035939.047080882824957 ], [ 258316.984183143562404, 7035944.050271472893655 ], [ 258321.987373733514687, 7035944.050271472893655 ], [ 258321.987373733514687, 7035939.047080882824957 ], [ 258326.99056432346697, 7035939.047080882824957 ], [ 258326.99056432346697, 7035944.050271472893655 ], [ 258347.003326683246996, 7035944.050271472893655 ], [ 258347.003326683246996, 7035924.037509113550186 ], [ 258342.000136093294714, 7035924.037509113550186 ], [ 258342.000136093294714, 7035919.034318523481488 ], [ 258331.993754913419252, 7035919.034318523481488 ], [ 258331.993754913419252, 7035924.037509113550186 ], [ 258321.987373733514687, 7035924.037509113550186 ], [ 258321.987373733514687, 7035929.040699703618884 ], [ 258316.984183143562404, 7035929.040699703618884 ], [ 258316.984183143562404, 7035924.037509113550186 ], [ 258311.980992553610122, 7035924.037509113550186 ], [ 258311.980992553610122, 7035919.034318523481488 ], [ 258306.977801963686943, 7035919.034318523481488 ], [ 258306.977801963686943, 7035909.027937343344092 ], [ 258301.97461137373466, 7035909.027937343344092 ], [ 258301.97461137373466, 7035904.024746753275394 ], [ 258296.971420783782378, 7035904.024746753275394 ], [ 258296.971420783782378, 7035894.018365573137999 ], [ 258286.965039603877813, 7035894.018365573137999 ], [ 258286.965039603877813, 7035889.015174984000623 ], [ 258276.958658424002351, 7035889.015174984000623 ], [ 258276.958658424002351, 7035884.011984393931925 ], [ 258266.952277244097786, 7035884.011984393931925 ], [ 258266.952277244097786, 7035879.008793803863227 ], [ 258256.945896064193221, 7035879.008793803863227 ], [ 258256.945896064193221, 7035874.005603213794529 ], [ 258251.942705474270042, 7035874.005603213794529 ], [ 258251.942705474270042, 7035863.999222033657134 ], [ 258256.945896064193221, 7035863.999222033657134 ], [ 258256.945896064193221, 7035843.986459674313664 ], [ 258276.958658424002351, 7035843.986459674313664 ], [ 258276.958658424002351, 7035848.989650264382362 ], [ 258291.968230193830095, 7035848.989650264382362 ], [ 258291.968230193830095, 7035843.986459674313664 ], [ 258306.977801963686943, 7035843.986459674313664 ], [ 258306.977801963686943, 7035848.989650264382362 ], [ 258331.993754913419252, 7035848.989650264382362 ], [ 258331.993754913419252, 7035843.986459674313664 ], [ 258326.99056432346697, 7035843.986459674313664 ], [ 258326.99056432346697, 7035838.983269084244967 ], [ 258321.987373733514687, 7035838.983269084244967 ], [ 258321.987373733514687, 7035833.980078494176269 ], [ 258296.971420783782378, 7035833.980078494176269 ], [ 258296.971420783782378, 7035828.976887904107571 ], [ 258291.968230193830095, 7035828.976887904107571 ], [ 258291.968230193830095, 7035823.973697314038873 ], [ 258281.96184901392553, 7035823.973697314038873 ], [ 258281.96184901392553, 7035828.976887904107571 ], [ 258256.945896064193221, 7035828.976887904107571 ], [ 258256.945896064193221, 7035833.980078494176269 ], [ 258246.939514884317759, 7035833.980078494176269 ], [ 258246.939514884317759, 7035838.983269084244967 ], [ 258236.933133704413194, 7035838.983269084244967 ], [ 258236.933133704413194, 7035843.986459674313664 ], [ 258231.929943114460912, 7035843.986459674313664 ], [ 258231.929943114460912, 7035853.99284085445106 ], [ 258226.926752524508629, 7035853.99284085445106 ], [ 258226.926752524508629, 7035858.996031443588436 ], [ 258221.92356193458545, 7035858.996031443588436 ], [ 258221.92356193458545, 7035863.999222033657134 ], [ 258211.917180754680885, 7035863.999222033657134 ], [ 258211.917180754680885, 7035869.002412623725832 ], [ 258206.913990164728602, 7035869.002412623725832 ], [ 258206.913990164728602, 7035874.005603213794529 ], [ 258156.882084265263984, 7035874.005603213794529 ], [ 258156.882084265263984, 7035879.008793803863227 ], [ 258151.878893675311701, 7035879.008793803863227 ], [ 258151.878893675311701, 7035874.005603213794529 ], [ 258146.875703085359419, 7035874.005603213794529 ], [ 258146.875703085359419, 7035869.002412623725832 ], [ 258141.87251249543624, 7035869.002412623725832 ], [ 258141.87251249543624, 7035874.005603213794529 ], [ 258126.862940725579392, 7035874.005603213794529 ], [ 258126.862940725579392, 7035884.011984393931925 ], [ 258116.856559545674827, 7035884.011984393931925 ], [ 258116.856559545674827, 7035889.015174984000623 ], [ 258101.846987775847083, 7035889.015174984000623 ], [ 258101.846987775847083, 7035884.011984393931925 ], [ 258081.834225416067056, 7035884.011984393931925 ], [ 258081.834225416067056, 7035879.008793803863227 ], [ 258066.824653646210209, 7035879.008793803863227 ], [ 258066.824653646210209, 7035874.005603213794529 ], [ 258061.821463056257926, 7035874.005603213794529 ], [ 258061.821463056257926, 7035879.008793803863227 ], [ 258056.818272466334747, 7035879.008793803863227 ], [ 258056.818272466334747, 7035884.011984393931925 ], [ 258051.815081876382465, 7035884.011984393931925 ], [ 258051.815081876382465, 7035889.015174984000623 ], [ 258046.811891286430182, 7035889.015174984000623 ], [ 258046.811891286430182, 7035894.018365573137999 ], [ 258041.808700696477899, 7035894.018365573137999 ], [ 258041.808700696477899, 7035899.021556163206697 ], [ 258026.799128926650155, 7035899.021556163206697 ], [ 258026.799128926650155, 7035904.024746753275394 ], [ 258021.795938336697873, 7035904.024746753275394 ], [ 258021.795938336697873, 7035909.027937343344092 ], [ 258016.79274774674559, 7035909.027937343344092 ], [ 258016.79274774674559, 7035914.03112793341279 ], [ 258001.783175976917846, 7035914.03112793341279 ], [ 258001.783175976917846, 7035909.027937343344092 ], [ 257996.779985386965564, 7035909.027937343344092 ], [ 257996.779985386965564, 7035904.024746753275394 ], [ 257991.776794797013281, 7035904.024746753275394 ], [ 257991.776794797013281, 7035899.021556163206697 ], [ 257986.773604207060998, 7035899.021556163206697 ], [ 257986.773604207060998, 7035894.018365573137999 ], [ 257981.770413617108716, 7035894.018365573137999 ], [ 257981.770413617108716, 7035889.015174984000623 ], [ 257976.767223027185537, 7035889.015174984000623 ], [ 257976.767223027185537, 7035904.024746753275394 ], [ 257971.764032437233254, 7035904.024746753275394 ], [ 257971.764032437233254, 7035909.027937343344092 ], [ 257966.760841847280972, 7035909.027937343344092 ], [ 257966.760841847280972, 7035919.034318523481488 ], [ 257956.754460667376406, 7035919.034318523481488 ], [ 257956.754460667376406, 7035924.037509113550186 ], [ 257946.748079487500945, 7035924.037509113550186 ], [ 257946.748079487500945, 7035929.040699703618884 ], [ 257936.74169830759638, 7035929.040699703618884 ], [ 257936.74169830759638, 7035934.043890292756259 ], [ 257926.735317127691815, 7035934.043890292756259 ], [ 257926.735317127691815, 7035939.047080882824957 ], [ 257921.732126537768636, 7035939.047080882824957 ], [ 257921.732126537768636, 7035944.050271472893655 ], [ 257911.725745357864071, 7035944.050271472893655 ], [ 257911.725745357864071, 7035949.053462062962353 ], [ 257901.719364177959505, 7035949.053462062962353 ], [ 257901.719364177959505, 7035954.056652653031051 ], [ 257891.712982998084044, 7035954.056652653031051 ], [ 257891.712982998084044, 7035959.059843243099749 ], [ 257886.709792408131761, 7035959.059843243099749 ], [ 257886.709792408131761, 7035964.063033833168447 ], [ 257876.703411228227196, 7035964.063033833168447 ], [ 257876.703411228227196, 7035969.066224423237145 ], [ 257851.687458278494887, 7035969.066224423237145 ], [ 257851.687458278494887, 7035964.063033833168447 ], [ 257846.684267688542604, 7035964.063033833168447 ], [ 257846.684267688542604, 7035934.043890292756259 ], [ 257851.687458278494887, 7035934.043890292756259 ], [ 257851.687458278494887, 7035879.008793803863227 ], [ 257846.684267688542604, 7035879.008793803863227 ], [ 257846.684267688542604, 7035874.005603213794529 ], [ 257851.687458278494887, 7035874.005603213794529 ], [ 257851.687458278494887, 7035853.99284085445106 ], [ 257846.684267688542604, 7035853.99284085445106 ], [ 257846.684267688542604, 7035848.989650264382362 ], [ 257841.681077098590322, 7035848.989650264382362 ], [ 257841.681077098590322, 7035843.986459674313664 ], [ 257816.665124148858013, 7035843.986459674313664 ], [ 257816.665124148858013, 7035848.989650264382362 ], [ 257806.658742968982551, 7035848.989650264382362 ], [ 257806.658742968982551, 7035843.986459674313664 ], [ 257801.655552379030269, 7035843.986459674313664 ], [ 257801.655552379030269, 7035838.983269084244967 ], [ 257796.652361789077986, 7035838.983269084244967 ], [ 257796.652361789077986, 7035828.976887904107571 ], [ 257791.649171199125703, 7035828.976887904107571 ], [ 257791.649171199125703, 7035793.954553774558008 ], [ 257796.652361789077986, 7035793.954553774558008 ], [ 257796.652361789077986, 7035768.938600825145841 ], [ 257801.655552379030269, 7035768.938600825145841 ], [ 257801.655552379030269, 7035763.935410235077143 ], [ 257806.658742968982551, 7035763.935410235077143 ], [ 257806.658742968982551, 7035753.929029054939747 ], [ 257811.661933558934834, 7035753.929029054939747 ], [ 257811.661933558934834, 7035748.925838464871049 ], [ 257816.665124148858013, 7035748.925838464871049 ], [ 257816.665124148858013, 7035738.919457285664976 ], [ 257821.668314738810295, 7035738.919457285664976 ], [ 257821.668314738810295, 7035733.916266695596278 ], [ 257826.671505328762578, 7035733.916266695596278 ], [ 257826.671505328762578, 7035723.909885515458882 ], [ 257831.67469591871486, 7035723.909885515458882 ], [ 257831.67469591871486, 7035713.903504335321486 ], [ 257836.677886508667143, 7035713.903504335321486 ], [ 257836.677886508667143, 7035703.89712315518409 ], [ 257841.681077098590322, 7035703.89712315518409 ], [ 257841.681077098590322, 7035698.893932566046715 ], [ 257846.684267688542604, 7035698.893932566046715 ], [ 257846.684267688542604, 7035693.890741975978017 ], [ 257851.687458278494887, 7035693.890741975978017 ], [ 257851.687458278494887, 7035688.887551385909319 ], [ 257861.693839458399452, 7035688.887551385909319 ], [ 257861.693839458399452, 7035683.884360795840621 ], [ 257871.700220638274914, 7035683.884360795840621 ], [ 257871.700220638274914, 7035673.877979615703225 ], [ 257876.703411228227196, 7035673.877979615703225 ], [ 257876.703411228227196, 7035668.874789025634527 ], [ 257881.706601818179479, 7035668.874789025634527 ], [ 257881.706601818179479, 7035663.871598435565829 ], [ 257886.709792408131761, 7035663.871598435565829 ], [ 257886.709792408131761, 7035658.868407846428454 ], [ 257891.712982998084044, 7035658.868407846428454 ], [ 257891.712982998084044, 7035653.865217256359756 ], [ 257901.719364177959505, 7035653.865217256359756 ], [ 257901.719364177959505, 7035648.862026666291058 ], [ 257906.722554767911788, 7035648.862026666291058 ], [ 257906.722554767911788, 7035643.85883607622236 ], [ 257911.725745357864071, 7035643.85883607622236 ], [ 257911.725745357864071, 7035638.855645486153662 ], [ 257916.728935947816353, 7035638.855645486153662 ], [ 257916.728935947816353, 7035628.849264306016266 ], [ 257921.732126537768636, 7035628.849264306016266 ], [ 257921.732126537768636, 7035613.839692536741495 ], [ 257926.735317127691815, 7035613.839692536741495 ], [ 257926.735317127691815, 7035603.833311356604099 ], [ 257931.738507717644097, 7035603.833311356604099 ], [ 257931.738507717644097, 7035588.823739586398005 ], [ 257936.74169830759638, 7035588.823739586398005 ], [ 257936.74169830759638, 7035558.80459604691714 ], [ 257941.744888897548662, 7035558.80459604691714 ], [ 257941.744888897548662, 7035548.798214866779745 ], [ 257946.748079487500945, 7035548.798214866779745 ], [ 257946.748079487500945, 7035538.791833687573671 ], [ 257951.751270077424124, 7035538.791833687573671 ], [ 257951.751270077424124, 7035533.788643097504973 ], [ 257956.754460667376406, 7035533.788643097504973 ], [ 257956.754460667376406, 7035493.763118377886713 ], [ 257961.757651257328689, 7035493.763118377886713 ], [ 257961.757651257328689, 7035518.77907132729888 ], [ 257966.760841847280972, 7035518.77907132729888 ], [ 257966.760841847280972, 7035513.775880737230182 ], [ 257971.764032437233254, 7035513.775880737230182 ], [ 257971.764032437233254, 7035503.769499558024108 ], [ 257966.760841847280972, 7035503.769499558024108 ], [ 257966.760841847280972, 7035498.76630896795541 ], [ 257971.764032437233254, 7035498.76630896795541 ], [ 257971.764032437233254, 7035488.759927787818015 ], [ 257976.767223027185537, 7035488.759927787818015 ], [ 257976.767223027185537, 7035483.756737197749317 ], [ 257981.770413617108716, 7035483.756737197749317 ], [ 257981.770413617108716, 7035478.753546607680619 ], [ 257991.776794797013281, 7035478.753546607680619 ], [ 257991.776794797013281, 7035473.750356017611921 ], [ 257996.779985386965564, 7035473.750356017611921 ], [ 257996.779985386965564, 7035468.747165428474545 ], [ 258001.783175976917846, 7035468.747165428474545 ], [ 258001.783175976917846, 7035458.74078424833715 ], [ 258006.786366566841025, 7035458.74078424833715 ], [ 258006.786366566841025, 7035438.728021888062358 ], [ 258011.789557156793308, 7035438.728021888062358 ], [ 258011.789557156793308, 7035423.718450118787587 ], [ 258016.79274774674559, 7035423.718450118787587 ], [ 258016.79274774674559, 7035418.715259528718889 ], [ 258026.799128926650155, 7035418.715259528718889 ], [ 258026.799128926650155, 7035408.708878348581493 ], [ 258036.805510106525617, 7035408.708878348581493 ], [ 258036.805510106525617, 7035403.705687758512795 ], [ 258041.808700696477899, 7035403.705687758512795 ], [ 258041.808700696477899, 7035408.708878348581493 ], [ 258061.821463056257926, 7035408.708878348581493 ], [ 258061.821463056257926, 7035403.705687758512795 ], [ 258066.824653646210209, 7035403.705687758512795 ], [ 258066.824653646210209, 7035398.702497168444097 ], [ 258071.827844236162491, 7035398.702497168444097 ], [ 258071.827844236162491, 7035388.696115989238024 ], [ 258076.831034826114774, 7035388.696115989238024 ], [ 258076.831034826114774, 7035378.689734809100628 ], [ 258086.837416006019339, 7035378.689734809100628 ], [ 258086.837416006019339, 7035373.68654421903193 ], [ 258091.840606595942518, 7035373.68654421903193 ], [ 258091.840606595942518, 7035368.683353628963232 ], [ 258101.846987775847083, 7035368.683353628963232 ], [ 258101.846987775847083, 7035363.680163038894534 ], [ 258121.85975013562711, 7035363.680163038894534 ], [ 258121.85975013562711, 7035368.683353628963232 ], [ 258131.866131315531675, 7035368.683353628963232 ], [ 258131.866131315531675, 7035363.680163038894534 ], [ 258191.904418394900858, 7035363.680163038894534 ], [ 258191.904418394900858, 7035368.683353628963232 ], [ 258196.907608984853141, 7035368.683353628963232 ], [ 258196.907608984853141, 7035378.689734809100628 ], [ 258206.913990164728602, 7035378.689734809100628 ], [ 258206.913990164728602, 7035383.692925399169326 ], [ 258211.917180754680885, 7035383.692925399169326 ], [ 258211.917180754680885, 7035388.696115989238024 ], [ 258216.920371344633168, 7035388.696115989238024 ], [ 258216.920371344633168, 7035403.705687758512795 ], [ 258221.92356193458545, 7035403.705687758512795 ], [ 258221.92356193458545, 7035433.72483129799366 ], [ 258216.920371344633168, 7035433.72483129799366 ], [ 258216.920371344633168, 7035448.734403068199754 ], [ 258211.917180754680885, 7035448.734403068199754 ], [ 258211.917180754680885, 7035463.743974838405848 ], [ 258206.913990164728602, 7035463.743974838405848 ], [ 258206.913990164728602, 7035473.750356017611921 ], [ 258201.91079957477632, 7035473.750356017611921 ], [ 258201.91079957477632, 7035488.759927787818015 ], [ 258196.907608984853141, 7035488.759927787818015 ], [ 258196.907608984853141, 7035508.772690148092806 ], [ 258191.904418394900858, 7035508.772690148092806 ], [ 258191.904418394900858, 7035528.785452507436275 ], [ 258186.901227804948576, 7035528.785452507436275 ], [ 258186.901227804948576, 7035538.791833687573671 ], [ 258181.898037214996293, 7035538.791833687573671 ], [ 258181.898037214996293, 7035548.798214866779745 ], [ 258176.894846625044011, 7035548.798214866779745 ], [ 258176.894846625044011, 7035583.82054899726063 ], [ 258181.898037214996293, 7035583.82054899726063 ], [ 258181.898037214996293, 7035593.826930176466703 ], [ 258236.933133704413194, 7035593.826930176466703 ], [ 258236.933133704413194, 7035598.830120766535401 ], [ 258261.949086654145503, 7035598.830120766535401 ], [ 258261.949086654145503, 7035593.826930176466703 ], [ 258311.980992553610122, 7035593.826930176466703 ], [ 258311.980992553610122, 7035588.823739586398005 ], [ 258362.012898453103844, 7035588.823739586398005 ], [ 258362.012898453103844, 7035593.826930176466703 ], [ 258377.022470222931588, 7035593.826930176466703 ], [ 258377.022470222931588, 7035588.823739586398005 ], [ 258382.025660812883871, 7035588.823739586398005 ], [ 258382.025660812883871, 7035583.82054899726063 ], [ 258387.028851402836153, 7035583.82054899726063 ], [ 258387.028851402836153, 7035578.817358407191932 ], [ 258392.032041992759332, 7035578.817358407191932 ], [ 258392.032041992759332, 7035573.814167817123234 ], [ 258397.035232582711615, 7035573.814167817123234 ], [ 258397.035232582711615, 7035568.810977227054536 ], [ 258402.038423172663897, 7035568.810977227054536 ], [ 258402.038423172663897, 7035563.807786636985838 ], [ 258407.04161376261618, 7035563.807786636985838 ], [ 258407.04161376261618, 7035558.80459604691714 ], [ 258412.044804352568462, 7035558.80459604691714 ], [ 258412.044804352568462, 7035553.801405456848443 ], [ 258417.047994942520745, 7035553.801405456848443 ], [ 258417.047994942520745, 7035548.798214866779745 ], [ 258422.051185532443924, 7035548.798214866779745 ], [ 258422.051185532443924, 7035543.795024277642369 ], [ 258427.054376122396206, 7035543.795024277642369 ], [ 258427.054376122396206, 7035523.782261917367578 ], [ 258422.051185532443924, 7035523.782261917367578 ], [ 258422.051185532443924, 7035513.775880737230182 ], [ 258427.054376122396206, 7035513.775880737230182 ], [ 258427.054376122396206, 7035508.772690148092806 ], [ 258432.057566712348489, 7035508.772690148092806 ], [ 258432.057566712348489, 7035503.769499558024108 ], [ 258442.063947892253054, 7035503.769499558024108 ], [ 258442.063947892253054, 7035498.76630896795541 ], [ 258487.09266320176539, 7035498.76630896795541 ], [ 258487.09266320176539, 7035503.769499558024108 ], [ 258522.114997331402265, 7035503.769499558024108 ], [ 258522.114997331402265, 7035498.76630896795541 ], [ 258527.118187921354547, 7035498.76630896795541 ], [ 258527.118187921354547, 7035493.763118377886713 ], [ 258532.121378511277726, 7035493.763118377886713 ], [ 258532.121378511277726, 7035488.759927787818015 ], [ 258537.124569101230009, 7035488.759927787818015 ], [ 258537.124569101230009, 7035483.756737197749317 ], [ 258552.134140871086856, 7035483.756737197749317 ], [ 258552.134140871086856, 7035488.759927787818015 ], [ 258557.137331461010035, 7035488.759927787818015 ], [ 258557.137331461010035, 7035493.763118377886713 ], [ 258562.140522050962318, 7035493.763118377886713 ], [ 258562.140522050962318, 7035498.76630896795541 ], [ 258567.1437126409146, 7035498.76630896795541 ], [ 258567.1437126409146, 7035503.769499558024108 ], [ 258572.146903230866883, 7035503.769499558024108 ], [ 258572.146903230866883, 7035508.772690148092806 ], [ 258577.150093820819166, 7035508.772690148092806 ], [ 258577.150093820819166, 7035513.775880737230182 ], [ 258582.153284410771448, 7035513.775880737230182 ], [ 258582.153284410771448, 7035518.77907132729888 ], [ 258587.156475000694627, 7035518.77907132729888 ], [ 258587.156475000694627, 7035523.782261917367578 ], [ 258592.15966559064691, 7035523.782261917367578 ], [ 258592.15966559064691, 7035528.785452507436275 ], [ 258597.162856180599192, 7035528.785452507436275 ], [ 258597.162856180599192, 7035533.788643097504973 ], [ 258602.166046770551475, 7035533.788643097504973 ], [ 258602.166046770551475, 7035528.785452507436275 ], [ 258607.169237360503757, 7035528.785452507436275 ], [ 258607.169237360503757, 7035523.782261917367578 ], [ 258612.172427950426936, 7035523.782261917367578 ], [ 258612.172427950426936, 7035518.77907132729888 ], [ 258622.178809130331501, 7035518.77907132729888 ], [ 258622.178809130331501, 7035513.775880737230182 ], [ 258627.181999720283784, 7035513.775880737230182 ], [ 258627.181999720283784, 7035508.772690148092806 ], [ 258632.185190310236067, 7035508.772690148092806 ], [ 258632.185190310236067, 7035503.769499558024108 ], [ 258637.188380900188349, 7035503.769499558024108 ], [ 258637.188380900188349, 7035498.76630896795541 ], [ 258642.191571490111528, 7035498.76630896795541 ], [ 258642.191571490111528, 7035493.763118377886713 ], [ 258647.194762080063811, 7035493.763118377886713 ], [ 258647.194762080063811, 7035488.759927787818015 ], [ 258652.197952670016093, 7035488.759927787818015 ], [ 258652.197952670016093, 7035483.756737197749317 ], [ 258672.21071502979612, 7035483.756737197749317 ], [ 258672.21071502979612, 7035478.753546607680619 ], [ 258677.213905619748402, 7035478.753546607680619 ], [ 258677.213905619748402, 7035473.750356017611921 ], [ 258682.217096209700685, 7035473.750356017611921 ], [ 258682.217096209700685, 7035468.747165428474545 ], [ 258687.220286799652968, 7035468.747165428474545 ], [ 258687.220286799652968, 7035463.743974838405848 ], [ 258692.22347738960525, 7035463.743974838405848 ], [ 258692.22347738960525, 7035458.74078424833715 ], [ 258697.226667979528429, 7035458.74078424833715 ], [ 258697.226667979528429, 7035453.737593658268452 ], [ 258702.229858569480712, 7035453.737593658268452 ], [ 258702.229858569480712, 7035448.734403068199754 ], [ 258707.233049159432994, 7035448.734403068199754 ], [ 258707.233049159432994, 7035443.731212478131056 ], [ 258722.242620929260738, 7035443.731212478131056 ], [ 258722.242620929260738, 7035448.734403068199754 ], [ 258727.245811519213021, 7035448.734403068199754 ], [ 258727.245811519213021, 7035453.737593658268452 ], [ 258732.249002109165303, 7035453.737593658268452 ], [ 258732.249002109165303, 7035458.74078424833715 ], [ 258737.252192699117586, 7035458.74078424833715 ], [ 258737.252192699117586, 7035463.743974838405848 ], [ 258742.255383289069869, 7035463.743974838405848 ], [ 258742.255383289069869, 7035468.747165428474545 ], [ 258747.258573879022151, 7035468.747165428474545 ], [ 258747.258573879022151, 7035473.750356017611921 ], [ 258752.26176446894533, 7035473.750356017611921 ], [ 258752.26176446894533, 7035478.753546607680619 ], [ 258757.264955058897613, 7035478.753546607680619 ], [ 258757.264955058897613, 7035483.756737197749317 ], [ 258762.268145648849895, 7035483.756737197749317 ], [ 258762.268145648849895, 7035488.759927787818015 ], [ 258767.271336238802178, 7035488.759927787818015 ], [ 258767.271336238802178, 7035493.763118377886713 ], [ 258772.27452682875446, 7035493.763118377886713 ], [ 258772.27452682875446, 7035498.76630896795541 ], [ 258777.277717418677639, 7035498.76630896795541 ], [ 258777.277717418677639, 7035503.769499558024108 ], [ 258782.280908008629922, 7035503.769499558024108 ], [ 258782.280908008629922, 7035508.772690148092806 ], [ 258787.284098598582204, 7035508.772690148092806 ], [ 258787.284098598582204, 7035513.775880737230182 ], [ 258792.287289188534487, 7035513.775880737230182 ], [ 258792.287289188534487, 7035518.77907132729888 ], [ 258797.29047977848677, 7035518.77907132729888 ], [ 258797.29047977848677, 7035533.788643097504973 ], [ 258792.287289188534487, 7035533.788643097504973 ], [ 258792.287289188534487, 7035538.791833687573671 ], [ 258787.284098598582204, 7035538.791833687573671 ], [ 258787.284098598582204, 7035543.795024277642369 ], [ 258792.287289188534487, 7035543.795024277642369 ], [ 258792.287289188534487, 7035548.798214866779745 ], [ 258797.29047977848677, 7035548.798214866779745 ], [ 258797.29047977848677, 7035553.801405456848443 ], [ 258802.293670368439052, 7035553.801405456848443 ], [ 258802.293670368439052, 7035558.80459604691714 ], [ 258807.296860958362231, 7035558.80459604691714 ], [ 258807.296860958362231, 7035563.807786636985838 ], [ 258812.300051548314514, 7035563.807786636985838 ], [ 258812.300051548314514, 7035568.810977227054536 ], [ 258817.303242138266796, 7035568.810977227054536 ], [ 258817.303242138266796, 7035573.814167817123234 ], [ 258822.306432728219079, 7035573.814167817123234 ], [ 258822.306432728219079, 7035593.826930176466703 ], [ 258817.303242138266796, 7035593.826930176466703 ], [ 258817.303242138266796, 7035598.830120766535401 ], [ 258812.300051548314514, 7035598.830120766535401 ], [ 258812.300051548314514, 7035603.833311356604099 ], [ 258807.296860958362231, 7035603.833311356604099 ], [ 258807.296860958362231, 7035608.836501946672797 ], [ 258802.293670368439052, 7035608.836501946672797 ], [ 258802.293670368439052, 7035613.839692536741495 ], [ 258797.29047977848677, 7035613.839692536741495 ], [ 258797.29047977848677, 7035618.842883126810193 ], [ 258792.287289188534487, 7035618.842883126810193 ], [ 258792.287289188534487, 7035623.846073716878891 ], [ 258787.284098598582204, 7035623.846073716878891 ], [ 258787.284098598582204, 7035628.849264306016266 ], [ 258782.280908008629922, 7035628.849264306016266 ], [ 258782.280908008629922, 7035633.852454896084964 ], [ 258777.277717418677639, 7035633.852454896084964 ], [ 258777.277717418677639, 7035638.855645486153662 ], [ 258772.27452682875446, 7035638.855645486153662 ], [ 258772.27452682875446, 7035643.85883607622236 ], [ 258767.271336238802178, 7035643.85883607622236 ], [ 258767.271336238802178, 7035648.862026666291058 ], [ 258762.268145648849895, 7035648.862026666291058 ], [ 258762.268145648849895, 7035653.865217256359756 ], [ 258757.264955058897613, 7035653.865217256359756 ], [ 258757.264955058897613, 7035658.868407846428454 ], [ 258752.26176446894533, 7035658.868407846428454 ], [ 258752.26176446894533, 7035663.871598435565829 ], [ 258732.249002109165303, 7035663.871598435565829 ], [ 258732.249002109165303, 7035658.868407846428454 ], [ 258727.245811519213021, 7035658.868407846428454 ], [ 258727.245811519213021, 7035653.865217256359756 ], [ 258722.242620929260738, 7035653.865217256359756 ], [ 258722.242620929260738, 7035648.862026666291058 ], [ 258717.239430339337559, 7035648.862026666291058 ], [ 258717.239430339337559, 7035653.865217256359756 ], [ 258712.236239749385277, 7035653.865217256359756 ], [ 258712.236239749385277, 7035658.868407846428454 ], [ 258707.233049159432994, 7035658.868407846428454 ], [ 258707.233049159432994, 7035663.871598435565829 ], [ 258702.229858569480712, 7035663.871598435565829 ], [ 258702.229858569480712, 7035668.874789025634527 ], [ 258697.226667979528429, 7035668.874789025634527 ], [ 258697.226667979528429, 7035673.877979615703225 ], [ 258692.22347738960525, 7035673.877979615703225 ], [ 258692.22347738960525, 7035678.881170205771923 ], [ 258687.220286799652968, 7035678.881170205771923 ], [ 258687.220286799652968, 7035683.884360795840621 ], [ 258682.217096209700685, 7035683.884360795840621 ], [ 258682.217096209700685, 7035688.887551385909319 ], [ 258677.213905619748402, 7035688.887551385909319 ], [ 258677.213905619748402, 7035693.890741975978017 ], [ 258672.21071502979612, 7035693.890741975978017 ], [ 258672.21071502979612, 7035698.893932566046715 ], [ 258667.207524439843837, 7035698.893932566046715 ], [ 258667.207524439843837, 7035703.89712315518409 ], [ 258662.204333849920658, 7035703.89712315518409 ], [ 258662.204333849920658, 7035708.900313745252788 ], [ 258647.194762080063811, 7035708.900313745252788 ], [ 258647.194762080063811, 7035703.89712315518409 ], [ 258642.191571490111528, 7035703.89712315518409 ], [ 258642.191571490111528, 7035698.893932566046715 ], [ 258637.188380900188349, 7035698.893932566046715 ], [ 258637.188380900188349, 7035693.890741975978017 ], [ 258632.185190310236067, 7035693.890741975978017 ], [ 258632.185190310236067, 7035688.887551385909319 ], [ 258622.178809130331501, 7035688.887551385909319 ], [ 258622.178809130331501, 7035693.890741975978017 ], [ 258617.175618540379219, 7035693.890741975978017 ], [ 258617.175618540379219, 7035698.893932566046715 ], [ 258612.172427950426936, 7035698.893932566046715 ], [ 258612.172427950426936, 7035703.89712315518409 ], [ 258607.169237360503757, 7035703.89712315518409 ], [ 258607.169237360503757, 7035708.900313745252788 ], [ 258602.166046770551475, 7035708.900313745252788 ], [ 258602.166046770551475, 7035713.903504335321486 ], [ 258597.162856180599192, 7035713.903504335321486 ], [ 258597.162856180599192, 7035718.906694925390184 ], [ 258592.15966559064691, 7035718.906694925390184 ], [ 258592.15966559064691, 7035723.909885515458882 ], [ 258582.153284410771448, 7035723.909885515458882 ], [ 258582.153284410771448, 7035718.906694925390184 ], [ 258577.150093820819166, 7035718.906694925390184 ], [ 258577.150093820819166, 7035713.903504335321486 ], [ 258567.1437126409146, 7035713.903504335321486 ], [ 258567.1437126409146, 7035718.906694925390184 ], [ 258562.140522050962318, 7035718.906694925390184 ], [ 258562.140522050962318, 7035713.903504335321486 ], [ 258552.134140871086856, 7035713.903504335321486 ], [ 258552.134140871086856, 7035728.91307610552758 ], [ 258532.121378511277726, 7035728.91307610552758 ], [ 258532.121378511277726, 7035733.916266695596278 ], [ 258467.079900841985364, 7035733.916266695596278 ], [ 258467.079900841985364, 7035728.91307610552758 ], [ 258457.073519662080798, 7035728.91307610552758 ], [ 258457.073519662080798, 7035763.935410235077143 ], [ 258452.070329072128516, 7035763.935410235077143 ], [ 258452.070329072128516, 7035808.964125544764102 ], [ 258457.073519662080798, 7035808.964125544764102 ], [ 258457.073519662080798, 7035818.970506723970175 ], [ 258452.070329072128516, 7035818.970506723970175 ], [ 258452.070329072128516, 7035828.976887904107571 ], [ 258447.067138482176233, 7035828.976887904107571 ], [ 258447.067138482176233, 7035838.983269084244967 ], [ 258442.063947892253054, 7035838.983269084244967 ], [ 258442.063947892253054, 7035843.986459674313664 ], [ 258437.060757302300772, 7035843.986459674313664 ], [ 258437.060757302300772, 7035858.996031443588436 ], [ 258432.057566712348489, 7035858.996031443588436 ], [ 258432.057566712348489, 7035869.002412623725832 ], [ 258417.047994942520745, 7035869.002412623725832 ], [ 258417.047994942520745, 7035858.996031443588436 ], [ 258422.051185532443924, 7035858.996031443588436 ], [ 258422.051185532443924, 7035853.99284085445106 ], [ 258417.047994942520745, 7035853.99284085445106 ], [ 258417.047994942520745, 7035848.989650264382362 ], [ 258412.044804352568462, 7035848.989650264382362 ], [ 258412.044804352568462, 7035838.983269084244967 ], [ 258407.04161376261618, 7035838.983269084244967 ], [ 258407.04161376261618, 7035833.980078494176269 ], [ 258402.038423172663897, 7035833.980078494176269 ], [ 258402.038423172663897, 7035828.976887904107571 ], [ 258397.035232582711615, 7035828.976887904107571 ], [ 258397.035232582711615, 7035823.973697314038873 ], [ 258387.028851402836153, 7035823.973697314038873 ], [ 258387.028851402836153, 7035818.970506723970175 ], [ 258382.025660812883871, 7035818.970506723970175 ], [ 258382.025660812883871, 7035823.973697314038873 ], [ 258377.022470222931588, 7035823.973697314038873 ], [ 258377.022470222931588, 7035828.976887904107571 ], [ 258382.025660812883871, 7035828.976887904107571 ], [ 258382.025660812883871, 7035833.980078494176269 ], [ 258377.022470222931588, 7035833.980078494176269 ], [ 258377.022470222931588, 7035838.983269084244967 ], [ 258362.012898453103844, 7035838.983269084244967 ], [ 258362.012898453103844, 7035853.99284085445106 ], [ 258367.016089043027023, 7035853.99284085445106 ], [ 258367.016089043027023, 7035858.996031443588436 ], [ 258372.019279632979305, 7035858.996031443588436 ], [ 258372.019279632979305, 7035869.002412623725832 ], [ 258382.025660812883871, 7035869.002412623725832 ], [ 258382.025660812883871, 7035874.005603213794529 ], [ 258392.032041992759332, 7035874.005603213794529 ], [ 258392.032041992759332, 7035879.008793803863227 ], [ 258397.035232582711615, 7035879.008793803863227 ], [ 258397.035232582711615, 7035874.005603213794529 ], [ 258422.051185532443924, 7035874.005603213794529 ], [ 258422.051185532443924, 7035879.008793803863227 ], [ 258432.057566712348489, 7035879.008793803863227 ], [ 258432.057566712348489, 7035894.018365573137999 ], [ 258427.054376122396206, 7035894.018365573137999 ], [ 258427.054376122396206, 7035904.024746753275394 ], [ 258412.044804352568462, 7035904.024746753275394 ], [ 258412.044804352568462, 7035914.03112793341279 ], [ 258402.038423172663897, 7035914.03112793341279 ], [ 258402.038423172663897, 7035919.034318523481488 ], [ 258397.035232582711615, 7035919.034318523481488 ], [ 258397.035232582711615, 7035924.037509113550186 ], [ 258387.028851402836153, 7035924.037509113550186 ], [ 258387.028851402836153, 7035929.040699703618884 ], [ 258382.025660812883871, 7035929.040699703618884 ], [ 258382.025660812883871, 7035934.043890292756259 ], [ 258372.019279632979305, 7035934.043890292756259 ], [ 258372.019279632979305, 7035939.047080882824957 ], [ 258367.016089043027023, 7035939.047080882824957 ], [ 258367.016089043027023, 7035944.050271472893655 ], [ 258362.012898453103844, 7035944.050271472893655 ], [ 258362.012898453103844, 7035949.053462062962353 ], [ 258357.009707863151561, 7035949.053462062962353 ], [ 258357.009707863151561, 7035954.056652653031051 ], [ 258352.006517273199279, 7035954.056652653031051 ], [ 258352.006517273199279, 7035959.059843243099749 ], [ 258347.003326683246996, 7035959.059843243099749 ], [ 258347.003326683246996, 7035964.063033833168447 ], [ 258336.996945503342431, 7035964.063033833168447 ], [ 258336.996945503342431, 7035969.066224423237145 ], [ 258326.99056432346697, 7035969.066224423237145 ], [ 258326.99056432346697, 7035984.075796192511916 ], [ 258321.987373733514687, 7035984.075796192511916 ], [ 258321.987373733514687, 7035979.072605602443218 ], [ 258311.980992553610122, 7035979.072605602443218 ], [ 258311.980992553610122, 7035984.075796192511916 ], [ 258296.971420783782378, 7035984.075796192511916 ], [ 258296.971420783782378, 7035999.08536796271801 ], [ 258301.97461137373466, 7035999.08536796271801 ], [ 258301.97461137373466, 7036009.091749141924083 ], [ 258306.977801963686943, 7036009.091749141924083 ], [ 258306.977801963686943, 7036014.094939731992781 ], [ 258311.980992553610122, 7036014.094939731992781 ], [ 258311.980992553610122, 7036019.098130322061479 ], [ 258301.97461137373466, 7036019.098130322061479 ], [ 258301.97461137373466, 7036029.104511502198875 ], [ 258306.977801963686943, 7036029.104511502198875 ], [ 258306.977801963686943, 7036044.114083272404969 ], [ 258311.980992553610122, 7036044.114083272404969 ], [ 258311.980992553610122, 7036069.130036221817136 ], [ 258306.977801963686943, 7036069.130036221817136 ], [ 258306.977801963686943, 7036074.133226811885834 ], [ 258301.97461137373466, 7036074.133226811885834 ], [ 258301.97461137373466, 7036079.136417401954532 ], [ 258296.971420783782378, 7036079.136417401954532 ], [ 258296.971420783782378, 7036089.142798581160605 ], [ 258301.97461137373466, 7036089.142798581160605 ], [ 258301.97461137373466, 7036104.152370351366699 ], [ 258311.980992553610122, 7036104.152370351366699 ], [ 258311.980992553610122, 7036099.149179761298001 ], [ 258362.012898453103844, 7036099.149179761298001 ], [ 258362.012898453103844, 7036094.145989171229303 ], [ 258367.016089043027023, 7036094.145989171229303 ], [ 258367.016089043027023, 7036089.142798581160605 ], [ 258372.019279632979305, 7036089.142798581160605 ], [ 258372.019279632979305, 7036079.136417401954532 ], [ 258377.022470222931588, 7036079.136417401954532 ], [ 258377.022470222931588, 7036069.130036221817136 ], [ 258392.032041992759332, 7036069.130036221817136 ], [ 258392.032041992759332, 7036074.133226811885834 ], [ 258397.035232582711615, 7036074.133226811885834 ], [ 258397.035232582711615, 7036084.139607991091907 ], [ 258392.032041992759332, 7036084.139607991091907 ], [ 258392.032041992759332, 7036099.149179761298001 ], [ 258387.028851402836153, 7036099.149179761298001 ], [ 258387.028851402836153, 7036104.152370351366699 ], [ 258382.025660812883871, 7036104.152370351366699 ], [ 258382.025660812883871, 7036109.155560941435397 ], [ 258377.022470222931588, 7036109.155560941435397 ], [ 258377.022470222931588, 7036114.158751531504095 ], [ 258372.019279632979305, 7036114.158751531504095 ], [ 258372.019279632979305, 7036119.161942121572793 ], [ 258367.016089043027023, 7036119.161942121572793 ], [ 258367.016089043027023, 7036129.168323300778866 ], [ 258357.009707863151561, 7036129.168323300778866 ], [ 258357.009707863151561, 7036134.171513890847564 ], [ 258347.003326683246996, 7036134.171513890847564 ], [ 258347.003326683246996, 7036139.174704480916262 ], [ 258342.000136093294714, 7036139.174704480916262 ], [ 258342.000136093294714, 7036144.17789507098496 ], [ 258336.996945503342431, 7036144.17789507098496 ], [ 258336.996945503342431, 7036149.181085661053658 ], [ 258331.993754913419252, 7036149.181085661053658 ], [ 258331.993754913419252, 7036154.184276251122355 ], [ 258326.99056432346697, 7036154.184276251122355 ], [ 258326.99056432346697, 7036164.190657430328429 ], [ 258321.987373733514687, 7036164.190657430328429 ], [ 258321.987373733514687, 7036169.193848020397127 ], [ 258316.984183143562404, 7036169.193848020397127 ], [ 258316.984183143562404, 7036174.197038610465825 ], [ 258311.980992553610122, 7036174.197038610465825 ], [ 258311.980992553610122, 7036179.200229200534523 ], [ 258301.97461137373466, 7036179.200229200534523 ], [ 258301.97461137373466, 7036184.20341979060322 ], [ 258296.971420783782378, 7036184.20341979060322 ], [ 258296.971420783782378, 7036194.209800970740616 ], [ 258291.968230193830095, 7036194.209800970740616 ], [ 258291.968230193830095, 7036199.212991559877992 ], [ 258281.96184901392553, 7036199.212991559877992 ], [ 258281.96184901392553, 7036194.209800970740616 ], [ 258266.952277244097786, 7036194.209800970740616 ], [ 258266.952277244097786, 7036199.212991559877992 ], [ 258261.949086654145503, 7036199.212991559877992 ], [ 258261.949086654145503, 7036224.228944510221481 ], [ 258256.945896064193221, 7036224.228944510221481 ], [ 258256.945896064193221, 7036229.232135100290179 ], [ 258251.942705474270042, 7036229.232135100290179 ], [ 258251.942705474270042, 7036239.238516279496253 ], [ 258246.939514884317759, 7036239.238516279496253 ], [ 258246.939514884317759, 7036249.244897459633648 ], [ 258266.952277244097786, 7036249.244897459633648 ], [ 258266.952277244097786, 7036244.24170686956495 ], [ 258286.965039603877813, 7036244.24170686956495 ], [ 258286.965039603877813, 7036239.238516279496253 ], [ 258296.971420783782378, 7036239.238516279496253 ], [ 258296.971420783782378, 7036234.235325690358877 ], [ 258306.977801963686943, 7036234.235325690358877 ], [ 258306.977801963686943, 7036229.232135100290179 ], [ 258316.984183143562404, 7036229.232135100290179 ], [ 258316.984183143562404, 7036224.228944510221481 ], [ 258321.987373733514687, 7036224.228944510221481 ], [ 258321.987373733514687, 7036209.219372740015388 ], [ 258331.993754913419252, 7036209.219372740015388 ], [ 258331.993754913419252, 7036204.21618214994669 ], [ 258336.996945503342431, 7036204.21618214994669 ], [ 258336.996945503342431, 7036199.212991559877992 ], [ 258357.009707863151561, 7036199.212991559877992 ], [ 258357.009707863151561, 7036194.209800970740616 ], [ 258377.022470222931588, 7036194.209800970740616 ], [ 258377.022470222931588, 7036189.206610380671918 ], [ 258427.054376122396206, 7036189.206610380671918 ], [ 258427.054376122396206, 7036194.209800970740616 ], [ 258432.057566712348489, 7036194.209800970740616 ], [ 258432.057566712348489, 7036214.222563330084085 ], [ 258437.060757302300772, 7036214.222563330084085 ], [ 258437.060757302300772, 7036224.228944510221481 ], [ 258432.057566712348489, 7036224.228944510221481 ], [ 258432.057566712348489, 7036239.238516279496253 ], [ 258427.054376122396206, 7036239.238516279496253 ], [ 258427.054376122396206, 7036249.244897459633648 ], [ 258422.051185532443924, 7036249.244897459633648 ], [ 258422.051185532443924, 7036254.248088049702346 ], [ 258417.047994942520745, 7036254.248088049702346 ], [ 258417.047994942520745, 7036264.254469229839742 ], [ 258412.044804352568462, 7036264.254469229839742 ], [ 258412.044804352568462, 7036269.25765981990844 ], [ 258407.04161376261618, 7036269.25765981990844 ], [ 258407.04161376261618, 7036279.264040999114513 ], [ 258402.038423172663897, 7036279.264040999114513 ], [ 258402.038423172663897, 7036284.267231589183211 ], [ 258397.035232582711615, 7036284.267231589183211 ], [ 258397.035232582711615, 7036294.273612769320607 ], [ 258392.032041992759332, 7036294.273612769320607 ], [ 258392.032041992759332, 7036299.276803359389305 ], [ 258387.028851402836153, 7036299.276803359389305 ], [ 258387.028851402836153, 7036314.286375128664076 ], [ 258382.025660812883871, 7036314.286375128664076 ], [ 258382.025660812883871, 7036324.292756308801472 ], [ 258377.022470222931588, 7036324.292756308801472 ], [ 258377.022470222931588, 7036334.299137488938868 ], [ 258372.019279632979305, 7036334.299137488938868 ], [ 258372.019279632979305, 7036339.302328079007566 ], [ 258367.016089043027023, 7036339.302328079007566 ], [ 258367.016089043027023, 7036349.308709259144962 ], [ 258362.012898453103844, 7036349.308709259144962 ], [ 258362.012898453103844, 7036354.311899848282337 ], [ 258357.009707863151561, 7036354.311899848282337 ], [ 258357.009707863151561, 7036359.315090438351035 ], [ 258352.006517273199279, 7036359.315090438351035 ], [ 258352.006517273199279, 7036364.318281028419733 ], [ 258347.003326683246996, 7036364.318281028419733 ], [ 258347.003326683246996, 7036374.324662208557129 ], [ 258342.000136093294714, 7036374.324662208557129 ], [ 258342.000136093294714, 7036379.327852798625827 ], [ 258347.003326683246996, 7036379.327852798625827 ], [ 258347.003326683246996, 7036384.331043388694525 ], [ 258352.006517273199279, 7036384.331043388694525 ], [ 258352.006517273199279, 7036389.334233978763223 ], [ 258357.009707863151561, 7036389.334233978763223 ], [ 258357.009707863151561, 7036394.337424567900598 ], [ 258362.012898453103844, 7036394.337424567900598 ], [ 258362.012898453103844, 7036399.340615157969296 ], [ 258367.016089043027023, 7036399.340615157969296 ], [ 258367.016089043027023, 7036409.346996338106692 ], [ 258387.028851402836153, 7036409.346996338106692 ], [ 258387.028851402836153, 7036404.343805748037994 ], [ 258407.04161376261618, 7036404.343805748037994 ], [ 258407.04161376261618, 7036409.346996338106692 ], [ 258462.076710252033081, 7036409.346996338106692 ], [ 258462.076710252033081, 7036414.35018692817539 ], [ 258477.086282021860825, 7036414.35018692817539 ], [ 258477.086282021860825, 7036409.346996338106692 ], [ 258482.089472611813108, 7036409.346996338106692 ], [ 258482.089472611813108, 7036414.35018692817539 ], [ 258492.095853791717673, 7036414.35018692817539 ], [ 258492.095853791717673, 7036419.353377518244088 ], [ 258497.099044381669955, 7036419.353377518244088 ], [ 258497.099044381669955, 7036424.356568108312786 ], [ 258507.105425561545417, 7036424.356568108312786 ], [ 258507.105425561545417, 7036429.359758697450161 ], [ 258522.114997331402265, 7036429.359758697450161 ], [ 258522.114997331402265, 7036414.35018692817539 ], [ 258527.118187921354547, 7036414.35018692817539 ], [ 258527.118187921354547, 7036409.346996338106692 ], [ 258532.121378511277726, 7036409.346996338106692 ], [ 258532.121378511277726, 7036404.343805748037994 ], [ 258537.124569101230009, 7036404.343805748037994 ], [ 258537.124569101230009, 7036399.340615157969296 ], [ 258542.127759691182291, 7036399.340615157969296 ], [ 258542.127759691182291, 7036394.337424567900598 ], [ 258557.137331461010035, 7036394.337424567900598 ], [ 258557.137331461010035, 7036399.340615157969296 ], [ 258572.146903230866883, 7036399.340615157969296 ], [ 258572.146903230866883, 7036404.343805748037994 ], [ 258587.156475000694627, 7036404.343805748037994 ], [ 258587.156475000694627, 7036409.346996338106692 ], [ 258597.162856180599192, 7036409.346996338106692 ], [ 258597.162856180599192, 7036414.35018692817539 ], [ 258617.175618540379219, 7036414.35018692817539 ], [ 258617.175618540379219, 7036419.353377518244088 ], [ 258632.185190310236067, 7036419.353377518244088 ], [ 258632.185190310236067, 7036424.356568108312786 ], [ 258637.188380900188349, 7036424.356568108312786 ], [ 258637.188380900188349, 7036454.375711647793651 ], [ 258642.191571490111528, 7036454.375711647793651 ], [ 258642.191571490111528, 7036489.398045777343214 ], [ 258647.194762080063811, 7036489.398045777343214 ], [ 258647.194762080063811, 7036484.394855187274516 ], [ 258657.201143259968376, 7036484.394855187274516 ], [ 258657.201143259968376, 7036499.404426957480609 ], [ 258652.197952670016093, 7036499.404426957480609 ], [ 258652.197952670016093, 7036519.417189316824079 ], [ 258657.201143259968376, 7036519.417189316824079 ], [ 258657.201143259968376, 7036514.413998726755381 ], [ 258667.207524439843837, 7036514.413998726755381 ], [ 258667.207524439843837, 7036509.410808136686683 ], [ 258672.21071502979612, 7036509.410808136686683 ], [ 258672.21071502979612, 7036504.407617547549307 ], [ 258677.213905619748402, 7036504.407617547549307 ], [ 258677.213905619748402, 7036494.401236367411911 ], [ 258682.217096209700685, 7036494.401236367411911 ], [ 258682.217096209700685, 7036489.398045777343214 ], [ 258687.220286799652968, 7036489.398045777343214 ], [ 258687.220286799652968, 7036484.394855187274516 ], [ 258692.22347738960525, 7036484.394855187274516 ], [ 258692.22347738960525, 7036479.391664597205818 ], [ 258697.226667979528429, 7036479.391664597205818 ], [ 258697.226667979528429, 7036469.385283417068422 ], [ 258702.229858569480712, 7036469.385283417068422 ], [ 258702.229858569480712, 7036464.382092827931046 ], [ 258707.233049159432994, 7036464.382092827931046 ], [ 258707.233049159432994, 7036459.378902237862349 ], [ 258712.236239749385277, 7036459.378902237862349 ], [ 258712.236239749385277, 7036454.375711647793651 ], [ 258717.239430339337559, 7036454.375711647793651 ], [ 258717.239430339337559, 7036449.372521057724953 ], [ 258722.242620929260738, 7036449.372521057724953 ], [ 258722.242620929260738, 7036444.369330467656255 ], [ 258727.245811519213021, 7036444.369330467656255 ], [ 258727.245811519213021, 7036439.366139877587557 ], [ 258732.249002109165303, 7036439.366139877587557 ], [ 258732.249002109165303, 7036434.362949287518859 ], [ 258742.255383289069869, 7036434.362949287518859 ], [ 258742.255383289069869, 7036429.359758697450161 ], [ 258747.258573879022151, 7036429.359758697450161 ], [ 258747.258573879022151, 7036424.356568108312786 ], [ 258762.268145648849895, 7036424.356568108312786 ], [ 258762.268145648849895, 7036414.35018692817539 ], [ 258772.27452682875446, 7036414.35018692817539 ], [ 258772.27452682875446, 7036409.346996338106692 ], [ 258782.280908008629922, 7036409.346996338106692 ], [ 258782.280908008629922, 7036394.337424567900598 ], [ 258787.284098598582204, 7036394.337424567900598 ], [ 258787.284098598582204, 7036389.334233978763223 ], [ 258792.287289188534487, 7036389.334233978763223 ], [ 258792.287289188534487, 7036384.331043388694525 ], [ 258802.293670368439052, 7036384.331043388694525 ], [ 258802.293670368439052, 7036379.327852798625827 ], [ 258807.296860958362231, 7036379.327852798625827 ], [ 258807.296860958362231, 7036354.311899848282337 ], [ 258812.300051548314514, 7036354.311899848282337 ], [ 258812.300051548314514, 7036349.308709259144962 ], [ 258817.303242138266796, 7036349.308709259144962 ], [ 258817.303242138266796, 7036344.305518669076264 ], [ 258822.306432728219079, 7036344.305518669076264 ], [ 258822.306432728219079, 7036339.302328079007566 ], [ 258837.316004498046823, 7036339.302328079007566 ], [ 258837.316004498046823, 7036344.305518669076264 ], [ 258847.322385677951388, 7036344.305518669076264 ], [ 258847.322385677951388, 7036349.308709259144962 ], [ 258857.328766857855953, 7036349.308709259144962 ], [ 258857.328766857855953, 7036344.305518669076264 ], [ 258872.338338627683697, 7036344.305518669076264 ], [ 258872.338338627683697, 7036339.302328079007566 ], [ 258882.344719807588262, 7036339.302328079007566 ], [ 258882.344719807588262, 7036334.299137488938868 ], [ 258892.351100987463724, 7036334.299137488938868 ], [ 258892.351100987463724, 7036329.29594689887017 ], [ 258902.357482167368289, 7036329.29594689887017 ], [ 258902.357482167368289, 7036324.292756308801472 ], [ 258907.360672757320572, 7036324.292756308801472 ], [ 258907.360672757320572, 7036319.289565718732774 ], [ 258912.363863347272854, 7036319.289565718732774 ], [ 258912.363863347272854, 7036294.273612769320607 ], [ 258907.360672757320572, 7036294.273612769320607 ], [ 258907.360672757320572, 7036279.264040999114513 ], [ 258912.363863347272854, 7036279.264040999114513 ], [ 258912.363863347272854, 7036269.25765981990844 ], [ 258917.367053937196033, 7036269.25765981990844 ], [ 258917.367053937196033, 7036259.251278639771044 ], [ 258912.363863347272854, 7036259.251278639771044 ], [ 258912.363863347272854, 7036199.212991559877992 ], [ 258902.357482167368289, 7036199.212991559877992 ], [ 258902.357482167368289, 7036189.206610380671918 ], [ 258907.360672757320572, 7036189.206610380671918 ], [ 258907.360672757320572, 7036179.200229200534523 ], [ 258902.357482167368289, 7036179.200229200534523 ], [ 258902.357482167368289, 7036169.193848020397127 ], [ 258907.360672757320572, 7036169.193848020397127 ], [ 258907.360672757320572, 7036144.17789507098496 ], [ 258912.363863347272854, 7036144.17789507098496 ], [ 258912.363863347272854, 7036134.171513890847564 ], [ 258922.370244527148316, 7036134.171513890847564 ], [ 258922.370244527148316, 7036129.168323300778866 ], [ 258927.373435117100598, 7036129.168323300778866 ], [ 258927.373435117100598, 7036124.165132710710168 ], [ 258942.383006886928342, 7036124.165132710710168 ], [ 258942.383006886928342, 7036119.161942121572793 ], [ 258957.39257865678519, 7036119.161942121572793 ], [ 258957.39257865678519, 7036114.158751531504095 ], [ 258982.408531606517499, 7036114.158751531504095 ], [ 258982.408531606517499, 7036109.155560941435397 ], [ 258997.418103376345243, 7036109.155560941435397 ], [ 258997.418103376345243, 7036104.152370351366699 ], [ 259007.424484556249809, 7036104.152370351366699 ], [ 259007.424484556249809, 7036099.149179761298001 ], [ 259042.446818685886683, 7036099.149179761298001 ], [ 259042.446818685886683, 7036094.145989171229303 ], [ 259062.45958104566671, 7036094.145989171229303 ], [ 259062.45958104566671, 7036089.142798581160605 ], [ 259072.465962225571275, 7036089.142798581160605 ], [ 259072.465962225571275, 7036084.139607991091907 ], [ 259092.478724585351301, 7036084.139607991091907 ], [ 259092.478724585351301, 7036079.136417401954532 ], [ 259107.488296355179045, 7036079.136417401954532 ], [ 259107.488296355179045, 7036074.133226811885834 ], [ 259112.491486945131328, 7036074.133226811885834 ], [ 259112.491486945131328, 7036069.130036221817136 ], [ 259127.501058714988176, 7036069.130036221817136 ], [ 259127.501058714988176, 7036064.126845631748438 ], [ 259147.513821074768202, 7036064.126845631748438 ], [ 259147.513821074768202, 7036059.12365504167974 ], [ 259152.517011664720485, 7036059.12365504167974 ], [ 259152.517011664720485, 7036029.104511502198875 ], [ 259157.520202254672768, 7036029.104511502198875 ], [ 259157.520202254672768, 7036019.098130322061479 ], [ 259162.523392844595946, 7036019.098130322061479 ], [ 259162.523392844595946, 7036014.094939731992781 ], [ 259167.526583434548229, 7036014.094939731992781 ], [ 259167.526583434548229, 7035999.08536796271801 ], [ 259172.529774024500512, 7035999.08536796271801 ], [ 259172.529774024500512, 7035989.078986782580614 ], [ 259177.532964614452794, 7035989.078986782580614 ], [ 259177.532964614452794, 7035979.072605602443218 ], [ 259182.536155204405077, 7035979.072605602443218 ], [ 259182.536155204405077, 7035964.063033833168447 ], [ 259187.539345794328256, 7035964.063033833168447 ], [ 259187.539345794328256, 7035954.056652653031051 ], [ 259192.542536384280538, 7035954.056652653031051 ], [ 259192.542536384280538, 7035934.043890292756259 ], [ 259202.548917564185103, 7035934.043890292756259 ], [ 259202.548917564185103, 7035929.040699703618884 ], [ 259207.552108154137386, 7035929.040699703618884 ], [ 259207.552108154137386, 7035919.034318523481488 ], [ 259212.555298744089669, 7035919.034318523481488 ], [ 259212.555298744089669, 7035894.018365573137999 ], [ 259207.552108154137386, 7035894.018365573137999 ], [ 259207.552108154137386, 7035889.015174984000623 ], [ 259212.555298744089669, 7035889.015174984000623 ], [ 259212.555298744089669, 7035884.011984393931925 ], [ 259222.56167992396513, 7035884.011984393931925 ], [ 259222.56167992396513, 7035874.005603213794529 ], [ 259227.564870513917413, 7035874.005603213794529 ], [ 259227.564870513917413, 7035869.002412623725832 ], [ 259232.568061103869695, 7035869.002412623725832 ], [ 259232.568061103869695, 7035853.99284085445106 ], [ 259237.571251693821978, 7035853.99284085445106 ], [ 259237.571251693821978, 7035843.986459674313664 ], [ 259242.574442283745157, 7035843.986459674313664 ], [ 259242.574442283745157, 7035838.983269084244967 ], [ 259247.577632873697439, 7035838.983269084244967 ], [ 259247.577632873697439, 7035833.980078494176269 ], [ 259252.580823463649722, 7035833.980078494176269 ], [ 259252.580823463649722, 7035823.973697314038873 ], [ 259257.584014053602004, 7035823.973697314038873 ], [ 259257.584014053602004, 7035818.970506723970175 ], [ 259262.587204643554287, 7035818.970506723970175 ], [ 259262.587204643554287, 7035813.967316134832799 ], [ 259267.59039523350657, 7035813.967316134832799 ], [ 259267.59039523350657, 7035808.964125544764102 ], [ 259272.593585823429748, 7035808.964125544764102 ], [ 259272.593585823429748, 7035798.957744364626706 ], [ 259277.596776413382031, 7035798.957744364626706 ], [ 259277.596776413382031, 7035793.954553774558008 ], [ 259282.599967003334314, 7035793.954553774558008 ], [ 259282.599967003334314, 7035783.948172594420612 ], [ 259287.603157593286596, 7035783.948172594420612 ], [ 259287.603157593286596, 7035773.941791415214539 ], [ 259292.606348183238879, 7035773.941791415214539 ], [ 259292.606348183238879, 7035763.935410235077143 ], [ 259297.609538773162058, 7035763.935410235077143 ], [ 259297.609538773162058, 7035748.925838464871049 ], [ 259292.606348183238879, 7035748.925838464871049 ], [ 259292.606348183238879, 7035738.919457285664976 ], [ 259297.609538773162058, 7035738.919457285664976 ], [ 259297.609538773162058, 7035733.916266695596278 ], [ 259292.606348183238879, 7035733.916266695596278 ], [ 259292.606348183238879, 7035723.909885515458882 ], [ 259287.603157593286596, 7035723.909885515458882 ], [ 259287.603157593286596, 7035718.906694925390184 ], [ 259282.599967003334314, 7035718.906694925390184 ], [ 259282.599967003334314, 7035713.903504335321486 ], [ 259277.596776413382031, 7035713.903504335321486 ], [ 259277.596776413382031, 7035703.89712315518409 ], [ 259272.593585823429748, 7035703.89712315518409 ], [ 259272.593585823429748, 7035693.890741975978017 ], [ 259267.59039523350657, 7035693.890741975978017 ], [ 259267.59039523350657, 7035668.874789025634527 ], [ 259272.593585823429748, 7035668.874789025634527 ], [ 259272.593585823429748, 7035663.871598435565829 ], [ 259262.587204643554287, 7035663.871598435565829 ], [ 259262.587204643554287, 7035658.868407846428454 ], [ 259247.577632873697439, 7035658.868407846428454 ], [ 259247.577632873697439, 7035653.865217256359756 ], [ 259242.574442283745157, 7035653.865217256359756 ], [ 259242.574442283745157, 7035648.862026666291058 ], [ 259232.568061103869695, 7035648.862026666291058 ], [ 259232.568061103869695, 7035643.85883607622236 ], [ 259222.56167992396513, 7035643.85883607622236 ], [ 259222.56167992396513, 7035638.855645486153662 ], [ 259217.558489334012847, 7035638.855645486153662 ], [ 259217.558489334012847, 7035628.849264306016266 ], [ 259222.56167992396513, 7035628.849264306016266 ], [ 259222.56167992396513, 7035618.842883126810193 ], [ 259217.558489334012847, 7035618.842883126810193 ], [ 259217.558489334012847, 7035573.814167817123234 ], [ 259222.56167992396513, 7035573.814167817123234 ], [ 259222.56167992396513, 7035568.810977227054536 ], [ 259217.558489334012847, 7035568.810977227054536 ], [ 259217.558489334012847, 7035553.801405456848443 ], [ 259212.555298744089669, 7035553.801405456848443 ], [ 259212.555298744089669, 7035543.795024277642369 ], [ 259207.552108154137386, 7035543.795024277642369 ], [ 259207.552108154137386, 7035538.791833687573671 ], [ 259197.545726974232821, 7035538.791833687573671 ], [ 259197.545726974232821, 7035533.788643097504973 ], [ 259192.542536384280538, 7035533.788643097504973 ], [ 259192.542536384280538, 7035528.785452507436275 ], [ 259187.539345794328256, 7035528.785452507436275 ], [ 259187.539345794328256, 7035523.782261917367578 ], [ 259182.536155204405077, 7035523.782261917367578 ], [ 259182.536155204405077, 7035513.775880737230182 ], [ 259177.532964614452794, 7035513.775880737230182 ], [ 259177.532964614452794, 7035498.76630896795541 ], [ 259172.529774024500512, 7035498.76630896795541 ], [ 259172.529774024500512, 7035468.747165428474545 ], [ 259167.526583434548229, 7035468.747165428474545 ], [ 259167.526583434548229, 7035418.715259528718889 ], [ 259172.529774024500512, 7035418.715259528718889 ], [ 259172.529774024500512, 7035373.68654421903193 ], [ 259167.526583434548229, 7035373.68654421903193 ], [ 259167.526583434548229, 7035368.683353628963232 ], [ 259162.523392844595946, 7035368.683353628963232 ], [ 259162.523392844595946, 7035363.680163038894534 ], [ 259157.520202254672768, 7035363.680163038894534 ], [ 259157.520202254672768, 7035358.676972448825836 ], [ 259152.517011664720485, 7035358.676972448825836 ], [ 259152.517011664720485, 7035343.667400679551065 ], [ 259142.51063048481592, 7035343.667400679551065 ], [ 259142.51063048481592, 7035348.670591269619763 ], [ 259137.507439894863637, 7035348.670591269619763 ], [ 259137.507439894863637, 7035353.673781859688461 ], [ 259132.504249304911355, 7035353.673781859688461 ], [ 259132.504249304911355, 7035358.676972448825836 ], [ 259127.501058714988176, 7035358.676972448825836 ], [ 259127.501058714988176, 7035363.680163038894534 ], [ 259122.497868125035893, 7035363.680163038894534 ], [ 259122.497868125035893, 7035368.683353628963232 ], [ 259112.491486945131328, 7035368.683353628963232 ], [ 259112.491486945131328, 7035373.68654421903193 ], [ 259102.485105765255867, 7035373.68654421903193 ], [ 259102.485105765255867, 7035368.683353628963232 ], [ 259097.481915175303584, 7035368.683353628963232 ], [ 259097.481915175303584, 7035363.680163038894534 ], [ 259092.478724585351301, 7035363.680163038894534 ], [ 259092.478724585351301, 7035358.676972448825836 ], [ 259087.475533995399019, 7035358.676972448825836 ], [ 259087.475533995399019, 7035353.673781859688461 ], [ 259082.472343405446736, 7035353.673781859688461 ], [ 259082.472343405446736, 7035348.670591269619763 ], [ 259077.469152815523557, 7035348.670591269619763 ], [ 259077.469152815523557, 7035343.667400679551065 ], [ 259072.465962225571275, 7035343.667400679551065 ], [ 259072.465962225571275, 7035338.664210089482367 ], [ 259067.462771635618992, 7035338.664210089482367 ], [ 259067.462771635618992, 7035333.661019499413669 ], [ 259062.45958104566671, 7035333.661019499413669 ], [ 259062.45958104566671, 7035328.657828909344971 ], [ 259057.456390455714427, 7035328.657828909344971 ], [ 259057.456390455714427, 7035323.654638319276273 ], [ 259052.453199865762144, 7035323.654638319276273 ], [ 259052.453199865762144, 7035318.651447729207575 ], [ 259047.450009275838966, 7035318.651447729207575 ], [ 259047.450009275838966, 7035313.6482571400702 ], [ 259042.446818685886683, 7035313.6482571400702 ], [ 259042.446818685886683, 7035308.645066550001502 ], [ 259037.4436280959344, 7035308.645066550001502 ], [ 259037.4436280959344, 7035303.641875959932804 ], [ 259032.440437505982118, 7035303.641875959932804 ], [ 259032.440437505982118, 7035298.638685369864106 ], [ 259027.437246916029835, 7035298.638685369864106 ], [ 259027.437246916029835, 7035303.641875959932804 ], [ 259022.434056326106656, 7035303.641875959932804 ], [ 259022.434056326106656, 7035308.645066550001502 ], [ 259017.430865736154374, 7035308.645066550001502 ], [ 259017.430865736154374, 7035313.6482571400702 ], [ 258972.402150426612934, 7035313.6482571400702 ], [ 258972.402150426612934, 7035308.645066550001502 ], [ 258962.395769246737473, 7035308.645066550001502 ], [ 258962.395769246737473, 7035303.641875959932804 ], [ 258947.386197476880625, 7035303.641875959932804 ], [ 258947.386197476880625, 7035298.638685369864106 ], [ 258942.383006886928342, 7035298.638685369864106 ], [ 258942.383006886928342, 7035293.635494779795408 ], [ 258937.379816297005164, 7035293.635494779795408 ], [ 258937.379816297005164, 7035288.63230418972671 ], [ 258932.376625707052881, 7035288.63230418972671 ], [ 258932.376625707052881, 7035283.629113599658012 ], [ 258922.370244527148316, 7035283.629113599658012 ], [ 258922.370244527148316, 7035278.625923010520637 ], [ 258912.363863347272854, 7035278.625923010520637 ], [ 258912.363863347272854, 7035273.622732420451939 ], [ 258907.360672757320572, 7035273.622732420451939 ], [ 258907.360672757320572, 7035268.619541830383241 ], [ 258902.357482167368289, 7035268.619541830383241 ], [ 258902.357482167368289, 7035253.609970060177147 ], [ 258897.354291577416006, 7035253.609970060177147 ], [ 258897.354291577416006, 7035248.606779470108449 ], [ 258887.347910397511441, 7035248.606779470108449 ], [ 258887.347910397511441, 7035243.603588880039752 ], [ 258877.34152921763598, 7035243.603588880039752 ], [ 258877.34152921763598, 7035238.600398290902376 ], [ 258867.335148037731415, 7035238.600398290902376 ], [ 258867.335148037731415, 7035233.597207700833678 ], [ 258857.328766857855953, 7035233.597207700833678 ], [ 258857.328766857855953, 7035228.59401711076498 ], [ 258852.325576267903671, 7035228.59401711076498 ], [ 258852.325576267903671, 7035223.590826520696282 ], [ 258832.31281390809454, 7035223.590826520696282 ], [ 258832.31281390809454, 7035218.587635930627584 ], [ 258822.306432728219079, 7035218.587635930627584 ], [ 258822.306432728219079, 7035213.584445340558887 ], [ 258812.300051548314514, 7035213.584445340558887 ], [ 258812.300051548314514, 7035208.581254750490189 ], [ 258807.296860958362231, 7035208.581254750490189 ], [ 258807.296860958362231, 7035203.578064160421491 ], [ 258797.29047977848677, 7035203.578064160421491 ], [ 258797.29047977848677, 7035198.574873571284115 ], [ 258792.287289188534487, 7035198.574873571284115 ], [ 258792.287289188534487, 7035193.571682981215417 ], [ 258782.280908008629922, 7035193.571682981215417 ], [ 258782.280908008629922, 7035188.568492391146719 ], [ 258777.277717418677639, 7035188.568492391146719 ], [ 258777.277717418677639, 7035183.565301801078022 ], [ 258772.27452682875446, 7035183.565301801078022 ], [ 258772.27452682875446, 7035158.549348851665854 ], [ 258777.277717418677639, 7035158.549348851665854 ], [ 258777.277717418677639, 7035148.542967671528459 ], [ 258782.280908008629922, 7035148.542967671528459 ], [ 258782.280908008629922, 7035138.536586491391063 ], [ 258787.284098598582204, 7035138.536586491391063 ], [ 258787.284098598582204, 7035108.517442951910198 ], [ 258782.280908008629922, 7035108.517442951910198 ], [ 258782.280908008629922, 7035098.511061771772802 ], [ 258777.277717418677639, 7035098.511061771772802 ], [ 258777.277717418677639, 7035088.504680592566729 ], [ 258772.27452682875446, 7035088.504680592566729 ], [ 258772.27452682875446, 7035083.501490002498031 ], [ 258767.271336238802178, 7035083.501490002498031 ], [ 258767.271336238802178, 7035078.498299412429333 ], [ 258762.268145648849895, 7035078.498299412429333 ], [ 258762.268145648849895, 7035073.495108822360635 ], [ 258757.264955058897613, 7035073.495108822360635 ], [ 258757.264955058897613, 7035063.488727642223239 ], [ 258752.26176446894533, 7035063.488727642223239 ], [ 258752.26176446894533, 7035053.482346462085843 ], [ 258747.258573879022151, 7035053.482346462085843 ], [ 258747.258573879022151, 7035043.47596528287977 ], [ 258742.255383289069869, 7035043.47596528287977 ], [ 258742.255383289069869, 7035038.472774692811072 ], [ 258737.252192699117586, 7035038.472774692811072 ], [ 258737.252192699117586, 7035028.466393512673676 ], [ 258732.249002109165303, 7035028.466393512673676 ], [ 258732.249002109165303, 7035023.463202922604978 ], [ 258727.245811519213021, 7035023.463202922604978 ], [ 258727.245811519213021, 7035013.456821742467582 ], [ 258722.242620929260738, 7035013.456821742467582 ], [ 258722.242620929260738, 7034998.447249973192811 ], [ 258717.239430339337559, 7034998.447249973192811 ], [ 258717.239430339337559, 7034978.434487612918019 ], [ 258742.255383289069869, 7034978.434487612918019 ], [ 258742.255383289069869, 7034973.431297023780644 ], [ 258747.258573879022151, 7034973.431297023780644 ], [ 258747.258573879022151, 7034963.424915843643248 ], [ 258752.26176446894533, 7034963.424915843643248 ], [ 258752.26176446894533, 7034953.418534663505852 ], [ 258757.264955058897613, 7034953.418534663505852 ], [ 258757.264955058897613, 7034933.405772304162383 ], [ 258762.268145648849895, 7034933.405772304162383 ], [ 258762.268145648849895, 7034903.386628763750196 ], [ 258767.271336238802178, 7034903.386628763750196 ], [ 258767.271336238802178, 7034888.377056994475424 ], [ 258762.268145648849895, 7034888.377056994475424 ], [ 258762.268145648849895, 7034883.373866404406726 ], [ 258757.264955058897613, 7034883.373866404406726 ], [ 258757.264955058897613, 7034878.370675814338028 ], [ 258752.26176446894533, 7034878.370675814338028 ], [ 258752.26176446894533, 7034873.367485224269331 ], [ 258747.258573879022151, 7034873.367485224269331 ], [ 258747.258573879022151, 7034868.364294634200633 ], [ 258742.255383289069869, 7034868.364294634200633 ], [ 258742.255383289069869, 7034863.361104044131935 ], [ 258737.252192699117586, 7034863.361104044131935 ], [ 258737.252192699117586, 7034858.357913454994559 ], [ 258732.249002109165303, 7034858.357913454994559 ], [ 258732.249002109165303, 7034853.354722864925861 ], [ 258727.245811519213021, 7034853.354722864925861 ], [ 258727.245811519213021, 7034848.351532274857163 ], [ 258722.242620929260738, 7034848.351532274857163 ], [ 258722.242620929260738, 7034843.348341684788465 ], [ 258717.239430339337559, 7034843.348341684788465 ], [ 258717.239430339337559, 7034838.345151094719768 ], [ 258712.236239749385277, 7034838.345151094719768 ], [ 258712.236239749385277, 7034833.34196050465107 ], [ 258707.233049159432994, 7034833.34196050465107 ], [ 258707.233049159432994, 7034813.3291981453076 ], [ 258702.229858569480712, 7034813.3291981453076 ], [ 258702.229858569480712, 7034808.326007555238903 ], [ 258697.226667979528429, 7034808.326007555238903 ], [ 258697.226667979528429, 7034803.322816965170205 ], [ 258687.220286799652968, 7034803.322816965170205 ], [ 258687.220286799652968, 7034798.319626375101507 ], [ 258677.213905619748402, 7034798.319626375101507 ], [ 258677.213905619748402, 7034793.316435785032809 ], [ 258667.207524439843837, 7034793.316435785032809 ], [ 258667.207524439843837, 7034798.319626375101507 ], [ 258592.15966559064691, 7034798.319626375101507 ], [ 258592.15966559064691, 7034793.316435785032809 ], [ 258582.153284410771448, 7034793.316435785032809 ], [ 258582.153284410771448, 7034788.313245194964111 ], [ 258572.146903230866883, 7034788.313245194964111 ], [ 258572.146903230866883, 7034783.310054604895413 ], [ 258532.121378511277726, 7034783.310054604895413 ], [ 258532.121378511277726, 7034788.313245194964111 ], [ 258517.111806741449982, 7034788.313245194964111 ], [ 258517.111806741449982, 7034793.316435785032809 ], [ 258512.108616151497699, 7034793.316435785032809 ], [ 258512.108616151497699, 7034798.319626375101507 ], [ 258502.102234971593134, 7034798.319626375101507 ], [ 258502.102234971593134, 7034803.322816965170205 ], [ 258492.095853791717673, 7034803.322816965170205 ], [ 258492.095853791717673, 7034793.316435785032809 ], [ 258487.09266320176539, 7034793.316435785032809 ], [ 258487.09266320176539, 7034788.313245194964111 ], [ 258482.089472611813108, 7034788.313245194964111 ], [ 258482.089472611813108, 7034778.306864015758038 ], [ 258477.086282021860825, 7034778.306864015758038 ], [ 258477.086282021860825, 7034768.300482835620642 ], [ 258472.083091431937646, 7034768.300482835620642 ], [ 258472.083091431937646, 7034763.297292245551944 ], [ 258467.079900841985364, 7034763.297292245551944 ], [ 258467.079900841985364, 7034753.290911065414548 ], [ 258462.076710252033081, 7034753.290911065414548 ], [ 258462.076710252033081, 7034748.28772047534585 ], [ 258457.073519662080798, 7034748.28772047534585 ], [ 258457.073519662080798, 7034743.284529886208475 ], [ 258452.070329072128516, 7034743.284529886208475 ], [ 258452.070329072128516, 7034738.281339296139777 ], [ 258442.063947892253054, 7034738.281339296139777 ], [ 258442.063947892253054, 7034733.278148706071079 ], [ 258432.057566712348489, 7034733.278148706071079 ], [ 258432.057566712348489, 7034728.274958116002381 ], [ 258427.054376122396206, 7034728.274958116002381 ], [ 258427.054376122396206, 7034723.271767525933683 ], [ 258417.047994942520745, 7034723.271767525933683 ], [ 258417.047994942520745, 7034713.265386345796287 ], [ 258412.044804352568462, 7034713.265386345796287 ], [ 258412.044804352568462, 7034693.252623986452818 ], [ 258417.047994942520745, 7034693.252623986452818 ], [ 258417.047994942520745, 7034683.246242806315422 ], [ 258432.057566712348489, 7034683.246242806315422 ], [ 258432.057566712348489, 7034688.24943339638412 ], [ 258442.063947892253054, 7034688.24943339638412 ], [ 258442.063947892253054, 7034693.252623986452818 ], [ 258452.070329072128516, 7034693.252623986452818 ], [ 258452.070329072128516, 7034703.259005166590214 ], [ 258457.073519662080798, 7034703.259005166590214 ], [ 258457.073519662080798, 7034708.262195755727589 ], [ 258472.083091431937646, 7034708.262195755727589 ], [ 258472.083091431937646, 7034703.259005166590214 ], [ 258477.086282021860825, 7034703.259005166590214 ], [ 258477.086282021860825, 7034698.255814576521516 ], [ 258482.089472611813108, 7034698.255814576521516 ], [ 258482.089472611813108, 7034693.252623986452818 ], [ 258477.086282021860825, 7034693.252623986452818 ], [ 258477.086282021860825, 7034688.24943339638412 ], [ 258472.083091431937646, 7034688.24943339638412 ], [ 258472.083091431937646, 7034683.246242806315422 ], [ 258467.079900841985364, 7034683.246242806315422 ], [ 258467.079900841985364, 7034678.243052216246724 ], [ 258462.076710252033081, 7034678.243052216246724 ], [ 258462.076710252033081, 7034673.239861626178026 ], [ 258457.073519662080798, 7034673.239861626178026 ], [ 258457.073519662080798, 7034668.236671036109328 ], [ 258452.070329072128516, 7034668.236671036109328 ], [ 258452.070329072128516, 7034663.233480446971953 ], [ 258447.067138482176233, 7034663.233480446971953 ], [ 258447.067138482176233, 7034658.230289856903255 ], [ 258442.063947892253054, 7034658.230289856903255 ], [ 258442.063947892253054, 7034653.227099266834557 ], [ 258437.060757302300772, 7034653.227099266834557 ], [ 258437.060757302300772, 7034648.223908676765859 ], [ 258432.057566712348489, 7034648.223908676765859 ], [ 258432.057566712348489, 7034643.220718086697161 ], [ 258427.054376122396206, 7034643.220718086697161 ], [ 258427.054376122396206, 7034638.217527496628463 ], [ 258422.051185532443924, 7034638.217527496628463 ], [ 258422.051185532443924, 7034633.214336906559765 ], [ 258417.047994942520745, 7034633.214336906559765 ], [ 258417.047994942520745, 7034628.21114631742239 ], [ 258407.04161376261618, 7034628.21114631742239 ], [ 258407.04161376261618, 7034633.214336906559765 ], [ 258392.032041992759332, 7034633.214336906559765 ], [ 258392.032041992759332, 7034628.21114631742239 ], [ 258387.028851402836153, 7034628.21114631742239 ], [ 258387.028851402836153, 7034623.207955727353692 ], [ 258382.025660812883871, 7034623.207955727353692 ], [ 258382.025660812883871, 7034618.204765137284994 ], [ 258377.022470222931588, 7034618.204765137284994 ], [ 258377.022470222931588, 7034613.201574547216296 ], [ 258372.019279632979305, 7034613.201574547216296 ], [ 258372.019279632979305, 7034608.198383957147598 ], [ 258367.016089043027023, 7034608.198383957147598 ], [ 258367.016089043027023, 7034603.1951933670789 ], [ 258362.012898453103844, 7034603.1951933670789 ], [ 258362.012898453103844, 7034598.192002777010202 ], [ 258357.009707863151561, 7034598.192002777010202 ], [ 258357.009707863151561, 7034593.188812186941504 ], [ 258352.006517273199279, 7034593.188812186941504 ], [ 258352.006517273199279, 7034588.185621597804129 ], [ 258347.003326683246996, 7034588.185621597804129 ], [ 258347.003326683246996, 7034583.182431007735431 ], [ 258321.987373733514687, 7034583.182431007735431 ], [ 258321.987373733514687, 7034588.185621597804129 ], [ 258316.984183143562404, 7034588.185621597804129 ], [ 258316.984183143562404, 7034598.192002777010202 ], [ 258326.99056432346697, 7034598.192002777010202 ], [ 258326.99056432346697, 7034608.198383957147598 ], [ 258321.987373733514687, 7034608.198383957147598 ], [ 258321.987373733514687, 7034603.1951933670789 ], [ 258316.984183143562404, 7034603.1951933670789 ], [ 258316.984183143562404, 7034633.214336906559765 ], [ 258306.977801963686943, 7034633.214336906559765 ], [ 258306.977801963686943, 7034628.21114631742239 ], [ 258301.97461137373466, 7034628.21114631742239 ], [ 258301.97461137373466, 7034623.207955727353692 ], [ 258281.96184901392553, 7034623.207955727353692 ], [ 258281.96184901392553, 7034618.204765137284994 ], [ 258276.958658424002351, 7034618.204765137284994 ], [ 258276.958658424002351, 7034623.207955727353692 ], [ 258256.945896064193221, 7034623.207955727353692 ], [ 258256.945896064193221, 7034628.21114631742239 ], [ 258221.92356193458545, 7034628.21114631742239 ], [ 258221.92356193458545, 7034633.214336906559765 ], [ 258206.913990164728602, 7034633.214336906559765 ], [ 258206.913990164728602, 7034628.21114631742239 ], [ 258201.91079957477632, 7034628.21114631742239 ], [ 258201.91079957477632, 7034633.214336906559765 ], [ 258196.907608984853141, 7034633.214336906559765 ], [ 258196.907608984853141, 7034638.217527496628463 ], [ 258191.904418394900858, 7034638.217527496628463 ], [ 258191.904418394900858, 7034643.220718086697161 ], [ 258171.891656035091728, 7034643.220718086697161 ], [ 258171.891656035091728, 7034648.223908676765859 ], [ 258161.885274855216267, 7034648.223908676765859 ], [ 258161.885274855216267, 7034653.227099266834557 ], [ 258156.882084265263984, 7034653.227099266834557 ], [ 258156.882084265263984, 7034648.223908676765859 ], [ 258146.875703085359419, 7034648.223908676765859 ], [ 258146.875703085359419, 7034653.227099266834557 ], [ 258141.87251249543624, 7034653.227099266834557 ], [ 258141.87251249543624, 7034663.233480446971953 ], [ 258106.850178365799366, 7034663.233480446971953 ], [ 258106.850178365799366, 7034668.236671036109328 ], [ 258096.8437971858948, 7034668.236671036109328 ], [ 258096.8437971858948, 7034673.239861626178026 ], [ 258081.834225416067056, 7034673.239861626178026 ], [ 258081.834225416067056, 7034678.243052216246724 ], [ 258076.831034826114774, 7034678.243052216246724 ], [ 258076.831034826114774, 7034683.246242806315422 ], [ 258066.824653646210209, 7034683.246242806315422 ], [ 258066.824653646210209, 7034688.24943339638412 ], [ 258051.815081876382465, 7034688.24943339638412 ], [ 258051.815081876382465, 7034693.252623986452818 ], [ 258041.808700696477899, 7034693.252623986452818 ], [ 258041.808700696477899, 7034698.255814576521516 ], [ 258036.805510106525617, 7034698.255814576521516 ], [ 258036.805510106525617, 7034703.259005166590214 ], [ 258031.802319516602438, 7034703.259005166590214 ], [ 258031.802319516602438, 7034708.262195755727589 ], [ 258011.789557156793308, 7034708.262195755727589 ], [ 258011.789557156793308, 7034713.265386345796287 ], [ 257971.764032437233254, 7034713.265386345796287 ], [ 257971.764032437233254, 7034708.262195755727589 ], [ 257961.757651257328689, 7034708.262195755727589 ], [ 257961.757651257328689, 7034668.236671036109328 ], [ 257966.760841847280972, 7034668.236671036109328 ], [ 257966.760841847280972, 7034628.21114631742239 ], [ 257961.757651257328689, 7034628.21114631742239 ], [ 257961.757651257328689, 7034623.207955727353692 ], [ 257956.754460667376406, 7034623.207955727353692 ], [ 257956.754460667376406, 7034618.204765137284994 ], [ 257926.735317127691815, 7034618.204765137284994 ], [ 257926.735317127691815, 7034613.201574547216296 ], [ 257891.712982998084044, 7034613.201574547216296 ], [ 257891.712982998084044, 7034618.204765137284994 ], [ 257866.697030048351735, 7034618.204765137284994 ], [ 257866.697030048351735, 7034623.207955727353692 ], [ 257851.687458278494887, 7034623.207955727353692 ], [ 257851.687458278494887, 7034628.21114631742239 ], [ 257841.681077098590322, 7034628.21114631742239 ], [ 257841.681077098590322, 7034633.214336906559765 ], [ 257831.67469591871486, 7034633.214336906559765 ], [ 257831.67469591871486, 7034638.217527496628463 ], [ 257821.668314738810295, 7034638.217527496628463 ], [ 257821.668314738810295, 7034643.220718086697161 ], [ 257806.658742968982551, 7034643.220718086697161 ], [ 257806.658742968982551, 7034648.223908676765859 ], [ 257796.652361789077986, 7034648.223908676765859 ], [ 257796.652361789077986, 7034653.227099266834557 ], [ 257791.649171199125703, 7034653.227099266834557 ], [ 257791.649171199125703, 7034658.230289856903255 ], [ 257786.645980609173421, 7034658.230289856903255 ], [ 257786.645980609173421, 7034668.236671036109328 ], [ 257781.642790019250242, 7034668.236671036109328 ], [ 257781.642790019250242, 7034673.239861626178026 ], [ 257776.639599429297959, 7034673.239861626178026 ], [ 257776.639599429297959, 7034678.243052216246724 ], [ 257771.636408839345677, 7034678.243052216246724 ], [ 257771.636408839345677, 7034683.246242806315422 ], [ 257766.633218249393394, 7034683.246242806315422 ], [ 257766.633218249393394, 7034688.24943339638412 ], [ 257761.630027659441112, 7034688.24943339638412 ], [ 257761.630027659441112, 7034693.252623986452818 ], [ 257756.626837069517933, 7034693.252623986452818 ], [ 257756.626837069517933, 7034708.262195755727589 ], [ 257751.62364647956565, 7034708.262195755727589 ], [ 257751.62364647956565, 7034728.274958116002381 ], [ 257746.620455889613368, 7034728.274958116002381 ], [ 257746.620455889613368, 7034733.278148706071079 ], [ 257741.617265299661085, 7034733.278148706071079 ], [ 257741.617265299661085, 7034738.281339296139777 ], [ 257736.614074709708802, 7034738.281339296139777 ], [ 257736.614074709708802, 7034748.28772047534585 ], [ 257731.61088411975652, 7034748.28772047534585 ], [ 257731.61088411975652, 7034758.294101655483246 ], [ 257726.607693529833341, 7034758.294101655483246 ], [ 257726.607693529833341, 7034763.297292245551944 ], [ 257721.604502939881058, 7034763.297292245551944 ], [ 257721.604502939881058, 7034768.300482835620642 ], [ 257716.601312349928776, 7034768.300482835620642 ], [ 257716.601312349928776, 7034778.306864015758038 ], [ 257711.598121759976493, 7034778.306864015758038 ], [ 257711.598121759976493, 7034788.313245194964111 ], [ 257706.594931170024211, 7034788.313245194964111 ], [ 257706.594931170024211, 7034808.326007555238903 ], [ 257701.591740580101032, 7034808.326007555238903 ], [ 257701.591740580101032, 7034818.332388735376298 ], [ 257691.585359400196467, 7034818.332388735376298 ], [ 257691.585359400196467, 7034823.335579324513674 ], [ 257686.582168810244184, 7034823.335579324513674 ], [ 257686.582168810244184, 7034828.338769914582372 ], [ 257681.578978220291901, 7034828.338769914582372 ], [ 257681.578978220291901, 7034833.34196050465107 ], [ 257661.566215860511875, 7034833.34196050465107 ], [ 257661.566215860511875, 7034823.335579324513674 ], [ 257651.55983468060731, 7034823.335579324513674 ], [ 257651.55983468060731, 7034828.338769914582372 ], [ 257646.556644090684131, 7034828.338769914582372 ], [ 257646.556644090684131, 7034833.34196050465107 ], [ 257641.553453500731848, 7034833.34196050465107 ], [ 257641.553453500731848, 7034838.345151094719768 ], [ 257636.550262910779566, 7034838.345151094719768 ], [ 257636.550262910779566, 7034843.348341684788465 ], [ 257631.547072320827283, 7034843.348341684788465 ], [ 257631.547072320827283, 7034848.351532274857163 ], [ 257626.543881730875, 7034848.351532274857163 ], [ 257626.543881730875, 7034853.354722864925861 ], [ 257601.527928781142691, 7034853.354722864925861 ], [ 257601.527928781142691, 7034848.351532274857163 ], [ 257596.524738191190409, 7034848.351532274857163 ], [ 257596.524738191190409, 7034843.348341684788465 ], [ 257591.52154760126723, 7034843.348341684788465 ], [ 257591.52154760126723, 7034838.345151094719768 ], [ 257586.518357011314947, 7034838.345151094719768 ], [ 257586.518357011314947, 7034833.34196050465107 ], [ 257581.515166421362665, 7034833.34196050465107 ], [ 257581.515166421362665, 7034828.338769914582372 ], [ 257576.511975831410382, 7034828.338769914582372 ], [ 257576.511975831410382, 7034823.335579324513674 ], [ 257571.508785241458099, 7034823.335579324513674 ], [ 257571.508785241458099, 7034818.332388735376298 ], [ 257566.505594651505817, 7034818.332388735376298 ], [ 257566.505594651505817, 7034813.3291981453076 ], [ 257561.502404061582638, 7034813.3291981453076 ], [ 257561.502404061582638, 7034808.326007555238903 ], [ 257556.499213471630355, 7034808.326007555238903 ], [ 257556.499213471630355, 7034803.322816965170205 ], [ 257551.496022881678073, 7034803.322816965170205 ], [ 257551.496022881678073, 7034798.319626375101507 ], [ 257546.49283229172579, 7034798.319626375101507 ], [ 257546.49283229172579, 7034793.316435785032809 ], [ 257536.486451111850329, 7034793.316435785032809 ], [ 257536.486451111850329, 7034798.319626375101507 ], [ 257526.480069931945764, 7034798.319626375101507 ], [ 257526.480069931945764, 7034803.322816965170205 ], [ 257516.473688752041198, 7034803.322816965170205 ], [ 257516.473688752041198, 7034808.326007555238903 ], [ 257511.470498162088916, 7034808.326007555238903 ], [ 257511.470498162088916, 7034813.3291981453076 ], [ 257506.467307572165737, 7034813.3291981453076 ], [ 257506.467307572165737, 7034818.332388735376298 ], [ 257501.464116982213454, 7034818.332388735376298 ], [ 257501.464116982213454, 7034823.335579324513674 ], [ 257496.460926392261172, 7034823.335579324513674 ], [ 257496.460926392261172, 7034828.338769914582372 ], [ 257481.451354622433428, 7034828.338769914582372 ], [ 257481.451354622433428, 7034833.34196050465107 ], [ 257461.438592262624297, 7034833.34196050465107 ], [ 257461.438592262624297, 7034843.348341684788465 ], [ 257456.435401672672015, 7034843.348341684788465 ], [ 257456.435401672672015, 7034848.351532274857163 ], [ 257461.438592262624297, 7034848.351532274857163 ], [ 257461.438592262624297, 7034863.361104044131935 ], [ 257456.435401672672015, 7034863.361104044131935 ], [ 257456.435401672672015, 7034868.364294634200633 ], [ 257421.413067543064244, 7034868.364294634200633 ], [ 257421.413067543064244, 7034863.361104044131935 ], [ 257416.409876953111961, 7034863.361104044131935 ], [ 257416.409876953111961, 7034858.357913454994559 ], [ 257401.400305183255114, 7034858.357913454994559 ], [ 257401.400305183255114, 7034863.361104044131935 ], [ 257406.403495773207396, 7034863.361104044131935 ], [ 257406.403495773207396, 7034868.364294634200633 ], [ 257416.409876953111961, 7034868.364294634200633 ], [ 257416.409876953111961, 7034873.367485224269331 ], [ 257421.413067543064244, 7034873.367485224269331 ], [ 257421.413067543064244, 7034878.370675814338028 ], [ 257426.416258133016527, 7034878.370675814338028 ], [ 257426.416258133016527, 7034883.373866404406726 ], [ 257431.419448722939705, 7034883.373866404406726 ], [ 257431.419448722939705, 7034893.380247584544122 ], [ 257441.425829902844271, 7034893.380247584544122 ], [ 257441.425829902844271, 7034898.383438173681498 ], [ 257461.438592262624297, 7034898.383438173681498 ], [ 257461.438592262624297, 7034908.389819353818893 ], [ 257466.44178285257658, 7034908.389819353818893 ], [ 257466.44178285257658, 7034913.393009943887591 ], [ 257476.448164032481145, 7034913.393009943887591 ], [ 257476.448164032481145, 7034918.396200533956289 ], [ 257481.451354622433428, 7034918.396200533956289 ], [ 257481.451354622433428, 7034923.399391124024987 ], [ 257501.464116982213454, 7034923.399391124024987 ], [ 257501.464116982213454, 7034928.402581714093685 ], [ 257506.467307572165737, 7034928.402581714093685 ], [ 257506.467307572165737, 7034938.408962893299758 ], [ 257511.470498162088916, 7034938.408962893299758 ], [ 257511.470498162088916, 7034943.412153483368456 ], [ 257516.473688752041198, 7034943.412153483368456 ], [ 257516.473688752041198, 7034948.415344073437154 ], [ 257521.476879341993481, 7034948.415344073437154 ], [ 257521.476879341993481, 7034953.418534663505852 ], [ 257531.483260521898046, 7034953.418534663505852 ], [ 257531.483260521898046, 7034958.42172525357455 ], [ 257546.49283229172579, 7034958.42172525357455 ], [ 257546.49283229172579, 7034963.424915843643248 ], [ 257561.502404061582638, 7034963.424915843643248 ], [ 257561.502404061582638, 7034968.428106433711946 ], [ 257581.515166421362665, 7034968.428106433711946 ], [ 257581.515166421362665, 7034998.447249973192811 ], [ 257576.511975831410382, 7034998.447249973192811 ], [ 257576.511975831410382, 7035008.453631153330207 ], [ 257571.508785241458099, 7035008.453631153330207 ], [ 257571.508785241458099, 7035013.456821742467582 ], [ 257566.505594651505817, 7035013.456821742467582 ], [ 257566.505594651505817, 7035023.463202922604978 ], [ 257561.502404061582638, 7035023.463202922604978 ], [ 257561.502404061582638, 7035033.469584102742374 ], [ 257556.499213471630355, 7035033.469584102742374 ], [ 257556.499213471630355, 7035043.47596528287977 ], [ 257551.496022881678073, 7035043.47596528287977 ], [ 257551.496022881678073, 7035048.479155872948468 ], [ 257546.49283229172579, 7035048.479155872948468 ], [ 257546.49283229172579, 7035053.482346462085843 ], [ 257541.489641701773508, 7035053.482346462085843 ], [ 257541.489641701773508, 7035058.485537052154541 ], [ 257536.486451111850329, 7035058.485537052154541 ], [ 257536.486451111850329, 7035063.488727642223239 ], [ 257531.483260521898046, 7035063.488727642223239 ], [ 257531.483260521898046, 7035068.491918232291937 ], [ 257521.476879341993481, 7035068.491918232291937 ], [ 257521.476879341993481, 7035073.495108822360635 ], [ 257511.470498162088916, 7035073.495108822360635 ], [ 257511.470498162088916, 7035078.498299412429333 ], [ 257486.454545212356606, 7035078.498299412429333 ], [ 257486.454545212356606, 7035083.501490002498031 ], [ 257481.451354622433428, 7035083.501490002498031 ], [ 257481.451354622433428, 7035088.504680592566729 ], [ 257471.444973442528863, 7035088.504680592566729 ], [ 257471.444973442528863, 7035093.507871181704104 ], [ 257466.44178285257658, 7035093.507871181704104 ], [ 257466.44178285257658, 7035103.5142523618415 ], [ 257461.438592262624297, 7035103.5142523618415 ], [ 257461.438592262624297, 7035113.520633541978896 ], [ 257456.435401672672015, 7035113.520633541978896 ], [ 257456.435401672672015, 7035133.533395901322365 ], [ 257451.432211082748836, 7035133.533395901322365 ], [ 257451.432211082748836, 7035143.539777081459761 ], [ 257441.425829902844271, 7035143.539777081459761 ], [ 257441.425829902844271, 7035148.542967671528459 ], [ 257436.422639312891988, 7035148.542967671528459 ], [ 257436.422639312891988, 7035153.546158261597157 ], [ 257431.419448722939705, 7035153.546158261597157 ], [ 257431.419448722939705, 7035158.549348851665854 ], [ 257426.416258133016527, 7035158.549348851665854 ], [ 257426.416258133016527, 7035163.552539441734552 ], [ 257416.409876953111961, 7035163.552539441734552 ], [ 257416.409876953111961, 7035168.555730030871928 ], [ 257406.403495773207396, 7035168.555730030871928 ], [ 257406.403495773207396, 7035173.558920620940626 ], [ 257396.397114593331935, 7035173.558920620940626 ], [ 257396.397114593331935, 7035178.562111211009324 ], [ 257391.393924003379652, 7035178.562111211009324 ], [ 257391.393924003379652, 7035183.565301801078022 ], [ 257381.387542823475087, 7035183.565301801078022 ], [ 257381.387542823475087, 7035188.568492391146719 ], [ 257376.384352233522804, 7035188.568492391146719 ], [ 257376.384352233522804, 7035193.571682981215417 ], [ 257366.377971053647343, 7035193.571682981215417 ], [ 257366.377971053647343, 7035198.574873571284115 ], [ 257356.371589873742778, 7035198.574873571284115 ], [ 257356.371589873742778, 7035208.581254750490189 ], [ 257366.377971053647343, 7035208.581254750490189 ], [ 257366.377971053647343, 7035213.584445340558887 ], [ 257381.387542823475087, 7035213.584445340558887 ], [ 257381.387542823475087, 7035218.587635930627584 ], [ 257416.409876953111961, 7035218.587635930627584 ], [ 257416.409876953111961, 7035223.590826520696282 ], [ 257431.419448722939705, 7035223.590826520696282 ], [ 257431.419448722939705, 7035228.59401711076498 ], [ 257436.422639312891988, 7035228.59401711076498 ], [ 257436.422639312891988, 7035233.597207700833678 ], [ 257446.429020492796553, 7035233.597207700833678 ], [ 257446.429020492796553, 7035238.600398290902376 ], [ 257451.432211082748836, 7035238.600398290902376 ], [ 257451.432211082748836, 7035243.603588880039752 ], [ 257456.435401672672015, 7035243.603588880039752 ], [ 257456.435401672672015, 7035253.609970060177147 ], [ 257461.438592262624297, 7035253.609970060177147 ], [ 257461.438592262624297, 7035258.613160650245845 ], [ 257466.44178285257658, 7035258.613160650245845 ], [ 257466.44178285257658, 7035263.616351240314543 ], [ 257471.444973442528863, 7035263.616351240314543 ], [ 257471.444973442528863, 7035273.622732420451939 ], [ 257476.448164032481145, 7035273.622732420451939 ], [ 257476.448164032481145, 7035288.63230418972671 ], [ 257481.451354622433428, 7035288.63230418972671 ], [ 257481.451354622433428, 7035308.645066550001502 ], [ 257486.454545212356606, 7035308.645066550001502 ], [ 257486.454545212356606, 7035323.654638319276273 ], [ 257491.457735802308889, 7035323.654638319276273 ], [ 257491.457735802308889, 7035333.661019499413669 ], [ 257486.454545212356606, 7035333.661019499413669 ], [ 257486.454545212356606, 7035363.680163038894534 ], [ 257491.457735802308889, 7035363.680163038894534 ], [ 257491.457735802308889, 7035368.683353628963232 ], [ 257496.460926392261172, 7035368.683353628963232 ], [ 257496.460926392261172, 7035373.68654421903193 ], [ 257501.464116982213454, 7035373.68654421903193 ], [ 257501.464116982213454, 7035378.689734809100628 ], [ 257506.467307572165737, 7035378.689734809100628 ], [ 257506.467307572165737, 7035383.692925399169326 ], [ 257516.473688752041198, 7035383.692925399169326 ], [ 257516.473688752041198, 7035388.696115989238024 ], [ 257521.476879341993481, 7035388.696115989238024 ], [ 257521.476879341993481, 7035393.699306579306722 ], [ 257526.480069931945764, 7035393.699306579306722 ], [ 257526.480069931945764, 7035403.705687758512795 ], [ 257521.476879341993481, 7035403.705687758512795 ], [ 257521.476879341993481, 7035423.718450118787587 ], [ 257511.470498162088916, 7035423.718450118787587 ], [ 257511.470498162088916, 7035433.72483129799366 ], [ 257506.467307572165737, 7035433.72483129799366 ], [ 257506.467307572165737, 7035438.728021888062358 ], [ 257501.464116982213454, 7035438.728021888062358 ], [ 257501.464116982213454, 7035443.731212478131056 ], [ 257491.457735802308889, 7035443.731212478131056 ], [ 257491.457735802308889, 7035448.734403068199754 ], [ 257476.448164032481145, 7035448.734403068199754 ], [ 257476.448164032481145, 7035453.737593658268452 ], [ 257466.44178285257658, 7035453.737593658268452 ], [ 257466.44178285257658, 7035458.74078424833715 ], [ 257456.435401672672015, 7035458.74078424833715 ], [ 257456.435401672672015, 7035463.743974838405848 ], [ 257436.422639312891988, 7035463.743974838405848 ], [ 257436.422639312891988, 7035468.747165428474545 ], [ 257411.406686363159679, 7035468.747165428474545 ], [ 257411.406686363159679, 7035473.750356017611921 ], [ 257416.409876953111961, 7035473.750356017611921 ], [ 257416.409876953111961, 7035478.753546607680619 ], [ 257421.413067543064244, 7035478.753546607680619 ], [ 257421.413067543064244, 7035483.756737197749317 ], [ 257426.416258133016527, 7035483.756737197749317 ], [ 257426.416258133016527, 7035488.759927787818015 ], [ 257431.419448722939705, 7035488.759927787818015 ], [ 257431.419448722939705, 7035493.763118377886713 ], [ 257436.422639312891988, 7035493.763118377886713 ], [ 257436.422639312891988, 7035498.76630896795541 ], [ 257446.429020492796553, 7035498.76630896795541 ], [ 257446.429020492796553, 7035493.763118377886713 ], [ 257531.483260521898046, 7035493.763118377886713 ], [ 257531.483260521898046, 7035498.76630896795541 ], [ 257551.496022881678073, 7035498.76630896795541 ], [ 257551.496022881678073, 7035503.769499558024108 ], [ 257556.499213471630355, 7035503.769499558024108 ], [ 257556.499213471630355, 7035498.76630896795541 ], [ 257561.502404061582638, 7035498.76630896795541 ], [ 257561.502404061582638, 7035493.763118377886713 ], [ 257566.505594651505817, 7035493.763118377886713 ], [ 257566.505594651505817, 7035468.747165428474545 ], [ 257571.508785241458099, 7035468.747165428474545 ], [ 257571.508785241458099, 7035453.737593658268452 ], [ 257576.511975831410382, 7035453.737593658268452 ], [ 257576.511975831410382, 7035443.731212478131056 ], [ 257581.515166421362665, 7035443.731212478131056 ], [ 257581.515166421362665, 7035438.728021888062358 ], [ 257586.518357011314947, 7035438.728021888062358 ], [ 257586.518357011314947, 7035428.721640708856285 ], [ 257571.508785241458099, 7035428.721640708856285 ], [ 257571.508785241458099, 7035423.718450118787587 ], [ 257566.505594651505817, 7035423.718450118787587 ], [ 257566.505594651505817, 7035413.712068938650191 ], [ 257561.502404061582638, 7035413.712068938650191 ], [ 257561.502404061582638, 7035388.696115989238024 ], [ 257566.505594651505817, 7035388.696115989238024 ], [ 257566.505594651505817, 7035378.689734809100628 ], [ 257571.508785241458099, 7035378.689734809100628 ], [ 257571.508785241458099, 7035373.68654421903193 ], [ 257576.511975831410382, 7035373.68654421903193 ], [ 257576.511975831410382, 7035368.683353628963232 ], [ 257581.515166421362665, 7035368.683353628963232 ], [ 257581.515166421362665, 7035373.68654421903193 ], [ 257591.52154760126723, 7035373.68654421903193 ], [ 257591.52154760126723, 7035368.683353628963232 ], [ 257596.524738191190409, 7035368.683353628963232 ], [ 257596.524738191190409, 7035363.680163038894534 ], [ 257601.527928781142691, 7035363.680163038894534 ], [ 257601.527928781142691, 7035358.676972448825836 ], [ 257646.556644090684131, 7035358.676972448825836 ], [ 257646.556644090684131, 7035363.680163038894534 ], [ 257661.566215860511875, 7035363.680163038894534 ], [ 257661.566215860511875, 7035368.683353628963232 ], [ 257681.578978220291901, 7035368.683353628963232 ], [ 257681.578978220291901, 7035373.68654421903193 ], [ 257696.588549990148749, 7035373.68654421903193 ], [ 257696.588549990148749, 7035378.689734809100628 ], [ 257701.591740580101032, 7035378.689734809100628 ], [ 257701.591740580101032, 7035373.68654421903193 ], [ 257721.604502939881058, 7035373.68654421903193 ], [ 257721.604502939881058, 7035378.689734809100628 ], [ 257726.607693529833341, 7035378.689734809100628 ], [ 257726.607693529833341, 7035383.692925399169326 ], [ 257731.61088411975652, 7035383.692925399169326 ], [ 257731.61088411975652, 7035388.696115989238024 ], [ 257741.617265299661085, 7035388.696115989238024 ], [ 257741.617265299661085, 7035403.705687758512795 ], [ 257746.620455889613368, 7035403.705687758512795 ], [ 257746.620455889613368, 7035488.759927787818015 ], [ 257741.617265299661085, 7035488.759927787818015 ], [ 257741.617265299661085, 7035493.763118377886713 ], [ 257736.614074709708802, 7035493.763118377886713 ], [ 257736.614074709708802, 7035508.772690148092806 ], [ 257731.61088411975652, 7035508.772690148092806 ], [ 257731.61088411975652, 7035518.77907132729888 ], [ 257726.607693529833341, 7035518.77907132729888 ], [ 257726.607693529833341, 7035523.782261917367578 ], [ 257716.601312349928776, 7035523.782261917367578 ], [ 257716.601312349928776, 7035508.772690148092806 ], [ 257711.598121759976493, 7035508.772690148092806 ], [ 257711.598121759976493, 7035498.76630896795541 ], [ 257706.594931170024211, 7035498.76630896795541 ], [ 257706.594931170024211, 7035503.769499558024108 ], [ 257701.591740580101032, 7035503.769499558024108 ], [ 257701.591740580101032, 7035528.785452507436275 ], [ 257706.594931170024211, 7035528.785452507436275 ], [ 257706.594931170024211, 7035548.798214866779745 ], [ 257701.591740580101032, 7035548.798214866779745 ], [ 257701.591740580101032, 7035558.80459604691714 ], [ 257691.585359400196467, 7035558.80459604691714 ], [ 257691.585359400196467, 7035563.807786636985838 ], [ 257681.578978220291901, 7035563.807786636985838 ], [ 257681.578978220291901, 7035558.80459604691714 ], [ 257676.575787630339619, 7035558.80459604691714 ], [ 257676.575787630339619, 7035553.801405456848443 ], [ 257671.57259704041644, 7035553.801405456848443 ], [ 257671.57259704041644, 7035548.798214866779745 ], [ 257641.553453500731848, 7035548.798214866779745 ], [ 257641.553453500731848, 7035553.801405456848443 ], [ 257636.550262910779566, 7035553.801405456848443 ], [ 257636.550262910779566, 7035548.798214866779745 ], [ 257596.524738191190409, 7035548.798214866779745 ], [ 257596.524738191190409, 7035558.80459604691714 ], [ 257626.543881730875, 7035558.80459604691714 ], [ 257626.543881730875, 7035563.807786636985838 ], [ 257636.550262910779566, 7035563.807786636985838 ], [ 257636.550262910779566, 7035568.810977227054536 ], [ 257646.556644090684131, 7035568.810977227054536 ], [ 257646.556644090684131, 7035583.82054899726063 ], [ 257651.55983468060731, 7035583.82054899726063 ], [ 257651.55983468060731, 7035593.826930176466703 ], [ 257646.556644090684131, 7035593.826930176466703 ], [ 257646.556644090684131, 7035603.833311356604099 ], [ 257636.550262910779566, 7035603.833311356604099 ], [ 257636.550262910779566, 7035608.836501946672797 ], [ 257621.540691140922718, 7035608.836501946672797 ], [ 257621.540691140922718, 7035613.839692536741495 ], [ 257616.537500550999539, 7035613.839692536741495 ], [ 257616.537500550999539, 7035618.842883126810193 ], [ 257606.531119371094974, 7035618.842883126810193 ], [ 257606.531119371094974, 7035623.846073716878891 ], [ 257601.527928781142691, 7035623.846073716878891 ], [ 257601.527928781142691, 7035628.849264306016266 ], [ 257596.524738191190409, 7035628.849264306016266 ], [ 257596.524738191190409, 7035633.852454896084964 ], [ 257591.52154760126723, 7035633.852454896084964 ], [ 257591.52154760126723, 7035643.85883607622236 ], [ 257586.518357011314947, 7035643.85883607622236 ], [ 257586.518357011314947, 7035658.868407846428454 ], [ 257581.515166421362665, 7035658.868407846428454 ], [ 257581.515166421362665, 7035673.877979615703225 ], [ 257576.511975831410382, 7035673.877979615703225 ], [ 257576.511975831410382, 7035683.884360795840621 ], [ 257571.508785241458099, 7035683.884360795840621 ], [ 257571.508785241458099, 7035688.887551385909319 ], [ 257566.505594651505817, 7035688.887551385909319 ], [ 257566.505594651505817, 7035693.890741975978017 ], [ 257561.502404061582638, 7035693.890741975978017 ], [ 257561.502404061582638, 7035698.893932566046715 ], [ 257556.499213471630355, 7035698.893932566046715 ], [ 257556.499213471630355, 7035708.900313745252788 ], [ 257551.496022881678073, 7035708.900313745252788 ], [ 257551.496022881678073, 7035713.903504335321486 ], [ 257546.49283229172579, 7035713.903504335321486 ], [ 257546.49283229172579, 7035723.909885515458882 ], [ 257541.489641701773508, 7035723.909885515458882 ], [ 257541.489641701773508, 7035728.91307610552758 ], [ 257536.486451111850329, 7035728.91307610552758 ], [ 257536.486451111850329, 7035733.916266695596278 ], [ 257531.483260521898046, 7035733.916266695596278 ], [ 257531.483260521898046, 7035743.922647874802351 ], [ 257521.476879341993481, 7035743.922647874802351 ], [ 257521.476879341993481, 7035748.925838464871049 ], [ 257516.473688752041198, 7035748.925838464871049 ], [ 257516.473688752041198, 7035753.929029054939747 ], [ 257511.470498162088916, 7035753.929029054939747 ], [ 257511.470498162088916, 7035768.938600825145841 ], [ 257506.467307572165737, 7035768.938600825145841 ], [ 257506.467307572165737, 7035773.941791415214539 ], [ 257501.464116982213454, 7035773.941791415214539 ], [ 257501.464116982213454, 7035788.95136318448931 ], [ 257496.460926392261172, 7035788.95136318448931 ], [ 257496.460926392261172, 7035793.954553774558008 ], [ 257491.457735802308889, 7035793.954553774558008 ], [ 257491.457735802308889, 7035798.957744364626706 ], [ 257486.454545212356606, 7035798.957744364626706 ], [ 257486.454545212356606, 7035803.960934954695404 ], [ 257481.451354622433428, 7035803.960934954695404 ], [ 257481.451354622433428, 7035808.964125544764102 ], [ 257466.44178285257658, 7035808.964125544764102 ], [ 257466.44178285257658, 7035813.967316134832799 ], [ 257426.416258133016527, 7035813.967316134832799 ], [ 257426.416258133016527, 7035818.970506723970175 ], [ 257401.400305183255114, 7035818.970506723970175 ], [ 257401.400305183255114, 7035823.973697314038873 ], [ 257396.397114593331935, 7035823.973697314038873 ], [ 257396.397114593331935, 7035818.970506723970175 ], [ 257381.387542823475087, 7035818.970506723970175 ], [ 257381.387542823475087, 7035813.967316134832799 ], [ 257371.381161643599626, 7035813.967316134832799 ], [ 257371.381161643599626, 7035803.960934954695404 ], [ 257366.377971053647343, 7035803.960934954695404 ], [ 257366.377971053647343, 7035798.957744364626706 ], [ 257356.371589873742778, 7035798.957744364626706 ], [ 257356.371589873742778, 7035793.954553774558008 ], [ 257351.368399283790495, 7035793.954553774558008 ], [ 257351.368399283790495, 7035798.957744364626706 ], [ 257346.365208693838213, 7035798.957744364626706 ], [ 257346.365208693838213, 7035803.960934954695404 ], [ 257341.362018103915034, 7035803.960934954695404 ], [ 257341.362018103915034, 7035823.973697314038873 ], [ 257336.358827513962751, 7035823.973697314038873 ], [ 257336.358827513962751, 7035828.976887904107571 ], [ 257346.365208693838213, 7035828.976887904107571 ], [ 257346.365208693838213, 7035838.983269084244967 ], [ 257356.371589873742778, 7035838.983269084244967 ], [ 257356.371589873742778, 7035843.986459674313664 ], [ 257361.37478046369506, 7035843.986459674313664 ], [ 257361.37478046369506, 7035838.983269084244967 ], [ 257396.397114593331935, 7035838.983269084244967 ], [ 257396.397114593331935, 7035833.980078494176269 ], [ 257401.400305183255114, 7035833.980078494176269 ], [ 257401.400305183255114, 7035828.976887904107571 ], [ 257406.403495773207396, 7035828.976887904107571 ], [ 257406.403495773207396, 7035833.980078494176269 ], [ 257411.406686363159679, 7035833.980078494176269 ], [ 257411.406686363159679, 7035838.983269084244967 ], [ 257466.44178285257658, 7035838.983269084244967 ], [ 257466.44178285257658, 7035843.986459674313664 ], [ 257491.457735802308889, 7035843.986459674313664 ], [ 257491.457735802308889, 7035848.989650264382362 ], [ 257496.460926392261172, 7035848.989650264382362 ], [ 257496.460926392261172, 7035853.99284085445106 ], [ 257501.464116982213454, 7035853.99284085445106 ], [ 257501.464116982213454, 7035863.999222033657134 ], [ 257506.467307572165737, 7035863.999222033657134 ], [ 257506.467307572165737, 7035869.002412623725832 ], [ 257531.483260521898046, 7035869.002412623725832 ], [ 257531.483260521898046, 7035863.999222033657134 ], [ 257546.49283229172579, 7035863.999222033657134 ], [ 257546.49283229172579, 7035858.996031443588436 ], [ 257556.499213471630355, 7035858.996031443588436 ], [ 257556.499213471630355, 7035853.99284085445106 ], [ 257561.502404061582638, 7035853.99284085445106 ], [ 257561.502404061582638, 7035848.989650264382362 ], [ 257571.508785241458099, 7035848.989650264382362 ], [ 257571.508785241458099, 7035843.986459674313664 ], [ 257581.515166421362665, 7035843.986459674313664 ], [ 257581.515166421362665, 7035838.983269084244967 ], [ 257586.518357011314947, 7035838.983269084244967 ], [ 257586.518357011314947, 7035833.980078494176269 ], [ 257591.52154760126723, 7035833.980078494176269 ], [ 257591.52154760126723, 7035828.976887904107571 ], [ 257611.534309961047256, 7035828.976887904107571 ], [ 257611.534309961047256, 7035833.980078494176269 ], [ 257621.540691140922718, 7035833.980078494176269 ], [ 257621.540691140922718, 7035838.983269084244967 ], [ 257631.547072320827283, 7035838.983269084244967 ], [ 257631.547072320827283, 7035843.986459674313664 ], [ 257636.550262910779566, 7035843.986459674313664 ], [ 257636.550262910779566, 7035848.989650264382362 ], [ 257646.556644090684131, 7035848.989650264382362 ], [ 257646.556644090684131, 7035853.99284085445106 ], [ 257651.55983468060731, 7035853.99284085445106 ], [ 257651.55983468060731, 7035858.996031443588436 ], [ 257666.569406450464157, 7035858.996031443588436 ], [ 257666.569406450464157, 7035863.999222033657134 ], [ 257671.57259704041644, 7035863.999222033657134 ], [ 257671.57259704041644, 7035869.002412623725832 ], [ 257676.575787630339619, 7035869.002412623725832 ], [ 257676.575787630339619, 7035879.008793803863227 ], [ 257681.578978220291901, 7035879.008793803863227 ], [ 257681.578978220291901, 7035884.011984393931925 ], [ 257686.582168810244184, 7035884.011984393931925 ], [ 257686.582168810244184, 7035889.015174984000623 ], [ 257691.585359400196467, 7035889.015174984000623 ], [ 257691.585359400196467, 7035894.018365573137999 ], [ 257686.582168810244184, 7035894.018365573137999 ], [ 257686.582168810244184, 7035899.021556163206697 ], [ 257681.578978220291901, 7035899.021556163206697 ], [ 257681.578978220291901, 7035904.024746753275394 ], [ 257671.57259704041644, 7035904.024746753275394 ], [ 257671.57259704041644, 7035909.027937343344092 ], [ 257666.569406450464157, 7035909.027937343344092 ], [ 257666.569406450464157, 7035929.040699703618884 ], [ 257671.57259704041644, 7035929.040699703618884 ], [ 257671.57259704041644, 7035934.043890292756259 ], [ 257676.575787630339619, 7035934.043890292756259 ], [ 257676.575787630339619, 7035944.050271472893655 ], [ 257681.578978220291901, 7035944.050271472893655 ], [ 257681.578978220291901, 7035994.082177372649312 ], [ 257676.575787630339619, 7035994.082177372649312 ], [ 257676.575787630339619, 7036014.094939731992781 ], [ 257671.57259704041644, 7036014.094939731992781 ], [ 257671.57259704041644, 7036079.136417401954532 ], [ 257676.575787630339619, 7036079.136417401954532 ], [ 257676.575787630339619, 7036089.142798581160605 ], [ 257681.578978220291901, 7036089.142798581160605 ], [ 257681.578978220291901, 7036129.168323300778866 ], [ 257676.575787630339619, 7036129.168323300778866 ], [ 257676.575787630339619, 7036144.17789507098496 ], [ 257671.57259704041644, 7036144.17789507098496 ], [ 257671.57259704041644, 7036159.187466841191053 ], [ 257666.569406450464157, 7036159.187466841191053 ], [ 257666.569406450464157, 7036169.193848020397127 ], [ 257661.566215860511875, 7036169.193848020397127 ], [ 257661.566215860511875, 7036174.197038610465825 ], [ 257651.55983468060731, 7036174.197038610465825 ], [ 257651.55983468060731, 7036179.200229200534523 ], [ 257646.556644090684131, 7036179.200229200534523 ], [ 257646.556644090684131, 7036184.20341979060322 ], [ 257641.553453500731848, 7036184.20341979060322 ], [ 257641.553453500731848, 7036189.206610380671918 ], [ 257636.550262910779566, 7036189.206610380671918 ], [ 257636.550262910779566, 7036194.209800970740616 ], [ 257631.547072320827283, 7036194.209800970740616 ], [ 257631.547072320827283, 7036199.212991559877992 ], [ 257636.550262910779566, 7036199.212991559877992 ], [ 257636.550262910779566, 7036219.225753920152783 ], [ 257631.547072320827283, 7036219.225753920152783 ], [ 257631.547072320827283, 7036224.228944510221481 ], [ 257626.543881730875, 7036224.228944510221481 ], [ 257626.543881730875, 7036229.232135100290179 ], [ 257621.540691140922718, 7036229.232135100290179 ], [ 257621.540691140922718, 7036234.235325690358877 ], [ 257616.537500550999539, 7036234.235325690358877 ], [ 257616.537500550999539, 7036244.24170686956495 ], [ 257636.550262910779566, 7036244.24170686956495 ], [ 257636.550262910779566, 7036239.238516279496253 ], [ 257646.556644090684131, 7036239.238516279496253 ], [ 257646.556644090684131, 7036234.235325690358877 ], [ 257656.563025270559592, 7036234.235325690358877 ], [ 257656.563025270559592, 7036229.232135100290179 ], [ 257686.582168810244184, 7036229.232135100290179 ], [ 257686.582168810244184, 7036234.235325690358877 ], [ 257696.588549990148749, 7036234.235325690358877 ], [ 257696.588549990148749, 7036239.238516279496253 ], [ 257701.591740580101032, 7036239.238516279496253 ], [ 257701.591740580101032, 7036234.235325690358877 ], [ 257721.604502939881058, 7036234.235325690358877 ], [ 257721.604502939881058, 7036229.232135100290179 ], [ 257736.614074709708802, 7036229.232135100290179 ], [ 257736.614074709708802, 7036234.235325690358877 ], [ 257746.620455889613368, 7036234.235325690358877 ], [ 257746.620455889613368, 7036239.238516279496253 ], [ 257751.62364647956565, 7036239.238516279496253 ], [ 257751.62364647956565, 7036244.24170686956495 ], [ 257756.626837069517933, 7036244.24170686956495 ], [ 257756.626837069517933, 7036249.244897459633648 ], [ 257771.636408839345677, 7036249.244897459633648 ], [ 257771.636408839345677, 7036254.248088049702346 ], [ 257781.642790019250242, 7036254.248088049702346 ], [ 257781.642790019250242, 7036259.251278639771044 ], [ 257796.652361789077986, 7036259.251278639771044 ], [ 257796.652361789077986, 7036264.254469229839742 ], [ 257821.668314738810295, 7036264.254469229839742 ], [ 257821.668314738810295, 7036269.25765981990844 ], [ 257826.671505328762578, 7036269.25765981990844 ], [ 257826.671505328762578, 7036274.260850409977138 ], [ 257846.684267688542604, 7036274.260850409977138 ], [ 257846.684267688542604, 7036264.254469229839742 ], [ 257851.687458278494887, 7036264.254469229839742 ], [ 257851.687458278494887, 7036259.251278639771044 ], [ 257856.69064886844717, 7036259.251278639771044 ], [ 257856.69064886844717, 7036254.248088049702346 ], [ 257861.693839458399452, 7036254.248088049702346 ], [ 257861.693839458399452, 7036244.24170686956495 ], [ 257886.709792408131761, 7036244.24170686956495 ], [ 257886.709792408131761, 7036259.251278639771044 ], [ 257881.706601818179479, 7036259.251278639771044 ], [ 257881.706601818179479, 7036269.25765981990844 ], [ 257876.703411228227196, 7036269.25765981990844 ], [ 257876.703411228227196, 7036279.264040999114513 ], [ 257871.700220638274914, 7036279.264040999114513 ], [ 257871.700220638274914, 7036284.267231589183211 ], [ 257866.697030048351735, 7036284.267231589183211 ], [ 257866.697030048351735, 7036309.283184539526701 ], [ 257871.700220638274914, 7036309.283184539526701 ], [ 257871.700220638274914, 7036324.292756308801472 ], [ 257876.703411228227196, 7036324.292756308801472 ], [ 257876.703411228227196, 7036334.299137488938868 ], [ 257881.706601818179479, 7036334.299137488938868 ], [ 257881.706601818179479, 7036339.302328079007566 ], [ 257891.712982998084044, 7036339.302328079007566 ], [ 257891.712982998084044, 7036344.305518669076264 ], [ 257901.719364177959505, 7036344.305518669076264 ], [ 257901.719364177959505, 7036354.311899848282337 ], [ 257906.722554767911788, 7036354.311899848282337 ], [ 257906.722554767911788, 7036359.315090438351035 ], [ 257901.719364177959505, 7036359.315090438351035 ], [ 257901.719364177959505, 7036374.324662208557129 ], [ 257896.716173588007223, 7036374.324662208557129 ], [ 257896.716173588007223, 7036379.327852798625827 ], [ 257891.712982998084044, 7036379.327852798625827 ], [ 257891.712982998084044, 7036389.334233978763223 ], [ 257886.709792408131761, 7036389.334233978763223 ], [ 257886.709792408131761, 7036399.340615157969296 ], [ 257881.706601818179479, 7036399.340615157969296 ], [ 257881.706601818179479, 7036404.343805748037994 ], [ 257876.703411228227196, 7036404.343805748037994 ], [ 257876.703411228227196, 7036409.346996338106692 ], [ 257871.700220638274914, 7036409.346996338106692 ], [ 257871.700220638274914, 7036414.35018692817539 ], [ 257866.697030048351735, 7036414.35018692817539 ], [ 257866.697030048351735, 7036419.353377518244088 ], [ 257861.693839458399452, 7036419.353377518244088 ], [ 257861.693839458399452, 7036454.375711647793651 ], [ 257866.697030048351735, 7036454.375711647793651 ], [ 257866.697030048351735, 7036464.382092827931046 ], [ 257871.700220638274914, 7036464.382092827931046 ], [ 257871.700220638274914, 7036489.398045777343214 ], [ 257866.697030048351735, 7036489.398045777343214 ], [ 257866.697030048351735, 7036499.404426957480609 ], [ 257861.693839458399452, 7036499.404426957480609 ], [ 257861.693839458399452, 7036509.410808136686683 ], [ 257856.69064886844717, 7036509.410808136686683 ], [ 257856.69064886844717, 7036514.413998726755381 ], [ 257851.687458278494887, 7036514.413998726755381 ], [ 257851.687458278494887, 7036524.420379906892776 ], [ 257846.684267688542604, 7036524.420379906892776 ], [ 257846.684267688542604, 7036534.426761087030172 ], [ 257841.681077098590322, 7036534.426761087030172 ], [ 257841.681077098590322, 7036549.436332856304944 ] ], [ [ 257561.502404061582638, 7036409.346996338106692 ], [ 257581.515166421362665, 7036409.346996338106692 ], [ 257581.515166421362665, 7036389.334233978763223 ], [ 257576.511975831410382, 7036389.334233978763223 ], [ 257576.511975831410382, 7036384.331043388694525 ], [ 257561.502404061582638, 7036384.331043388694525 ], [ 257561.502404061582638, 7036379.327852798625827 ], [ 257556.499213471630355, 7036379.327852798625827 ], [ 257556.499213471630355, 7036374.324662208557129 ], [ 257551.496022881678073, 7036374.324662208557129 ], [ 257551.496022881678073, 7036369.321471618488431 ], [ 257541.489641701773508, 7036369.321471618488431 ], [ 257541.489641701773508, 7036364.318281028419733 ], [ 257536.486451111850329, 7036364.318281028419733 ], [ 257536.486451111850329, 7036354.311899848282337 ], [ 257531.483260521898046, 7036354.311899848282337 ], [ 257531.483260521898046, 7036339.302328079007566 ], [ 257526.480069931945764, 7036339.302328079007566 ], [ 257526.480069931945764, 7036334.299137488938868 ], [ 257511.470498162088916, 7036334.299137488938868 ], [ 257511.470498162088916, 7036329.29594689887017 ], [ 257501.464116982213454, 7036329.29594689887017 ], [ 257501.464116982213454, 7036324.292756308801472 ], [ 257496.460926392261172, 7036324.292756308801472 ], [ 257496.460926392261172, 7036319.289565718732774 ], [ 257486.454545212356606, 7036319.289565718732774 ], [ 257486.454545212356606, 7036309.283184539526701 ], [ 257476.448164032481145, 7036309.283184539526701 ], [ 257476.448164032481145, 7036304.279993949458003 ], [ 257471.444973442528863, 7036304.279993949458003 ], [ 257471.444973442528863, 7036299.276803359389305 ], [ 257456.435401672672015, 7036299.276803359389305 ], [ 257456.435401672672015, 7036314.286375128664076 ], [ 257461.438592262624297, 7036314.286375128664076 ], [ 257461.438592262624297, 7036324.292756308801472 ], [ 257466.44178285257658, 7036324.292756308801472 ], [ 257466.44178285257658, 7036344.305518669076264 ], [ 257471.444973442528863, 7036344.305518669076264 ], [ 257471.444973442528863, 7036354.311899848282337 ], [ 257476.448164032481145, 7036354.311899848282337 ], [ 257476.448164032481145, 7036359.315090438351035 ], [ 257481.451354622433428, 7036359.315090438351035 ], [ 257481.451354622433428, 7036364.318281028419733 ], [ 257491.457735802308889, 7036364.318281028419733 ], [ 257491.457735802308889, 7036369.321471618488431 ], [ 257511.470498162088916, 7036369.321471618488431 ], [ 257511.470498162088916, 7036374.324662208557129 ], [ 257521.476879341993481, 7036374.324662208557129 ], [ 257521.476879341993481, 7036379.327852798625827 ], [ 257526.480069931945764, 7036379.327852798625827 ], [ 257526.480069931945764, 7036384.331043388694525 ], [ 257531.483260521898046, 7036384.331043388694525 ], [ 257531.483260521898046, 7036389.334233978763223 ], [ 257536.486451111850329, 7036389.334233978763223 ], [ 257536.486451111850329, 7036399.340615157969296 ], [ 257541.489641701773508, 7036399.340615157969296 ], [ 257541.489641701773508, 7036404.343805748037994 ], [ 257561.502404061582638, 7036404.343805748037994 ], [ 257561.502404061582638, 7036409.346996338106692 ] ], [ [ 257611.534309961047256, 7036369.321471618488431 ], [ 257621.540691140922718, 7036369.321471618488431 ], [ 257621.540691140922718, 7036364.318281028419733 ], [ 257616.537500550999539, 7036364.318281028419733 ], [ 257616.537500550999539, 7036359.315090438351035 ], [ 257611.534309961047256, 7036359.315090438351035 ], [ 257611.534309961047256, 7036369.321471618488431 ] ], [ [ 256410.768568373750895, 7036264.254469229839742 ], [ 256420.77494955365546, 7036264.254469229839742 ], [ 256420.77494955365546, 7036259.251278639771044 ], [ 256430.781330733560026, 7036259.251278639771044 ], [ 256430.781330733560026, 7036264.254469229839742 ], [ 256450.794093093340052, 7036264.254469229839742 ], [ 256450.794093093340052, 7036259.251278639771044 ], [ 256460.800474273244618, 7036259.251278639771044 ], [ 256460.800474273244618, 7036254.248088049702346 ], [ 256470.806855453120079, 7036254.248088049702346 ], [ 256470.806855453120079, 7036249.244897459633648 ], [ 256490.819617812929209, 7036249.244897459633648 ], [ 256490.819617812929209, 7036254.248088049702346 ], [ 256525.84195194253698, 7036254.248088049702346 ], [ 256525.84195194253698, 7036249.244897459633648 ], [ 256530.845142532489263, 7036249.244897459633648 ], [ 256530.845142532489263, 7036244.24170686956495 ], [ 256540.851523712393828, 7036244.24170686956495 ], [ 256540.851523712393828, 7036239.238516279496253 ], [ 256550.857904892269289, 7036239.238516279496253 ], [ 256550.857904892269289, 7036234.235325690358877 ], [ 256570.87066725207842, 7036234.235325690358877 ], [ 256570.87066725207842, 7036229.232135100290179 ], [ 256575.873857842001598, 7036229.232135100290179 ], [ 256575.873857842001598, 7036224.228944510221481 ], [ 256585.880239021906164, 7036224.228944510221481 ], [ 256585.880239021906164, 7036219.225753920152783 ], [ 256580.877048431953881, 7036219.225753920152783 ], [ 256580.877048431953881, 7036214.222563330084085 ], [ 256575.873857842001598, 7036214.222563330084085 ], [ 256575.873857842001598, 7036209.219372740015388 ], [ 256570.87066725207842, 7036209.219372740015388 ], [ 256570.87066725207842, 7036204.21618214994669 ], [ 256565.867476662126137, 7036204.21618214994669 ], [ 256565.867476662126137, 7036199.212991559877992 ], [ 256560.864286072173854, 7036199.212991559877992 ], [ 256560.864286072173854, 7036194.209800970740616 ], [ 256535.848333122441545, 7036194.209800970740616 ], [ 256535.848333122441545, 7036189.206610380671918 ], [ 256525.84195194253698, 7036189.206610380671918 ], [ 256525.84195194253698, 7036194.209800970740616 ], [ 256520.838761352584697, 7036194.209800970740616 ], [ 256520.838761352584697, 7036199.212991559877992 ], [ 256515.835570762661519, 7036199.212991559877992 ], [ 256515.835570762661519, 7036204.21618214994669 ], [ 256505.829189582756953, 7036204.21618214994669 ], [ 256505.829189582756953, 7036209.219372740015388 ], [ 256500.825998992804671, 7036209.219372740015388 ], [ 256500.825998992804671, 7036214.222563330084085 ], [ 256495.822808402852388, 7036214.222563330084085 ], [ 256495.822808402852388, 7036219.225753920152783 ], [ 256490.819617812929209, 7036219.225753920152783 ], [ 256490.819617812929209, 7036224.228944510221481 ], [ 256485.816427222976927, 7036224.228944510221481 ], [ 256485.816427222976927, 7036229.232135100290179 ], [ 256480.813236633024644, 7036229.232135100290179 ], [ 256480.813236633024644, 7036234.235325690358877 ], [ 256475.810046043072361, 7036234.235325690358877 ], [ 256475.810046043072361, 7036239.238516279496253 ], [ 256470.806855453120079, 7036239.238516279496253 ], [ 256470.806855453120079, 7036244.24170686956495 ], [ 256450.794093093340052, 7036244.24170686956495 ], [ 256450.794093093340052, 7036239.238516279496253 ], [ 256445.79090250338777, 7036239.238516279496253 ], [ 256445.79090250338777, 7036234.235325690358877 ], [ 256440.787711913435487, 7036234.235325690358877 ], [ 256440.787711913435487, 7036229.232135100290179 ], [ 256435.784521323512308, 7036229.232135100290179 ], [ 256435.784521323512308, 7036224.228944510221481 ], [ 256410.768568373750895, 7036224.228944510221481 ], [ 256410.768568373750895, 7036229.232135100290179 ], [ 256400.762187193875434, 7036229.232135100290179 ], [ 256400.762187193875434, 7036234.235325690358877 ], [ 256395.758996603923151, 7036234.235325690358877 ], [ 256395.758996603923151, 7036249.244897459633648 ], [ 256400.762187193875434, 7036249.244897459633648 ], [ 256400.762187193875434, 7036254.248088049702346 ], [ 256405.765377783827716, 7036254.248088049702346 ], [ 256405.765377783827716, 7036259.251278639771044 ], [ 256410.768568373750895, 7036259.251278639771044 ], [ 256410.768568373750895, 7036264.254469229839742 ] ], [ [ 256165.612229466350982, 7036214.222563330084085 ], [ 256170.615420056303265, 7036214.222563330084085 ], [ 256170.615420056303265, 7036209.219372740015388 ], [ 256175.618610646255547, 7036209.219372740015388 ], [ 256175.618610646255547, 7036204.21618214994669 ], [ 256185.624991826160112, 7036204.21618214994669 ], [ 256185.624991826160112, 7036199.212991559877992 ], [ 256190.628182416083291, 7036199.212991559877992 ], [ 256190.628182416083291, 7036189.206610380671918 ], [ 256180.62180123620783, 7036189.206610380671918 ], [ 256180.62180123620783, 7036184.20341979060322 ], [ 256175.618610646255547, 7036184.20341979060322 ], [ 256175.618610646255547, 7036189.206610380671918 ], [ 256170.615420056303265, 7036189.206610380671918 ], [ 256170.615420056303265, 7036194.209800970740616 ], [ 256165.612229466350982, 7036194.209800970740616 ], [ 256165.612229466350982, 7036204.21618214994669 ], [ 256160.609038876427803, 7036204.21618214994669 ], [ 256160.609038876427803, 7036209.219372740015388 ], [ 256165.612229466350982, 7036209.219372740015388 ], [ 256165.612229466350982, 7036214.222563330084085 ] ], [ [ 256735.975956720329123, 7036204.21618214994669 ], [ 256740.979147310252301, 7036204.21618214994669 ], [ 256740.979147310252301, 7036199.212991559877992 ], [ 256735.975956720329123, 7036199.212991559877992 ], [ 256735.975956720329123, 7036204.21618214994669 ] ], [ [ 256325.714328344678506, 7035954.056652653031051 ], [ 256330.717518934601685, 7035954.056652653031051 ], [ 256330.717518934601685, 7035949.053462062962353 ], [ 256325.714328344678506, 7035949.053462062962353 ], [ 256325.714328344678506, 7035954.056652653031051 ] ], [ [ 258141.87251249543624, 7035853.99284085445106 ], [ 258151.878893675311701, 7035853.99284085445106 ], [ 258151.878893675311701, 7035848.989650264382362 ], [ 258171.891656035091728, 7035848.989650264382362 ], [ 258171.891656035091728, 7035853.99284085445106 ], [ 258176.894846625044011, 7035853.99284085445106 ], [ 258176.894846625044011, 7035848.989650264382362 ], [ 258186.901227804948576, 7035848.989650264382362 ], [ 258186.901227804948576, 7035843.986459674313664 ], [ 258191.904418394900858, 7035843.986459674313664 ], [ 258191.904418394900858, 7035838.983269084244967 ], [ 258201.91079957477632, 7035838.983269084244967 ], [ 258201.91079957477632, 7035823.973697314038873 ], [ 258196.907608984853141, 7035823.973697314038873 ], [ 258196.907608984853141, 7035818.970506723970175 ], [ 258191.904418394900858, 7035818.970506723970175 ], [ 258191.904418394900858, 7035808.964125544764102 ], [ 258186.901227804948576, 7035808.964125544764102 ], [ 258186.901227804948576, 7035803.960934954695404 ], [ 258156.882084265263984, 7035803.960934954695404 ], [ 258156.882084265263984, 7035808.964125544764102 ], [ 258151.878893675311701, 7035808.964125544764102 ], [ 258151.878893675311701, 7035813.967316134832799 ], [ 258146.875703085359419, 7035813.967316134832799 ], [ 258146.875703085359419, 7035833.980078494176269 ], [ 258141.87251249543624, 7035833.980078494176269 ], [ 258141.87251249543624, 7035853.99284085445106 ] ], [ [ 257496.460926392261172, 7035658.868407846428454 ], [ 257521.476879341993481, 7035658.868407846428454 ], [ 257521.476879341993481, 7035653.865217256359756 ], [ 257526.480069931945764, 7035653.865217256359756 ], [ 257526.480069931945764, 7035648.862026666291058 ], [ 257531.483260521898046, 7035648.862026666291058 ], [ 257531.483260521898046, 7035638.855645486153662 ], [ 257536.486451111850329, 7035638.855645486153662 ], [ 257536.486451111850329, 7035628.849264306016266 ], [ 257541.489641701773508, 7035628.849264306016266 ], [ 257541.489641701773508, 7035603.833311356604099 ], [ 257546.49283229172579, 7035603.833311356604099 ], [ 257546.49283229172579, 7035588.823739586398005 ], [ 257541.489641701773508, 7035588.823739586398005 ], [ 257541.489641701773508, 7035583.82054899726063 ], [ 257536.486451111850329, 7035583.82054899726063 ], [ 257536.486451111850329, 7035563.807786636985838 ], [ 257501.464116982213454, 7035563.807786636985838 ], [ 257501.464116982213454, 7035568.810977227054536 ], [ 257491.457735802308889, 7035568.810977227054536 ], [ 257491.457735802308889, 7035573.814167817123234 ], [ 257471.444973442528863, 7035573.814167817123234 ], [ 257471.444973442528863, 7035578.817358407191932 ], [ 257461.438592262624297, 7035578.817358407191932 ], [ 257461.438592262624297, 7035573.814167817123234 ], [ 257436.422639312891988, 7035573.814167817123234 ], [ 257436.422639312891988, 7035583.82054899726063 ], [ 257431.419448722939705, 7035583.82054899726063 ], [ 257431.419448722939705, 7035588.823739586398005 ], [ 257426.416258133016527, 7035588.823739586398005 ], [ 257426.416258133016527, 7035598.830120766535401 ], [ 257421.413067543064244, 7035598.830120766535401 ], [ 257421.413067543064244, 7035603.833311356604099 ], [ 257416.409876953111961, 7035603.833311356604099 ], [ 257416.409876953111961, 7035613.839692536741495 ], [ 257411.406686363159679, 7035613.839692536741495 ], [ 257411.406686363159679, 7035628.849264306016266 ], [ 257416.409876953111961, 7035628.849264306016266 ], [ 257416.409876953111961, 7035633.852454896084964 ], [ 257421.413067543064244, 7035633.852454896084964 ], [ 257421.413067543064244, 7035628.849264306016266 ], [ 257426.416258133016527, 7035628.849264306016266 ], [ 257426.416258133016527, 7035623.846073716878891 ], [ 257436.422639312891988, 7035623.846073716878891 ], [ 257436.422639312891988, 7035628.849264306016266 ], [ 257451.432211082748836, 7035628.849264306016266 ], [ 257451.432211082748836, 7035633.852454896084964 ], [ 257461.438592262624297, 7035633.852454896084964 ], [ 257461.438592262624297, 7035638.855645486153662 ], [ 257471.444973442528863, 7035638.855645486153662 ], [ 257471.444973442528863, 7035643.85883607622236 ], [ 257476.448164032481145, 7035643.85883607622236 ], [ 257476.448164032481145, 7035648.862026666291058 ], [ 257486.454545212356606, 7035648.862026666291058 ], [ 257486.454545212356606, 7035653.865217256359756 ], [ 257496.460926392261172, 7035653.865217256359756 ], [ 257496.460926392261172, 7035658.868407846428454 ] ], [ [ 259287.603157593286596, 7035598.830120766535401 ], [ 259302.61272936311434, 7035598.830120766535401 ], [ 259302.61272936311434, 7035583.82054899726063 ], [ 259307.615919953066623, 7035583.82054899726063 ], [ 259307.615919953066623, 7035578.817358407191932 ], [ 259312.619110543018905, 7035578.817358407191932 ], [ 259312.619110543018905, 7035568.810977227054536 ], [ 259317.622301132971188, 7035568.810977227054536 ], [ 259317.622301132971188, 7035563.807786636985838 ], [ 259322.625491722923471, 7035563.807786636985838 ], [ 259322.625491722923471, 7035553.801405456848443 ], [ 259327.628682312846649, 7035553.801405456848443 ], [ 259327.628682312846649, 7035548.798214866779745 ], [ 259332.631872902798932, 7035548.798214866779745 ], [ 259332.631872902798932, 7035543.795024277642369 ], [ 259322.625491722923471, 7035543.795024277642369 ], [ 259322.625491722923471, 7035548.798214866779745 ], [ 259302.61272936311434, 7035548.798214866779745 ], [ 259302.61272936311434, 7035553.801405456848443 ], [ 259297.609538773162058, 7035553.801405456848443 ], [ 259297.609538773162058, 7035568.810977227054536 ], [ 259282.599967003334314, 7035568.810977227054536 ], [ 259282.599967003334314, 7035588.823739586398005 ], [ 259287.603157593286596, 7035588.823739586398005 ], [ 259287.603157593286596, 7035598.830120766535401 ] ], [ [ 256515.835570762661519, 7035358.676972448825836 ], [ 256520.838761352584697, 7035358.676972448825836 ], [ 256520.838761352584697, 7035353.673781859688461 ], [ 256525.84195194253698, 7035353.673781859688461 ], [ 256525.84195194253698, 7035348.670591269619763 ], [ 256535.848333122441545, 7035348.670591269619763 ], [ 256535.848333122441545, 7035343.667400679551065 ], [ 256540.851523712393828, 7035343.667400679551065 ], [ 256540.851523712393828, 7035338.664210089482367 ], [ 256545.85471430234611, 7035338.664210089482367 ], [ 256545.85471430234611, 7035333.661019499413669 ], [ 256550.857904892269289, 7035333.661019499413669 ], [ 256550.857904892269289, 7035328.657828909344971 ], [ 256555.861095482221572, 7035328.657828909344971 ], [ 256555.861095482221572, 7035323.654638319276273 ], [ 256560.864286072173854, 7035323.654638319276273 ], [ 256560.864286072173854, 7035318.651447729207575 ], [ 256565.867476662126137, 7035318.651447729207575 ], [ 256565.867476662126137, 7035308.645066550001502 ], [ 256570.87066725207842, 7035308.645066550001502 ], [ 256570.87066725207842, 7035303.641875959932804 ], [ 256575.873857842001598, 7035303.641875959932804 ], [ 256575.873857842001598, 7035293.635494779795408 ], [ 256580.877048431953881, 7035293.635494779795408 ], [ 256580.877048431953881, 7035288.63230418972671 ], [ 256550.857904892269289, 7035288.63230418972671 ], [ 256550.857904892269289, 7035293.635494779795408 ], [ 256535.848333122441545, 7035293.635494779795408 ], [ 256535.848333122441545, 7035298.638685369864106 ], [ 256515.835570762661519, 7035298.638685369864106 ], [ 256515.835570762661519, 7035303.641875959932804 ], [ 256510.832380172709236, 7035303.641875959932804 ], [ 256510.832380172709236, 7035313.6482571400702 ], [ 256505.829189582756953, 7035313.6482571400702 ], [ 256505.829189582756953, 7035318.651447729207575 ], [ 256500.825998992804671, 7035318.651447729207575 ], [ 256500.825998992804671, 7035323.654638319276273 ], [ 256495.822808402852388, 7035323.654638319276273 ], [ 256495.822808402852388, 7035328.657828909344971 ], [ 256490.819617812929209, 7035328.657828909344971 ], [ 256490.819617812929209, 7035338.664210089482367 ], [ 256495.822808402852388, 7035338.664210089482367 ], [ 256495.822808402852388, 7035343.667400679551065 ], [ 256500.825998992804671, 7035343.667400679551065 ], [ 256500.825998992804671, 7035348.670591269619763 ], [ 256510.832380172709236, 7035348.670591269619763 ], [ 256510.832380172709236, 7035353.673781859688461 ], [ 256515.835570762661519, 7035353.673781859688461 ], [ 256515.835570762661519, 7035358.676972448825836 ] ], [ [ 258842.319195087999105, 7035108.517442951910198 ], [ 258847.322385677951388, 7035108.517442951910198 ], [ 258847.322385677951388, 7035103.5142523618415 ], [ 258857.328766857855953, 7035103.5142523618415 ], [ 258857.328766857855953, 7035093.507871181704104 ], [ 258862.331957447779132, 7035093.507871181704104 ], [ 258862.331957447779132, 7035088.504680592566729 ], [ 258867.335148037731415, 7035088.504680592566729 ], [ 258867.335148037731415, 7035083.501490002498031 ], [ 258882.344719807588262, 7035083.501490002498031 ], [ 258882.344719807588262, 7035088.504680592566729 ], [ 258892.351100987463724, 7035088.504680592566729 ], [ 258892.351100987463724, 7035083.501490002498031 ], [ 258902.357482167368289, 7035083.501490002498031 ], [ 258902.357482167368289, 7035073.495108822360635 ], [ 258897.354291577416006, 7035073.495108822360635 ], [ 258897.354291577416006, 7035063.488727642223239 ], [ 258902.357482167368289, 7035063.488727642223239 ], [ 258902.357482167368289, 7035058.485537052154541 ], [ 258897.354291577416006, 7035058.485537052154541 ], [ 258897.354291577416006, 7035053.482346462085843 ], [ 258872.338338627683697, 7035053.482346462085843 ], [ 258872.338338627683697, 7035058.485537052154541 ], [ 258857.328766857855953, 7035058.485537052154541 ], [ 258857.328766857855953, 7035063.488727642223239 ], [ 258852.325576267903671, 7035063.488727642223239 ], [ 258852.325576267903671, 7035068.491918232291937 ], [ 258842.319195087999105, 7035068.491918232291937 ], [ 258842.319195087999105, 7035073.495108822360635 ], [ 258837.316004498046823, 7035073.495108822360635 ], [ 258837.316004498046823, 7035078.498299412429333 ], [ 258832.31281390809454, 7035078.498299412429333 ], [ 258832.31281390809454, 7035088.504680592566729 ], [ 258837.316004498046823, 7035088.504680592566729 ], [ 258837.316004498046823, 7035103.5142523618415 ], [ 258842.319195087999105, 7035103.5142523618415 ], [ 258842.319195087999105, 7035108.517442951910198 ] ], [ [ 258867.335148037731415, 7034983.437678202986717 ], [ 258882.344719807588262, 7034983.437678202986717 ], [ 258882.344719807588262, 7034973.431297023780644 ], [ 258877.34152921763598, 7034973.431297023780644 ], [ 258877.34152921763598, 7034968.428106433711946 ], [ 258872.338338627683697, 7034968.428106433711946 ], [ 258872.338338627683697, 7034973.431297023780644 ], [ 258867.335148037731415, 7034973.431297023780644 ], [ 258867.335148037731415, 7034983.437678202986717 ] ], [ [ 257116.218441556295147, 7034938.408962893299758 ], [ 257121.22163214624743, 7034938.408962893299758 ], [ 257121.22163214624743, 7034933.405772304162383 ], [ 257126.224822736170609, 7034933.405772304162383 ], [ 257126.224822736170609, 7034928.402581714093685 ], [ 257131.228013326122891, 7034928.402581714093685 ], [ 257131.228013326122891, 7034923.399391124024987 ], [ 257136.231203916075174, 7034923.399391124024987 ], [ 257136.231203916075174, 7034903.386628763750196 ], [ 257131.228013326122891, 7034903.386628763750196 ], [ 257131.228013326122891, 7034898.383438173681498 ], [ 257126.224822736170609, 7034898.383438173681498 ], [ 257126.224822736170609, 7034903.386628763750196 ], [ 257121.22163214624743, 7034903.386628763750196 ], [ 257121.22163214624743, 7034928.402581714093685 ], [ 257116.218441556295147, 7034928.402581714093685 ], [ 257116.218441556295147, 7034938.408962893299758 ] ], [ [ 257661.566215860511875, 7034703.259005166590214 ], [ 257671.57259704041644, 7034703.259005166590214 ], [ 257671.57259704041644, 7034688.24943339638412 ], [ 257661.566215860511875, 7034688.24943339638412 ], [ 257661.566215860511875, 7034678.243052216246724 ], [ 257651.55983468060731, 7034678.243052216246724 ], [ 257651.55983468060731, 7034683.246242806315422 ], [ 257646.556644090684131, 7034683.246242806315422 ], [ 257646.556644090684131, 7034688.24943339638412 ], [ 257651.55983468060731, 7034688.24943339638412 ], [ 257651.55983468060731, 7034693.252623986452818 ], [ 257656.563025270559592, 7034693.252623986452818 ], [ 257656.563025270559592, 7034698.255814576521516 ], [ 257661.566215860511875, 7034698.255814576521516 ], [ 257661.566215860511875, 7034703.259005166590214 ] ], [ [ 255420.136831564246677, 7034678.243052216246724 ], [ 255425.140022154198959, 7034678.243052216246724 ], [ 255425.140022154198959, 7034673.239861626178026 ], [ 255435.146403334103525, 7034673.239861626178026 ], [ 255435.146403334103525, 7034668.236671036109328 ], [ 255425.140022154198959, 7034668.236671036109328 ], [ 255425.140022154198959, 7034663.233480446971953 ], [ 255420.136831564246677, 7034663.233480446971953 ], [ 255420.136831564246677, 7034668.236671036109328 ], [ 255415.133640974323498, 7034668.236671036109328 ], [ 255415.133640974323498, 7034673.239861626178026 ], [ 255420.136831564246677, 7034673.239861626178026 ], [ 255420.136831564246677, 7034678.243052216246724 ] ], [ [ 258291.968230193830095, 7034608.198383957147598 ], [ 258296.971420783782378, 7034608.198383957147598 ], [ 258296.971420783782378, 7034593.188812186941504 ], [ 258281.96184901392553, 7034593.188812186941504 ], [ 258281.96184901392553, 7034598.192002777010202 ], [ 258286.965039603877813, 7034598.192002777010202 ], [ 258286.965039603877813, 7034603.1951933670789 ], [ 258291.968230193830095, 7034603.1951933670789 ], [ 258291.968230193830095, 7034608.198383957147598 ] ], [ [ 258482.089472611813108, 7034548.160096878185868 ], [ 258487.09266320176539, 7034548.160096878185868 ], [ 258487.09266320176539, 7034543.15690628811717 ], [ 258482.089472611813108, 7034543.15690628811717 ], [ 258482.089472611813108, 7034548.160096878185868 ] ], [ [ 255885.433556429343298, 7034338.026092099957168 ], [ 255890.436747019266477, 7034338.026092099957168 ], [ 255890.436747019266477, 7034333.02290150988847 ], [ 255885.433556429343298, 7034333.02290150988847 ], [ 255885.433556429343298, 7034338.026092099957168 ] ], [ [ 255870.42398465948645, 7034333.02290150988847 ], [ 255885.433556429343298, 7034333.02290150988847 ], [ 255885.433556429343298, 7034328.019710919819772 ], [ 255895.439937609218759, 7034328.019710919819772 ], [ 255895.439937609218759, 7034323.016520330682397 ], [ 255900.443128199171042, 7034323.016520330682397 ], [ 255900.443128199171042, 7034318.013329740613699 ], [ 255905.446318789123325, 7034318.013329740613699 ], [ 255905.446318789123325, 7034298.000567380338907 ], [ 255900.443128199171042, 7034298.000567380338907 ], [ 255900.443128199171042, 7034292.997376790270209 ], [ 255905.446318789123325, 7034292.997376790270209 ], [ 255905.446318789123325, 7034282.990995611064136 ], [ 255900.443128199171042, 7034282.990995611064136 ], [ 255900.443128199171042, 7034277.987805020995438 ], [ 255855.414412889658706, 7034277.987805020995438 ], [ 255855.414412889658706, 7034272.98461443092674 ], [ 255845.408031709754141, 7034272.98461443092674 ], [ 255845.408031709754141, 7034292.997376790270209 ], [ 255850.411222299706424, 7034292.997376790270209 ], [ 255850.411222299706424, 7034298.000567380338907 ], [ 255855.414412889658706, 7034298.000567380338907 ], [ 255855.414412889658706, 7034308.006948560476303 ], [ 255860.417603479581885, 7034308.006948560476303 ], [ 255860.417603479581885, 7034318.013329740613699 ], [ 255865.420794069534168, 7034318.013329740613699 ], [ 255865.420794069534168, 7034328.019710919819772 ], [ 255870.42398465948645, 7034328.019710919819772 ], [ 255870.42398465948645, 7034333.02290150988847 ] ], [ [ 255870.42398465948645, 7034267.981423840858042 ], [ 255885.433556429343298, 7034267.981423840858042 ], [ 255885.433556429343298, 7034257.975042660720646 ], [ 255880.430365839391015, 7034257.975042660720646 ], [ 255880.430365839391015, 7034252.971852070651948 ], [ 255870.42398465948645, 7034252.971852070651948 ], [ 255870.42398465948645, 7034257.975042660720646 ], [ 255865.420794069534168, 7034257.975042660720646 ], [ 255865.420794069534168, 7034262.978233250789344 ], [ 255870.42398465948645, 7034262.978233250789344 ], [ 255870.42398465948645, 7034267.981423840858042 ] ], [ [ 259022.434056326106656, 7034187.930374401621521 ], [ 259027.437246916029835, 7034187.930374401621521 ], [ 259027.437246916029835, 7034182.927183811552823 ], [ 259022.434056326106656, 7034182.927183811552823 ], [ 259022.434056326106656, 7034187.930374401621521 ] ], [ [ 259032.440437505982118, 7034177.923993221484125 ], [ 259037.4436280959344, 7034177.923993221484125 ], [ 259037.4436280959344, 7034172.920802631415427 ], [ 259032.440437505982118, 7034172.920802631415427 ], [ 259032.440437505982118, 7034177.923993221484125 ] ], [ [ 259357.647825852531241, 7033257.336924671195447 ], [ 259362.651016442483524, 7033257.336924671195447 ], [ 259362.651016442483524, 7033252.33373408112675 ], [ 259357.647825852531241, 7033252.33373408112675 ], [ 259357.647825852531241, 7033257.336924671195447 ] ], [ [ 259347.64144467265578, 7033242.327352901920676 ], [ 259352.644635262578959, 7033242.327352901920676 ], [ 259352.644635262578959, 7033237.324162311851978 ], [ 259347.64144467265578, 7033237.324162311851978 ], [ 259347.64144467265578, 7033242.327352901920676 ] ], [ [ 259342.638254082703497, 7033237.324162311851978 ], [ 259347.64144467265578, 7033237.324162311851978 ], [ 259347.64144467265578, 7033232.32097172178328 ], [ 259342.638254082703497, 7033232.32097172178328 ], [ 259342.638254082703497, 7033237.324162311851978 ] ], [ [ 257956.754460667376406, 7033167.279494052752852 ], [ 257966.760841847280972, 7033167.279494052752852 ], [ 257966.760841847280972, 7033162.276303462684155 ], [ 257956.754460667376406, 7033162.276303462684155 ], [ 257956.754460667376406, 7033167.279494052752852 ] ] ] } }
]
}
