{
"type": "FeatureCollection",
"name": "retrogression_adaptive_balanced_streams_subset_10",
"crs": { "type": "name", "properties": { "name": "urn:ogc:def:crs:EPSG::25833" } },
"features": [
{ "type": "Feature", "properties": { "id": 1, "slope": 1 }, "geometry": { "type": "Polygon", "coordinates": [ [ [ 258156.882084265263984, 7041737.744974631816149 ], [ 258156.882084265263984, 7041732.741784041747451 ], [ 258126.862940725579392, 7041732.741784041747451 ], [ 258126.862940725579392, 7041727.738593451678753 ], [ 258111.853368955751648, 7041727.738593451678753 ], [ 258111.853368955751648, 7041722.735402861610055 ], [ 258081.834225416067056, 7041722.735402861610055 ], [ 258081.834225416067056, 7041717.732212271541357 ], [ 258056.818272466334747, 7041717.732212271541357 ], [ 258056.818272466334747, 7041712.729021681472659 ], [ 258006.786366566841025, 7041712.729021681472659 ], [ 258006.786366566841025, 7041717.732212271541357 ], [ 257996.779985386965564, 7041717.732212271541357 ], [ 257996.779985386965564, 7041722.735402861610055 ], [ 257981.770413617108716, 7041722.735402861610055 ], [ 257981.770413617108716, 7041717.732212271541357 ], [ 257966.760841847280972, 7041717.732212271541357 ], [ 257966.760841847280972, 7041712.729021681472659 ], [ 257961.757651257328689, 7041712.729021681472659 ], [ 257961.757651257328689, 7041702.722640502266586 ], [ 257956.754460667376406, 7041702.722640502266586 ], [ 257956.754460667376406, 7041692.71625932212919 ], [ 257951.751270077424124, 7041692.71625932212919 ], [ 257951.751270077424124, 7041677.706687551923096 ], [ 257946.748079487500945, 7041677.706687551923096 ], [ 257946.748079487500945, 7041662.697115782648325 ], [ 257941.744888897548662, 7041662.697115782648325 ], [ 257941.744888897548662, 7041652.690734602510929 ], [ 257936.74169830759638, 7041652.690734602510929 ], [ 257936.74169830759638, 7041657.693925192579627 ], [ 257921.732126537768636, 7041657.693925192579627 ], [ 257921.732126537768636, 7041652.690734602510929 ], [ 257916.728935947816353, 7041652.690734602510929 ], [ 257916.728935947816353, 7041647.687544012442231 ], [ 257911.725745357864071, 7041647.687544012442231 ], [ 257911.725745357864071, 7041642.684353422373533 ], [ 257906.722554767911788, 7041642.684353422373533 ], [ 257906.722554767911788, 7041637.681162832304835 ], [ 257901.719364177959505, 7041637.681162832304835 ], [ 257901.719364177959505, 7041632.67797224316746 ], [ 257896.716173588007223, 7041632.67797224316746 ], [ 257896.716173588007223, 7041627.674781653098762 ], [ 257891.712982998084044, 7041627.674781653098762 ], [ 257891.712982998084044, 7041622.671591063030064 ], [ 257886.709792408131761, 7041622.671591063030064 ], [ 257886.709792408131761, 7041617.668400472961366 ], [ 257881.706601818179479, 7041617.668400472961366 ], [ 257881.706601818179479, 7041612.665209882892668 ], [ 257876.703411228227196, 7041612.665209882892668 ], [ 257876.703411228227196, 7041607.66201929282397 ], [ 257871.700220638274914, 7041607.66201929282397 ], [ 257871.700220638274914, 7041602.658828702755272 ], [ 257866.697030048351735, 7041602.658828702755272 ], [ 257866.697030048351735, 7041597.655638112686574 ], [ 257861.693839458399452, 7041597.655638112686574 ], [ 257861.693839458399452, 7041602.658828702755272 ], [ 257856.69064886844717, 7041602.658828702755272 ], [ 257856.69064886844717, 7041612.665209882892668 ], [ 257851.687458278494887, 7041612.665209882892668 ], [ 257851.687458278494887, 7041617.668400472961366 ], [ 257846.684267688542604, 7041617.668400472961366 ], [ 257846.684267688542604, 7041622.671591063030064 ], [ 257841.681077098590322, 7041622.671591063030064 ], [ 257841.681077098590322, 7041627.674781653098762 ], [ 257836.677886508667143, 7041627.674781653098762 ], [ 257836.677886508667143, 7041632.67797224316746 ], [ 257831.67469591871486, 7041632.67797224316746 ], [ 257831.67469591871486, 7041627.674781653098762 ], [ 257826.671505328762578, 7041627.674781653098762 ], [ 257826.671505328762578, 7041622.671591063030064 ], [ 257821.668314738810295, 7041622.671591063030064 ], [ 257821.668314738810295, 7041617.668400472961366 ], [ 257816.665124148858013, 7041617.668400472961366 ], [ 257816.665124148858013, 7041612.665209882892668 ], [ 257791.649171199125703, 7041612.665209882892668 ], [ 257791.649171199125703, 7041617.668400472961366 ], [ 257781.642790019250242, 7041617.668400472961366 ], [ 257781.642790019250242, 7041607.66201929282397 ], [ 257771.636408839345677, 7041607.66201929282397 ], [ 257771.636408839345677, 7041597.655638112686574 ], [ 257766.633218249393394, 7041597.655638112686574 ], [ 257766.633218249393394, 7041592.652447523549199 ], [ 257761.630027659441112, 7041592.652447523549199 ], [ 257761.630027659441112, 7041587.649256933480501 ], [ 257756.626837069517933, 7041587.649256933480501 ], [ 257756.626837069517933, 7041567.636494573205709 ], [ 257761.630027659441112, 7041567.636494573205709 ], [ 257761.630027659441112, 7041552.626922803930938 ], [ 257756.626837069517933, 7041552.626922803930938 ], [ 257756.626837069517933, 7041547.62373221386224 ], [ 257751.62364647956565, 7041547.62373221386224 ], [ 257751.62364647956565, 7041542.620541623793542 ], [ 257741.617265299661085, 7041542.620541623793542 ], [ 257741.617265299661085, 7041532.614160443656147 ], [ 257736.614074709708802, 7041532.614160443656147 ], [ 257736.614074709708802, 7041527.610969853587449 ], [ 257731.61088411975652, 7041527.610969853587449 ], [ 257731.61088411975652, 7041492.588635724037886 ], [ 257726.607693529833341, 7041492.588635724037886 ], [ 257726.607693529833341, 7041482.58225454390049 ], [ 257716.601312349928776, 7041482.58225454390049 ], [ 257716.601312349928776, 7041477.579063954763114 ], [ 257711.598121759976493, 7041477.579063954763114 ], [ 257711.598121759976493, 7041472.575873364694417 ], [ 257716.601312349928776, 7041472.575873364694417 ], [ 257716.601312349928776, 7041467.572682774625719 ], [ 257721.604502939881058, 7041467.572682774625719 ], [ 257721.604502939881058, 7041462.569492184557021 ], [ 257731.61088411975652, 7041462.569492184557021 ], [ 257731.61088411975652, 7041452.563111004419625 ], [ 257736.614074709708802, 7041452.563111004419625 ], [ 257736.614074709708802, 7041447.559920414350927 ], [ 257741.617265299661085, 7041447.559920414350927 ], [ 257741.617265299661085, 7041437.553539235144854 ], [ 257746.620455889613368, 7041437.553539235144854 ], [ 257746.620455889613368, 7041432.550348645076156 ], [ 257751.62364647956565, 7041432.550348645076156 ], [ 257751.62364647956565, 7041422.54396746493876 ], [ 257756.626837069517933, 7041422.54396746493876 ], [ 257756.626837069517933, 7041417.540776874870062 ], [ 257761.630027659441112, 7041417.540776874870062 ], [ 257761.630027659441112, 7041412.537586284801364 ], [ 257766.633218249393394, 7041412.537586284801364 ], [ 257766.633218249393394, 7041402.531205105595291 ], [ 257771.636408839345677, 7041402.531205105595291 ], [ 257771.636408839345677, 7041397.528014515526593 ], [ 257781.642790019250242, 7041397.528014515526593 ], [ 257781.642790019250242, 7041392.524823925457895 ], [ 257821.668314738810295, 7041392.524823925457895 ], [ 257821.668314738810295, 7041387.521633335389197 ], [ 257816.665124148858013, 7041387.521633335389197 ], [ 257816.665124148858013, 7041382.518442745320499 ], [ 257811.661933558934834, 7041382.518442745320499 ], [ 257811.661933558934834, 7041377.515252155251801 ], [ 257816.665124148858013, 7041377.515252155251801 ], [ 257816.665124148858013, 7041362.50568038597703 ], [ 257821.668314738810295, 7041362.50568038597703 ], [ 257821.668314738810295, 7041352.499299205839634 ], [ 257826.671505328762578, 7041352.499299205839634 ], [ 257826.671505328762578, 7041332.486536845564842 ], [ 257821.668314738810295, 7041332.486536845564842 ], [ 257821.668314738810295, 7041322.480155666358769 ], [ 257816.665124148858013, 7041322.480155666358769 ], [ 257816.665124148858013, 7041312.473774486221373 ], [ 257806.658742968982551, 7041312.473774486221373 ], [ 257806.658742968982551, 7041302.467393306083977 ], [ 257801.655552379030269, 7041302.467393306083977 ], [ 257801.655552379030269, 7041297.464202716015279 ], [ 257806.658742968982551, 7041297.464202716015279 ], [ 257806.658742968982551, 7041292.461012125946581 ], [ 257961.757651257328689, 7041292.461012125946581 ], [ 257961.757651257328689, 7041302.467393306083977 ], [ 257956.754460667376406, 7041302.467393306083977 ], [ 257956.754460667376406, 7041362.50568038597703 ], [ 257961.757651257328689, 7041362.50568038597703 ], [ 257961.757651257328689, 7041387.521633335389197 ], [ 257966.760841847280972, 7041387.521633335389197 ], [ 257966.760841847280972, 7041392.524823925457895 ], [ 257971.764032437233254, 7041392.524823925457895 ], [ 257971.764032437233254, 7041402.531205105595291 ], [ 257976.767223027185537, 7041402.531205105595291 ], [ 257976.767223027185537, 7041412.537586284801364 ], [ 257971.764032437233254, 7041412.537586284801364 ], [ 257971.764032437233254, 7041422.54396746493876 ], [ 257966.760841847280972, 7041422.54396746493876 ], [ 257966.760841847280972, 7041432.550348645076156 ], [ 257961.757651257328689, 7041432.550348645076156 ], [ 257961.757651257328689, 7041437.553539235144854 ], [ 257956.754460667376406, 7041437.553539235144854 ], [ 257956.754460667376406, 7041467.572682774625719 ], [ 257961.757651257328689, 7041467.572682774625719 ], [ 257961.757651257328689, 7041482.58225454390049 ], [ 257956.754460667376406, 7041482.58225454390049 ], [ 257956.754460667376406, 7041487.585445133969188 ], [ 257946.748079487500945, 7041487.585445133969188 ], [ 257946.748079487500945, 7041492.588635724037886 ], [ 257951.751270077424124, 7041492.588635724037886 ], [ 257951.751270077424124, 7041497.591826314106584 ], [ 257956.754460667376406, 7041497.591826314106584 ], [ 257956.754460667376406, 7041502.595016904175282 ], [ 257961.757651257328689, 7041502.595016904175282 ], [ 257961.757651257328689, 7041507.598207494243979 ], [ 257966.760841847280972, 7041507.598207494243979 ], [ 257966.760841847280972, 7041512.601398084312677 ], [ 257971.764032437233254, 7041512.601398084312677 ], [ 257971.764032437233254, 7041517.604588674381375 ], [ 257976.767223027185537, 7041517.604588674381375 ], [ 257976.767223027185537, 7041522.607779263518751 ], [ 257981.770413617108716, 7041522.607779263518751 ], [ 257981.770413617108716, 7041527.610969853587449 ], [ 257986.773604207060998, 7041527.610969853587449 ], [ 257986.773604207060998, 7041522.607779263518751 ], [ 258006.786366566841025, 7041522.607779263518751 ], [ 258006.786366566841025, 7041517.604588674381375 ], [ 258016.79274774674559, 7041517.604588674381375 ], [ 258016.79274774674559, 7041507.598207494243979 ], [ 258021.795938336697873, 7041507.598207494243979 ], [ 258021.795938336697873, 7041502.595016904175282 ], [ 258026.799128926650155, 7041502.595016904175282 ], [ 258026.799128926650155, 7041497.591826314106584 ], [ 258031.802319516602438, 7041497.591826314106584 ], [ 258031.802319516602438, 7041482.58225454390049 ], [ 258026.799128926650155, 7041482.58225454390049 ], [ 258026.799128926650155, 7041462.569492184557021 ], [ 258021.795938336697873, 7041462.569492184557021 ], [ 258021.795938336697873, 7041452.563111004419625 ], [ 258016.79274774674559, 7041452.563111004419625 ], [ 258016.79274774674559, 7041447.559920414350927 ], [ 258011.789557156793308, 7041447.559920414350927 ], [ 258011.789557156793308, 7041437.553539235144854 ], [ 258016.79274774674559, 7041437.553539235144854 ], [ 258016.79274774674559, 7041377.515252155251801 ], [ 258021.795938336697873, 7041377.515252155251801 ], [ 258021.795938336697873, 7041372.512061565183103 ], [ 258026.799128926650155, 7041372.512061565183103 ], [ 258026.799128926650155, 7041367.508870975114405 ], [ 258036.805510106525617, 7041367.508870975114405 ], [ 258036.805510106525617, 7041362.50568038597703 ], [ 258041.808700696477899, 7041362.50568038597703 ], [ 258041.808700696477899, 7041357.502489795908332 ], [ 258046.811891286430182, 7041357.502489795908332 ], [ 258046.811891286430182, 7041352.499299205839634 ], [ 258051.815081876382465, 7041352.499299205839634 ], [ 258051.815081876382465, 7041347.496108615770936 ], [ 258056.818272466334747, 7041347.496108615770936 ], [ 258056.818272466334747, 7041342.492918025702238 ], [ 258061.821463056257926, 7041342.492918025702238 ], [ 258061.821463056257926, 7041332.486536845564842 ], [ 258066.824653646210209, 7041332.486536845564842 ], [ 258066.824653646210209, 7041327.483346256427467 ], [ 258071.827844236162491, 7041327.483346256427467 ], [ 258071.827844236162491, 7041322.480155666358769 ], [ 258076.831034826114774, 7041322.480155666358769 ], [ 258076.831034826114774, 7041317.476965076290071 ], [ 258081.834225416067056, 7041317.476965076290071 ], [ 258081.834225416067056, 7041307.470583896152675 ], [ 258086.837416006019339, 7041307.470583896152675 ], [ 258086.837416006019339, 7041302.467393306083977 ], [ 258091.840606595942518, 7041302.467393306083977 ], [ 258091.840606595942518, 7041297.464202716015279 ], [ 258096.8437971858948, 7041297.464202716015279 ], [ 258096.8437971858948, 7041292.461012125946581 ], [ 258191.904418394900858, 7041292.461012125946581 ], [ 258191.904418394900858, 7041737.744974631816149 ], [ 258156.882084265263984, 7041737.744974631816149 ] ], [ [ 257761.630027659441112, 7041452.563111004419625 ], [ 257771.636408839345677, 7041452.563111004419625 ], [ 257771.636408839345677, 7041447.559920414350927 ], [ 257776.639599429297959, 7041447.559920414350927 ], [ 257776.639599429297959, 7041442.556729825213552 ], [ 257781.642790019250242, 7041442.556729825213552 ], [ 257781.642790019250242, 7041427.547158055007458 ], [ 257776.639599429297959, 7041427.547158055007458 ], [ 257776.639599429297959, 7041432.550348645076156 ], [ 257771.636408839345677, 7041432.550348645076156 ], [ 257771.636408839345677, 7041437.553539235144854 ], [ 257761.630027659441112, 7041437.553539235144854 ], [ 257761.630027659441112, 7041442.556729825213552 ], [ 257756.626837069517933, 7041442.556729825213552 ], [ 257756.626837069517933, 7041447.559920414350927 ], [ 257761.630027659441112, 7041447.559920414350927 ], [ 257761.630027659441112, 7041452.563111004419625 ] ] ] } },
{ "type": "Feature", "properties": { "id": 2, "slope": 1 }, "geometry": { "type": "Polygon", "coordinates": [ [ [ 255550.219786902889609, 7041392.524823925457895 ], [ 255550.219786902889609, 7041387.521633335389197 ], [ 255545.216596312937327, 7041387.521633335389197 ], [ 255545.216596312937327, 7041382.518442745320499 ], [ 255540.213405722985044, 7041382.518442745320499 ], [ 255540.213405722985044, 7041377.515252155251801 ], [ 255535.210215133032762, 7041377.515252155251801 ], [ 255535.210215133032762, 7041372.512061565183103 ], [ 255530.207024543080479, 7041372.512061565183103 ], [ 255530.207024543080479, 7041367.508870975114405 ], [ 255525.2038339531573, 7041367.508870975114405 ], [ 255525.2038339531573, 7041362.50568038597703 ], [ 255520.200643363205018, 7041362.50568038597703 ], [ 255520.200643363205018, 7041357.502489795908332 ], [ 255515.197452773252735, 7041357.502489795908332 ], [ 255515.197452773252735, 7041352.499299205839634 ], [ 255510.194262183300452, 7041352.499299205839634 ], [ 255510.194262183300452, 7041347.496108615770936 ], [ 255505.19107159334817, 7041347.496108615770936 ], [ 255505.19107159334817, 7041342.492918025702238 ], [ 255485.178309233568143, 7041342.492918025702238 ], [ 255485.178309233568143, 7041347.496108615770936 ], [ 255470.168737463740399, 7041347.496108615770936 ], [ 255470.168737463740399, 7041342.492918025702238 ], [ 255465.165546873788116, 7041342.492918025702238 ], [ 255465.165546873788116, 7041347.496108615770936 ], [ 255460.162356283835834, 7041347.496108615770936 ], [ 255460.162356283835834, 7041352.499299205839634 ], [ 255430.143212744151242, 7041352.499299205839634 ], [ 255430.143212744151242, 7041347.496108615770936 ], [ 255405.127259794418933, 7041347.496108615770936 ], [ 255405.127259794418933, 7041342.492918025702238 ], [ 255395.120878614514368, 7041342.492918025702238 ], [ 255395.120878614514368, 7041337.48972743563354 ], [ 255390.117688024591189, 7041337.48972743563354 ], [ 255390.117688024591189, 7041327.483346256427467 ], [ 255385.114497434638906, 7041327.483346256427467 ], [ 255385.114497434638906, 7041307.470583896152675 ], [ 255380.111306844686624, 7041307.470583896152675 ], [ 255380.111306844686624, 7041302.467393306083977 ], [ 255375.108116254734341, 7041302.467393306083977 ], [ 255375.108116254734341, 7041292.461012125946581 ], [ 255370.104925664782058, 7041292.461012125946581 ], [ 255370.104925664782058, 7041287.457821536809206 ], [ 255360.098544484906597, 7041287.457821536809206 ], [ 255360.098544484906597, 7041282.454630946740508 ], [ 255355.095353894954314, 7041282.454630946740508 ], [ 255355.095353894954314, 7041277.45144035667181 ], [ 255350.092163305002032, 7041277.45144035667181 ], [ 255350.092163305002032, 7041272.448249766603112 ], [ 255345.088972715049749, 7041272.448249766603112 ], [ 255345.088972715049749, 7041262.441868586465716 ], [ 255340.085782125097467, 7041262.441868586465716 ], [ 255340.085782125097467, 7041252.435487406328321 ], [ 255335.082591535174288, 7041252.435487406328321 ], [ 255335.082591535174288, 7041242.429106227122247 ], [ 255330.079400945222005, 7041242.429106227122247 ], [ 255330.079400945222005, 7041232.422725046984851 ], [ 255325.076210355269723, 7041232.422725046984851 ], [ 255325.076210355269723, 7041222.416343866847456 ], [ 255320.07301976531744, 7041222.416343866847456 ], [ 255320.07301976531744, 7041207.406772097572684 ], [ 255315.069829175365157, 7041207.406772097572684 ], [ 255315.069829175365157, 7041197.400390917435288 ], [ 255310.066638585412875, 7041197.400390917435288 ], [ 255310.066638585412875, 7041182.390819147229195 ], [ 255305.063447995489696, 7041182.390819147229195 ], [ 255305.063447995489696, 7041177.387628557160497 ], [ 255300.060257405537413, 7041177.387628557160497 ], [ 255300.060257405537413, 7041172.384437968023121 ], [ 255295.057066815585131, 7041172.384437968023121 ], [ 255295.057066815585131, 7041167.381247377954423 ], [ 255290.053876225632848, 7041167.381247377954423 ], [ 255290.053876225632848, 7041162.378056787885725 ], [ 255285.050685635680566, 7041162.378056787885725 ], [ 255285.050685635680566, 7041152.37167560774833 ], [ 255280.047495045757387, 7041152.37167560774833 ], [ 255280.047495045757387, 7040947.240861419588327 ], [ 255820.392078760021832, 7040947.240861419588327 ], [ 255820.392078760021832, 7041327.483346256427467 ], [ 255815.388888170069549, 7041327.483346256427467 ], [ 255815.388888170069549, 7041322.480155666358769 ], [ 255805.382506990164984, 7041322.480155666358769 ], [ 255805.382506990164984, 7041317.476965076290071 ], [ 255795.376125810289523, 7041317.476965076290071 ], [ 255795.376125810289523, 7041312.473774486221373 ], [ 255775.363363450509496, 7041312.473774486221373 ], [ 255775.363363450509496, 7041302.467393306083977 ], [ 255770.360172860557213, 7041302.467393306083977 ], [ 255770.360172860557213, 7041292.461012125946581 ], [ 255760.353791680652648, 7041292.461012125946581 ], [ 255760.353791680652648, 7041297.464202716015279 ], [ 255755.350601090700366, 7041297.464202716015279 ], [ 255755.350601090700366, 7041302.467393306083977 ], [ 255750.347410500748083, 7041302.467393306083977 ], [ 255750.347410500748083, 7041307.470583896152675 ], [ 255690.309123421408003, 7041307.470583896152675 ], [ 255690.309123421408003, 7041312.473774486221373 ], [ 255680.302742241503438, 7041312.473774486221373 ], [ 255680.302742241503438, 7041327.483346256427467 ], [ 255670.296361061598873, 7041327.483346256427467 ], [ 255670.296361061598873, 7041332.486536845564842 ], [ 255635.274026931991102, 7041332.486536845564842 ], [ 255635.274026931991102, 7041327.483346256427467 ], [ 255625.267645752086537, 7041327.483346256427467 ], [ 255625.267645752086537, 7041332.486536845564842 ], [ 255620.264455162134254, 7041332.486536845564842 ], [ 255620.264455162134254, 7041337.48972743563354 ], [ 255615.261264572181972, 7041337.48972743563354 ], [ 255615.261264572181972, 7041342.492918025702238 ], [ 255610.258073982258793, 7041342.492918025702238 ], [ 255610.258073982258793, 7041347.496108615770936 ], [ 255605.25488339230651, 7041347.496108615770936 ], [ 255605.25488339230651, 7041352.499299205839634 ], [ 255600.251692802354228, 7041352.499299205839634 ], [ 255600.251692802354228, 7041357.502489795908332 ], [ 255595.248502212401945, 7041357.502489795908332 ], [ 255595.248502212401945, 7041362.50568038597703 ], [ 255590.245311622449663, 7041362.50568038597703 ], [ 255590.245311622449663, 7041367.508870975114405 ], [ 255585.24212103249738, 7041367.508870975114405 ], [ 255585.24212103249738, 7041372.512061565183103 ], [ 255580.238930442574201, 7041372.512061565183103 ], [ 255580.238930442574201, 7041377.515252155251801 ], [ 255575.235739852621919, 7041377.515252155251801 ], [ 255575.235739852621919, 7041382.518442745320499 ], [ 255570.232549262669636, 7041382.518442745320499 ], [ 255570.232549262669636, 7041387.521633335389197 ], [ 255565.229358672717353, 7041387.521633335389197 ], [ 255565.229358672717353, 7041392.524823925457895 ], [ 255550.219786902889609, 7041392.524823925457895 ] ] ] } },
{ "type": "Feature", "properties": { "id": 3, "slope": 1 }, "geometry": { "type": "Polygon", "coordinates": [ [ [ 254744.706101921416121, 7040817.157906081527472 ], [ 254744.706101921416121, 7040812.154715491458774 ], [ 254739.702911331463838, 7040812.154715491458774 ], [ 254739.702911331463838, 7040807.151524901390076 ], [ 254734.699720741511555, 7040807.151524901390076 ], [ 254734.699720741511555, 7040802.148334311321378 ], [ 254724.693339561636094, 7040802.148334311321378 ], [ 254724.693339561636094, 7040797.14514372125268 ], [ 254719.690148971683811, 7040797.14514372125268 ], [ 254719.690148971683811, 7040792.141953132115304 ], [ 254714.686958381731529, 7040792.141953132115304 ], [ 254714.686958381731529, 7040787.138762542046607 ], [ 254709.683767791779246, 7040787.138762542046607 ], [ 254709.683767791779246, 7040782.135571951977909 ], [ 254704.680577201856067, 7040782.135571951977909 ], [ 254704.680577201856067, 7040777.132381361909211 ], [ 254694.674196021951502, 7040777.132381361909211 ], [ 254694.674196021951502, 7040772.129190771840513 ], [ 254689.67100543199922, 7040772.129190771840513 ], [ 254689.67100543199922, 7040767.126000181771815 ], [ 254684.667814842046937, 7040767.126000181771815 ], [ 254684.667814842046937, 7040762.122809591703117 ], [ 254664.65505248226691, 7040762.122809591703117 ], [ 254664.65505248226691, 7040757.119619001634419 ], [ 254659.651861892314628, 7040757.119619001634419 ], [ 254659.651861892314628, 7040752.116428412497044 ], [ 254639.639099532534601, 7040752.116428412497044 ], [ 254639.639099532534601, 7040747.113237822428346 ], [ 254629.632718352630036, 7040747.113237822428346 ], [ 254629.632718352630036, 7040742.110047232359648 ], [ 254604.616765402897727, 7040742.110047232359648 ], [ 254604.616765402897727, 7040737.10685664229095 ], [ 254594.610384223022265, 7040737.10685664229095 ], [ 254594.610384223022265, 7040742.110047232359648 ], [ 254584.6040030431177, 7040742.110047232359648 ], [ 254584.6040030431177, 7040747.113237822428346 ], [ 254569.594431273260852, 7040747.113237822428346 ], [ 254569.594431273260852, 7040742.110047232359648 ], [ 254564.591240683337674, 7040742.110047232359648 ], [ 254564.591240683337674, 7040747.113237822428346 ], [ 254559.588050093385391, 7040747.113237822428346 ], [ 254559.588050093385391, 7040742.110047232359648 ], [ 254554.584859503433108, 7040742.110047232359648 ], [ 254554.584859503433108, 7040732.103666052222252 ], [ 254549.581668913480826, 7040732.103666052222252 ], [ 254549.581668913480826, 7040707.087713102810085 ], [ 254559.588050093385391, 7040707.087713102810085 ], [ 254559.588050093385391, 7040702.084522512741387 ], [ 254554.584859503433108, 7040702.084522512741387 ], [ 254554.584859503433108, 7040697.081331922672689 ], [ 254549.581668913480826, 7040697.081331922672689 ], [ 254549.581668913480826, 7040692.078141332603991 ], [ 254544.578478323528543, 7040692.078141332603991 ], [ 254544.578478323528543, 7040677.06856956332922 ], [ 254539.575287733605364, 7040677.06856956332922 ], [ 254539.575287733605364, 7040667.062188383191824 ], [ 254534.572097143653082, 7040667.062188383191824 ], [ 254534.572097143653082, 7040672.065378973260522 ], [ 254529.568906553700799, 7040672.065378973260522 ], [ 254529.568906553700799, 7040677.06856956332922 ], [ 254524.565715963748517, 7040677.06856956332922 ], [ 254524.565715963748517, 7040682.071760152466595 ], [ 254519.562525373796234, 7040682.071760152466595 ], [ 254519.562525373796234, 7040687.074950742535293 ], [ 254514.559334783843951, 7040687.074950742535293 ], [ 254514.559334783843951, 7040692.078141332603991 ], [ 254509.556144193920773, 7040692.078141332603991 ], [ 254509.556144193920773, 7040697.081331922672689 ], [ 254504.55295360396849, 7040697.081331922672689 ], [ 254504.55295360396849, 7040702.084522512741387 ], [ 254499.549763014016207, 7040702.084522512741387 ], [ 254499.549763014016207, 7040707.087713102810085 ], [ 254494.546572424063925, 7040707.087713102810085 ], [ 254494.546572424063925, 7040712.090903692878783 ], [ 254474.533810064283898, 7040712.090903692878783 ], [ 254474.533810064283898, 7040707.087713102810085 ], [ 254469.530619474331615, 7040707.087713102810085 ], [ 254469.530619474331615, 7040702.084522512741387 ], [ 254464.527428884379333, 7040702.084522512741387 ], [ 254464.527428884379333, 7040697.081331922672689 ], [ 254459.52423829442705, 7040697.081331922672689 ], [ 254459.52423829442705, 7040692.078141332603991 ], [ 254454.521047704503872, 7040692.078141332603991 ], [ 254454.521047704503872, 7040687.074950742535293 ], [ 254449.517857114551589, 7040687.074950742535293 ], [ 254449.517857114551589, 7040682.071760152466595 ], [ 254444.514666524599306, 7040682.071760152466595 ], [ 254444.514666524599306, 7040677.06856956332922 ], [ 254439.511475934647024, 7040677.06856956332922 ], [ 254439.511475934647024, 7040672.065378973260522 ], [ 254434.508285344694741, 7040672.065378973260522 ], [ 254434.508285344694741, 7040667.062188383191824 ], [ 254429.505094754771562, 7040667.062188383191824 ], [ 254429.505094754771562, 7040662.058997793123126 ], [ 254424.50190416481928, 7040662.058997793123126 ], [ 254424.50190416481928, 7040657.055807203054428 ], [ 254419.498713574866997, 7040657.055807203054428 ], [ 254419.498713574866997, 7040652.05261661298573 ], [ 254414.495522984914714, 7040652.05261661298573 ], [ 254414.495522984914714, 7040647.049426022917032 ], [ 254409.492332394962432, 7040647.049426022917032 ], [ 254409.492332394962432, 7040642.046235432848334 ], [ 254404.489141805010149, 7040642.046235432848334 ], [ 254404.489141805010149, 7040637.043044843710959 ], [ 254399.48595121508697, 7040637.043044843710959 ], [ 254399.48595121508697, 7040632.039854253642261 ], [ 254394.482760625134688, 7040632.039854253642261 ], [ 254394.482760625134688, 7040627.036663663573563 ], [ 254389.479570035182405, 7040627.036663663573563 ], [ 254389.479570035182405, 7040622.033473073504865 ], [ 254384.476379445230123, 7040622.033473073504865 ], [ 254384.476379445230123, 7040617.030282483436167 ], [ 254379.47318885527784, 7040617.030282483436167 ], [ 254379.47318885527784, 7040612.027091893367469 ], [ 254374.469998265354661, 7040612.027091893367469 ], [ 254374.469998265354661, 7040607.023901303298771 ], [ 254369.466807675402379, 7040607.023901303298771 ], [ 254369.466807675402379, 7040602.020710713230073 ], [ 254364.463617085450096, 7040602.020710713230073 ], [ 254364.463617085450096, 7040597.017520124092698 ], [ 254359.460426495497813, 7040597.017520124092698 ], [ 254359.460426495497813, 7040592.014329534024 ], [ 254354.457235905545531, 7040592.014329534024 ], [ 254354.457235905545531, 7040582.007948353886604 ], [ 254349.454045315593248, 7040582.007948353886604 ], [ 254349.454045315593248, 7040577.004757763817906 ], [ 254344.450854725670069, 7040577.004757763817906 ], [ 254344.450854725670069, 7040572.001567173749208 ], [ 254339.447664135717787, 7040572.001567173749208 ], [ 254339.447664135717787, 7040566.998376583680511 ], [ 254334.444473545765504, 7040566.998376583680511 ], [ 254334.444473545765504, 7040546.985614224337041 ], [ 254339.447664135717787, 7040546.985614224337041 ], [ 254339.447664135717787, 7040541.982423634268343 ], [ 254344.450854725670069, 7040541.982423634268343 ], [ 254344.450854725670069, 7040536.979233044199646 ], [ 254349.454045315593248, 7040536.979233044199646 ], [ 254349.454045315593248, 7040531.976042454130948 ], [ 254354.457235905545531, 7040531.976042454130948 ], [ 254354.457235905545531, 7040526.97285186406225 ], [ 254359.460426495497813, 7040526.97285186406225 ], [ 254359.460426495497813, 7040521.969661274924874 ], [ 254364.463617085450096, 7040521.969661274924874 ], [ 254364.463617085450096, 7040516.966470684856176 ], [ 254369.466807675402379, 7040516.966470684856176 ], [ 254369.466807675402379, 7040511.963280094787478 ], [ 254374.469998265354661, 7040511.963280094787478 ], [ 254374.469998265354661, 7040506.960089504718781 ], [ 254379.47318885527784, 7040506.960089504718781 ], [ 254379.47318885527784, 7040501.956898914650083 ], [ 254384.476379445230123, 7040501.956898914650083 ], [ 254384.476379445230123, 7040496.953708324581385 ], [ 254389.479570035182405, 7040496.953708324581385 ], [ 254389.479570035182405, 7040491.950517734512687 ], [ 254384.476379445230123, 7040491.950517734512687 ], [ 254384.476379445230123, 7040481.944136555306613 ], [ 254379.47318885527784, 7040481.944136555306613 ], [ 254379.47318885527784, 7040456.928183604963124 ], [ 254374.469998265354661, 7040456.928183604963124 ], [ 254374.469998265354661, 7040446.921802425757051 ], [ 254369.466807675402379, 7040446.921802425757051 ], [ 254369.466807675402379, 7040426.909040065482259 ], [ 254364.463617085450096, 7040426.909040065482259 ], [ 254364.463617085450096, 7040416.902658885344863 ], [ 254359.460426495497813, 7040416.902658885344863 ], [ 254359.460426495497813, 7040406.89627770613879 ], [ 254354.457235905545531, 7040406.89627770613879 ], [ 254354.457235905545531, 7040401.893087116070092 ], [ 254349.454045315593248, 7040401.893087116070092 ], [ 254349.454045315593248, 7040386.883515345863998 ], [ 254344.450854725670069, 7040386.883515345863998 ], [ 254344.450854725670069, 7040381.8803247557953 ], [ 254339.447664135717787, 7040381.8803247557953 ], [ 254339.447664135717787, 7040376.877134165726602 ], [ 254334.444473545765504, 7040376.877134165726602 ], [ 254334.444473545765504, 7040366.870752986520529 ], [ 254329.441282955813222, 7040366.870752986520529 ], [ 254329.441282955813222, 7040356.864371806383133 ], [ 254324.438092365860939, 7040356.864371806383133 ], [ 254324.438092365860939, 7040341.854800036177039 ], [ 254314.431711185985478, 7040341.854800036177039 ], [ 254314.431711185985478, 7040336.851609446108341 ], [ 254304.425330006080912, 7040336.851609446108341 ], [ 254304.425330006080912, 7040331.848418856970966 ], [ 254299.42213941612863, 7040331.848418856970966 ], [ 254299.42213941612863, 7040326.845228266902268 ], [ 254294.418948826176347, 7040326.845228266902268 ], [ 254294.418948826176347, 7040316.838847086764872 ], [ 254289.415758236253168, 7040316.838847086764872 ], [ 254289.415758236253168, 7040306.832465906627476 ], [ 254284.412567646300886, 7040306.832465906627476 ], [ 254284.412567646300886, 7040296.82608472649008 ], [ 254279.409377056348603, 7040296.82608472649008 ], [ 254279.409377056348603, 7040291.822894137352705 ], [ 254749.709292511368403, 7040291.822894137352705 ], [ 254749.709292511368403, 7040817.157906081527472 ], [ 254744.706101921416121, 7040817.157906081527472 ] ] ] } },
{ "type": "Feature", "properties": { "id": 7, "slope": 1 }, "geometry": { "type": "Polygon", "coordinates": [ [ [ 257861.693839458399452, 7039326.207110277377069 ], [ 257861.693839458399452, 7039306.194347917102277 ], [ 257856.69064886844717, 7039306.194347917102277 ], [ 257856.69064886844717, 7039311.197538507170975 ], [ 257841.681077098590322, 7039311.197538507170975 ], [ 257841.681077098590322, 7039306.194347917102277 ], [ 257836.677886508667143, 7039306.194347917102277 ], [ 257836.677886508667143, 7039301.191157327033579 ], [ 257831.67469591871486, 7039301.191157327033579 ], [ 257831.67469591871486, 7039296.187966737896204 ], [ 257826.671505328762578, 7039296.187966737896204 ], [ 257826.671505328762578, 7039286.181585557758808 ], [ 257821.668314738810295, 7039286.181585557758808 ], [ 257821.668314738810295, 7039276.175204377621412 ], [ 257816.665124148858013, 7039276.175204377621412 ], [ 257816.665124148858013, 7039271.172013787552714 ], [ 257811.661933558934834, 7039271.172013787552714 ], [ 257811.661933558934834, 7039266.168823197484016 ], [ 257816.665124148858013, 7039266.168823197484016 ], [ 257816.665124148858013, 7039261.165632608346641 ], [ 257811.661933558934834, 7039261.165632608346641 ], [ 257811.661933558934834, 7039256.162442018277943 ], [ 257806.658742968982551, 7039256.162442018277943 ], [ 257806.658742968982551, 7039261.165632608346641 ], [ 257796.652361789077986, 7039261.165632608346641 ], [ 257796.652361789077986, 7039256.162442018277943 ], [ 257791.649171199125703, 7039256.162442018277943 ], [ 257791.649171199125703, 7039086.053961959667504 ], [ 257796.652361789077986, 7039086.053961959667504 ], [ 257796.652361789077986, 7039091.057152549736202 ], [ 257801.655552379030269, 7039091.057152549736202 ], [ 257801.655552379030269, 7039111.069914909079671 ], [ 257811.661933558934834, 7039111.069914909079671 ], [ 257811.661933558934834, 7039106.066724319942296 ], [ 257816.665124148858013, 7039106.066724319942296 ], [ 257816.665124148858013, 7039111.069914909079671 ], [ 257821.668314738810295, 7039111.069914909079671 ], [ 257821.668314738810295, 7039136.085867859423161 ], [ 257826.671505328762578, 7039136.085867859423161 ], [ 257826.671505328762578, 7039146.092249039560556 ], [ 257831.67469591871486, 7039146.092249039560556 ], [ 257831.67469591871486, 7039156.09863021876663 ], [ 257836.677886508667143, 7039156.09863021876663 ], [ 257836.677886508667143, 7039141.089058449491858 ], [ 257831.67469591871486, 7039141.089058449491858 ], [ 257831.67469591871486, 7039111.069914909079671 ], [ 257826.671505328762578, 7039111.069914909079671 ], [ 257826.671505328762578, 7039101.063533729873598 ], [ 257821.668314738810295, 7039101.063533729873598 ], [ 257821.668314738810295, 7039096.0603431398049 ], [ 257811.661933558934834, 7039096.0603431398049 ], [ 257811.661933558934834, 7039076.047580779530108 ], [ 257806.658742968982551, 7039076.047580779530108 ], [ 257806.658742968982551, 7039071.04439018946141 ], [ 257801.655552379030269, 7039071.04439018946141 ], [ 257801.655552379030269, 7039066.041199600324035 ], [ 257796.652361789077986, 7039066.041199600324035 ], [ 257796.652361789077986, 7039061.038009010255337 ], [ 257791.649171199125703, 7039061.038009010255337 ], [ 257791.649171199125703, 7038945.964625441469252 ], [ 257826.671505328762578, 7038945.964625441469252 ], [ 257826.671505328762578, 7038950.96781603153795 ], [ 257836.677886508667143, 7038950.96781603153795 ], [ 257836.677886508667143, 7038945.964625441469252 ], [ 257841.681077098590322, 7038945.964625441469252 ], [ 257841.681077098590322, 7038940.961434851400554 ], [ 257836.677886508667143, 7038940.961434851400554 ], [ 257836.677886508667143, 7038925.95186308119446 ], [ 257831.67469591871486, 7038925.95186308119446 ], [ 257831.67469591871486, 7038920.948672491125762 ], [ 257826.671505328762578, 7038920.948672491125762 ], [ 257826.671505328762578, 7038915.945481901988387 ], [ 257821.668314738810295, 7038915.945481901988387 ], [ 257821.668314738810295, 7038900.935910131782293 ], [ 257816.665124148858013, 7038900.935910131782293 ], [ 257816.665124148858013, 7038885.9263383615762 ], [ 257821.668314738810295, 7038885.9263383615762 ], [ 257821.668314738810295, 7038875.919957182370126 ], [ 257826.671505328762578, 7038875.919957182370126 ], [ 257826.671505328762578, 7038870.916766592301428 ], [ 257831.67469591871486, 7038870.916766592301428 ], [ 257831.67469591871486, 7038865.91357600223273 ], [ 257836.677886508667143, 7038865.91357600223273 ], [ 257836.677886508667143, 7038860.910385412164032 ], [ 257846.684267688542604, 7038860.910385412164032 ], [ 257846.684267688542604, 7038855.907194822095335 ], [ 257871.700220638274914, 7038855.907194822095335 ], [ 257871.700220638274914, 7038850.904004232026637 ], [ 257896.716173588007223, 7038850.904004232026637 ], [ 257896.716173588007223, 7038845.900813641957939 ], [ 257901.719364177959505, 7038845.900813641957939 ], [ 257901.719364177959505, 7038840.897623051889241 ], [ 257906.722554767911788, 7038840.897623051889241 ], [ 257906.722554767911788, 7038835.894432462751865 ], [ 257911.725745357864071, 7038835.894432462751865 ], [ 257911.725745357864071, 7038830.891241872683167 ], [ 257921.732126537768636, 7038830.891241872683167 ], [ 257921.732126537768636, 7038825.88805128261447 ], [ 257931.738507717644097, 7038825.88805128261447 ], [ 257931.738507717644097, 7038830.891241872683167 ], [ 257936.74169830759638, 7038830.891241872683167 ], [ 257936.74169830759638, 7038835.894432462751865 ], [ 257941.744888897548662, 7038835.894432462751865 ], [ 257941.744888897548662, 7038845.900813641957939 ], [ 257946.748079487500945, 7038845.900813641957939 ], [ 257946.748079487500945, 7038850.904004232026637 ], [ 257951.751270077424124, 7038850.904004232026637 ], [ 257951.751270077424124, 7038855.907194822095335 ], [ 257956.754460667376406, 7038855.907194822095335 ], [ 257956.754460667376406, 7038860.910385412164032 ], [ 257966.760841847280972, 7038860.910385412164032 ], [ 257966.760841847280972, 7038865.91357600223273 ], [ 257996.779985386965564, 7038865.91357600223273 ], [ 257996.779985386965564, 7038875.919957182370126 ], [ 258001.783175976917846, 7038875.919957182370126 ], [ 258001.783175976917846, 7038885.9263383615762 ], [ 258006.786366566841025, 7038885.9263383615762 ], [ 258006.786366566841025, 7038900.935910131782293 ], [ 258011.789557156793308, 7038900.935910131782293 ], [ 258011.789557156793308, 7038915.945481901988387 ], [ 258016.79274774674559, 7038915.945481901988387 ], [ 258016.79274774674559, 7038925.95186308119446 ], [ 258011.789557156793308, 7038925.95186308119446 ], [ 258011.789557156793308, 7038945.964625441469252 ], [ 258016.79274774674559, 7038945.964625441469252 ], [ 258016.79274774674559, 7038950.96781603153795 ], [ 258021.795938336697873, 7038950.96781603153795 ], [ 258021.795938336697873, 7038945.964625441469252 ], [ 258026.799128926650155, 7038945.964625441469252 ], [ 258026.799128926650155, 7038940.961434851400554 ], [ 258031.802319516602438, 7038940.961434851400554 ], [ 258031.802319516602438, 7038935.958244261331856 ], [ 258036.805510106525617, 7038935.958244261331856 ], [ 258036.805510106525617, 7038930.955053671263158 ], [ 258041.808700696477899, 7038930.955053671263158 ], [ 258041.808700696477899, 7038925.95186308119446 ], [ 258046.811891286430182, 7038925.95186308119446 ], [ 258046.811891286430182, 7038920.948672491125762 ], [ 258051.815081876382465, 7038920.948672491125762 ], [ 258051.815081876382465, 7038890.929528951644897 ], [ 258061.821463056257926, 7038890.929528951644897 ], [ 258061.821463056257926, 7038880.923147771507502 ], [ 258056.818272466334747, 7038880.923147771507502 ], [ 258056.818272466334747, 7038870.916766592301428 ], [ 258061.821463056257926, 7038870.916766592301428 ], [ 258061.821463056257926, 7038860.910385412164032 ], [ 258066.824653646210209, 7038860.910385412164032 ], [ 258066.824653646210209, 7038845.900813641957939 ], [ 258071.827844236162491, 7038845.900813641957939 ], [ 258071.827844236162491, 7038840.897623051889241 ], [ 258081.834225416067056, 7038840.897623051889241 ], [ 258081.834225416067056, 7038835.894432462751865 ], [ 258106.850178365799366, 7038835.894432462751865 ], [ 258106.850178365799366, 7038830.891241872683167 ], [ 258156.882084265263984, 7038830.891241872683167 ], [ 258156.882084265263984, 7038835.894432462751865 ], [ 258166.888465445168549, 7038835.894432462751865 ], [ 258166.888465445168549, 7038840.897623051889241 ], [ 258236.933133704413194, 7038840.897623051889241 ], [ 258236.933133704413194, 7038845.900813641957939 ], [ 258256.945896064193221, 7038845.900813641957939 ], [ 258256.945896064193221, 7038850.904004232026637 ], [ 258271.955467834050069, 7038850.904004232026637 ], [ 258271.955467834050069, 7038855.907194822095335 ], [ 258281.96184901392553, 7038855.907194822095335 ], [ 258281.96184901392553, 7038860.910385412164032 ], [ 258286.965039603877813, 7038860.910385412164032 ], [ 258286.965039603877813, 7038865.91357600223273 ], [ 258291.968230193830095, 7038865.91357600223273 ], [ 258291.968230193830095, 7038870.916766592301428 ], [ 258301.97461137373466, 7038870.916766592301428 ], [ 258301.97461137373466, 7038880.923147771507502 ], [ 258306.977801963686943, 7038880.923147771507502 ], [ 258306.977801963686943, 7038890.929528951644897 ], [ 258311.980992553610122, 7038890.929528951644897 ], [ 258311.980992553610122, 7038855.907194822095335 ], [ 258306.977801963686943, 7038855.907194822095335 ], [ 258306.977801963686943, 7038850.904004232026637 ], [ 258301.97461137373466, 7038850.904004232026637 ], [ 258301.97461137373466, 7038845.900813641957939 ], [ 258296.971420783782378, 7038845.900813641957939 ], [ 258296.971420783782378, 7038840.897623051889241 ], [ 258291.968230193830095, 7038840.897623051889241 ], [ 258291.968230193830095, 7038835.894432462751865 ], [ 258281.96184901392553, 7038835.894432462751865 ], [ 258281.96184901392553, 7038830.891241872683167 ], [ 258276.958658424002351, 7038830.891241872683167 ], [ 258276.958658424002351, 7038825.88805128261447 ], [ 258266.952277244097786, 7038825.88805128261447 ], [ 258266.952277244097786, 7038820.884860692545772 ], [ 258251.942705474270042, 7038820.884860692545772 ], [ 258251.942705474270042, 7038815.881670102477074 ], [ 258236.933133704413194, 7038815.881670102477074 ], [ 258236.933133704413194, 7038810.878479512408376 ], [ 258206.913990164728602, 7038810.878479512408376 ], [ 258206.913990164728602, 7038805.875288922339678 ], [ 258191.904418394900858, 7038805.875288922339678 ], [ 258191.904418394900858, 7038800.872098333202302 ], [ 258181.898037214996293, 7038800.872098333202302 ], [ 258181.898037214996293, 7038805.875288922339678 ], [ 258171.891656035091728, 7038805.875288922339678 ], [ 258171.891656035091728, 7038800.872098333202302 ], [ 258161.885274855216267, 7038800.872098333202302 ], [ 258161.885274855216267, 7038795.868907743133605 ], [ 258156.882084265263984, 7038795.868907743133605 ], [ 258156.882084265263984, 7038790.865717153064907 ], [ 258146.875703085359419, 7038790.865717153064907 ], [ 258146.875703085359419, 7038785.862526562996209 ], [ 258141.87251249543624, 7038785.862526562996209 ], [ 258141.87251249543624, 7038770.852954792790115 ], [ 258146.875703085359419, 7038770.852954792790115 ], [ 258146.875703085359419, 7038765.849764202721417 ], [ 258151.878893675311701, 7038765.849764202721417 ], [ 258151.878893675311701, 7038760.846573613584042 ], [ 258146.875703085359419, 7038760.846573613584042 ], [ 258146.875703085359419, 7038755.843383023515344 ], [ 258116.856559545674827, 7038755.843383023515344 ], [ 258116.856559545674827, 7038760.846573613584042 ], [ 258111.853368955751648, 7038760.846573613584042 ], [ 258111.853368955751648, 7038765.849764202721417 ], [ 258106.850178365799366, 7038765.849764202721417 ], [ 258106.850178365799366, 7038770.852954792790115 ], [ 258101.846987775847083, 7038770.852954792790115 ], [ 258101.846987775847083, 7038780.859335972927511 ], [ 258091.840606595942518, 7038780.859335972927511 ], [ 258091.840606595942518, 7038755.843383023515344 ], [ 258096.8437971858948, 7038755.843383023515344 ], [ 258096.8437971858948, 7038750.840192433446646 ], [ 258106.850178365799366, 7038750.840192433446646 ], [ 258106.850178365799366, 7038745.837001843377948 ], [ 258116.856559545674827, 7038745.837001843377948 ], [ 258116.856559545674827, 7038735.830620663240552 ], [ 258121.85975013562711, 7038735.830620663240552 ], [ 258121.85975013562711, 7038730.827430073171854 ], [ 258126.862940725579392, 7038730.827430073171854 ], [ 258126.862940725579392, 7038720.821048893965781 ], [ 258131.866131315531675, 7038720.821048893965781 ], [ 258131.866131315531675, 7038715.817858303897083 ], [ 258216.920371344633168, 7038715.817858303897083 ], [ 258216.920371344633168, 7038720.821048893965781 ], [ 258241.936324294365477, 7038720.821048893965781 ], [ 258241.936324294365477, 7038725.824239483103156 ], [ 258261.949086654145503, 7038725.824239483103156 ], [ 258261.949086654145503, 7038730.827430073171854 ], [ 258276.958658424002351, 7038730.827430073171854 ], [ 258276.958658424002351, 7038735.830620663240552 ], [ 258286.965039603877813, 7038735.830620663240552 ], [ 258286.965039603877813, 7038740.83381125330925 ], [ 258296.971420783782378, 7038740.83381125330925 ], [ 258296.971420783782378, 7038745.837001843377948 ], [ 258306.977801963686943, 7038745.837001843377948 ], [ 258306.977801963686943, 7038750.840192433446646 ], [ 258316.984183143562404, 7038750.840192433446646 ], [ 258316.984183143562404, 7038755.843383023515344 ], [ 258326.99056432346697, 7038755.843383023515344 ], [ 258326.99056432346697, 7038760.846573613584042 ], [ 258347.003326683246996, 7038760.846573613584042 ], [ 258347.003326683246996, 7038765.849764202721417 ], [ 258357.009707863151561, 7038765.849764202721417 ], [ 258357.009707863151561, 7038770.852954792790115 ], [ 258367.016089043027023, 7038770.852954792790115 ], [ 258367.016089043027023, 7038775.856145382858813 ], [ 258372.019279632979305, 7038775.856145382858813 ], [ 258372.019279632979305, 7038780.859335972927511 ], [ 258377.022470222931588, 7038780.859335972927511 ], [ 258377.022470222931588, 7038765.849764202721417 ], [ 258387.028851402836153, 7038765.849764202721417 ], [ 258387.028851402836153, 7038780.859335972927511 ], [ 258392.032041992759332, 7038780.859335972927511 ], [ 258392.032041992759332, 7038785.862526562996209 ], [ 258397.035232582711615, 7038785.862526562996209 ], [ 258397.035232582711615, 7038780.859335972927511 ], [ 258402.038423172663897, 7038780.859335972927511 ], [ 258402.038423172663897, 7038765.849764202721417 ], [ 258407.04161376261618, 7038765.849764202721417 ], [ 258407.04161376261618, 7038710.814667713828385 ], [ 258412.044804352568462, 7038710.814667713828385 ], [ 258412.044804352568462, 7038685.798714764416218 ], [ 258417.047994942520745, 7038685.798714764416218 ], [ 258417.047994942520745, 7038680.79552417434752 ], [ 258422.051185532443924, 7038680.79552417434752 ], [ 258422.051185532443924, 7038675.792333584278822 ], [ 258427.054376122396206, 7038675.792333584278822 ], [ 258427.054376122396206, 7038665.785952404141426 ], [ 258447.067138482176233, 7038665.785952404141426 ], [ 258447.067138482176233, 7038660.782761814072728 ], [ 258442.063947892253054, 7038660.782761814072728 ], [ 258442.063947892253054, 7038640.769999454729259 ], [ 258447.067138482176233, 7038640.769999454729259 ], [ 258447.067138482176233, 7038645.773190044797957 ], [ 258452.070329072128516, 7038645.773190044797957 ], [ 258452.070329072128516, 7038650.776380633935332 ], [ 258462.076710252033081, 7038650.776380633935332 ], [ 258462.076710252033081, 7038645.773190044797957 ], [ 258457.073519662080798, 7038645.773190044797957 ], [ 258457.073519662080798, 7038640.769999454729259 ], [ 258452.070329072128516, 7038640.769999454729259 ], [ 258452.070329072128516, 7038635.766808864660561 ], [ 258462.076710252033081, 7038635.766808864660561 ], [ 258462.076710252033081, 7038640.769999454729259 ], [ 258467.079900841985364, 7038640.769999454729259 ], [ 258467.079900841985364, 7038645.773190044797957 ], [ 258497.099044381669955, 7038645.773190044797957 ], [ 258497.099044381669955, 7038640.769999454729259 ], [ 258507.105425561545417, 7038640.769999454729259 ], [ 258507.105425561545417, 7038645.773190044797957 ], [ 258522.114997331402265, 7038645.773190044797957 ], [ 258522.114997331402265, 7038635.766808864660561 ], [ 258512.108616151497699, 7038635.766808864660561 ], [ 258512.108616151497699, 7038620.757237094454467 ], [ 258502.102234971593134, 7038620.757237094454467 ], [ 258502.102234971593134, 7038610.750855915248394 ], [ 258507.105425561545417, 7038610.750855915248394 ], [ 258507.105425561545417, 7038590.738093554973602 ], [ 258497.099044381669955, 7038590.738093554973602 ], [ 258497.099044381669955, 7038585.734902964904904 ], [ 258492.095853791717673, 7038585.734902964904904 ], [ 258492.095853791717673, 7038580.731712374836206 ], [ 258487.09266320176539, 7038580.731712374836206 ], [ 258487.09266320176539, 7038575.728521784767509 ], [ 258482.089472611813108, 7038575.728521784767509 ], [ 258482.089472611813108, 7038570.725331195630133 ], [ 258452.070329072128516, 7038570.725331195630133 ], [ 258452.070329072128516, 7038535.702997065149248 ], [ 258467.079900841985364, 7038535.702997065149248 ], [ 258467.079900841985364, 7038540.706187655217946 ], [ 258472.083091431937646, 7038540.706187655217946 ], [ 258472.083091431937646, 7038535.702997065149248 ], [ 258477.086282021860825, 7038535.702997065149248 ], [ 258477.086282021860825, 7038520.693425295874476 ], [ 258472.083091431937646, 7038520.693425295874476 ], [ 258472.083091431937646, 7038515.690234705805779 ], [ 258477.086282021860825, 7038515.690234705805779 ], [ 258477.086282021860825, 7038505.683853525668383 ], [ 258472.083091431937646, 7038505.683853525668383 ], [ 258472.083091431937646, 7038500.680662935599685 ], [ 258467.079900841985364, 7038500.680662935599685 ], [ 258467.079900841985364, 7038495.677472346462309 ], [ 258462.076710252033081, 7038495.677472346462309 ], [ 258462.076710252033081, 7038490.674281756393611 ], [ 258452.070329072128516, 7038490.674281756393611 ], [ 258452.070329072128516, 7038485.671091166324914 ], [ 258437.060757302300772, 7038485.671091166324914 ], [ 258437.060757302300772, 7038490.674281756393611 ], [ 258397.035232582711615, 7038490.674281756393611 ], [ 258397.035232582711615, 7038485.671091166324914 ], [ 258362.012898453103844, 7038485.671091166324914 ], [ 258362.012898453103844, 7038480.667900576256216 ], [ 258357.009707863151561, 7038480.667900576256216 ], [ 258357.009707863151561, 7038475.664709986187518 ], [ 258352.006517273199279, 7038475.664709986187518 ], [ 258352.006517273199279, 7038470.66151939611882 ], [ 258347.003326683246996, 7038470.66151939611882 ], [ 258347.003326683246996, 7038465.658328806050122 ], [ 258342.000136093294714, 7038465.658328806050122 ], [ 258342.000136093294714, 7038460.655138215981424 ], [ 258336.996945503342431, 7038460.655138215981424 ], [ 258336.996945503342431, 7038455.651947626844049 ], [ 258331.993754913419252, 7038455.651947626844049 ], [ 258331.993754913419252, 7038450.648757036775351 ], [ 258326.99056432346697, 7038450.648757036775351 ], [ 258326.99056432346697, 7038445.645566446706653 ], [ 258321.987373733514687, 7038445.645566446706653 ], [ 258321.987373733514687, 7038440.642375856637955 ], [ 258316.984183143562404, 7038440.642375856637955 ], [ 258316.984183143562404, 7038435.639185266569257 ], [ 258311.980992553610122, 7038435.639185266569257 ], [ 258311.980992553610122, 7038430.635994676500559 ], [ 258306.977801963686943, 7038430.635994676500559 ], [ 258306.977801963686943, 7038425.632804086431861 ], [ 258301.97461137373466, 7038425.632804086431861 ], [ 258301.97461137373466, 7038420.629613496363163 ], [ 258296.971420783782378, 7038420.629613496363163 ], [ 258296.971420783782378, 7038415.626422907225788 ], [ 258291.968230193830095, 7038415.626422907225788 ], [ 258291.968230193830095, 7038410.62323231715709 ], [ 258286.965039603877813, 7038410.62323231715709 ], [ 258286.965039603877813, 7038395.613660546950996 ], [ 258291.968230193830095, 7038395.613660546950996 ], [ 258291.968230193830095, 7038390.610469956882298 ], [ 258296.971420783782378, 7038390.610469956882298 ], [ 258296.971420783782378, 7038385.6072793668136 ], [ 258301.97461137373466, 7038385.6072793668136 ], [ 258301.97461137373466, 7038380.604088777676225 ], [ 258306.977801963686943, 7038380.604088777676225 ], [ 258306.977801963686943, 7038375.600898187607527 ], [ 258311.980992553610122, 7038375.600898187607527 ], [ 258311.980992553610122, 7038370.597707597538829 ], [ 258316.984183143562404, 7038370.597707597538829 ], [ 258316.984183143562404, 7038365.594517007470131 ], [ 258321.987373733514687, 7038365.594517007470131 ], [ 258321.987373733514687, 7038360.591326417401433 ], [ 258326.99056432346697, 7038360.591326417401433 ], [ 258326.99056432346697, 7038355.588135827332735 ], [ 258331.993754913419252, 7038355.588135827332735 ], [ 258331.993754913419252, 7038350.584945237264037 ], [ 258336.996945503342431, 7038350.584945237264037 ], [ 258336.996945503342431, 7038345.581754647195339 ], [ 258342.000136093294714, 7038345.581754647195339 ], [ 258342.000136093294714, 7038340.578564058057964 ], [ 258347.003326683246996, 7038340.578564058057964 ], [ 258347.003326683246996, 7038335.575373467989266 ], [ 258352.006517273199279, 7038335.575373467989266 ], [ 258352.006517273199279, 7038330.572182877920568 ], [ 258357.009707863151561, 7038330.572182877920568 ], [ 258357.009707863151561, 7038325.56899228785187 ], [ 258362.012898453103844, 7038325.56899228785187 ], [ 258362.012898453103844, 7038320.565801697783172 ], [ 258397.035232582711615, 7038320.565801697783172 ], [ 258397.035232582711615, 7038325.56899228785187 ], [ 258437.060757302300772, 7038325.56899228785187 ], [ 258437.060757302300772, 7038330.572182877920568 ], [ 258442.063947892253054, 7038330.572182877920568 ], [ 258442.063947892253054, 7038335.575373467989266 ], [ 258447.067138482176233, 7038335.575373467989266 ], [ 258447.067138482176233, 7038340.578564058057964 ], [ 258452.070329072128516, 7038340.578564058057964 ], [ 258452.070329072128516, 7038335.575373467989266 ], [ 258472.083091431937646, 7038335.575373467989266 ], [ 258472.083091431937646, 7038330.572182877920568 ], [ 258482.089472611813108, 7038330.572182877920568 ], [ 258482.089472611813108, 7038325.56899228785187 ], [ 258532.121378511277726, 7038325.56899228785187 ], [ 258532.121378511277726, 7038315.562611107714474 ], [ 258537.124569101230009, 7038315.562611107714474 ], [ 258537.124569101230009, 7038305.556229927577078 ], [ 258542.127759691182291, 7038305.556229927577078 ], [ 258542.127759691182291, 7038300.553039338439703 ], [ 258547.130950281134574, 7038300.553039338439703 ], [ 258547.130950281134574, 7038280.540276978164911 ], [ 258552.134140871086856, 7038280.540276978164911 ], [ 258552.134140871086856, 7038260.527514618821442 ], [ 258557.137331461010035, 7038260.527514618821442 ], [ 258557.137331461010035, 7038255.524324028752744 ], [ 258562.140522050962318, 7038255.524324028752744 ], [ 258562.140522050962318, 7038235.511561668477952 ], [ 258557.137331461010035, 7038235.511561668477952 ], [ 258557.137331461010035, 7038205.492418128997087 ], [ 258562.140522050962318, 7038205.492418128997087 ], [ 258562.140522050962318, 7038200.48922753892839 ], [ 258557.137331461010035, 7038200.48922753892839 ], [ 258557.137331461010035, 7038190.482846358790994 ], [ 258552.134140871086856, 7038190.482846358790994 ], [ 258552.134140871086856, 7038185.479655769653618 ], [ 258547.130950281134574, 7038185.479655769653618 ], [ 258547.130950281134574, 7038175.473274589516222 ], [ 258542.127759691182291, 7038175.473274589516222 ], [ 258542.127759691182291, 7038155.460512229241431 ], [ 258537.124569101230009, 7038155.460512229241431 ], [ 258537.124569101230009, 7038150.457321640104055 ], [ 258532.121378511277726, 7038150.457321640104055 ], [ 258532.121378511277726, 7038145.454131050035357 ], [ 258502.102234971593134, 7038145.454131050035357 ], [ 258502.102234971593134, 7038140.45094045996666 ], [ 258882.344719807588262, 7038140.45094045996666 ], [ 258882.344719807588262, 7039326.207110277377069 ], [ 258572.146903230866883, 7039326.207110277377069 ], [ 258572.146903230866883, 7039321.203919687308371 ], [ 258567.1437126409146, 7039321.203919687308371 ], [ 258567.1437126409146, 7039286.181585557758808 ], [ 258562.140522050962318, 7039286.181585557758808 ], [ 258562.140522050962318, 7039271.172013787552714 ], [ 258557.137331461010035, 7039271.172013787552714 ], [ 258557.137331461010035, 7039246.156060838140547 ], [ 258547.130950281134574, 7039246.156060838140547 ], [ 258547.130950281134574, 7039256.162442018277943 ], [ 258537.124569101230009, 7039256.162442018277943 ], [ 258537.124569101230009, 7039221.14010788872838 ], [ 258532.121378511277726, 7039221.14010788872838 ], [ 258532.121378511277726, 7039216.136917298659682 ], [ 258522.114997331402265, 7039216.136917298659682 ], [ 258522.114997331402265, 7039221.14010788872838 ], [ 258517.111806741449982, 7039221.14010788872838 ], [ 258517.111806741449982, 7039226.143298477865756 ], [ 258507.105425561545417, 7039226.143298477865756 ], [ 258507.105425561545417, 7039236.149679658003151 ], [ 258502.102234971593134, 7039236.149679658003151 ], [ 258502.102234971593134, 7039246.156060838140547 ], [ 258497.099044381669955, 7039246.156060838140547 ], [ 258497.099044381669955, 7039251.159251428209245 ], [ 258492.095853791717673, 7039251.159251428209245 ], [ 258492.095853791717673, 7039256.162442018277943 ], [ 258482.089472611813108, 7039256.162442018277943 ], [ 258482.089472611813108, 7039251.159251428209245 ], [ 258462.076710252033081, 7039251.159251428209245 ], [ 258462.076710252033081, 7039256.162442018277943 ], [ 258452.070329072128516, 7039256.162442018277943 ], [ 258452.070329072128516, 7039261.165632608346641 ], [ 258442.063947892253054, 7039261.165632608346641 ], [ 258442.063947892253054, 7039266.168823197484016 ], [ 258432.057566712348489, 7039266.168823197484016 ], [ 258432.057566712348489, 7039271.172013787552714 ], [ 258422.051185532443924, 7039271.172013787552714 ], [ 258422.051185532443924, 7039276.175204377621412 ], [ 258392.032041992759332, 7039276.175204377621412 ], [ 258392.032041992759332, 7039271.172013787552714 ], [ 258362.012898453103844, 7039271.172013787552714 ], [ 258362.012898453103844, 7039276.175204377621412 ], [ 258357.009707863151561, 7039276.175204377621412 ], [ 258357.009707863151561, 7039281.17839496769011 ], [ 258362.012898453103844, 7039281.17839496769011 ], [ 258362.012898453103844, 7039291.184776147827506 ], [ 258367.016089043027023, 7039291.184776147827506 ], [ 258367.016089043027023, 7039296.187966737896204 ], [ 258372.019279632979305, 7039296.187966737896204 ], [ 258372.019279632979305, 7039306.194347917102277 ], [ 258377.022470222931588, 7039306.194347917102277 ], [ 258377.022470222931588, 7039321.203919687308371 ], [ 258372.019279632979305, 7039321.203919687308371 ], [ 258372.019279632979305, 7039326.207110277377069 ], [ 258271.955467834050069, 7039326.207110277377069 ], [ 258271.955467834050069, 7039321.203919687308371 ], [ 258251.942705474270042, 7039321.203919687308371 ], [ 258251.942705474270042, 7039316.200729097239673 ], [ 258246.939514884317759, 7039316.200729097239673 ], [ 258246.939514884317759, 7039301.191157327033579 ], [ 258241.936324294365477, 7039301.191157327033579 ], [ 258241.936324294365477, 7039296.187966737896204 ], [ 258231.929943114460912, 7039296.187966737896204 ], [ 258231.929943114460912, 7039291.184776147827506 ], [ 258221.92356193458545, 7039291.184776147827506 ], [ 258221.92356193458545, 7039286.181585557758808 ], [ 258216.920371344633168, 7039286.181585557758808 ], [ 258216.920371344633168, 7039281.17839496769011 ], [ 258211.917180754680885, 7039281.17839496769011 ], [ 258211.917180754680885, 7039271.172013787552714 ], [ 258206.913990164728602, 7039271.172013787552714 ], [ 258206.913990164728602, 7039266.168823197484016 ], [ 258196.907608984853141, 7039266.168823197484016 ], [ 258196.907608984853141, 7039261.165632608346641 ], [ 258191.904418394900858, 7039261.165632608346641 ], [ 258191.904418394900858, 7039251.159251428209245 ], [ 258186.901227804948576, 7039251.159251428209245 ], [ 258186.901227804948576, 7039246.156060838140547 ], [ 258181.898037214996293, 7039246.156060838140547 ], [ 258181.898037214996293, 7039236.149679658003151 ], [ 258186.901227804948576, 7039236.149679658003151 ], [ 258186.901227804948576, 7039226.143298477865756 ], [ 258181.898037214996293, 7039226.143298477865756 ], [ 258181.898037214996293, 7039221.14010788872838 ], [ 258176.894846625044011, 7039221.14010788872838 ], [ 258176.894846625044011, 7039211.133726708590984 ], [ 258171.891656035091728, 7039211.133726708590984 ], [ 258171.891656035091728, 7039206.130536118522286 ], [ 258166.888465445168549, 7039206.130536118522286 ], [ 258166.888465445168549, 7039201.127345528453588 ], [ 258161.885274855216267, 7039201.127345528453588 ], [ 258161.885274855216267, 7039196.124154938384891 ], [ 258151.878893675311701, 7039196.124154938384891 ], [ 258151.878893675311701, 7039191.120964348316193 ], [ 258146.875703085359419, 7039191.120964348316193 ], [ 258146.875703085359419, 7039196.124154938384891 ], [ 258136.869321905483957, 7039196.124154938384891 ], [ 258136.869321905483957, 7039201.127345528453588 ], [ 258126.862940725579392, 7039201.127345528453588 ], [ 258126.862940725579392, 7039211.133726708590984 ], [ 258121.85975013562711, 7039211.133726708590984 ], [ 258121.85975013562711, 7039231.146489067934453 ], [ 258126.862940725579392, 7039231.146489067934453 ], [ 258126.862940725579392, 7039226.143298477865756 ], [ 258136.869321905483957, 7039226.143298477865756 ], [ 258136.869321905483957, 7039231.146489067934453 ], [ 258141.87251249543624, 7039231.146489067934453 ], [ 258141.87251249543624, 7039241.152870248071849 ], [ 258136.869321905483957, 7039241.152870248071849 ], [ 258136.869321905483957, 7039306.194347917102277 ], [ 258141.87251249543624, 7039306.194347917102277 ], [ 258141.87251249543624, 7039301.191157327033579 ], [ 258146.875703085359419, 7039301.191157327033579 ], [ 258146.875703085359419, 7039296.187966737896204 ], [ 258156.882084265263984, 7039296.187966737896204 ], [ 258156.882084265263984, 7039301.191157327033579 ], [ 258161.885274855216267, 7039301.191157327033579 ], [ 258161.885274855216267, 7039306.194347917102277 ], [ 258166.888465445168549, 7039306.194347917102277 ], [ 258166.888465445168549, 7039326.207110277377069 ], [ 257861.693839458399452, 7039326.207110277377069 ] ], [ [ 258602.166046770551475, 7039266.168823197484016 ], [ 258607.169237360503757, 7039266.168823197484016 ], [ 258607.169237360503757, 7039261.165632608346641 ], [ 258612.172427950426936, 7039261.165632608346641 ], [ 258612.172427950426936, 7039256.162442018277943 ], [ 258617.175618540379219, 7039256.162442018277943 ], [ 258617.175618540379219, 7039246.156060838140547 ], [ 258622.178809130331501, 7039246.156060838140547 ], [ 258622.178809130331501, 7039196.124154938384891 ], [ 258627.181999720283784, 7039196.124154938384891 ], [ 258627.181999720283784, 7039191.120964348316193 ], [ 258632.185190310236067, 7039191.120964348316193 ], [ 258632.185190310236067, 7039181.114583169110119 ], [ 258637.188380900188349, 7039181.114583169110119 ], [ 258637.188380900188349, 7039176.111392579041421 ], [ 258642.191571490111528, 7039176.111392579041421 ], [ 258642.191571490111528, 7039171.108201988972723 ], [ 258647.194762080063811, 7039171.108201988972723 ], [ 258647.194762080063811, 7039161.101820808835328 ], [ 258652.197952670016093, 7039161.101820808835328 ], [ 258652.197952670016093, 7039141.089058449491858 ], [ 258657.201143259968376, 7039141.089058449491858 ], [ 258657.201143259968376, 7039131.082677269354463 ], [ 258662.204333849920658, 7039131.082677269354463 ], [ 258662.204333849920658, 7039126.079486679285765 ], [ 258667.207524439843837, 7039126.079486679285765 ], [ 258667.207524439843837, 7039116.073105499148369 ], [ 258672.21071502979612, 7039116.073105499148369 ], [ 258672.21071502979612, 7039111.069914909079671 ], [ 258677.213905619748402, 7039111.069914909079671 ], [ 258677.213905619748402, 7039101.063533729873598 ], [ 258682.217096209700685, 7039101.063533729873598 ], [ 258682.217096209700685, 7039091.057152549736202 ], [ 258687.220286799652968, 7039091.057152549736202 ], [ 258687.220286799652968, 7039081.050771369598806 ], [ 258692.22347738960525, 7039081.050771369598806 ], [ 258692.22347738960525, 7039076.047580779530108 ], [ 258697.226667979528429, 7039076.047580779530108 ], [ 258697.226667979528429, 7039071.04439018946141 ], [ 258712.236239749385277, 7039071.04439018946141 ], [ 258712.236239749385277, 7039066.041199600324035 ], [ 258717.239430339337559, 7039066.041199600324035 ], [ 258717.239430339337559, 7039056.034818420186639 ], [ 258722.242620929260738, 7039056.034818420186639 ], [ 258722.242620929260738, 7039041.025246649980545 ], [ 258727.245811519213021, 7039041.025246649980545 ], [ 258727.245811519213021, 7039026.015674880705774 ], [ 258732.249002109165303, 7039026.015674880705774 ], [ 258732.249002109165303, 7039016.009293700568378 ], [ 258737.252192699117586, 7039016.009293700568378 ], [ 258737.252192699117586, 7039000.999721930362284 ], [ 258742.255383289069869, 7039000.999721930362284 ], [ 258742.255383289069869, 7038970.980578390881419 ], [ 258747.258573879022151, 7038970.980578390881419 ], [ 258747.258573879022151, 7038960.974197210744023 ], [ 258752.26176446894533, 7038960.974197210744023 ], [ 258752.26176446894533, 7038940.961434851400554 ], [ 258757.264955058897613, 7038940.961434851400554 ], [ 258757.264955058897613, 7038935.958244261331856 ], [ 258762.268145648849895, 7038935.958244261331856 ], [ 258762.268145648849895, 7038930.955053671263158 ], [ 258767.271336238802178, 7038930.955053671263158 ], [ 258767.271336238802178, 7038925.95186308119446 ], [ 258772.27452682875446, 7038925.95186308119446 ], [ 258772.27452682875446, 7038905.939100721850991 ], [ 258777.277717418677639, 7038905.939100721850991 ], [ 258777.277717418677639, 7038900.935910131782293 ], [ 258762.268145648849895, 7038900.935910131782293 ], [ 258762.268145648849895, 7038895.932719541713595 ], [ 258752.26176446894533, 7038895.932719541713595 ], [ 258752.26176446894533, 7038885.9263383615762 ], [ 258732.249002109165303, 7038885.9263383615762 ], [ 258732.249002109165303, 7038880.923147771507502 ], [ 258717.239430339337559, 7038880.923147771507502 ], [ 258717.239430339337559, 7038875.919957182370126 ], [ 258707.233049159432994, 7038875.919957182370126 ], [ 258707.233049159432994, 7038870.916766592301428 ], [ 258697.226667979528429, 7038870.916766592301428 ], [ 258697.226667979528429, 7038865.91357600223273 ], [ 258687.220286799652968, 7038865.91357600223273 ], [ 258687.220286799652968, 7038860.910385412164032 ], [ 258682.217096209700685, 7038860.910385412164032 ], [ 258682.217096209700685, 7038840.897623051889241 ], [ 258672.21071502979612, 7038840.897623051889241 ], [ 258672.21071502979612, 7038835.894432462751865 ], [ 258667.207524439843837, 7038835.894432462751865 ], [ 258667.207524439843837, 7038830.891241872683167 ], [ 258657.201143259968376, 7038830.891241872683167 ], [ 258657.201143259968376, 7038840.897623051889241 ], [ 258652.197952670016093, 7038840.897623051889241 ], [ 258652.197952670016093, 7038845.900813641957939 ], [ 258647.194762080063811, 7038845.900813641957939 ], [ 258647.194762080063811, 7038850.904004232026637 ], [ 258642.191571490111528, 7038850.904004232026637 ], [ 258642.191571490111528, 7038855.907194822095335 ], [ 258637.188380900188349, 7038855.907194822095335 ], [ 258637.188380900188349, 7038865.91357600223273 ], [ 258632.185190310236067, 7038865.91357600223273 ], [ 258632.185190310236067, 7038870.916766592301428 ], [ 258627.181999720283784, 7038870.916766592301428 ], [ 258627.181999720283784, 7038875.919957182370126 ], [ 258622.178809130331501, 7038875.919957182370126 ], [ 258622.178809130331501, 7038880.923147771507502 ], [ 258617.175618540379219, 7038880.923147771507502 ], [ 258617.175618540379219, 7038885.9263383615762 ], [ 258612.172427950426936, 7038885.9263383615762 ], [ 258612.172427950426936, 7038890.929528951644897 ], [ 258617.175618540379219, 7038890.929528951644897 ], [ 258617.175618540379219, 7038895.932719541713595 ], [ 258622.178809130331501, 7038895.932719541713595 ], [ 258622.178809130331501, 7038900.935910131782293 ], [ 258637.188380900188349, 7038900.935910131782293 ], [ 258637.188380900188349, 7038905.939100721850991 ], [ 258627.181999720283784, 7038905.939100721850991 ], [ 258627.181999720283784, 7038910.942291311919689 ], [ 258612.172427950426936, 7038910.942291311919689 ], [ 258612.172427950426936, 7038915.945481901988387 ], [ 258602.166046770551475, 7038915.945481901988387 ], [ 258602.166046770551475, 7038925.95186308119446 ], [ 258597.162856180599192, 7038925.95186308119446 ], [ 258597.162856180599192, 7038960.974197210744023 ], [ 258592.15966559064691, 7038960.974197210744023 ], [ 258592.15966559064691, 7038965.977387800812721 ], [ 258587.156475000694627, 7038965.977387800812721 ], [ 258587.156475000694627, 7038970.980578390881419 ], [ 258582.153284410771448, 7038970.980578390881419 ], [ 258582.153284410771448, 7038975.983768980950117 ], [ 258577.150093820819166, 7038975.983768980950117 ], [ 258577.150093820819166, 7038980.986959571018815 ], [ 258572.146903230866883, 7038980.986959571018815 ], [ 258572.146903230866883, 7038985.990150161087513 ], [ 258567.1437126409146, 7038985.990150161087513 ], [ 258567.1437126409146, 7038990.993340751156211 ], [ 258562.140522050962318, 7038990.993340751156211 ], [ 258562.140522050962318, 7039000.999721930362284 ], [ 258567.1437126409146, 7039000.999721930362284 ], [ 258567.1437126409146, 7039006.002912520430982 ], [ 258572.146903230866883, 7039006.002912520430982 ], [ 258572.146903230866883, 7039011.00610311049968 ], [ 258582.153284410771448, 7039011.00610311049968 ], [ 258582.153284410771448, 7039021.012484290637076 ], [ 258587.156475000694627, 7039021.012484290637076 ], [ 258587.156475000694627, 7039036.022056059911847 ], [ 258592.15966559064691, 7039036.022056059911847 ], [ 258592.15966559064691, 7039066.041199600324035 ], [ 258597.162856180599192, 7039066.041199600324035 ], [ 258597.162856180599192, 7039086.053961959667504 ], [ 258592.15966559064691, 7039086.053961959667504 ], [ 258592.15966559064691, 7039101.063533729873598 ], [ 258587.156475000694627, 7039101.063533729873598 ], [ 258587.156475000694627, 7039111.069914909079671 ], [ 258582.153284410771448, 7039111.069914909079671 ], [ 258582.153284410771448, 7039136.085867859423161 ], [ 258577.150093820819166, 7039136.085867859423161 ], [ 258577.150093820819166, 7039151.095439628697932 ], [ 258572.146903230866883, 7039151.095439628697932 ], [ 258572.146903230866883, 7039166.105011398904026 ], [ 258567.1437126409146, 7039166.105011398904026 ], [ 258567.1437126409146, 7039181.114583169110119 ], [ 258577.150093820819166, 7039181.114583169110119 ], [ 258577.150093820819166, 7039186.117773758247495 ], [ 258587.156475000694627, 7039186.117773758247495 ], [ 258587.156475000694627, 7039196.124154938384891 ], [ 258582.153284410771448, 7039196.124154938384891 ], [ 258582.153284410771448, 7039201.127345528453588 ], [ 258592.15966559064691, 7039201.127345528453588 ], [ 258592.15966559064691, 7039211.133726708590984 ], [ 258597.162856180599192, 7039211.133726708590984 ], [ 258597.162856180599192, 7039221.14010788872838 ], [ 258602.166046770551475, 7039221.14010788872838 ], [ 258602.166046770551475, 7039266.168823197484016 ] ], [ [ 258136.869321905483957, 7039186.117773758247495 ], [ 258171.891656035091728, 7039186.117773758247495 ], [ 258171.891656035091728, 7039166.105011398904026 ], [ 258166.888465445168549, 7039166.105011398904026 ], [ 258166.888465445168549, 7039151.095439628697932 ], [ 258161.885274855216267, 7039151.095439628697932 ], [ 258161.885274855216267, 7039146.092249039560556 ], [ 258156.882084265263984, 7039146.092249039560556 ], [ 258156.882084265263984, 7039141.089058449491858 ], [ 258151.878893675311701, 7039141.089058449491858 ], [ 258151.878893675311701, 7039136.085867859423161 ], [ 258141.87251249543624, 7039136.085867859423161 ], [ 258141.87251249543624, 7039131.082677269354463 ], [ 258136.869321905483957, 7039131.082677269354463 ], [ 258136.869321905483957, 7039116.073105499148369 ], [ 258131.866131315531675, 7039116.073105499148369 ], [ 258131.866131315531675, 7039121.076296089217067 ], [ 258126.862940725579392, 7039121.076296089217067 ], [ 258126.862940725579392, 7039126.079486679285765 ], [ 258121.85975013562711, 7039126.079486679285765 ], [ 258121.85975013562711, 7039146.092249039560556 ], [ 258126.862940725579392, 7039146.092249039560556 ], [ 258126.862940725579392, 7039151.095439628697932 ], [ 258131.866131315531675, 7039151.095439628697932 ], [ 258131.866131315531675, 7039161.101820808835328 ], [ 258136.869321905483957, 7039161.101820808835328 ], [ 258136.869321905483957, 7039171.108201988972723 ], [ 258131.866131315531675, 7039171.108201988972723 ], [ 258131.866131315531675, 7039181.114583169110119 ], [ 258136.869321905483957, 7039181.114583169110119 ], [ 258136.869321905483957, 7039186.117773758247495 ] ], [ [ 258487.09266320176539, 7038440.642375856637955 ], [ 258497.099044381669955, 7038440.642375856637955 ], [ 258497.099044381669955, 7038435.639185266569257 ], [ 258502.102234971593134, 7038435.639185266569257 ], [ 258502.102234971593134, 7038430.635994676500559 ], [ 258507.105425561545417, 7038430.635994676500559 ], [ 258507.105425561545417, 7038425.632804086431861 ], [ 258512.108616151497699, 7038425.632804086431861 ], [ 258512.108616151497699, 7038415.626422907225788 ], [ 258507.105425561545417, 7038415.626422907225788 ], [ 258507.105425561545417, 7038420.629613496363163 ], [ 258502.102234971593134, 7038420.629613496363163 ], [ 258502.102234971593134, 7038425.632804086431861 ], [ 258497.099044381669955, 7038425.632804086431861 ], [ 258497.099044381669955, 7038430.635994676500559 ], [ 258492.095853791717673, 7038430.635994676500559 ], [ 258492.095853791717673, 7038435.639185266569257 ], [ 258487.09266320176539, 7038435.639185266569257 ], [ 258487.09266320176539, 7038440.642375856637955 ] ] ] } },
{ "type": "Feature", "properties": { "id": 11, "slope": 1 }, "geometry": { "type": "Polygon", "coordinates": [ [ [ 258622.178809130331501, 7037084.777725980617106 ], [ 258622.178809130331501, 7037079.774535390548408 ], [ 258627.181999720283784, 7037079.774535390548408 ], [ 258627.181999720283784, 7037074.771344801411033 ], [ 258632.185190310236067, 7037074.771344801411033 ], [ 258632.185190310236067, 7037064.764963621273637 ], [ 258637.188380900188349, 7037064.764963621273637 ], [ 258637.188380900188349, 7037059.761773031204939 ], [ 258647.194762080063811, 7037059.761773031204939 ], [ 258647.194762080063811, 7037054.758582441136241 ], [ 258652.197952670016093, 7037054.758582441136241 ], [ 258652.197952670016093, 7037049.755391851067543 ], [ 258662.204333849920658, 7037049.755391851067543 ], [ 258662.204333849920658, 7037044.752201260998845 ], [ 258667.207524439843837, 7037044.752201260998845 ], [ 258667.207524439843837, 7037039.74901067186147 ], [ 258677.213905619748402, 7037039.74901067186147 ], [ 258677.213905619748402, 7037034.745820081792772 ], [ 258682.217096209700685, 7037034.745820081792772 ], [ 258682.217096209700685, 7037039.74901067186147 ], [ 258692.22347738960525, 7037039.74901067186147 ], [ 258692.22347738960525, 7037034.745820081792772 ], [ 258697.226667979528429, 7037034.745820081792772 ], [ 258697.226667979528429, 7037024.739438901655376 ], [ 258692.22347738960525, 7037024.739438901655376 ], [ 258692.22347738960525, 7037014.73305772151798 ], [ 258697.226667979528429, 7037014.73305772151798 ], [ 258697.226667979528429, 7037004.726676541380584 ], [ 258702.229858569480712, 7037004.726676541380584 ], [ 258702.229858569480712, 7036999.723485952243209 ], [ 258727.245811519213021, 7036999.723485952243209 ], [ 258727.245811519213021, 7036989.717104772105813 ], [ 258732.249002109165303, 7036989.717104772105813 ], [ 258732.249002109165303, 7036984.713914182037115 ], [ 258737.252192699117586, 7036984.713914182037115 ], [ 258737.252192699117586, 7036969.704342411831021 ], [ 258742.255383289069869, 7036969.704342411831021 ], [ 258742.255383289069869, 7036939.685198872350156 ], [ 258737.252192699117586, 7036939.685198872350156 ], [ 258737.252192699117586, 7036934.682008282281458 ], [ 258732.249002109165303, 7036934.682008282281458 ], [ 258732.249002109165303, 7036919.672436513006687 ], [ 258727.245811519213021, 7036919.672436513006687 ], [ 258727.245811519213021, 7036914.669245922937989 ], [ 258722.242620929260738, 7036914.669245922937989 ], [ 258722.242620929260738, 7036909.666055332869291 ], [ 258712.236239749385277, 7036909.666055332869291 ], [ 258712.236239749385277, 7036904.662864742800593 ], [ 258707.233049159432994, 7036904.662864742800593 ], [ 258707.233049159432994, 7036899.659674152731895 ], [ 258692.22347738960525, 7036899.659674152731895 ], [ 258692.22347738960525, 7036904.662864742800593 ], [ 258667.207524439843837, 7036904.662864742800593 ], [ 258667.207524439843837, 7036899.659674152731895 ], [ 258662.204333849920658, 7036899.659674152731895 ], [ 258662.204333849920658, 7036894.656483562663198 ], [ 258657.201143259968376, 7036894.656483562663198 ], [ 258657.201143259968376, 7036889.6532929725945 ], [ 258652.197952670016093, 7036889.6532929725945 ], [ 258652.197952670016093, 7036884.650102383457124 ], [ 258647.194762080063811, 7036884.650102383457124 ], [ 258647.194762080063811, 7036879.646911793388426 ], [ 258642.191571490111528, 7036879.646911793388426 ], [ 258642.191571490111528, 7036874.643721203319728 ], [ 258637.188380900188349, 7036874.643721203319728 ], [ 258637.188380900188349, 7036869.64053061325103 ], [ 258632.185190310236067, 7036869.64053061325103 ], [ 258632.185190310236067, 7036864.637340023182333 ], [ 258627.181999720283784, 7036864.637340023182333 ], [ 258627.181999720283784, 7036859.634149433113635 ], [ 258622.178809130331501, 7036859.634149433113635 ], [ 258622.178809130331501, 7036854.630958843044937 ], [ 258617.175618540379219, 7036854.630958843044937 ], [ 258617.175618540379219, 7036849.627768253907561 ], [ 258612.172427950426936, 7036849.627768253907561 ], [ 258612.172427950426936, 7036844.624577663838863 ], [ 258607.169237360503757, 7036844.624577663838863 ], [ 258607.169237360503757, 7036839.621387073770165 ], [ 258602.166046770551475, 7036839.621387073770165 ], [ 258602.166046770551475, 7036834.618196483701468 ], [ 258597.162856180599192, 7036834.618196483701468 ], [ 258597.162856180599192, 7036809.6022435342893 ], [ 258602.166046770551475, 7036809.6022435342893 ], [ 258602.166046770551475, 7036804.599052944220603 ], [ 258607.169237360503757, 7036804.599052944220603 ], [ 258607.169237360503757, 7036799.595862354151905 ], [ 258612.172427950426936, 7036799.595862354151905 ], [ 258612.172427950426936, 7036794.592671764083207 ], [ 258617.175618540379219, 7036794.592671764083207 ], [ 258617.175618540379219, 7036789.589481174014509 ], [ 258622.178809130331501, 7036789.589481174014509 ], [ 258622.178809130331501, 7036764.573528224602342 ], [ 258627.181999720283784, 7036764.573528224602342 ], [ 258627.181999720283784, 7036759.570337634533644 ], [ 258632.185190310236067, 7036759.570337634533644 ], [ 258632.185190310236067, 7036754.567147044464946 ], [ 258642.191571490111528, 7036754.567147044464946 ], [ 258642.191571490111528, 7036749.563956454396248 ], [ 258647.194762080063811, 7036749.563956454396248 ], [ 258647.194762080063811, 7036744.56076586432755 ], [ 258652.197952670016093, 7036744.56076586432755 ], [ 258652.197952670016093, 7036739.557575274258852 ], [ 258657.201143259968376, 7036739.557575274258852 ], [ 258657.201143259968376, 7036734.554384685121477 ], [ 258662.204333849920658, 7036734.554384685121477 ], [ 258662.204333849920658, 7036729.551194095052779 ], [ 258672.21071502979612, 7036729.551194095052779 ], [ 258672.21071502979612, 7036724.548003504984081 ], [ 258677.213905619748402, 7036724.548003504984081 ], [ 258677.213905619748402, 7036719.544812914915383 ], [ 258682.217096209700685, 7036719.544812914915383 ], [ 258682.217096209700685, 7036714.541622324846685 ], [ 258687.220286799652968, 7036714.541622324846685 ], [ 258687.220286799652968, 7036709.538431734777987 ], [ 258692.22347738960525, 7036709.538431734777987 ], [ 258692.22347738960525, 7036704.535241144709289 ], [ 258697.226667979528429, 7036704.535241144709289 ], [ 258697.226667979528429, 7036699.532050554640591 ], [ 258707.233049159432994, 7036699.532050554640591 ], [ 258707.233049159432994, 7036639.493763475678861 ], [ 258712.236239749385277, 7036639.493763475678861 ], [ 258712.236239749385277, 7036634.490572885610163 ], [ 258717.239430339337559, 7036634.490572885610163 ], [ 258717.239430339337559, 7036619.481001116335392 ], [ 258712.236239749385277, 7036619.481001116335392 ], [ 258712.236239749385277, 7036604.471429346129298 ], [ 258717.239430339337559, 7036604.471429346129298 ], [ 258717.239430339337559, 7036594.465048165991902 ], [ 258722.242620929260738, 7036594.465048165991902 ], [ 258722.242620929260738, 7036589.461857575923204 ], [ 258727.245811519213021, 7036589.461857575923204 ], [ 258727.245811519213021, 7036584.458666985854506 ], [ 258732.249002109165303, 7036584.458666985854506 ], [ 258732.249002109165303, 7036579.455476396717131 ], [ 258737.252192699117586, 7036579.455476396717131 ], [ 258737.252192699117586, 7036574.452285806648433 ], [ 258742.255383289069869, 7036574.452285806648433 ], [ 258742.255383289069869, 7036569.449095216579735 ], [ 258747.258573879022151, 7036569.449095216579735 ], [ 258747.258573879022151, 7036564.445904626511037 ], [ 258752.26176446894533, 7036564.445904626511037 ], [ 258752.26176446894533, 7036554.439523446373641 ], [ 258977.405341016565217, 7036554.439523446373641 ], [ 258977.405341016565217, 7037084.777725980617106 ], [ 258622.178809130331501, 7037084.777725980617106 ] ], [ [ 258942.383006886928342, 7036849.627768253907561 ], [ 258957.39257865678519, 7036849.627768253907561 ], [ 258957.39257865678519, 7036844.624577663838863 ], [ 258947.386197476880625, 7036844.624577663838863 ], [ 258947.386197476880625, 7036839.621387073770165 ], [ 258927.373435117100598, 7036839.621387073770165 ], [ 258927.373435117100598, 7036844.624577663838863 ], [ 258942.383006886928342, 7036844.624577663838863 ], [ 258942.383006886928342, 7036849.627768253907561 ] ], [ [ 258792.287289188534487, 7036809.6022435342893 ], [ 258802.293670368439052, 7036809.6022435342893 ], [ 258802.293670368439052, 7036804.599052944220603 ], [ 258807.296860958362231, 7036804.599052944220603 ], [ 258807.296860958362231, 7036799.595862354151905 ], [ 258787.284098598582204, 7036799.595862354151905 ], [ 258787.284098598582204, 7036804.599052944220603 ], [ 258792.287289188534487, 7036804.599052944220603 ], [ 258792.287289188534487, 7036809.6022435342893 ] ], [ [ 258782.280908008629922, 7036799.595862354151905 ], [ 258787.284098598582204, 7036799.595862354151905 ], [ 258787.284098598582204, 7036794.592671764083207 ], [ 258782.280908008629922, 7036794.592671764083207 ], [ 258782.280908008629922, 7036799.595862354151905 ] ] ] } },
{ "type": "Feature", "properties": { "id": 14, "slope": 1 }, "geometry": { "type": "Polygon", "coordinates": [ [ [ 256120.583514156838646, 7035508.772690148092806 ], [ 256120.583514156838646, 7034623.207955727353692 ], [ 256125.586704746790929, 7034623.207955727353692 ], [ 256125.586704746790929, 7034618.204765137284994 ], [ 256140.596276516618673, 7034618.204765137284994 ], [ 256140.596276516618673, 7034613.201574547216296 ], [ 256150.602657696523238, 7034613.201574547216296 ], [ 256150.602657696523238, 7034608.198383957147598 ], [ 256160.609038876427803, 7034608.198383957147598 ], [ 256160.609038876427803, 7034603.1951933670789 ], [ 256170.615420056303265, 7034603.1951933670789 ], [ 256170.615420056303265, 7034598.192002777010202 ], [ 256180.62180123620783, 7034598.192002777010202 ], [ 256180.62180123620783, 7034593.188812186941504 ], [ 256185.624991826160112, 7034593.188812186941504 ], [ 256185.624991826160112, 7034588.185621597804129 ], [ 256195.631373006035574, 7034588.185621597804129 ], [ 256195.631373006035574, 7034583.182431007735431 ], [ 256200.634563595987856, 7034583.182431007735431 ], [ 256200.634563595987856, 7034578.179240417666733 ], [ 256205.637754185940139, 7034578.179240417666733 ], [ 256205.637754185940139, 7034573.176049827598035 ], [ 256210.640944775892422, 7034573.176049827598035 ], [ 256210.640944775892422, 7034568.172859237529337 ], [ 256215.644135365844704, 7034568.172859237529337 ], [ 256215.644135365844704, 7034563.169668647460639 ], [ 256220.647325955767883, 7034563.169668647460639 ], [ 256220.647325955767883, 7034558.166478057391942 ], [ 256225.650516545720166, 7034558.166478057391942 ], [ 256225.650516545720166, 7034553.163287467323244 ], [ 256230.653707135672448, 7034553.163287467323244 ], [ 256230.653707135672448, 7034548.160096878185868 ], [ 256235.656897725624731, 7034548.160096878185868 ], [ 256235.656897725624731, 7034543.15690628811717 ], [ 256255.669660085404757, 7034543.15690628811717 ], [ 256255.669660085404757, 7034538.153715698048472 ], [ 256260.67285067535704, 7034538.153715698048472 ], [ 256260.67285067535704, 7034533.150525107979774 ], [ 256270.679231855261605, 7034533.150525107979774 ], [ 256270.679231855261605, 7034528.147334517911077 ], [ 256285.688803625089349, 7034528.147334517911077 ], [ 256285.688803625089349, 7034538.153715698048472 ], [ 256280.685613035137067, 7034538.153715698048472 ], [ 256280.685613035137067, 7034558.166478057391942 ], [ 256285.688803625089349, 7034558.166478057391942 ], [ 256285.688803625089349, 7034563.169668647460639 ], [ 256310.704756574821658, 7034563.169668647460639 ], [ 256310.704756574821658, 7034568.172859237529337 ], [ 256315.707947164773941, 7034568.172859237529337 ], [ 256315.707947164773941, 7034573.176049827598035 ], [ 256330.717518934601685, 7034573.176049827598035 ], [ 256330.717518934601685, 7034578.179240417666733 ], [ 256340.72390011450625, 7034578.179240417666733 ], [ 256340.72390011450625, 7034573.176049827598035 ], [ 256345.727090704458533, 7034573.176049827598035 ], [ 256345.727090704458533, 7034568.172859237529337 ], [ 256350.730281294410815, 7034568.172859237529337 ], [ 256350.730281294410815, 7034563.169668647460639 ], [ 256355.733471884333994, 7034563.169668647460639 ], [ 256355.733471884333994, 7034558.166478057391942 ], [ 256360.736662474286277, 7034558.166478057391942 ], [ 256360.736662474286277, 7034553.163287467323244 ], [ 256365.739853064238559, 7034553.163287467323244 ], [ 256365.739853064238559, 7034548.160096878185868 ], [ 256370.743043654190842, 7034548.160096878185868 ], [ 256370.743043654190842, 7034543.15690628811717 ], [ 256375.746234244143125, 7034543.15690628811717 ], [ 256375.746234244143125, 7034538.153715698048472 ], [ 256380.749424834095407, 7034538.153715698048472 ], [ 256380.749424834095407, 7034533.150525107979774 ], [ 256385.752615424018586, 7034533.150525107979774 ], [ 256385.752615424018586, 7034528.147334517911077 ], [ 256380.749424834095407, 7034528.147334517911077 ], [ 256380.749424834095407, 7034513.137762748636305 ], [ 256385.752615424018586, 7034513.137762748636305 ], [ 256385.752615424018586, 7034503.131381568498909 ], [ 256390.755806013970869, 7034503.131381568498909 ], [ 256390.755806013970869, 7034493.125000388361514 ], [ 256395.758996603923151, 7034493.125000388361514 ], [ 256395.758996603923151, 7034488.121809798292816 ], [ 256400.762187193875434, 7034488.121809798292816 ], [ 256400.762187193875434, 7034483.118619208224118 ], [ 256405.765377783827716, 7034483.118619208224118 ], [ 256405.765377783827716, 7034468.109047438949347 ], [ 256410.768568373750895, 7034468.109047438949347 ], [ 256410.768568373750895, 7034443.093094488605857 ], [ 256415.771758963703178, 7034443.093094488605857 ], [ 256415.771758963703178, 7034438.089903898537159 ], [ 256420.77494955365546, 7034438.089903898537159 ], [ 256420.77494955365546, 7034433.086713309399784 ], [ 256425.778140143607743, 7034433.086713309399784 ], [ 256425.778140143607743, 7034428.083522719331086 ], [ 256435.784521323512308, 7034428.083522719331086 ], [ 256435.784521323512308, 7034423.080332129262388 ], [ 256440.787711913435487, 7034423.080332129262388 ], [ 256440.787711913435487, 7034418.07714153919369 ], [ 256455.797283683292335, 7034418.07714153919369 ], [ 256455.797283683292335, 7034413.073950949124992 ], [ 256465.803664863167796, 7034413.073950949124992 ], [ 256465.803664863167796, 7034408.070760359056294 ], [ 256470.806855453120079, 7034408.070760359056294 ], [ 256470.806855453120079, 7034403.067569768987596 ], [ 256480.813236633024644, 7034403.067569768987596 ], [ 256480.813236633024644, 7034398.064379179850221 ], [ 256485.816427222976927, 7034398.064379179850221 ], [ 256485.816427222976927, 7034393.061188589781523 ], [ 256490.819617812929209, 7034393.061188589781523 ], [ 256490.819617812929209, 7034388.057997999712825 ], [ 256500.825998992804671, 7034388.057997999712825 ], [ 256500.825998992804671, 7034383.054807409644127 ], [ 256505.829189582756953, 7034383.054807409644127 ], [ 256505.829189582756953, 7034378.051616819575429 ], [ 256515.835570762661519, 7034378.051616819575429 ], [ 256515.835570762661519, 7034373.048426229506731 ], [ 256525.84195194253698, 7034373.048426229506731 ], [ 256525.84195194253698, 7034368.045235639438033 ], [ 256530.845142532489263, 7034368.045235639438033 ], [ 256530.845142532489263, 7034363.042045049369335 ], [ 256535.848333122441545, 7034363.042045049369335 ], [ 256535.848333122441545, 7034358.03885446023196 ], [ 256540.851523712393828, 7034358.03885446023196 ], [ 256540.851523712393828, 7034353.035663870163262 ], [ 256545.85471430234611, 7034353.035663870163262 ], [ 256545.85471430234611, 7034348.032473280094564 ], [ 256555.861095482221572, 7034348.032473280094564 ], [ 256555.861095482221572, 7034343.029282690025866 ], [ 257206.275872175348923, 7034343.029282690025866 ], [ 257206.275872175348923, 7034818.332388735376298 ], [ 257201.27268158539664, 7034818.332388735376298 ], [ 257201.27268158539664, 7034813.3291981453076 ], [ 257196.269490995444357, 7034813.3291981453076 ], [ 257196.269490995444357, 7034808.326007555238903 ], [ 257191.266300405492075, 7034808.326007555238903 ], [ 257191.266300405492075, 7034803.322816965170205 ], [ 257186.263109815539792, 7034803.322816965170205 ], [ 257186.263109815539792, 7034798.319626375101507 ], [ 257181.25991922558751, 7034798.319626375101507 ], [ 257181.25991922558751, 7034793.316435785032809 ], [ 257186.263109815539792, 7034793.316435785032809 ], [ 257186.263109815539792, 7034788.313245194964111 ], [ 257176.256728635664331, 7034788.313245194964111 ], [ 257176.256728635664331, 7034783.310054604895413 ], [ 257171.253538045712048, 7034783.310054604895413 ], [ 257171.253538045712048, 7034778.306864015758038 ], [ 257166.250347455759766, 7034778.306864015758038 ], [ 257166.250347455759766, 7034773.30367342568934 ], [ 257161.247156865807483, 7034773.30367342568934 ], [ 257161.247156865807483, 7034763.297292245551944 ], [ 257156.2439662758552, 7034763.297292245551944 ], [ 257156.2439662758552, 7034758.294101655483246 ], [ 257151.240775685932022, 7034758.294101655483246 ], [ 257151.240775685932022, 7034748.28772047534585 ], [ 257146.237585095979739, 7034748.28772047534585 ], [ 257146.237585095979739, 7034743.284529886208475 ], [ 257141.234394506027456, 7034743.284529886208475 ], [ 257141.234394506027456, 7034723.271767525933683 ], [ 257136.231203916075174, 7034723.271767525933683 ], [ 257136.231203916075174, 7034713.265386345796287 ], [ 257131.228013326122891, 7034713.265386345796287 ], [ 257131.228013326122891, 7034698.255814576521516 ], [ 257126.224822736170609, 7034698.255814576521516 ], [ 257126.224822736170609, 7034693.252623986452818 ], [ 257121.22163214624743, 7034693.252623986452818 ], [ 257121.22163214624743, 7034688.24943339638412 ], [ 257116.218441556295147, 7034688.24943339638412 ], [ 257116.218441556295147, 7034683.246242806315422 ], [ 257111.215250966342865, 7034683.246242806315422 ], [ 257111.215250966342865, 7034688.24943339638412 ], [ 257106.212060376390582, 7034688.24943339638412 ], [ 257106.212060376390582, 7034728.274958116002381 ], [ 257111.215250966342865, 7034728.274958116002381 ], [ 257111.215250966342865, 7034773.30367342568934 ], [ 257106.212060376390582, 7034773.30367342568934 ], [ 257106.212060376390582, 7034793.316435785032809 ], [ 257111.215250966342865, 7034793.316435785032809 ], [ 257111.215250966342865, 7034803.322816965170205 ], [ 257106.212060376390582, 7034803.322816965170205 ], [ 257106.212060376390582, 7034808.326007555238903 ], [ 257101.208869786438299, 7034808.326007555238903 ], [ 257101.208869786438299, 7034803.322816965170205 ], [ 257096.205679196515121, 7034803.322816965170205 ], [ 257096.205679196515121, 7034798.319626375101507 ], [ 257091.202488606562838, 7034798.319626375101507 ], [ 257091.202488606562838, 7034793.316435785032809 ], [ 257086.199298016610555, 7034793.316435785032809 ], [ 257086.199298016610555, 7034788.313245194964111 ], [ 257071.189726246753708, 7034788.313245194964111 ], [ 257071.189726246753708, 7034798.319626375101507 ], [ 257076.19291683670599, 7034798.319626375101507 ], [ 257076.19291683670599, 7034808.326007555238903 ], [ 257071.189726246753708, 7034808.326007555238903 ], [ 257071.189726246753708, 7034818.332388735376298 ], [ 257066.186535656830529, 7034818.332388735376298 ], [ 257066.186535656830529, 7034823.335579324513674 ], [ 257051.176963886973681, 7034823.335579324513674 ], [ 257051.176963886973681, 7034818.332388735376298 ], [ 257026.161010937241372, 7034818.332388735376298 ], [ 257026.161010937241372, 7034808.326007555238903 ], [ 256996.14186739755678, 7034808.326007555238903 ], [ 256996.14186739755678, 7034803.322816965170205 ], [ 256991.138676807604497, 7034803.322816965170205 ], [ 256991.138676807604497, 7034793.316435785032809 ], [ 256981.132295627729036, 7034793.316435785032809 ], [ 256981.132295627729036, 7034798.319626375101507 ], [ 256971.125914447824471, 7034798.319626375101507 ], [ 256971.125914447824471, 7034793.316435785032809 ], [ 256961.119533267919905, 7034793.316435785032809 ], [ 256961.119533267919905, 7034788.313245194964111 ], [ 256951.113152088044444, 7034788.313245194964111 ], [ 256951.113152088044444, 7034783.310054604895413 ], [ 256946.109961498092161, 7034783.310054604895413 ], [ 256946.109961498092161, 7034778.306864015758038 ], [ 256941.106770908139879, 7034778.306864015758038 ], [ 256941.106770908139879, 7034773.30367342568934 ], [ 256936.103580318187596, 7034773.30367342568934 ], [ 256936.103580318187596, 7034768.300482835620642 ], [ 256931.100389728264417, 7034768.300482835620642 ], [ 256931.100389728264417, 7034763.297292245551944 ], [ 256921.094008548359852, 7034763.297292245551944 ], [ 256921.094008548359852, 7034758.294101655483246 ], [ 256916.09081795840757, 7034758.294101655483246 ], [ 256916.09081795840757, 7034748.28772047534585 ], [ 256911.087627368455287, 7034748.28772047534585 ], [ 256911.087627368455287, 7034733.278148706071079 ], [ 256916.09081795840757, 7034733.278148706071079 ], [ 256916.09081795840757, 7034728.274958116002381 ], [ 256921.094008548359852, 7034728.274958116002381 ], [ 256921.094008548359852, 7034723.271767525933683 ], [ 256926.097199138312135, 7034723.271767525933683 ], [ 256926.097199138312135, 7034713.265386345796287 ], [ 256921.094008548359852, 7034713.265386345796287 ], [ 256921.094008548359852, 7034708.262195755727589 ], [ 256906.084436778503004, 7034708.262195755727589 ], [ 256906.084436778503004, 7034703.259005166590214 ], [ 256901.081246188579826, 7034703.259005166590214 ], [ 256901.081246188579826, 7034693.252623986452818 ], [ 256896.078055598627543, 7034693.252623986452818 ], [ 256896.078055598627543, 7034688.24943339638412 ], [ 256881.068483828770695, 7034688.24943339638412 ], [ 256881.068483828770695, 7034693.252623986452818 ], [ 256876.065293238847516, 7034693.252623986452818 ], [ 256876.065293238847516, 7034698.255814576521516 ], [ 256871.062102648895234, 7034698.255814576521516 ], [ 256871.062102648895234, 7034708.262195755727589 ], [ 256866.058912058942951, 7034708.262195755727589 ], [ 256866.058912058942951, 7034723.271767525933683 ], [ 256861.055721468990669, 7034723.271767525933683 ], [ 256861.055721468990669, 7034733.278148706071079 ], [ 256856.052530879038386, 7034733.278148706071079 ], [ 256856.052530879038386, 7034738.281339296139777 ], [ 256851.049340289086103, 7034738.281339296139777 ], [ 256851.049340289086103, 7034743.284529886208475 ], [ 256836.039768519258359, 7034743.284529886208475 ], [ 256836.039768519258359, 7034698.255814576521516 ], [ 256841.042959109210642, 7034698.255814576521516 ], [ 256841.042959109210642, 7034693.252623986452818 ], [ 256836.039768519258359, 7034693.252623986452818 ], [ 256836.039768519258359, 7034688.24943339638412 ], [ 256831.036577929306077, 7034688.24943339638412 ], [ 256831.036577929306077, 7034693.252623986452818 ], [ 256816.027006159478333, 7034693.252623986452818 ], [ 256816.027006159478333, 7034698.255814576521516 ], [ 256811.02381556952605, 7034698.255814576521516 ], [ 256811.02381556952605, 7034703.259005166590214 ], [ 256806.020624979573768, 7034703.259005166590214 ], [ 256806.020624979573768, 7034708.262195755727589 ], [ 256801.017434389621485, 7034708.262195755727589 ], [ 256801.017434389621485, 7034713.265386345796287 ], [ 256796.014243799669202, 7034713.265386345796287 ], [ 256796.014243799669202, 7034723.271767525933683 ], [ 256791.011053209746024, 7034723.271767525933683 ], [ 256791.011053209746024, 7034733.278148706071079 ], [ 256786.007862619793741, 7034733.278148706071079 ], [ 256786.007862619793741, 7034743.284529886208475 ], [ 256781.004672029841458, 7034743.284529886208475 ], [ 256781.004672029841458, 7034753.290911065414548 ], [ 256776.001481439889176, 7034753.290911065414548 ], [ 256776.001481439889176, 7034763.297292245551944 ], [ 256735.975956720329123, 7034763.297292245551944 ], [ 256735.975956720329123, 7034758.294101655483246 ], [ 256730.97276613037684, 7034758.294101655483246 ], [ 256730.97276613037684, 7034753.290911065414548 ], [ 256725.969575540424557, 7034753.290911065414548 ], [ 256725.969575540424557, 7034748.28772047534585 ], [ 256720.966384950472275, 7034748.28772047534585 ], [ 256720.966384950472275, 7034723.271767525933683 ], [ 256725.969575540424557, 7034723.271767525933683 ], [ 256725.969575540424557, 7034708.262195755727589 ], [ 256720.966384950472275, 7034708.262195755727589 ], [ 256720.966384950472275, 7034703.259005166590214 ], [ 256715.963194360519992, 7034703.259005166590214 ], [ 256715.963194360519992, 7034698.255814576521516 ], [ 256710.960003770596813, 7034698.255814576521516 ], [ 256710.960003770596813, 7034693.252623986452818 ], [ 256700.953622590692248, 7034693.252623986452818 ], [ 256700.953622590692248, 7034688.24943339638412 ], [ 256695.950432000739966, 7034688.24943339638412 ], [ 256695.950432000739966, 7034683.246242806315422 ], [ 256690.947241410787683, 7034683.246242806315422 ], [ 256690.947241410787683, 7034668.236671036109328 ], [ 256685.9440508208354, 7034668.236671036109328 ], [ 256685.9440508208354, 7034643.220718086697161 ], [ 256675.937669640959939, 7034643.220718086697161 ], [ 256675.937669640959939, 7034648.223908676765859 ], [ 256670.934479051007656, 7034648.223908676765859 ], [ 256670.934479051007656, 7034658.230289856903255 ], [ 256665.931288461055374, 7034658.230289856903255 ], [ 256665.931288461055374, 7034673.239861626178026 ], [ 256660.928097871103091, 7034673.239861626178026 ], [ 256660.928097871103091, 7034683.246242806315422 ], [ 256650.92171669122763, 7034683.246242806315422 ], [ 256650.92171669122763, 7034688.24943339638412 ], [ 256640.915335511323065, 7034688.24943339638412 ], [ 256640.915335511323065, 7034693.252623986452818 ], [ 256630.908954331418499, 7034693.252623986452818 ], [ 256630.908954331418499, 7034698.255814576521516 ], [ 256625.905763741495321, 7034698.255814576521516 ], [ 256625.905763741495321, 7034693.252623986452818 ], [ 256620.902573151543038, 7034693.252623986452818 ], [ 256620.902573151543038, 7034688.24943339638412 ], [ 256595.886620201810729, 7034688.24943339638412 ], [ 256595.886620201810729, 7034683.246242806315422 ], [ 256585.880239021906164, 7034683.246242806315422 ], [ 256585.880239021906164, 7034678.243052216246724 ], [ 256575.873857842001598, 7034678.243052216246724 ], [ 256575.873857842001598, 7034673.239861626178026 ], [ 256570.87066725207842, 7034673.239861626178026 ], [ 256570.87066725207842, 7034668.236671036109328 ], [ 256565.867476662126137, 7034668.236671036109328 ], [ 256565.867476662126137, 7034663.233480446971953 ], [ 256560.864286072173854, 7034663.233480446971953 ], [ 256560.864286072173854, 7034653.227099266834557 ], [ 256555.861095482221572, 7034653.227099266834557 ], [ 256555.861095482221572, 7034648.223908676765859 ], [ 256530.845142532489263, 7034648.223908676765859 ], [ 256530.845142532489263, 7034643.220718086697161 ], [ 256520.838761352584697, 7034643.220718086697161 ], [ 256520.838761352584697, 7034638.217527496628463 ], [ 256490.819617812929209, 7034638.217527496628463 ], [ 256490.819617812929209, 7034643.220718086697161 ], [ 256455.797283683292335, 7034643.220718086697161 ], [ 256455.797283683292335, 7034648.223908676765859 ], [ 256450.794093093340052, 7034648.223908676765859 ], [ 256450.794093093340052, 7034653.227099266834557 ], [ 256445.79090250338777, 7034653.227099266834557 ], [ 256445.79090250338777, 7034658.230289856903255 ], [ 256440.787711913435487, 7034658.230289856903255 ], [ 256440.787711913435487, 7034663.233480446971953 ], [ 256435.784521323512308, 7034663.233480446971953 ], [ 256435.784521323512308, 7034668.236671036109328 ], [ 256430.781330733560026, 7034668.236671036109328 ], [ 256430.781330733560026, 7034673.239861626178026 ], [ 256425.778140143607743, 7034673.239861626178026 ], [ 256425.778140143607743, 7034678.243052216246724 ], [ 256420.77494955365546, 7034678.243052216246724 ], [ 256420.77494955365546, 7034683.246242806315422 ], [ 256415.771758963703178, 7034683.246242806315422 ], [ 256415.771758963703178, 7034688.24943339638412 ], [ 256410.768568373750895, 7034688.24943339638412 ], [ 256410.768568373750895, 7034693.252623986452818 ], [ 256405.765377783827716, 7034693.252623986452818 ], [ 256405.765377783827716, 7034703.259005166590214 ], [ 256410.768568373750895, 7034703.259005166590214 ], [ 256410.768568373750895, 7034708.262195755727589 ], [ 256425.778140143607743, 7034708.262195755727589 ], [ 256425.778140143607743, 7034703.259005166590214 ], [ 256435.784521323512308, 7034703.259005166590214 ], [ 256435.784521323512308, 7034698.255814576521516 ], [ 256455.797283683292335, 7034698.255814576521516 ], [ 256455.797283683292335, 7034693.252623986452818 ], [ 256460.800474273244618, 7034693.252623986452818 ], [ 256460.800474273244618, 7034698.255814576521516 ], [ 256485.816427222976927, 7034698.255814576521516 ], [ 256485.816427222976927, 7034703.259005166590214 ], [ 256495.822808402852388, 7034703.259005166590214 ], [ 256495.822808402852388, 7034708.262195755727589 ], [ 256500.825998992804671, 7034708.262195755727589 ], [ 256500.825998992804671, 7034713.265386345796287 ], [ 256505.829189582756953, 7034713.265386345796287 ], [ 256505.829189582756953, 7034718.268576935864985 ], [ 256510.832380172709236, 7034718.268576935864985 ], [ 256510.832380172709236, 7034728.274958116002381 ], [ 256515.835570762661519, 7034728.274958116002381 ], [ 256515.835570762661519, 7034733.278148706071079 ], [ 256520.838761352584697, 7034733.278148706071079 ], [ 256520.838761352584697, 7034743.284529886208475 ], [ 256525.84195194253698, 7034743.284529886208475 ], [ 256525.84195194253698, 7034748.28772047534585 ], [ 256530.845142532489263, 7034748.28772047534585 ], [ 256530.845142532489263, 7034758.294101655483246 ], [ 256535.848333122441545, 7034758.294101655483246 ], [ 256535.848333122441545, 7034763.297292245551944 ], [ 256545.85471430234611, 7034763.297292245551944 ], [ 256545.85471430234611, 7034773.30367342568934 ], [ 256550.857904892269289, 7034773.30367342568934 ], [ 256550.857904892269289, 7034783.310054604895413 ], [ 256555.861095482221572, 7034783.310054604895413 ], [ 256555.861095482221572, 7034788.313245194964111 ], [ 256560.864286072173854, 7034788.313245194964111 ], [ 256560.864286072173854, 7034808.326007555238903 ], [ 256555.861095482221572, 7034808.326007555238903 ], [ 256555.861095482221572, 7034853.354722864925861 ], [ 256560.864286072173854, 7034853.354722864925861 ], [ 256560.864286072173854, 7034863.361104044131935 ], [ 256565.867476662126137, 7034863.361104044131935 ], [ 256565.867476662126137, 7034868.364294634200633 ], [ 256570.87066725207842, 7034868.364294634200633 ], [ 256570.87066725207842, 7034873.367485224269331 ], [ 256575.873857842001598, 7034873.367485224269331 ], [ 256575.873857842001598, 7034878.370675814338028 ], [ 256580.877048431953881, 7034878.370675814338028 ], [ 256580.877048431953881, 7034908.389819353818893 ], [ 256575.873857842001598, 7034908.389819353818893 ], [ 256575.873857842001598, 7034933.405772304162383 ], [ 256570.87066725207842, 7034933.405772304162383 ], [ 256570.87066725207842, 7034943.412153483368456 ], [ 256575.873857842001598, 7034943.412153483368456 ], [ 256575.873857842001598, 7034953.418534663505852 ], [ 256580.877048431953881, 7034953.418534663505852 ], [ 256580.877048431953881, 7034963.424915843643248 ], [ 256575.873857842001598, 7034963.424915843643248 ], [ 256575.873857842001598, 7034968.428106433711946 ], [ 256570.87066725207842, 7034968.428106433711946 ], [ 256570.87066725207842, 7034978.434487612918019 ], [ 256565.867476662126137, 7034978.434487612918019 ], [ 256565.867476662126137, 7034988.440868793055415 ], [ 256560.864286072173854, 7034988.440868793055415 ], [ 256560.864286072173854, 7034993.444059383124113 ], [ 256565.867476662126137, 7034993.444059383124113 ], [ 256565.867476662126137, 7034998.447249973192811 ], [ 256570.87066725207842, 7034998.447249973192811 ], [ 256570.87066725207842, 7035018.46001233253628 ], [ 256565.867476662126137, 7035018.46001233253628 ], [ 256565.867476662126137, 7035028.466393512673676 ], [ 256560.864286072173854, 7035028.466393512673676 ], [ 256560.864286072173854, 7035038.472774692811072 ], [ 256555.861095482221572, 7035038.472774692811072 ], [ 256555.861095482221572, 7035043.47596528287977 ], [ 256550.857904892269289, 7035043.47596528287977 ], [ 256550.857904892269289, 7035053.482346462085843 ], [ 256545.85471430234611, 7035053.482346462085843 ], [ 256545.85471430234611, 7035068.491918232291937 ], [ 256540.851523712393828, 7035068.491918232291937 ], [ 256540.851523712393828, 7035078.498299412429333 ], [ 256535.848333122441545, 7035078.498299412429333 ], [ 256535.848333122441545, 7035083.501490002498031 ], [ 256530.845142532489263, 7035083.501490002498031 ], [ 256530.845142532489263, 7035088.504680592566729 ], [ 256525.84195194253698, 7035088.504680592566729 ], [ 256525.84195194253698, 7035093.507871181704104 ], [ 256515.835570762661519, 7035093.507871181704104 ], [ 256515.835570762661519, 7035098.511061771772802 ], [ 256510.832380172709236, 7035098.511061771772802 ], [ 256510.832380172709236, 7035103.5142523618415 ], [ 256495.822808402852388, 7035103.5142523618415 ], [ 256495.822808402852388, 7035108.517442951910198 ], [ 256480.813236633024644, 7035108.517442951910198 ], [ 256480.813236633024644, 7035113.520633541978896 ], [ 256465.803664863167796, 7035113.520633541978896 ], [ 256465.803664863167796, 7035118.523824132047594 ], [ 256455.797283683292335, 7035118.523824132047594 ], [ 256455.797283683292335, 7035123.527014722116292 ], [ 256445.79090250338777, 7035123.527014722116292 ], [ 256445.79090250338777, 7035128.530205311253667 ], [ 256425.778140143607743, 7035128.530205311253667 ], [ 256425.778140143607743, 7035133.533395901322365 ], [ 256415.771758963703178, 7035133.533395901322365 ], [ 256415.771758963703178, 7035138.536586491391063 ], [ 256410.768568373750895, 7035138.536586491391063 ], [ 256410.768568373750895, 7035148.542967671528459 ], [ 256405.765377783827716, 7035148.542967671528459 ], [ 256405.765377783827716, 7035168.555730030871928 ], [ 256415.771758963703178, 7035168.555730030871928 ], [ 256415.771758963703178, 7035173.558920620940626 ], [ 256425.778140143607743, 7035173.558920620940626 ], [ 256425.778140143607743, 7035178.562111211009324 ], [ 256480.813236633024644, 7035178.562111211009324 ], [ 256480.813236633024644, 7035173.558920620940626 ], [ 256490.819617812929209, 7035173.558920620940626 ], [ 256490.819617812929209, 7035168.555730030871928 ], [ 256515.835570762661519, 7035168.555730030871928 ], [ 256515.835570762661519, 7035163.552539441734552 ], [ 256570.87066725207842, 7035163.552539441734552 ], [ 256570.87066725207842, 7035168.555730030871928 ], [ 256575.873857842001598, 7035168.555730030871928 ], [ 256575.873857842001598, 7035173.558920620940626 ], [ 256580.877048431953881, 7035173.558920620940626 ], [ 256580.877048431953881, 7035178.562111211009324 ], [ 256585.880239021906164, 7035178.562111211009324 ], [ 256585.880239021906164, 7035183.565301801078022 ], [ 256590.883429611858446, 7035183.565301801078022 ], [ 256590.883429611858446, 7035193.571682981215417 ], [ 256595.886620201810729, 7035193.571682981215417 ], [ 256595.886620201810729, 7035203.578064160421491 ], [ 256620.902573151543038, 7035203.578064160421491 ], [ 256620.902573151543038, 7035198.574873571284115 ], [ 256630.908954331418499, 7035198.574873571284115 ], [ 256630.908954331418499, 7035193.571682981215417 ], [ 256640.915335511323065, 7035193.571682981215417 ], [ 256640.915335511323065, 7035188.568492391146719 ], [ 256650.92171669122763, 7035188.568492391146719 ], [ 256650.92171669122763, 7035183.565301801078022 ], [ 256655.924907281179912, 7035183.565301801078022 ], [ 256655.924907281179912, 7035178.562111211009324 ], [ 256660.928097871103091, 7035178.562111211009324 ], [ 256660.928097871103091, 7035173.558920620940626 ], [ 256665.931288461055374, 7035173.558920620940626 ], [ 256665.931288461055374, 7035168.555730030871928 ], [ 256670.934479051007656, 7035168.555730030871928 ], [ 256670.934479051007656, 7035163.552539441734552 ], [ 256675.937669640959939, 7035163.552539441734552 ], [ 256675.937669640959939, 7035158.549348851665854 ], [ 256680.940860230912222, 7035158.549348851665854 ], [ 256680.940860230912222, 7035153.546158261597157 ], [ 256685.9440508208354, 7035153.546158261597157 ], [ 256685.9440508208354, 7035148.542967671528459 ], [ 256690.947241410787683, 7035148.542967671528459 ], [ 256690.947241410787683, 7035143.539777081459761 ], [ 256700.953622590692248, 7035143.539777081459761 ], [ 256700.953622590692248, 7035138.536586491391063 ], [ 256705.956813180644531, 7035138.536586491391063 ], [ 256705.956813180644531, 7035133.533395901322365 ], [ 256710.960003770596813, 7035133.533395901322365 ], [ 256710.960003770596813, 7035128.530205311253667 ], [ 256715.963194360519992, 7035128.530205311253667 ], [ 256715.963194360519992, 7035123.527014722116292 ], [ 256725.969575540424557, 7035123.527014722116292 ], [ 256725.969575540424557, 7035118.523824132047594 ], [ 256735.975956720329123, 7035118.523824132047594 ], [ 256735.975956720329123, 7035108.517442951910198 ], [ 256740.979147310252301, 7035108.517442951910198 ], [ 256740.979147310252301, 7035103.5142523618415 ], [ 256755.988719080109149, 7035103.5142523618415 ], [ 256755.988719080109149, 7035098.511061771772802 ], [ 256760.991909670061432, 7035098.511061771772802 ], [ 256760.991909670061432, 7035093.507871181704104 ], [ 256801.017434389621485, 7035093.507871181704104 ], [ 256801.017434389621485, 7035098.511061771772802 ], [ 256811.02381556952605, 7035098.511061771772802 ], [ 256811.02381556952605, 7035103.5142523618415 ], [ 256816.027006159478333, 7035103.5142523618415 ], [ 256816.027006159478333, 7035108.517442951910198 ], [ 256831.036577929306077, 7035108.517442951910198 ], [ 256831.036577929306077, 7035103.5142523618415 ], [ 256841.042959109210642, 7035103.5142523618415 ], [ 256841.042959109210642, 7035093.507871181704104 ], [ 256861.055721468990669, 7035093.507871181704104 ], [ 256861.055721468990669, 7035113.520633541978896 ], [ 256866.058912058942951, 7035113.520633541978896 ], [ 256866.058912058942951, 7035123.527014722116292 ], [ 256871.062102648895234, 7035123.527014722116292 ], [ 256871.062102648895234, 7035128.530205311253667 ], [ 256876.065293238847516, 7035128.530205311253667 ], [ 256876.065293238847516, 7035133.533395901322365 ], [ 256881.068483828770695, 7035133.533395901322365 ], [ 256881.068483828770695, 7035148.542967671528459 ], [ 256886.071674418722978, 7035148.542967671528459 ], [ 256886.071674418722978, 7035163.552539441734552 ], [ 256891.07486500867526, 7035163.552539441734552 ], [ 256891.07486500867526, 7035183.565301801078022 ], [ 256896.078055598627543, 7035183.565301801078022 ], [ 256896.078055598627543, 7035193.571682981215417 ], [ 256906.084436778503004, 7035193.571682981215417 ], [ 256906.084436778503004, 7035188.568492391146719 ], [ 256911.087627368455287, 7035188.568492391146719 ], [ 256911.087627368455287, 7035183.565301801078022 ], [ 256916.09081795840757, 7035183.565301801078022 ], [ 256916.09081795840757, 7035178.562111211009324 ], [ 256921.094008548359852, 7035178.562111211009324 ], [ 256921.094008548359852, 7035173.558920620940626 ], [ 256926.097199138312135, 7035173.558920620940626 ], [ 256926.097199138312135, 7035168.555730030871928 ], [ 256931.100389728264417, 7035168.555730030871928 ], [ 256931.100389728264417, 7035158.549348851665854 ], [ 256926.097199138312135, 7035158.549348851665854 ], [ 256926.097199138312135, 7035123.527014722116292 ], [ 256921.094008548359852, 7035123.527014722116292 ], [ 256921.094008548359852, 7035108.517442951910198 ], [ 256926.097199138312135, 7035108.517442951910198 ], [ 256926.097199138312135, 7035103.5142523618415 ], [ 256931.100389728264417, 7035103.5142523618415 ], [ 256931.100389728264417, 7035098.511061771772802 ], [ 256941.106770908139879, 7035098.511061771772802 ], [ 256941.106770908139879, 7035093.507871181704104 ], [ 256951.113152088044444, 7035093.507871181704104 ], [ 256951.113152088044444, 7035083.501490002498031 ], [ 256956.116342677996727, 7035083.501490002498031 ], [ 256956.116342677996727, 7035063.488727642223239 ], [ 256951.113152088044444, 7035063.488727642223239 ], [ 256951.113152088044444, 7035058.485537052154541 ], [ 256941.106770908139879, 7035058.485537052154541 ], [ 256941.106770908139879, 7035048.479155872948468 ], [ 256936.103580318187596, 7035048.479155872948468 ], [ 256936.103580318187596, 7035023.463202922604978 ], [ 256931.100389728264417, 7035023.463202922604978 ], [ 256931.100389728264417, 7035013.456821742467582 ], [ 256926.097199138312135, 7035013.456821742467582 ], [ 256926.097199138312135, 7034998.447249973192811 ], [ 256921.094008548359852, 7034998.447249973192811 ], [ 256921.094008548359852, 7034988.440868793055415 ], [ 256916.09081795840757, 7034988.440868793055415 ], [ 256916.09081795840757, 7034978.434487612918019 ], [ 256911.087627368455287, 7034978.434487612918019 ], [ 256911.087627368455287, 7034968.428106433711946 ], [ 256906.084436778503004, 7034968.428106433711946 ], [ 256906.084436778503004, 7034953.418534663505852 ], [ 256901.081246188579826, 7034953.418534663505852 ], [ 256901.081246188579826, 7034928.402581714093685 ], [ 256906.084436778503004, 7034928.402581714093685 ], [ 256906.084436778503004, 7034918.396200533956289 ], [ 256901.081246188579826, 7034918.396200533956289 ], [ 256901.081246188579826, 7034913.393009943887591 ], [ 256891.07486500867526, 7034913.393009943887591 ], [ 256891.07486500867526, 7034908.389819353818893 ], [ 256871.062102648895234, 7034908.389819353818893 ], [ 256871.062102648895234, 7034903.386628763750196 ], [ 256866.058912058942951, 7034903.386628763750196 ], [ 256866.058912058942951, 7034898.383438173681498 ], [ 256876.065293238847516, 7034898.383438173681498 ], [ 256876.065293238847516, 7034893.380247584544122 ], [ 256886.071674418722978, 7034893.380247584544122 ], [ 256886.071674418722978, 7034888.377056994475424 ], [ 256891.07486500867526, 7034888.377056994475424 ], [ 256891.07486500867526, 7034883.373866404406726 ], [ 256901.081246188579826, 7034883.373866404406726 ], [ 256901.081246188579826, 7034878.370675814338028 ], [ 256906.084436778503004, 7034878.370675814338028 ], [ 256906.084436778503004, 7034873.367485224269331 ], [ 256911.087627368455287, 7034873.367485224269331 ], [ 256911.087627368455287, 7034863.361104044131935 ], [ 256921.094008548359852, 7034863.361104044131935 ], [ 256921.094008548359852, 7034858.357913454994559 ], [ 256931.100389728264417, 7034858.357913454994559 ], [ 256931.100389728264417, 7034853.354722864925861 ], [ 256946.109961498092161, 7034853.354722864925861 ], [ 256946.109961498092161, 7034848.351532274857163 ], [ 257011.151439167413628, 7034848.351532274857163 ], [ 257011.151439167413628, 7034843.348341684788465 ], [ 257021.157820347289089, 7034843.348341684788465 ], [ 257021.157820347289089, 7034848.351532274857163 ], [ 257071.189726246753708, 7034848.351532274857163 ], [ 257071.189726246753708, 7034843.348341684788465 ], [ 257081.196107426658273, 7034843.348341684788465 ], [ 257081.196107426658273, 7034838.345151094719768 ], [ 257086.199298016610555, 7034838.345151094719768 ], [ 257086.199298016610555, 7034833.34196050465107 ], [ 257096.205679196515121, 7034833.34196050465107 ], [ 257096.205679196515121, 7034828.338769914582372 ], [ 257101.208869786438299, 7034828.338769914582372 ], [ 257101.208869786438299, 7034818.332388735376298 ], [ 257106.212060376390582, 7034818.332388735376298 ], [ 257106.212060376390582, 7034823.335579324513674 ], [ 257116.218441556295147, 7034823.335579324513674 ], [ 257116.218441556295147, 7034828.338769914582372 ], [ 257126.224822736170609, 7034828.338769914582372 ], [ 257126.224822736170609, 7034833.34196050465107 ], [ 257131.228013326122891, 7034833.34196050465107 ], [ 257131.228013326122891, 7034838.345151094719768 ], [ 257126.224822736170609, 7034838.345151094719768 ], [ 257126.224822736170609, 7034843.348341684788465 ], [ 257116.218441556295147, 7034843.348341684788465 ], [ 257116.218441556295147, 7034873.367485224269331 ], [ 257111.215250966342865, 7034873.367485224269331 ], [ 257111.215250966342865, 7034878.370675814338028 ], [ 257106.212060376390582, 7034878.370675814338028 ], [ 257106.212060376390582, 7034888.377056994475424 ], [ 257101.208869786438299, 7034888.377056994475424 ], [ 257101.208869786438299, 7034903.386628763750196 ], [ 257096.205679196515121, 7034903.386628763750196 ], [ 257096.205679196515121, 7034918.396200533956289 ], [ 257091.202488606562838, 7034918.396200533956289 ], [ 257091.202488606562838, 7034928.402581714093685 ], [ 257086.199298016610555, 7034928.402581714093685 ], [ 257086.199298016610555, 7034943.412153483368456 ], [ 257081.196107426658273, 7034943.412153483368456 ], [ 257081.196107426658273, 7034948.415344073437154 ], [ 257076.19291683670599, 7034948.415344073437154 ], [ 257076.19291683670599, 7034958.42172525357455 ], [ 257071.189726246753708, 7034958.42172525357455 ], [ 257071.189726246753708, 7034963.424915843643248 ], [ 257066.186535656830529, 7034963.424915843643248 ], [ 257066.186535656830529, 7034968.428106433711946 ], [ 257061.183345066878246, 7034968.428106433711946 ], [ 257061.183345066878246, 7034973.431297023780644 ], [ 257056.180154476925964, 7034973.431297023780644 ], [ 257056.180154476925964, 7034978.434487612918019 ], [ 257051.176963886973681, 7034978.434487612918019 ], [ 257051.176963886973681, 7034983.437678202986717 ], [ 257046.173773297021398, 7034983.437678202986717 ], [ 257046.173773297021398, 7034988.440868793055415 ], [ 257041.17058270709822, 7034988.440868793055415 ], [ 257041.17058270709822, 7034993.444059383124113 ], [ 257036.167392117145937, 7034993.444059383124113 ], [ 257036.167392117145937, 7035003.450440563261509 ], [ 257031.164201527193654, 7035003.450440563261509 ], [ 257031.164201527193654, 7035008.453631153330207 ], [ 257036.167392117145937, 7035008.453631153330207 ], [ 257036.167392117145937, 7035013.456821742467582 ], [ 257041.17058270709822, 7035013.456821742467582 ], [ 257041.17058270709822, 7035008.453631153330207 ], [ 257046.173773297021398, 7035008.453631153330207 ], [ 257046.173773297021398, 7034998.447249973192811 ], [ 257051.176963886973681, 7034998.447249973192811 ], [ 257051.176963886973681, 7034993.444059383124113 ], [ 257061.183345066878246, 7034993.444059383124113 ], [ 257061.183345066878246, 7034988.440868793055415 ], [ 257076.19291683670599, 7034988.440868793055415 ], [ 257076.19291683670599, 7034983.437678202986717 ], [ 257091.202488606562838, 7034983.437678202986717 ], [ 257091.202488606562838, 7034978.434487612918019 ], [ 257106.212060376390582, 7034978.434487612918019 ], [ 257106.212060376390582, 7034973.431297023780644 ], [ 257111.215250966342865, 7034973.431297023780644 ], [ 257111.215250966342865, 7034968.428106433711946 ], [ 257121.22163214624743, 7034968.428106433711946 ], [ 257121.22163214624743, 7034963.424915843643248 ], [ 257126.224822736170609, 7034963.424915843643248 ], [ 257126.224822736170609, 7034958.42172525357455 ], [ 257131.228013326122891, 7034958.42172525357455 ], [ 257131.228013326122891, 7034953.418534663505852 ], [ 257136.231203916075174, 7034953.418534663505852 ], [ 257136.231203916075174, 7034948.415344073437154 ], [ 257141.234394506027456, 7034948.415344073437154 ], [ 257141.234394506027456, 7034923.399391124024987 ], [ 257146.237585095979739, 7034923.399391124024987 ], [ 257146.237585095979739, 7034918.396200533956289 ], [ 257151.240775685932022, 7034918.396200533956289 ], [ 257151.240775685932022, 7034913.393009943887591 ], [ 257156.2439662758552, 7034913.393009943887591 ], [ 257156.2439662758552, 7034908.389819353818893 ], [ 257166.250347455759766, 7034908.389819353818893 ], [ 257166.250347455759766, 7034903.386628763750196 ], [ 257176.256728635664331, 7034903.386628763750196 ], [ 257176.256728635664331, 7034898.383438173681498 ], [ 257191.266300405492075, 7034898.383438173681498 ], [ 257191.266300405492075, 7034893.380247584544122 ], [ 257201.27268158539664, 7034893.380247584544122 ], [ 257201.27268158539664, 7034888.377056994475424 ], [ 257206.275872175348923, 7034888.377056994475424 ], [ 257206.275872175348923, 7035193.571682981215417 ], [ 257201.27268158539664, 7035193.571682981215417 ], [ 257201.27268158539664, 7035198.574873571284115 ], [ 257196.269490995444357, 7035198.574873571284115 ], [ 257196.269490995444357, 7035203.578064160421491 ], [ 257191.266300405492075, 7035203.578064160421491 ], [ 257191.266300405492075, 7035208.581254750490189 ], [ 257186.263109815539792, 7035208.581254750490189 ], [ 257186.263109815539792, 7035213.584445340558887 ], [ 257176.256728635664331, 7035213.584445340558887 ], [ 257176.256728635664331, 7035218.587635930627584 ], [ 257161.247156865807483, 7035218.587635930627584 ], [ 257161.247156865807483, 7035223.590826520696282 ], [ 257146.237585095979739, 7035223.590826520696282 ], [ 257146.237585095979739, 7035228.59401711076498 ], [ 257131.228013326122891, 7035228.59401711076498 ], [ 257131.228013326122891, 7035233.597207700833678 ], [ 257106.212060376390582, 7035233.597207700833678 ], [ 257106.212060376390582, 7035238.600398290902376 ], [ 257081.196107426658273, 7035238.600398290902376 ], [ 257081.196107426658273, 7035243.603588880039752 ], [ 257076.19291683670599, 7035243.603588880039752 ], [ 257076.19291683670599, 7035238.600398290902376 ], [ 257031.164201527193654, 7035238.600398290902376 ], [ 257031.164201527193654, 7035233.597207700833678 ], [ 257026.161010937241372, 7035233.597207700833678 ], [ 257026.161010937241372, 7035248.606779470108449 ], [ 257041.17058270709822, 7035248.606779470108449 ], [ 257041.17058270709822, 7035253.609970060177147 ], [ 257056.180154476925964, 7035253.609970060177147 ], [ 257056.180154476925964, 7035258.613160650245845 ], [ 257071.189726246753708, 7035258.613160650245845 ], [ 257071.189726246753708, 7035263.616351240314543 ], [ 257076.19291683670599, 7035263.616351240314543 ], [ 257076.19291683670599, 7035258.613160650245845 ], [ 257126.224822736170609, 7035258.613160650245845 ], [ 257126.224822736170609, 7035263.616351240314543 ], [ 257156.2439662758552, 7035263.616351240314543 ], [ 257156.2439662758552, 7035258.613160650245845 ], [ 257171.253538045712048, 7035258.613160650245845 ], [ 257171.253538045712048, 7035253.609970060177147 ], [ 257201.27268158539664, 7035253.609970060177147 ], [ 257201.27268158539664, 7035248.606779470108449 ], [ 257206.275872175348923, 7035248.606779470108449 ], [ 257206.275872175348923, 7035398.702497168444097 ], [ 257201.27268158539664, 7035398.702497168444097 ], [ 257201.27268158539664, 7035403.705687758512795 ], [ 257191.266300405492075, 7035403.705687758512795 ], [ 257191.266300405492075, 7035408.708878348581493 ], [ 257181.25991922558751, 7035408.708878348581493 ], [ 257181.25991922558751, 7035413.712068938650191 ], [ 257176.256728635664331, 7035413.712068938650191 ], [ 257176.256728635664331, 7035418.715259528718889 ], [ 257171.253538045712048, 7035418.715259528718889 ], [ 257171.253538045712048, 7035423.718450118787587 ], [ 257166.250347455759766, 7035423.718450118787587 ], [ 257166.250347455759766, 7035428.721640708856285 ], [ 257161.247156865807483, 7035428.721640708856285 ], [ 257161.247156865807483, 7035433.72483129799366 ], [ 257156.2439662758552, 7035433.72483129799366 ], [ 257156.2439662758552, 7035438.728021888062358 ], [ 257151.240775685932022, 7035438.728021888062358 ], [ 257151.240775685932022, 7035443.731212478131056 ], [ 257146.237585095979739, 7035443.731212478131056 ], [ 257146.237585095979739, 7035448.734403068199754 ], [ 257136.231203916075174, 7035448.734403068199754 ], [ 257136.231203916075174, 7035453.737593658268452 ], [ 257131.228013326122891, 7035453.737593658268452 ], [ 257131.228013326122891, 7035458.74078424833715 ], [ 257121.22163214624743, 7035458.74078424833715 ], [ 257121.22163214624743, 7035468.747165428474545 ], [ 257086.199298016610555, 7035468.747165428474545 ], [ 257086.199298016610555, 7035473.750356017611921 ], [ 257066.186535656830529, 7035473.750356017611921 ], [ 257066.186535656830529, 7035468.747165428474545 ], [ 257061.183345066878246, 7035468.747165428474545 ], [ 257061.183345066878246, 7035453.737593658268452 ], [ 257056.180154476925964, 7035453.737593658268452 ], [ 257056.180154476925964, 7035443.731212478131056 ], [ 257051.176963886973681, 7035443.731212478131056 ], [ 257051.176963886973681, 7035438.728021888062358 ], [ 257041.17058270709822, 7035438.728021888062358 ], [ 257041.17058270709822, 7035433.72483129799366 ], [ 257036.167392117145937, 7035433.72483129799366 ], [ 257036.167392117145937, 7035428.721640708856285 ], [ 257026.161010937241372, 7035428.721640708856285 ], [ 257026.161010937241372, 7035423.718450118787587 ], [ 257016.154629757336807, 7035423.718450118787587 ], [ 257016.154629757336807, 7035418.715259528718889 ], [ 257011.151439167413628, 7035418.715259528718889 ], [ 257011.151439167413628, 7035408.708878348581493 ], [ 257016.154629757336807, 7035408.708878348581493 ], [ 257016.154629757336807, 7035393.699306579306722 ], [ 257026.161010937241372, 7035393.699306579306722 ], [ 257026.161010937241372, 7035383.692925399169326 ], [ 257021.157820347289089, 7035383.692925399169326 ], [ 257021.157820347289089, 7035378.689734809100628 ], [ 257016.154629757336807, 7035378.689734809100628 ], [ 257016.154629757336807, 7035363.680163038894534 ], [ 257011.151439167413628, 7035363.680163038894534 ], [ 257011.151439167413628, 7035348.670591269619763 ], [ 257006.148248577461345, 7035348.670591269619763 ], [ 257006.148248577461345, 7035318.651447729207575 ], [ 257001.145057987509063, 7035318.651447729207575 ], [ 257001.145057987509063, 7035308.645066550001502 ], [ 256991.138676807604497, 7035308.645066550001502 ], [ 256991.138676807604497, 7035303.641875959932804 ], [ 256986.135486217681319, 7035303.641875959932804 ], [ 256986.135486217681319, 7035298.638685369864106 ], [ 256976.129105037776753, 7035298.638685369864106 ], [ 256976.129105037776753, 7035303.641875959932804 ], [ 256971.125914447824471, 7035303.641875959932804 ], [ 256971.125914447824471, 7035308.645066550001502 ], [ 256966.122723857872188, 7035308.645066550001502 ], [ 256966.122723857872188, 7035313.6482571400702 ], [ 256961.119533267919905, 7035313.6482571400702 ], [ 256961.119533267919905, 7035318.651447729207575 ], [ 256956.116342677996727, 7035318.651447729207575 ], [ 256956.116342677996727, 7035323.654638319276273 ], [ 256951.113152088044444, 7035323.654638319276273 ], [ 256951.113152088044444, 7035328.657828909344971 ], [ 256936.103580318187596, 7035328.657828909344971 ], [ 256936.103580318187596, 7035333.661019499413669 ], [ 256941.106770908139879, 7035333.661019499413669 ], [ 256941.106770908139879, 7035358.676972448825836 ], [ 256936.103580318187596, 7035358.676972448825836 ], [ 256936.103580318187596, 7035368.683353628963232 ], [ 256931.100389728264417, 7035368.683353628963232 ], [ 256931.100389728264417, 7035373.68654421903193 ], [ 256926.097199138312135, 7035373.68654421903193 ], [ 256926.097199138312135, 7035383.692925399169326 ], [ 256921.094008548359852, 7035383.692925399169326 ], [ 256921.094008548359852, 7035433.72483129799366 ], [ 256926.097199138312135, 7035433.72483129799366 ], [ 256926.097199138312135, 7035448.734403068199754 ], [ 256931.100389728264417, 7035448.734403068199754 ], [ 256931.100389728264417, 7035453.737593658268452 ], [ 256926.097199138312135, 7035453.737593658268452 ], [ 256926.097199138312135, 7035463.743974838405848 ], [ 256921.094008548359852, 7035463.743974838405848 ], [ 256921.094008548359852, 7035473.750356017611921 ], [ 256916.09081795840757, 7035473.750356017611921 ], [ 256916.09081795840757, 7035478.753546607680619 ], [ 256911.087627368455287, 7035478.753546607680619 ], [ 256911.087627368455287, 7035483.756737197749317 ], [ 256906.084436778503004, 7035483.756737197749317 ], [ 256906.084436778503004, 7035488.759927787818015 ], [ 256901.081246188579826, 7035488.759927787818015 ], [ 256901.081246188579826, 7035498.76630896795541 ], [ 256896.078055598627543, 7035498.76630896795541 ], [ 256896.078055598627543, 7035508.772690148092806 ], [ 256340.72390011450625, 7035508.772690148092806 ], [ 256340.72390011450625, 7035488.759927787818015 ], [ 256345.727090704458533, 7035488.759927787818015 ], [ 256345.727090704458533, 7035478.753546607680619 ], [ 256350.730281294410815, 7035478.753546607680619 ], [ 256350.730281294410815, 7035473.750356017611921 ], [ 256360.736662474286277, 7035473.750356017611921 ], [ 256360.736662474286277, 7035468.747165428474545 ], [ 256365.739853064238559, 7035468.747165428474545 ], [ 256365.739853064238559, 7035463.743974838405848 ], [ 256370.743043654190842, 7035463.743974838405848 ], [ 256370.743043654190842, 7035458.74078424833715 ], [ 256380.749424834095407, 7035458.74078424833715 ], [ 256380.749424834095407, 7035453.737593658268452 ], [ 256385.752615424018586, 7035453.737593658268452 ], [ 256385.752615424018586, 7035448.734403068199754 ], [ 256390.755806013970869, 7035448.734403068199754 ], [ 256390.755806013970869, 7035443.731212478131056 ], [ 256405.765377783827716, 7035443.731212478131056 ], [ 256405.765377783827716, 7035438.728021888062358 ], [ 256415.771758963703178, 7035438.728021888062358 ], [ 256415.771758963703178, 7035433.72483129799366 ], [ 256420.77494955365546, 7035433.72483129799366 ], [ 256420.77494955365546, 7035428.721640708856285 ], [ 256425.778140143607743, 7035428.721640708856285 ], [ 256425.778140143607743, 7035423.718450118787587 ], [ 256430.781330733560026, 7035423.718450118787587 ], [ 256430.781330733560026, 7035418.715259528718889 ], [ 256440.787711913435487, 7035418.715259528718889 ], [ 256440.787711913435487, 7035413.712068938650191 ], [ 256445.79090250338777, 7035413.712068938650191 ], [ 256445.79090250338777, 7035408.708878348581493 ], [ 256450.794093093340052, 7035408.708878348581493 ], [ 256450.794093093340052, 7035403.705687758512795 ], [ 256455.797283683292335, 7035403.705687758512795 ], [ 256455.797283683292335, 7035393.699306579306722 ], [ 256460.800474273244618, 7035393.699306579306722 ], [ 256460.800474273244618, 7035383.692925399169326 ], [ 256465.803664863167796, 7035383.692925399169326 ], [ 256465.803664863167796, 7035378.689734809100628 ], [ 256470.806855453120079, 7035378.689734809100628 ], [ 256470.806855453120079, 7035373.68654421903193 ], [ 256475.810046043072361, 7035373.68654421903193 ], [ 256475.810046043072361, 7035368.683353628963232 ], [ 256485.816427222976927, 7035368.683353628963232 ], [ 256485.816427222976927, 7035363.680163038894534 ], [ 256500.825998992804671, 7035363.680163038894534 ], [ 256500.825998992804671, 7035368.683353628963232 ], [ 256520.838761352584697, 7035368.683353628963232 ], [ 256520.838761352584697, 7035363.680163038894534 ], [ 256525.84195194253698, 7035363.680163038894534 ], [ 256525.84195194253698, 7035358.676972448825836 ], [ 256530.845142532489263, 7035358.676972448825836 ], [ 256530.845142532489263, 7035353.673781859688461 ], [ 256535.848333122441545, 7035353.673781859688461 ], [ 256535.848333122441545, 7035348.670591269619763 ], [ 256545.85471430234611, 7035348.670591269619763 ], [ 256545.85471430234611, 7035343.667400679551065 ], [ 256550.857904892269289, 7035343.667400679551065 ], [ 256550.857904892269289, 7035338.664210089482367 ], [ 256555.861095482221572, 7035338.664210089482367 ], [ 256555.861095482221572, 7035333.661019499413669 ], [ 256560.864286072173854, 7035333.661019499413669 ], [ 256560.864286072173854, 7035328.657828909344971 ], [ 256565.867476662126137, 7035328.657828909344971 ], [ 256565.867476662126137, 7035323.654638319276273 ], [ 256570.87066725207842, 7035323.654638319276273 ], [ 256570.87066725207842, 7035318.651447729207575 ], [ 256575.873857842001598, 7035318.651447729207575 ], [ 256575.873857842001598, 7035313.6482571400702 ], [ 256580.877048431953881, 7035313.6482571400702 ], [ 256580.877048431953881, 7035308.645066550001502 ], [ 256585.880239021906164, 7035308.645066550001502 ], [ 256585.880239021906164, 7035303.641875959932804 ], [ 256590.883429611858446, 7035303.641875959932804 ], [ 256590.883429611858446, 7035298.638685369864106 ], [ 256595.886620201810729, 7035298.638685369864106 ], [ 256595.886620201810729, 7035293.635494779795408 ], [ 256600.889810791763011, 7035293.635494779795408 ], [ 256600.889810791763011, 7035278.625923010520637 ], [ 256605.89300138168619, 7035278.625923010520637 ], [ 256605.89300138168619, 7035268.619541830383241 ], [ 256610.896191971638473, 7035268.619541830383241 ], [ 256610.896191971638473, 7035248.606779470108449 ], [ 256600.889810791763011, 7035248.606779470108449 ], [ 256600.889810791763011, 7035243.603588880039752 ], [ 256580.877048431953881, 7035243.603588880039752 ], [ 256580.877048431953881, 7035248.606779470108449 ], [ 256570.87066725207842, 7035248.606779470108449 ], [ 256570.87066725207842, 7035253.609970060177147 ], [ 256565.867476662126137, 7035253.609970060177147 ], [ 256565.867476662126137, 7035258.613160650245845 ], [ 256560.864286072173854, 7035258.613160650245845 ], [ 256560.864286072173854, 7035263.616351240314543 ], [ 256555.861095482221572, 7035263.616351240314543 ], [ 256555.861095482221572, 7035268.619541830383241 ], [ 256545.85471430234611, 7035268.619541830383241 ], [ 256545.85471430234611, 7035273.622732420451939 ], [ 256530.845142532489263, 7035273.622732420451939 ], [ 256530.845142532489263, 7035278.625923010520637 ], [ 256510.832380172709236, 7035278.625923010520637 ], [ 256510.832380172709236, 7035283.629113599658012 ], [ 256465.803664863167796, 7035283.629113599658012 ], [ 256465.803664863167796, 7035278.625923010520637 ], [ 256455.797283683292335, 7035278.625923010520637 ], [ 256455.797283683292335, 7035273.622732420451939 ], [ 256450.794093093340052, 7035273.622732420451939 ], [ 256450.794093093340052, 7035268.619541830383241 ], [ 256440.787711913435487, 7035268.619541830383241 ], [ 256440.787711913435487, 7035263.616351240314543 ], [ 256430.781330733560026, 7035263.616351240314543 ], [ 256430.781330733560026, 7035258.613160650245845 ], [ 256420.77494955365546, 7035258.613160650245845 ], [ 256420.77494955365546, 7035253.609970060177147 ], [ 256415.771758963703178, 7035253.609970060177147 ], [ 256415.771758963703178, 7035248.606779470108449 ], [ 256410.768568373750895, 7035248.606779470108449 ], [ 256410.768568373750895, 7035243.603588880039752 ], [ 256395.758996603923151, 7035243.603588880039752 ], [ 256395.758996603923151, 7035238.600398290902376 ], [ 256380.749424834095407, 7035238.600398290902376 ], [ 256380.749424834095407, 7035233.597207700833678 ], [ 256350.730281294410815, 7035233.597207700833678 ], [ 256350.730281294410815, 7035248.606779470108449 ], [ 256345.727090704458533, 7035248.606779470108449 ], [ 256345.727090704458533, 7035258.613160650245845 ], [ 256330.717518934601685, 7035258.613160650245845 ], [ 256330.717518934601685, 7035263.616351240314543 ], [ 256320.711137754726224, 7035263.616351240314543 ], [ 256320.711137754726224, 7035273.622732420451939 ], [ 256315.707947164773941, 7035273.622732420451939 ], [ 256315.707947164773941, 7035298.638685369864106 ], [ 256340.72390011450625, 7035298.638685369864106 ], [ 256340.72390011450625, 7035303.641875959932804 ], [ 256345.727090704458533, 7035303.641875959932804 ], [ 256345.727090704458533, 7035308.645066550001502 ], [ 256350.730281294410815, 7035308.645066550001502 ], [ 256350.730281294410815, 7035313.6482571400702 ], [ 256355.733471884333994, 7035313.6482571400702 ], [ 256355.733471884333994, 7035318.651447729207575 ], [ 256360.736662474286277, 7035318.651447729207575 ], [ 256360.736662474286277, 7035323.654638319276273 ], [ 256370.743043654190842, 7035323.654638319276273 ], [ 256370.743043654190842, 7035333.661019499413669 ], [ 256365.739853064238559, 7035333.661019499413669 ], [ 256365.739853064238559, 7035338.664210089482367 ], [ 256360.736662474286277, 7035338.664210089482367 ], [ 256360.736662474286277, 7035343.667400679551065 ], [ 256355.733471884333994, 7035343.667400679551065 ], [ 256355.733471884333994, 7035348.670591269619763 ], [ 256350.730281294410815, 7035348.670591269619763 ], [ 256350.730281294410815, 7035358.676972448825836 ], [ 256355.733471884333994, 7035358.676972448825836 ], [ 256355.733471884333994, 7035363.680163038894534 ], [ 256360.736662474286277, 7035363.680163038894534 ], [ 256360.736662474286277, 7035368.683353628963232 ], [ 256370.743043654190842, 7035368.683353628963232 ], [ 256370.743043654190842, 7035373.68654421903193 ], [ 256380.749424834095407, 7035373.68654421903193 ], [ 256380.749424834095407, 7035378.689734809100628 ], [ 256390.755806013970869, 7035378.689734809100628 ], [ 256390.755806013970869, 7035383.692925399169326 ], [ 256395.758996603923151, 7035383.692925399169326 ], [ 256395.758996603923151, 7035388.696115989238024 ], [ 256405.765377783827716, 7035388.696115989238024 ], [ 256405.765377783827716, 7035403.705687758512795 ], [ 256370.743043654190842, 7035403.705687758512795 ], [ 256370.743043654190842, 7035408.708878348581493 ], [ 256335.720709524553968, 7035408.708878348581493 ], [ 256335.720709524553968, 7035413.712068938650191 ], [ 256320.711137754726224, 7035413.712068938650191 ], [ 256320.711137754726224, 7035418.715259528718889 ], [ 256315.707947164773941, 7035418.715259528718889 ], [ 256315.707947164773941, 7035423.718450118787587 ], [ 256305.701565984869376, 7035423.718450118787587 ], [ 256305.701565984869376, 7035428.721640708856285 ], [ 256295.695184804993914, 7035428.721640708856285 ], [ 256295.695184804993914, 7035433.72483129799366 ], [ 256290.691994215041632, 7035433.72483129799366 ], [ 256290.691994215041632, 7035438.728021888062358 ], [ 256285.688803625089349, 7035438.728021888062358 ], [ 256285.688803625089349, 7035448.734403068199754 ], [ 256280.685613035137067, 7035448.734403068199754 ], [ 256280.685613035137067, 7035453.737593658268452 ], [ 256275.682422445184784, 7035453.737593658268452 ], [ 256275.682422445184784, 7035458.74078424833715 ], [ 256265.676041265309323, 7035458.74078424833715 ], [ 256265.676041265309323, 7035463.743974838405848 ], [ 256260.67285067535704, 7035463.743974838405848 ], [ 256260.67285067535704, 7035468.747165428474545 ], [ 256250.666469495452475, 7035468.747165428474545 ], [ 256250.666469495452475, 7035473.750356017611921 ], [ 256235.656897725624731, 7035473.750356017611921 ], [ 256235.656897725624731, 7035478.753546607680619 ], [ 256225.650516545720166, 7035478.753546607680619 ], [ 256225.650516545720166, 7035483.756737197749317 ], [ 256210.640944775892422, 7035483.756737197749317 ], [ 256210.640944775892422, 7035488.759927787818015 ], [ 256195.631373006035574, 7035488.759927787818015 ], [ 256195.631373006035574, 7035493.763118377886713 ], [ 256145.599467106570955, 7035493.763118377886713 ], [ 256145.599467106570955, 7035508.772690148092806 ], [ 256120.583514156838646, 7035508.772690148092806 ] ], [ [ 256886.071674418722978, 7035393.699306579306722 ], [ 256891.07486500867526, 7035393.699306579306722 ], [ 256891.07486500867526, 7035388.696115989238024 ], [ 256886.071674418722978, 7035388.696115989238024 ], [ 256886.071674418722978, 7035393.699306579306722 ] ], [ [ 256891.07486500867526, 7035373.68654421903193 ], [ 256896.078055598627543, 7035373.68654421903193 ], [ 256896.078055598627543, 7035363.680163038894534 ], [ 256901.081246188579826, 7035363.680163038894534 ], [ 256901.081246188579826, 7035328.657828909344971 ], [ 256906.084436778503004, 7035328.657828909344971 ], [ 256906.084436778503004, 7035323.654638319276273 ], [ 256911.087627368455287, 7035323.654638319276273 ], [ 256911.087627368455287, 7035318.651447729207575 ], [ 256916.09081795840757, 7035318.651447729207575 ], [ 256916.09081795840757, 7035308.645066550001502 ], [ 256911.087627368455287, 7035308.645066550001502 ], [ 256911.087627368455287, 7035303.641875959932804 ], [ 256906.084436778503004, 7035303.641875959932804 ], [ 256906.084436778503004, 7035308.645066550001502 ], [ 256876.065293238847516, 7035308.645066550001502 ], [ 256876.065293238847516, 7035313.6482571400702 ], [ 256891.07486500867526, 7035313.6482571400702 ], [ 256891.07486500867526, 7035318.651447729207575 ], [ 256896.078055598627543, 7035318.651447729207575 ], [ 256896.078055598627543, 7035333.661019499413669 ], [ 256891.07486500867526, 7035333.661019499413669 ], [ 256891.07486500867526, 7035343.667400679551065 ], [ 256896.078055598627543, 7035343.667400679551065 ], [ 256896.078055598627543, 7035353.673781859688461 ], [ 256891.07486500867526, 7035353.673781859688461 ], [ 256891.07486500867526, 7035373.68654421903193 ] ] ] } },
{ "type": "Feature", "properties": { "id": 15, "slope": 1 }, "geometry": { "type": "Polygon", "coordinates": [ [ [ 258692.22347738960525, 7034798.319626375101507 ], [ 258692.22347738960525, 7034493.125000388361514 ], [ 258712.236239749385277, 7034493.125000388361514 ], [ 258712.236239749385277, 7034488.121809798292816 ], [ 258697.226667979528429, 7034488.121809798292816 ], [ 258697.226667979528429, 7034483.118619208224118 ], [ 258692.22347738960525, 7034483.118619208224118 ], [ 258692.22347738960525, 7034242.965470891445875 ], [ 258942.383006886928342, 7034242.965470891445875 ], [ 258942.383006886928342, 7034247.968661480583251 ], [ 258947.386197476880625, 7034247.968661480583251 ], [ 258947.386197476880625, 7034262.978233250789344 ], [ 258942.383006886928342, 7034262.978233250789344 ], [ 258942.383006886928342, 7034272.98461443092674 ], [ 258947.386197476880625, 7034272.98461443092674 ], [ 258947.386197476880625, 7034303.003757970407605 ], [ 258957.39257865678519, 7034303.003757970407605 ], [ 258957.39257865678519, 7034298.000567380338907 ], [ 258977.405341016565217, 7034298.000567380338907 ], [ 258977.405341016565217, 7034303.003757970407605 ], [ 258982.408531606517499, 7034303.003757970407605 ], [ 258982.408531606517499, 7034308.006948560476303 ], [ 258987.411722196469782, 7034308.006948560476303 ], [ 258987.411722196469782, 7034318.013329740613699 ], [ 258992.414912786422065, 7034318.013329740613699 ], [ 258992.414912786422065, 7034323.016520330682397 ], [ 258997.418103376345243, 7034323.016520330682397 ], [ 258997.418103376345243, 7034333.02290150988847 ], [ 258992.414912786422065, 7034333.02290150988847 ], [ 258992.414912786422065, 7034338.026092099957168 ], [ 258987.411722196469782, 7034338.026092099957168 ], [ 258987.411722196469782, 7034348.032473280094564 ], [ 258997.418103376345243, 7034348.032473280094564 ], [ 258997.418103376345243, 7034343.029282690025866 ], [ 259022.434056326106656, 7034343.029282690025866 ], [ 259022.434056326106656, 7034368.045235639438033 ], [ 259027.437246916029835, 7034368.045235639438033 ], [ 259027.437246916029835, 7034383.054807409644127 ], [ 259032.440437505982118, 7034383.054807409644127 ], [ 259032.440437505982118, 7034393.061188589781523 ], [ 259037.4436280959344, 7034393.061188589781523 ], [ 259037.4436280959344, 7034403.067569768987596 ], [ 259042.446818685886683, 7034403.067569768987596 ], [ 259042.446818685886683, 7034413.073950949124992 ], [ 259032.440437505982118, 7034413.073950949124992 ], [ 259032.440437505982118, 7034418.07714153919369 ], [ 259027.437246916029835, 7034418.07714153919369 ], [ 259027.437246916029835, 7034428.083522719331086 ], [ 259022.434056326106656, 7034428.083522719331086 ], [ 259022.434056326106656, 7034433.086713309399784 ], [ 259017.430865736154374, 7034433.086713309399784 ], [ 259017.430865736154374, 7034443.093094488605857 ], [ 259012.427675146202091, 7034443.093094488605857 ], [ 259012.427675146202091, 7034448.096285078674555 ], [ 259002.421293966297526, 7034448.096285078674555 ], [ 259002.421293966297526, 7034453.099475668743253 ], [ 259007.424484556249809, 7034453.099475668743253 ], [ 259007.424484556249809, 7034458.102666258811951 ], [ 259012.427675146202091, 7034458.102666258811951 ], [ 259012.427675146202091, 7034463.105856848880649 ], [ 259017.430865736154374, 7034463.105856848880649 ], [ 259017.430865736154374, 7034468.109047438949347 ], [ 259022.434056326106656, 7034468.109047438949347 ], [ 259022.434056326106656, 7034473.112238029018044 ], [ 259027.437246916029835, 7034473.112238029018044 ], [ 259027.437246916029835, 7034478.11542861815542 ], [ 259032.440437505982118, 7034478.11542861815542 ], [ 259032.440437505982118, 7034473.112238029018044 ], [ 259037.4436280959344, 7034473.112238029018044 ], [ 259037.4436280959344, 7034468.109047438949347 ], [ 259047.450009275838966, 7034468.109047438949347 ], [ 259047.450009275838966, 7034463.105856848880649 ], [ 259062.45958104566671, 7034463.105856848880649 ], [ 259062.45958104566671, 7034458.102666258811951 ], [ 259077.469152815523557, 7034458.102666258811951 ], [ 259077.469152815523557, 7034453.099475668743253 ], [ 259087.475533995399019, 7034453.099475668743253 ], [ 259087.475533995399019, 7034448.096285078674555 ], [ 259092.478724585351301, 7034448.096285078674555 ], [ 259092.478724585351301, 7034453.099475668743253 ], [ 259117.494677535083611, 7034453.099475668743253 ], [ 259117.494677535083611, 7034463.105856848880649 ], [ 259122.497868125035893, 7034463.105856848880649 ], [ 259122.497868125035893, 7034468.109047438949347 ], [ 259132.504249304911355, 7034468.109047438949347 ], [ 259132.504249304911355, 7034488.121809798292816 ], [ 259137.507439894863637, 7034488.121809798292816 ], [ 259137.507439894863637, 7034503.131381568498909 ], [ 259142.51063048481592, 7034503.131381568498909 ], [ 259142.51063048481592, 7034513.137762748636305 ], [ 259147.513821074768202, 7034513.137762748636305 ], [ 259147.513821074768202, 7034498.128190978430212 ], [ 259152.517011664720485, 7034498.128190978430212 ], [ 259152.517011664720485, 7034488.121809798292816 ], [ 259157.520202254672768, 7034488.121809798292816 ], [ 259157.520202254672768, 7034483.118619208224118 ], [ 259182.536155204405077, 7034483.118619208224118 ], [ 259182.536155204405077, 7034488.121809798292816 ], [ 259207.552108154137386, 7034488.121809798292816 ], [ 259207.552108154137386, 7034493.125000388361514 ], [ 259217.558489334012847, 7034493.125000388361514 ], [ 259217.558489334012847, 7034488.121809798292816 ], [ 259227.564870513917413, 7034488.121809798292816 ], [ 259227.564870513917413, 7034478.11542861815542 ], [ 259217.558489334012847, 7034478.11542861815542 ], [ 259217.558489334012847, 7034473.112238029018044 ], [ 259202.548917564185103, 7034473.112238029018044 ], [ 259202.548917564185103, 7034478.11542861815542 ], [ 259187.539345794328256, 7034478.11542861815542 ], [ 259187.539345794328256, 7034473.112238029018044 ], [ 259177.532964614452794, 7034473.112238029018044 ], [ 259177.532964614452794, 7034468.109047438949347 ], [ 259172.529774024500512, 7034468.109047438949347 ], [ 259172.529774024500512, 7034463.105856848880649 ], [ 259162.523392844595946, 7034463.105856848880649 ], [ 259162.523392844595946, 7034458.102666258811951 ], [ 259157.520202254672768, 7034458.102666258811951 ], [ 259157.520202254672768, 7034453.099475668743253 ], [ 259152.517011664720485, 7034453.099475668743253 ], [ 259152.517011664720485, 7034443.093094488605857 ], [ 259147.513821074768202, 7034443.093094488605857 ], [ 259147.513821074768202, 7034438.089903898537159 ], [ 259142.51063048481592, 7034438.089903898537159 ], [ 259142.51063048481592, 7034408.070760359056294 ], [ 259147.513821074768202, 7034408.070760359056294 ], [ 259147.513821074768202, 7034403.067569768987596 ], [ 259152.517011664720485, 7034403.067569768987596 ], [ 259152.517011664720485, 7034393.061188589781523 ], [ 259157.520202254672768, 7034393.061188589781523 ], [ 259157.520202254672768, 7034388.057997999712825 ], [ 259162.523392844595946, 7034388.057997999712825 ], [ 259162.523392844595946, 7034378.051616819575429 ], [ 259167.526583434548229, 7034378.051616819575429 ], [ 259167.526583434548229, 7034368.045235639438033 ], [ 259172.529774024500512, 7034368.045235639438033 ], [ 259172.529774024500512, 7034358.03885446023196 ], [ 259177.532964614452794, 7034358.03885446023196 ], [ 259177.532964614452794, 7034348.032473280094564 ], [ 259182.536155204405077, 7034348.032473280094564 ], [ 259182.536155204405077, 7034338.026092099957168 ], [ 259187.539345794328256, 7034338.026092099957168 ], [ 259187.539345794328256, 7034333.02290150988847 ], [ 259197.545726974232821, 7034333.02290150988847 ], [ 259197.545726974232821, 7034318.013329740613699 ], [ 259202.548917564185103, 7034318.013329740613699 ], [ 259202.548917564185103, 7034308.006948560476303 ], [ 259207.552108154137386, 7034308.006948560476303 ], [ 259207.552108154137386, 7034298.000567380338907 ], [ 259212.555298744089669, 7034298.000567380338907 ], [ 259212.555298744089669, 7034287.994186200201511 ], [ 259217.558489334012847, 7034287.994186200201511 ], [ 259217.558489334012847, 7034282.990995611064136 ], [ 259222.56167992396513, 7034282.990995611064136 ], [ 259222.56167992396513, 7034267.981423840858042 ], [ 259217.558489334012847, 7034267.981423840858042 ], [ 259217.558489334012847, 7034262.978233250789344 ], [ 259212.555298744089669, 7034262.978233250789344 ], [ 259212.555298744089669, 7034252.971852070651948 ], [ 259207.552108154137386, 7034252.971852070651948 ], [ 259207.552108154137386, 7034242.965470891445875 ], [ 259232.568061103869695, 7034242.965470891445875 ], [ 259232.568061103869695, 7034798.319626375101507 ], [ 259177.532964614452794, 7034798.319626375101507 ], [ 259177.532964614452794, 7034793.316435785032809 ], [ 259172.529774024500512, 7034793.316435785032809 ], [ 259172.529774024500512, 7034798.319626375101507 ], [ 259127.501058714988176, 7034798.319626375101507 ], [ 259127.501058714988176, 7034793.316435785032809 ], [ 259107.488296355179045, 7034793.316435785032809 ], [ 259107.488296355179045, 7034788.313245194964111 ], [ 259092.478724585351301, 7034788.313245194964111 ], [ 259092.478724585351301, 7034793.316435785032809 ], [ 259077.469152815523557, 7034793.316435785032809 ], [ 259077.469152815523557, 7034788.313245194964111 ], [ 259067.462771635618992, 7034788.313245194964111 ], [ 259067.462771635618992, 7034793.316435785032809 ], [ 259007.424484556249809, 7034793.316435785032809 ], [ 259007.424484556249809, 7034788.313245194964111 ], [ 259012.427675146202091, 7034788.313245194964111 ], [ 259012.427675146202091, 7034768.300482835620642 ], [ 259007.424484556249809, 7034768.300482835620642 ], [ 259007.424484556249809, 7034763.297292245551944 ], [ 259002.421293966297526, 7034763.297292245551944 ], [ 259002.421293966297526, 7034748.28772047534585 ], [ 258997.418103376345243, 7034748.28772047534585 ], [ 258997.418103376345243, 7034723.271767525933683 ], [ 258992.414912786422065, 7034723.271767525933683 ], [ 258992.414912786422065, 7034718.268576935864985 ], [ 258987.411722196469782, 7034718.268576935864985 ], [ 258987.411722196469782, 7034708.262195755727589 ], [ 258982.408531606517499, 7034708.262195755727589 ], [ 258982.408531606517499, 7034698.255814576521516 ], [ 258977.405341016565217, 7034698.255814576521516 ], [ 258977.405341016565217, 7034683.246242806315422 ], [ 258972.402150426612934, 7034683.246242806315422 ], [ 258972.402150426612934, 7034678.243052216246724 ], [ 258977.405341016565217, 7034678.243052216246724 ], [ 258977.405341016565217, 7034668.236671036109328 ], [ 258972.402150426612934, 7034668.236671036109328 ], [ 258972.402150426612934, 7034648.223908676765859 ], [ 258977.405341016565217, 7034648.223908676765859 ], [ 258977.405341016565217, 7034623.207955727353692 ], [ 258982.408531606517499, 7034623.207955727353692 ], [ 258982.408531606517499, 7034613.201574547216296 ], [ 258987.411722196469782, 7034613.201574547216296 ], [ 258987.411722196469782, 7034608.198383957147598 ], [ 258982.408531606517499, 7034608.198383957147598 ], [ 258982.408531606517499, 7034603.1951933670789 ], [ 258977.405341016565217, 7034603.1951933670789 ], [ 258977.405341016565217, 7034608.198383957147598 ], [ 258972.402150426612934, 7034608.198383957147598 ], [ 258972.402150426612934, 7034613.201574547216296 ], [ 258967.398959836689755, 7034613.201574547216296 ], [ 258967.398959836689755, 7034618.204765137284994 ], [ 258962.395769246737473, 7034618.204765137284994 ], [ 258962.395769246737473, 7034623.207955727353692 ], [ 258957.39257865678519, 7034623.207955727353692 ], [ 258957.39257865678519, 7034638.217527496628463 ], [ 258952.389388066832907, 7034638.217527496628463 ], [ 258952.389388066832907, 7034643.220718086697161 ], [ 258947.386197476880625, 7034643.220718086697161 ], [ 258947.386197476880625, 7034658.230289856903255 ], [ 258942.383006886928342, 7034658.230289856903255 ], [ 258942.383006886928342, 7034668.236671036109328 ], [ 258937.379816297005164, 7034668.236671036109328 ], [ 258937.379816297005164, 7034678.243052216246724 ], [ 258942.383006886928342, 7034678.243052216246724 ], [ 258942.383006886928342, 7034703.259005166590214 ], [ 258947.386197476880625, 7034703.259005166590214 ], [ 258947.386197476880625, 7034713.265386345796287 ], [ 258952.389388066832907, 7034713.265386345796287 ], [ 258952.389388066832907, 7034723.271767525933683 ], [ 258957.39257865678519, 7034723.271767525933683 ], [ 258957.39257865678519, 7034728.274958116002381 ], [ 258962.395769246737473, 7034728.274958116002381 ], [ 258962.395769246737473, 7034768.300482835620642 ], [ 258942.383006886928342, 7034768.300482835620642 ], [ 258942.383006886928342, 7034773.30367342568934 ], [ 258927.373435117100598, 7034773.30367342568934 ], [ 258927.373435117100598, 7034778.306864015758038 ], [ 258917.367053937196033, 7034778.306864015758038 ], [ 258917.367053937196033, 7034783.310054604895413 ], [ 258907.360672757320572, 7034783.310054604895413 ], [ 258907.360672757320572, 7034788.313245194964111 ], [ 258902.357482167368289, 7034788.313245194964111 ], [ 258902.357482167368289, 7034793.316435785032809 ], [ 258897.354291577416006, 7034793.316435785032809 ], [ 258897.354291577416006, 7034798.319626375101507 ], [ 258797.29047977848677, 7034798.319626375101507 ], [ 258797.29047977848677, 7034783.310054604895413 ], [ 258792.287289188534487, 7034783.310054604895413 ], [ 258792.287289188534487, 7034778.306864015758038 ], [ 258787.284098598582204, 7034778.306864015758038 ], [ 258787.284098598582204, 7034773.30367342568934 ], [ 258782.280908008629922, 7034773.30367342568934 ], [ 258782.280908008629922, 7034778.306864015758038 ], [ 258777.277717418677639, 7034778.306864015758038 ], [ 258777.277717418677639, 7034783.310054604895413 ], [ 258767.271336238802178, 7034783.310054604895413 ], [ 258767.271336238802178, 7034788.313245194964111 ], [ 258762.268145648849895, 7034788.313245194964111 ], [ 258762.268145648849895, 7034793.316435785032809 ], [ 258752.26176446894533, 7034793.316435785032809 ], [ 258752.26176446894533, 7034798.319626375101507 ], [ 258692.22347738960525, 7034798.319626375101507 ] ] ] } }
]
}
