{
"type": "FeatureCollection",
"name": "terrain_criteria_analysis",
"crs": { "type": "name", "properties": { "name": "urn:ogc:def:crs:EPSG::25833" } },
"features": [
{ "type": "Feature", "properties": { "slope": 1 }, "geometry": { "type": "Polygon", "coordinates": [ [ [ 256385.752615424018586, 7034533.150525107979774 ], [ 256385.752615424018586, 7034528.147334517911077 ], [ 256380.749424834095407, 7034528.147334517911077 ], [ 256380.749424834095407, 7034533.150525107979774 ], [ 256385.752615424018586, 7034533.150525107979774 ] ] ] } },
{ "type": "Feature", "properties": { "slope": 3 }, "geometry": { "type": "Polygon", "coordinates": [ [ [ 256455.797283683292335, 7034598.192002777010202 ], [ 256455.797283683292335, 7034593.188812186941504 ], [ 256465.803664863167796, 7034593.188812186941504 ], [ 256465.803664863167796, 7034583.182431007735431 ], [ 256490.819617812929209, 7034583.182431007735431 ], [ 256490.819617812929209, 7034578.179240417666733 ], [ 256500.825998992804671, 7034578.179240417666733 ], [ 256500.825998992804671, 7034573.176049827598035 ], [ 256505.829189582756953, 7034573.176049827598035 ], [ 256505.829189582756953, 7034568.172859237529337 ], [ 256510.832380172709236, 7034568.172859237529337 ], [ 256510.832380172709236, 7034563.169668647460639 ], [ 256515.835570762661519, 7034563.169668647460639 ], [ 256515.835570762661519, 7034558.166478057391942 ], [ 256520.838761352584697, 7034558.166478057391942 ], [ 256520.838761352584697, 7034548.160096878185868 ], [ 256525.84195194253698, 7034548.160096878185868 ], [ 256525.84195194253698, 7034538.153715698048472 ], [ 256520.838761352584697, 7034538.153715698048472 ], [ 256520.838761352584697, 7034533.150525107979774 ], [ 256510.832380172709236, 7034533.150525107979774 ], [ 256510.832380172709236, 7034528.147334517911077 ], [ 256505.829189582756953, 7034528.147334517911077 ], [ 256505.829189582756953, 7034523.144143927842379 ], [ 256490.819617812929209, 7034523.144143927842379 ], [ 256490.819617812929209, 7034518.140953337773681 ], [ 256475.810046043072361, 7034518.140953337773681 ], [ 256475.810046043072361, 7034513.137762748636305 ], [ 256445.79090250338777, 7034513.137762748636305 ], [ 256445.79090250338777, 7034518.140953337773681 ], [ 256435.784521323512308, 7034518.140953337773681 ], [ 256435.784521323512308, 7034523.144143927842379 ], [ 256430.781330733560026, 7034523.144143927842379 ], [ 256430.781330733560026, 7034528.147334517911077 ], [ 256425.778140143607743, 7034528.147334517911077 ], [ 256425.778140143607743, 7034533.150525107979774 ], [ 256420.77494955365546, 7034533.150525107979774 ], [ 256420.77494955365546, 7034548.160096878185868 ], [ 256425.778140143607743, 7034548.160096878185868 ], [ 256425.778140143607743, 7034553.163287467323244 ], [ 256435.784521323512308, 7034553.163287467323244 ], [ 256435.784521323512308, 7034548.160096878185868 ], [ 256455.797283683292335, 7034548.160096878185868 ], [ 256455.797283683292335, 7034553.163287467323244 ], [ 256450.794093093340052, 7034553.163287467323244 ], [ 256450.794093093340052, 7034558.166478057391942 ], [ 256455.797283683292335, 7034558.166478057391942 ], [ 256455.797283683292335, 7034573.176049827598035 ], [ 256460.800474273244618, 7034573.176049827598035 ], [ 256460.800474273244618, 7034578.179240417666733 ], [ 256440.787711913435487, 7034578.179240417666733 ], [ 256440.787711913435487, 7034583.182431007735431 ], [ 256425.778140143607743, 7034583.182431007735431 ], [ 256425.778140143607743, 7034588.185621597804129 ], [ 256420.77494955365546, 7034588.185621597804129 ], [ 256420.77494955365546, 7034593.188812186941504 ], [ 256425.778140143607743, 7034593.188812186941504 ], [ 256425.778140143607743, 7034598.192002777010202 ], [ 256455.797283683292335, 7034598.192002777010202 ] ] ] } },
{ "type": "Feature", "properties": { "slope": 1 }, "geometry": { "type": "Polygon", "coordinates": [ [ [ 256415.771758963703178, 7034568.172859237529337 ], [ 256415.771758963703178, 7034563.169668647460639 ], [ 256410.768568373750895, 7034563.169668647460639 ], [ 256410.768568373750895, 7034568.172859237529337 ], [ 256415.771758963703178, 7034568.172859237529337 ] ] ] } },
{ "type": "Feature", "properties": { "slope": 1 }, "geometry": { "type": "Polygon", "coordinates": [ [ [ 256415.771758963703178, 7034578.179240417666733 ], [ 256415.771758963703178, 7034573.176049827598035 ], [ 256410.768568373750895, 7034573.176049827598035 ], [ 256410.768568373750895, 7034578.179240417666733 ], [ 256415.771758963703178, 7034578.179240417666733 ] ] ] } },
{ "type": "Feature", "properties": { "slope": 2 }, "geometry": { "type": "Polygon", "coordinates": [ [ [ 256425.778140143607743, 7034598.192002777010202 ], [ 256425.778140143607743, 7034593.188812186941504 ], [ 256420.77494955365546, 7034593.188812186941504 ], [ 256420.77494955365546, 7034598.192002777010202 ], [ 256425.778140143607743, 7034598.192002777010202 ] ] ] } },
{ "type": "Feature", "properties": { "slope": 3 }, "geometry": { "type": "Polygon", "coordinates": [ [ [ 256455.797283683292335, 7034643.220718086697161 ], [ 256455.797283683292335, 7034638.217527496628463 ], [ 256465.803664863167796, 7034638.217527496628463 ], [ 256465.803664863167796, 7034633.214336906559765 ], [ 256475.810046043072361, 7034633.214336906559765 ], [ 256475.810046043072361, 7034628.21114631742239 ], [ 256480.813236633024644, 7034628.21114631742239 ], [ 256480.813236633024644, 7034618.204765137284994 ], [ 256450.794093093340052, 7034618.204765137284994 ], [ 256450.794093093340052, 7034623.207955727353692 ], [ 256440.787711913435487, 7034623.207955727353692 ], [ 256440.787711913435487, 7034628.21114631742239 ], [ 256435.784521323512308, 7034628.21114631742239 ], [ 256435.784521323512308, 7034638.217527496628463 ], [ 256445.79090250338777, 7034638.217527496628463 ], [ 256445.79090250338777, 7034643.220718086697161 ], [ 256455.797283683292335, 7034643.220718086697161 ] ] ] } },
{ "type": "Feature", "properties": { "slope": 2 }, "geometry": { "type": "Polygon", "coordinates": [ [ [ 256445.79090250338777, 7034643.220718086697161 ], [ 256445.79090250338777, 7034638.217527496628463 ], [ 256440.787711913435487, 7034638.217527496628463 ], [ 256440.787711913435487, 7034643.220718086697161 ], [ 256445.79090250338777, 7034643.220718086697161 ] ] ] } },
{ "type": "Feature", "properties": { "slope": 1 }, "geometry": { "type": "Polygon", "coordinates": [ [ [ 256510.832380172709236, 7034643.220718086697161 ], [ 256510.832380172709236, 7034638.217527496628463 ], [ 256505.829189582756953, 7034638.217527496628463 ], [ 256505.829189582756953, 7034643.220718086697161 ], [ 256510.832380172709236, 7034643.220718086697161 ] ] ] } },
{ "type": "Feature", "properties": { "slope": 1 }, "geometry": { "type": "Polygon", "coordinates": [ [ [ 256530.845142532489263, 7034648.223908676765859 ], [ 256530.845142532489263, 7034643.220718086697161 ], [ 256520.838761352584697, 7034643.220718086697161 ], [ 256520.838761352584697, 7034648.223908676765859 ], [ 256530.845142532489263, 7034648.223908676765859 ] ] ] } },
{ "type": "Feature", "properties": { "slope": 1 }, "geometry": { "type": "Polygon", "coordinates": [ [ [ 256535.848333122441545, 7034653.227099266834557 ], [ 256535.848333122441545, 7034648.223908676765859 ], [ 256530.845142532489263, 7034648.223908676765859 ], [ 256530.845142532489263, 7034653.227099266834557 ], [ 256535.848333122441545, 7034653.227099266834557 ] ] ] } },
{ "type": "Feature", "properties": { "slope": 1 }, "geometry": { "type": "MultiPolygon", "coordinates": [ [ [ [ 257231.291825125081232, 7035163.552539441734552 ], [ 257231.291825125081232, 7035168.555730030871928 ], [ 257221.285443945176667, 7035168.555730030871928 ], [ 257221.285443945176667, 7035173.558920620940626 ], [ 257216.282253355224384, 7035173.558920620940626 ], [ 257216.282253355224384, 7035178.562111211009324 ], [ 257211.279062765272101, 7035178.562111211009324 ], [ 257211.279062765272101, 7035183.565301801078022 ], [ 257206.275872175348923, 7035183.565301801078022 ], [ 257206.275872175348923, 7035188.568492391146719 ], [ 257201.27268158539664, 7035188.568492391146719 ], [ 257201.27268158539664, 7035193.571682981215417 ], [ 257196.269490995444357, 7035193.571682981215417 ], [ 257196.269490995444357, 7035198.574873571284115 ], [ 257191.266300405492075, 7035198.574873571284115 ], [ 257191.266300405492075, 7035203.578064160421491 ], [ 257186.263109815539792, 7035203.578064160421491 ], [ 257186.263109815539792, 7035208.581254750490189 ], [ 257181.25991922558751, 7035208.581254750490189 ], [ 257181.25991922558751, 7035213.584445340558887 ], [ 257166.250347455759766, 7035213.584445340558887 ], [ 257166.250347455759766, 7035218.587635930627584 ], [ 257156.2439662758552, 7035218.587635930627584 ], [ 257156.2439662758552, 7035223.590826520696282 ], [ 257136.231203916075174, 7035223.590826520696282 ], [ 257136.231203916075174, 7035228.59401711076498 ], [ 257121.22163214624743, 7035228.59401711076498 ], [ 257121.22163214624743, 7035233.597207700833678 ], [ 257091.202488606562838, 7035233.597207700833678 ], [ 257091.202488606562838, 7035238.600398290902376 ], [ 257041.17058270709822, 7035238.600398290902376 ], [ 257041.17058270709822, 7035243.603588880039752 ], [ 257111.215250966342865, 7035243.603588880039752 ], [ 257111.215250966342865, 7035238.600398290902376 ], [ 257136.231203916075174, 7035238.600398290902376 ], [ 257136.231203916075174, 7035233.597207700833678 ], [ 257156.2439662758552, 7035233.597207700833678 ], [ 257156.2439662758552, 7035228.59401711076498 ], [ 257166.250347455759766, 7035228.59401711076498 ], [ 257166.250347455759766, 7035223.590826520696282 ], [ 257186.263109815539792, 7035223.590826520696282 ], [ 257186.263109815539792, 7035218.587635930627584 ], [ 257196.269490995444357, 7035218.587635930627584 ], [ 257196.269490995444357, 7035213.584445340558887 ], [ 257201.27268158539664, 7035213.584445340558887 ], [ 257201.27268158539664, 7035208.581254750490189 ], [ 257206.275872175348923, 7035208.581254750490189 ], [ 257206.275872175348923, 7035203.578064160421491 ], [ 257211.279062765272101, 7035203.578064160421491 ], [ 257211.279062765272101, 7035198.574873571284115 ], [ 257216.282253355224384, 7035198.574873571284115 ], [ 257216.282253355224384, 7035193.571682981215417 ], [ 257221.285443945176667, 7035193.571682981215417 ], [ 257221.285443945176667, 7035188.568492391146719 ], [ 257226.288634535128949, 7035188.568492391146719 ], [ 257226.288634535128949, 7035183.565301801078022 ], [ 257236.295015715004411, 7035183.565301801078022 ], [ 257236.295015715004411, 7035178.562111211009324 ], [ 257238.888982720876811, 7035178.562111211009324 ], [ 257234.92151933934656, 7035163.552539441734552 ], [ 257231.291825125081232, 7035163.552539441734552 ] ] ], [ [ [ 256480.813236633024644, 7034333.02290150988847 ], [ 256485.816427222976927, 7034333.02290150988847 ], [ 256485.816427222976927, 7034338.026092099957168 ], [ 256490.819617812929209, 7034338.026092099957168 ], [ 256490.819617812929209, 7034358.03885446023196 ], [ 256485.816427222976927, 7034358.03885446023196 ], [ 256485.816427222976927, 7034368.045235639438033 ], [ 256480.813236633024644, 7034368.045235639438033 ], [ 256480.813236633024644, 7034373.048426229506731 ], [ 256475.810046043072361, 7034373.048426229506731 ], [ 256475.810046043072361, 7034378.051616819575429 ], [ 256470.806855453120079, 7034378.051616819575429 ], [ 256470.806855453120079, 7034383.054807409644127 ], [ 256460.800474273244618, 7034383.054807409644127 ], [ 256460.800474273244618, 7034388.057997999712825 ], [ 256455.797283683292335, 7034388.057997999712825 ], [ 256455.797283683292335, 7034393.061188589781523 ], [ 256450.794093093340052, 7034393.061188589781523 ], [ 256450.794093093340052, 7034398.064379179850221 ], [ 256440.787711913435487, 7034398.064379179850221 ], [ 256440.787711913435487, 7034403.067569768987596 ], [ 256430.781330733560026, 7034403.067569768987596 ], [ 256430.781330733560026, 7034408.070760359056294 ], [ 256420.77494955365546, 7034408.070760359056294 ], [ 256420.77494955365546, 7034413.073950949124992 ], [ 256415.771758963703178, 7034413.073950949124992 ], [ 256415.771758963703178, 7034418.07714153919369 ], [ 256410.768568373750895, 7034418.07714153919369 ], [ 256410.768568373750895, 7034423.080332129262388 ], [ 256405.765377783827716, 7034423.080332129262388 ], [ 256405.765377783827716, 7034443.093094488605857 ], [ 256400.762187193875434, 7034443.093094488605857 ], [ 256400.762187193875434, 7034448.096285078674555 ], [ 256395.758996603923151, 7034448.096285078674555 ], [ 256395.758996603923151, 7034478.11542861815542 ], [ 256390.755806013970869, 7034478.11542861815542 ], [ 256390.755806013970869, 7034488.121809798292816 ], [ 256385.752615424018586, 7034488.121809798292816 ], [ 256385.752615424018586, 7034493.125000388361514 ], [ 256380.749424834095407, 7034493.125000388361514 ], [ 256380.749424834095407, 7034503.131381568498909 ], [ 256375.746234244143125, 7034503.131381568498909 ], [ 256375.746234244143125, 7034523.144143927842379 ], [ 256380.749424834095407, 7034523.144143927842379 ], [ 256380.749424834095407, 7034518.140953337773681 ], [ 256385.752615424018586, 7034518.140953337773681 ], [ 256385.752615424018586, 7034503.131381568498909 ], [ 256390.755806013970869, 7034503.131381568498909 ], [ 256390.755806013970869, 7034498.128190978430212 ], [ 256395.758996603923151, 7034498.128190978430212 ], [ 256395.758996603923151, 7034488.121809798292816 ], [ 256400.762187193875434, 7034488.121809798292816 ], [ 256400.762187193875434, 7034483.118619208224118 ], [ 256405.765377783827716, 7034483.118619208224118 ], [ 256405.765377783827716, 7034473.112238029018044 ], [ 256410.768568373750895, 7034473.112238029018044 ], [ 256410.768568373750895, 7034443.093094488605857 ], [ 256415.771758963703178, 7034443.093094488605857 ], [ 256415.771758963703178, 7034438.089903898537159 ], [ 256420.77494955365546, 7034438.089903898537159 ], [ 256420.77494955365546, 7034433.086713309399784 ], [ 256425.778140143607743, 7034433.086713309399784 ], [ 256425.778140143607743, 7034428.083522719331086 ], [ 256435.784521323512308, 7034428.083522719331086 ], [ 256435.784521323512308, 7034423.080332129262388 ], [ 256445.79090250338777, 7034423.080332129262388 ], [ 256445.79090250338777, 7034418.07714153919369 ], [ 256460.800474273244618, 7034418.07714153919369 ], [ 256460.800474273244618, 7034413.073950949124992 ], [ 256465.803664863167796, 7034413.073950949124992 ], [ 256465.803664863167796, 7034408.070760359056294 ], [ 256475.810046043072361, 7034408.070760359056294 ], [ 256475.810046043072361, 7034403.067569768987596 ], [ 256485.816427222976927, 7034403.067569768987596 ], [ 256485.816427222976927, 7034398.064379179850221 ], [ 256490.819617812929209, 7034398.064379179850221 ], [ 256490.819617812929209, 7034393.061188589781523 ], [ 256500.825998992804671, 7034393.061188589781523 ], [ 256500.825998992804671, 7034388.057997999712825 ], [ 256505.829189582756953, 7034388.057997999712825 ], [ 256505.829189582756953, 7034383.054807409644127 ], [ 256510.832380172709236, 7034383.054807409644127 ], [ 256510.832380172709236, 7034378.051616819575429 ], [ 256520.838761352584697, 7034378.051616819575429 ], [ 256520.838761352584697, 7034373.048426229506731 ], [ 256525.84195194253698, 7034373.048426229506731 ], [ 256525.84195194253698, 7034368.045235639438033 ], [ 256530.845142532489263, 7034368.045235639438033 ], [ 256530.845142532489263, 7034363.042045049369335 ], [ 256535.848333122441545, 7034363.042045049369335 ], [ 256535.848333122441545, 7034358.03885446023196 ], [ 256545.85471430234611, 7034358.03885446023196 ], [ 256545.85471430234611, 7034353.035663870163262 ], [ 256550.857904892269289, 7034353.035663870163262 ], [ 256550.857904892269289, 7034348.032473280094564 ], [ 256556.211633012804668, 7034348.032473280094564 ], [ 256555.049678772396874, 7034347.257378749549389 ], [ 256529.074663925159257, 7034333.399247465655208 ], [ 256501.866391475312412, 7034322.153843546286225 ], [ 256480.813236633024644, 7034315.785205511376262 ], [ 256480.813236633024644, 7034333.02290150988847 ] ] ] ] } },
{ "type": "Feature", "properties": { "slope": 2 }, "geometry": { "type": "Polygon", "coordinates": [ [ [ 256550.857904892269289, 7034348.032473280094564 ], [ 256550.857904892269289, 7034353.035663870163262 ], [ 256545.85471430234611, 7034353.035663870163262 ], [ 256545.85471430234611, 7034358.03885446023196 ], [ 256535.848333122441545, 7034358.03885446023196 ], [ 256535.848333122441545, 7034363.042045049369335 ], [ 256530.845142532489263, 7034363.042045049369335 ], [ 256530.845142532489263, 7034368.045235639438033 ], [ 256525.84195194253698, 7034368.045235639438033 ], [ 256525.84195194253698, 7034373.048426229506731 ], [ 256520.838761352584697, 7034373.048426229506731 ], [ 256520.838761352584697, 7034378.051616819575429 ], [ 256510.832380172709236, 7034378.051616819575429 ], [ 256510.832380172709236, 7034383.054807409644127 ], [ 256505.829189582756953, 7034383.054807409644127 ], [ 256505.829189582756953, 7034388.057997999712825 ], [ 256500.825998992804671, 7034388.057997999712825 ], [ 256500.825998992804671, 7034393.061188589781523 ], [ 256490.819617812929209, 7034393.061188589781523 ], [ 256490.819617812929209, 7034398.064379179850221 ], [ 256485.816427222976927, 7034398.064379179850221 ], [ 256485.816427222976927, 7034403.067569768987596 ], [ 256475.810046043072361, 7034403.067569768987596 ], [ 256475.810046043072361, 7034408.070760359056294 ], [ 256465.803664863167796, 7034408.070760359056294 ], [ 256465.803664863167796, 7034413.073950949124992 ], [ 256460.800474273244618, 7034413.073950949124992 ], [ 256460.800474273244618, 7034418.07714153919369 ], [ 256445.79090250338777, 7034418.07714153919369 ], [ 256445.79090250338777, 7034423.080332129262388 ], [ 256435.784521323512308, 7034423.080332129262388 ], [ 256435.784521323512308, 7034428.083522719331086 ], [ 256425.778140143607743, 7034428.083522719331086 ], [ 256425.778140143607743, 7034433.086713309399784 ], [ 256420.77494955365546, 7034433.086713309399784 ], [ 256420.77494955365546, 7034438.089903898537159 ], [ 256415.771758963703178, 7034438.089903898537159 ], [ 256415.771758963703178, 7034443.093094488605857 ], [ 256410.768568373750895, 7034443.093094488605857 ], [ 256410.768568373750895, 7034473.112238029018044 ], [ 256405.765377783827716, 7034473.112238029018044 ], [ 256405.765377783827716, 7034483.118619208224118 ], [ 256400.762187193875434, 7034483.118619208224118 ], [ 256400.762187193875434, 7034488.121809798292816 ], [ 256395.758996603923151, 7034488.121809798292816 ], [ 256395.758996603923151, 7034498.128190978430212 ], [ 256390.755806013970869, 7034498.128190978430212 ], [ 256390.755806013970869, 7034503.131381568498909 ], [ 256385.752615424018586, 7034503.131381568498909 ], [ 256385.752615424018586, 7034518.140953337773681 ], [ 256380.749424834095407, 7034518.140953337773681 ], [ 256380.749424834095407, 7034528.147334517911077 ], [ 256385.752615424018586, 7034528.147334517911077 ], [ 256385.752615424018586, 7034533.150525107979774 ], [ 256390.755806013970869, 7034533.150525107979774 ], [ 256390.755806013970869, 7034538.153715698048472 ], [ 256400.762187193875434, 7034538.153715698048472 ], [ 256400.762187193875434, 7034543.15690628811717 ], [ 256405.765377783827716, 7034543.15690628811717 ], [ 256405.765377783827716, 7034553.163287467323244 ], [ 256410.768568373750895, 7034553.163287467323244 ], [ 256410.768568373750895, 7034563.169668647460639 ], [ 256415.771758963703178, 7034563.169668647460639 ], [ 256415.771758963703178, 7034583.182431007735431 ], [ 256420.77494955365546, 7034583.182431007735431 ], [ 256420.77494955365546, 7034588.185621597804129 ], [ 256425.778140143607743, 7034588.185621597804129 ], [ 256425.778140143607743, 7034583.182431007735431 ], [ 256440.787711913435487, 7034583.182431007735431 ], [ 256440.787711913435487, 7034578.179240417666733 ], [ 256460.800474273244618, 7034578.179240417666733 ], [ 256460.800474273244618, 7034573.176049827598035 ], [ 256455.797283683292335, 7034573.176049827598035 ], [ 256455.797283683292335, 7034558.166478057391942 ], [ 256450.794093093340052, 7034558.166478057391942 ], [ 256450.794093093340052, 7034553.163287467323244 ], [ 256455.797283683292335, 7034553.163287467323244 ], [ 256455.797283683292335, 7034548.160096878185868 ], [ 256435.784521323512308, 7034548.160096878185868 ], [ 256435.784521323512308, 7034553.163287467323244 ], [ 256425.778140143607743, 7034553.163287467323244 ], [ 256425.778140143607743, 7034548.160096878185868 ], [ 256420.77494955365546, 7034548.160096878185868 ], [ 256420.77494955365546, 7034533.150525107979774 ], [ 256425.778140143607743, 7034533.150525107979774 ], [ 256425.778140143607743, 7034528.147334517911077 ], [ 256430.781330733560026, 7034528.147334517911077 ], [ 256430.781330733560026, 7034523.144143927842379 ], [ 256435.784521323512308, 7034523.144143927842379 ], [ 256435.784521323512308, 7034518.140953337773681 ], [ 256445.79090250338777, 7034518.140953337773681 ], [ 256445.79090250338777, 7034513.137762748636305 ], [ 256475.810046043072361, 7034513.137762748636305 ], [ 256475.810046043072361, 7034518.140953337773681 ], [ 256490.819617812929209, 7034518.140953337773681 ], [ 256490.819617812929209, 7034523.144143927842379 ], [ 256505.829189582756953, 7034523.144143927842379 ], [ 256505.829189582756953, 7034528.147334517911077 ], [ 256510.832380172709236, 7034528.147334517911077 ], [ 256510.832380172709236, 7034533.150525107979774 ], [ 256520.838761352584697, 7034533.150525107979774 ], [ 256520.838761352584697, 7034538.153715698048472 ], [ 256525.84195194253698, 7034538.153715698048472 ], [ 256525.84195194253698, 7034548.160096878185868 ], [ 256520.838761352584697, 7034548.160096878185868 ], [ 256520.838761352584697, 7034558.166478057391942 ], [ 256515.835570762661519, 7034558.166478057391942 ], [ 256515.835570762661519, 7034563.169668647460639 ], [ 256510.832380172709236, 7034563.169668647460639 ], [ 256510.832380172709236, 7034568.172859237529337 ], [ 256505.829189582756953, 7034568.172859237529337 ], [ 256505.829189582756953, 7034573.176049827598035 ], [ 256500.825998992804671, 7034573.176049827598035 ], [ 256500.825998992804671, 7034578.179240417666733 ], [ 256490.819617812929209, 7034578.179240417666733 ], [ 256490.819617812929209, 7034583.182431007735431 ], [ 256465.803664863167796, 7034583.182431007735431 ], [ 256465.803664863167796, 7034593.188812186941504 ], [ 256455.797283683292335, 7034593.188812186941504 ], [ 256455.797283683292335, 7034598.192002777010202 ], [ 256425.778140143607743, 7034598.192002777010202 ], [ 256425.778140143607743, 7034608.198383957147598 ], [ 256430.781330733560026, 7034608.198383957147598 ], [ 256430.781330733560026, 7034638.217527496628463 ], [ 256435.784521323512308, 7034638.217527496628463 ], [ 256435.784521323512308, 7034628.21114631742239 ], [ 256440.787711913435487, 7034628.21114631742239 ], [ 256440.787711913435487, 7034623.207955727353692 ], [ 256450.794093093340052, 7034623.207955727353692 ], [ 256450.794093093340052, 7034618.204765137284994 ], [ 256480.813236633024644, 7034618.204765137284994 ], [ 256480.813236633024644, 7034628.21114631742239 ], [ 256475.810046043072361, 7034628.21114631742239 ], [ 256475.810046043072361, 7034633.214336906559765 ], [ 256465.803664863167796, 7034633.214336906559765 ], [ 256465.803664863167796, 7034638.217527496628463 ], [ 256455.797283683292335, 7034638.217527496628463 ], [ 256455.797283683292335, 7034643.220718086697161 ], [ 256495.822808402852388, 7034643.220718086697161 ], [ 256495.822808402852388, 7034638.217527496628463 ], [ 256510.832380172709236, 7034638.217527496628463 ], [ 256510.832380172709236, 7034643.220718086697161 ], [ 256530.845142532489263, 7034643.220718086697161 ], [ 256530.845142532489263, 7034648.223908676765859 ], [ 256535.848333122441545, 7034648.223908676765859 ], [ 256535.848333122441545, 7034653.227099266834557 ], [ 256540.851523712393828, 7034653.227099266834557 ], [ 256540.851523712393828, 7034648.223908676765859 ], [ 256550.857904892269289, 7034648.223908676765859 ], [ 256550.857904892269289, 7034653.227099266834557 ], [ 256555.861095482221572, 7034653.227099266834557 ], [ 256555.861095482221572, 7034663.233480446971953 ], [ 256560.864286072173854, 7034663.233480446971953 ], [ 256560.864286072173854, 7034668.236671036109328 ], [ 256565.867476662126137, 7034668.236671036109328 ], [ 256565.867476662126137, 7034673.239861626178026 ], [ 256570.87066725207842, 7034673.239861626178026 ], [ 256570.87066725207842, 7034678.243052216246724 ], [ 256575.873857842001598, 7034678.243052216246724 ], [ 256575.873857842001598, 7034683.246242806315422 ], [ 256580.877048431953881, 7034683.246242806315422 ], [ 256580.877048431953881, 7034688.24943339638412 ], [ 256600.889810791763011, 7034688.24943339638412 ], [ 256600.889810791763011, 7034693.252623986452818 ], [ 256620.902573151543038, 7034693.252623986452818 ], [ 256620.902573151543038, 7034698.255814576521516 ], [ 256640.915335511323065, 7034698.255814576521516 ], [ 256640.915335511323065, 7034693.252623986452818 ], [ 256645.918526101275347, 7034693.252623986452818 ], [ 256645.918526101275347, 7034688.24943339638412 ], [ 256655.924907281179912, 7034688.24943339638412 ], [ 256655.924907281179912, 7034683.246242806315422 ], [ 256665.931288461055374, 7034683.246242806315422 ], [ 256665.931288461055374, 7034663.233480446971953 ], [ 256670.934479051007656, 7034663.233480446971953 ], [ 256670.934479051007656, 7034653.227099266834557 ], [ 256675.937669640959939, 7034653.227099266834557 ], [ 256675.937669640959939, 7034643.220718086697161 ], [ 256680.940860230912222, 7034643.220718086697161 ], [ 256680.940860230912222, 7034668.236671036109328 ], [ 256685.9440508208354, 7034668.236671036109328 ], [ 256685.9440508208354, 7034673.239861626178026 ], [ 256690.947241410787683, 7034673.239861626178026 ], [ 256690.947241410787683, 7034688.24943339638412 ], [ 256695.950432000739966, 7034688.24943339638412 ], [ 256695.950432000739966, 7034693.252623986452818 ], [ 256705.956813180644531, 7034693.252623986452818 ], [ 256705.956813180644531, 7034698.255814576521516 ], [ 256710.960003770596813, 7034698.255814576521516 ], [ 256710.960003770596813, 7034703.259005166590214 ], [ 256715.963194360519992, 7034703.259005166590214 ], [ 256715.963194360519992, 7034718.268576935864985 ], [ 256710.960003770596813, 7034718.268576935864985 ], [ 256710.960003770596813, 7034723.271767525933683 ], [ 256705.956813180644531, 7034723.271767525933683 ], [ 256705.956813180644531, 7034753.290911065414548 ], [ 256715.963194360519992, 7034753.290911065414548 ], [ 256715.963194360519992, 7034758.294101655483246 ], [ 256720.966384950472275, 7034758.294101655483246 ], [ 256720.966384950472275, 7034768.300482835620642 ], [ 256725.969575540424557, 7034768.300482835620642 ], [ 256725.969575540424557, 7034778.306864015758038 ], [ 256730.97276613037684, 7034778.306864015758038 ], [ 256730.97276613037684, 7034788.313245194964111 ], [ 256735.975956720329123, 7034788.313245194964111 ], [ 256735.975956720329123, 7034818.332388735376298 ], [ 256740.979147310252301, 7034818.332388735376298 ], [ 256740.979147310252301, 7034833.34196050465107 ], [ 256745.982337900204584, 7034833.34196050465107 ], [ 256745.982337900204584, 7034838.345151094719768 ], [ 256750.985528490156867, 7034838.345151094719768 ], [ 256750.985528490156867, 7034853.354722864925861 ], [ 256755.988719080109149, 7034853.354722864925861 ], [ 256755.988719080109149, 7034898.383438173681498 ], [ 256760.991909670061432, 7034898.383438173681498 ], [ 256760.991909670061432, 7034903.386628763750196 ], [ 256765.995100260013714, 7034903.386628763750196 ], [ 256765.995100260013714, 7034908.389819353818893 ], [ 256791.011053209746024, 7034908.389819353818893 ], [ 256791.011053209746024, 7034903.386628763750196 ], [ 256801.017434389621485, 7034903.386628763750196 ], [ 256801.017434389621485, 7034898.383438173681498 ], [ 256811.02381556952605, 7034898.383438173681498 ], [ 256811.02381556952605, 7034893.380247584544122 ], [ 256816.027006159478333, 7034893.380247584544122 ], [ 256816.027006159478333, 7034888.377056994475424 ], [ 256821.030196749430615, 7034888.377056994475424 ], [ 256821.030196749430615, 7034883.373866404406726 ], [ 256831.036577929306077, 7034883.373866404406726 ], [ 256831.036577929306077, 7034873.367485224269331 ], [ 256836.039768519258359, 7034873.367485224269331 ], [ 256836.039768519258359, 7034858.357913454994559 ], [ 256841.042959109210642, 7034858.357913454994559 ], [ 256841.042959109210642, 7034873.367485224269331 ], [ 256851.049340289086103, 7034873.367485224269331 ], [ 256851.049340289086103, 7034878.370675814338028 ], [ 256841.042959109210642, 7034878.370675814338028 ], [ 256841.042959109210642, 7034883.373866404406726 ], [ 256836.039768519258359, 7034883.373866404406726 ], [ 256836.039768519258359, 7034888.377056994475424 ], [ 256831.036577929306077, 7034888.377056994475424 ], [ 256831.036577929306077, 7034893.380247584544122 ], [ 256826.033387339353794, 7034893.380247584544122 ], [ 256826.033387339353794, 7034898.383438173681498 ], [ 256821.030196749430615, 7034898.383438173681498 ], [ 256821.030196749430615, 7034903.386628763750196 ], [ 256816.027006159478333, 7034903.386628763750196 ], [ 256816.027006159478333, 7034908.389819353818893 ], [ 256811.02381556952605, 7034908.389819353818893 ], [ 256811.02381556952605, 7034913.393009943887591 ], [ 256806.020624979573768, 7034913.393009943887591 ], [ 256806.020624979573768, 7034918.396200533956289 ], [ 256796.014243799669202, 7034918.396200533956289 ], [ 256796.014243799669202, 7034923.399391124024987 ], [ 256786.007862619793741, 7034923.399391124024987 ], [ 256786.007862619793741, 7034928.402581714093685 ], [ 256765.995100260013714, 7034928.402581714093685 ], [ 256765.995100260013714, 7034943.412153483368456 ], [ 256770.998290849936893, 7034943.412153483368456 ], [ 256770.998290849936893, 7034953.418534663505852 ], [ 256776.001481439889176, 7034953.418534663505852 ], [ 256776.001481439889176, 7034963.424915843643248 ], [ 256781.004672029841458, 7034963.424915843643248 ], [ 256781.004672029841458, 7034973.431297023780644 ], [ 256786.007862619793741, 7034973.431297023780644 ], [ 256786.007862619793741, 7034983.437678202986717 ], [ 256791.011053209746024, 7034983.437678202986717 ], [ 256791.011053209746024, 7034988.440868793055415 ], [ 256796.014243799669202, 7034988.440868793055415 ], [ 256796.014243799669202, 7034993.444059383124113 ], [ 256801.017434389621485, 7034993.444059383124113 ], [ 256801.017434389621485, 7034998.447249973192811 ], [ 256806.020624979573768, 7034998.447249973192811 ], [ 256806.020624979573768, 7035003.450440563261509 ], [ 256811.02381556952605, 7035003.450440563261509 ], [ 256811.02381556952605, 7035008.453631153330207 ], [ 256821.030196749430615, 7035008.453631153330207 ], [ 256821.030196749430615, 7034998.447249973192811 ], [ 256826.033387339353794, 7034998.447249973192811 ], [ 256826.033387339353794, 7034993.444059383124113 ], [ 256836.039768519258359, 7034993.444059383124113 ], [ 256836.039768519258359, 7035003.450440563261509 ], [ 256841.042959109210642, 7035003.450440563261509 ], [ 256841.042959109210642, 7035013.456821742467582 ], [ 256861.055721468990669, 7035013.456821742467582 ], [ 256861.055721468990669, 7035018.46001233253628 ], [ 256871.062102648895234, 7035018.46001233253628 ], [ 256871.062102648895234, 7035023.463202922604978 ], [ 256876.065293238847516, 7035023.463202922604978 ], [ 256876.065293238847516, 7035028.466393512673676 ], [ 256881.068483828770695, 7035028.466393512673676 ], [ 256881.068483828770695, 7035033.469584102742374 ], [ 256886.071674418722978, 7035033.469584102742374 ], [ 256886.071674418722978, 7035038.472774692811072 ], [ 256891.07486500867526, 7035038.472774692811072 ], [ 256891.07486500867526, 7035043.47596528287977 ], [ 256901.081246188579826, 7035043.47596528287977 ], [ 256901.081246188579826, 7035038.472774692811072 ], [ 256906.084436778503004, 7035038.472774692811072 ], [ 256906.084436778503004, 7035033.469584102742374 ], [ 256911.087627368455287, 7035033.469584102742374 ], [ 256911.087627368455287, 7035023.463202922604978 ], [ 256921.094008548359852, 7035023.463202922604978 ], [ 256921.094008548359852, 7035018.46001233253628 ], [ 256926.097199138312135, 7035018.46001233253628 ], [ 256926.097199138312135, 7035023.463202922604978 ], [ 256931.100389728264417, 7035023.463202922604978 ], [ 256931.100389728264417, 7035053.482346462085843 ], [ 256926.097199138312135, 7035053.482346462085843 ], [ 256926.097199138312135, 7035058.485537052154541 ], [ 256921.094008548359852, 7035058.485537052154541 ], [ 256921.094008548359852, 7035063.488727642223239 ], [ 256916.09081795840757, 7035063.488727642223239 ], [ 256916.09081795840757, 7035068.491918232291937 ], [ 256911.087627368455287, 7035068.491918232291937 ], [ 256911.087627368455287, 7035073.495108822360635 ], [ 256906.084436778503004, 7035073.495108822360635 ], [ 256906.084436778503004, 7035088.504680592566729 ], [ 256911.087627368455287, 7035088.504680592566729 ], [ 256911.087627368455287, 7035093.507871181704104 ], [ 256906.084436778503004, 7035093.507871181704104 ], [ 256906.084436778503004, 7035103.5142523618415 ], [ 256911.087627368455287, 7035103.5142523618415 ], [ 256911.087627368455287, 7035113.520633541978896 ], [ 256916.09081795840757, 7035113.520633541978896 ], [ 256916.09081795840757, 7035123.527014722116292 ], [ 256921.094008548359852, 7035123.527014722116292 ], [ 256921.094008548359852, 7035133.533395901322365 ], [ 256926.097199138312135, 7035133.533395901322365 ], [ 256926.097199138312135, 7035143.539777081459761 ], [ 256931.100389728264417, 7035143.539777081459761 ], [ 256931.100389728264417, 7035163.552539441734552 ], [ 256936.103580318187596, 7035163.552539441734552 ], [ 256936.103580318187596, 7035173.558920620940626 ], [ 256941.106770908139879, 7035173.558920620940626 ], [ 256941.106770908139879, 7035183.565301801078022 ], [ 256946.109961498092161, 7035183.565301801078022 ], [ 256946.109961498092161, 7035188.568492391146719 ], [ 256951.113152088044444, 7035188.568492391146719 ], [ 256951.113152088044444, 7035193.571682981215417 ], [ 256956.116342677996727, 7035193.571682981215417 ], [ 256956.116342677996727, 7035198.574873571284115 ], [ 256961.119533267919905, 7035198.574873571284115 ], [ 256961.119533267919905, 7035208.581254750490189 ], [ 256966.122723857872188, 7035208.581254750490189 ], [ 256966.122723857872188, 7035228.59401711076498 ], [ 256971.125914447824471, 7035228.59401711076498 ], [ 256971.125914447824471, 7035223.590826520696282 ], [ 256976.129105037776753, 7035223.590826520696282 ], [ 256976.129105037776753, 7035203.578064160421491 ], [ 256971.125914447824471, 7035203.578064160421491 ], [ 256971.125914447824471, 7035178.562111211009324 ], [ 256966.122723857872188, 7035178.562111211009324 ], [ 256966.122723857872188, 7035168.555730030871928 ], [ 256961.119533267919905, 7035168.555730030871928 ], [ 256961.119533267919905, 7035158.549348851665854 ], [ 256996.14186739755678, 7035158.549348851665854 ], [ 256996.14186739755678, 7035163.552539441734552 ], [ 257011.151439167413628, 7035163.552539441734552 ], [ 257011.151439167413628, 7035168.555730030871928 ], [ 257016.154629757336807, 7035168.555730030871928 ], [ 257016.154629757336807, 7035173.558920620940626 ], [ 257021.157820347289089, 7035173.558920620940626 ], [ 257021.157820347289089, 7035193.571682981215417 ], [ 257026.161010937241372, 7035193.571682981215417 ], [ 257026.161010937241372, 7035198.574873571284115 ], [ 257021.157820347289089, 7035198.574873571284115 ], [ 257021.157820347289089, 7035203.578064160421491 ], [ 257011.151439167413628, 7035203.578064160421491 ], [ 257011.151439167413628, 7035208.581254750490189 ], [ 257006.148248577461345, 7035208.581254750490189 ], [ 257006.148248577461345, 7035213.584445340558887 ], [ 256991.138676807604497, 7035213.584445340558887 ], [ 256991.138676807604497, 7035218.587635930627584 ], [ 256986.135486217681319, 7035218.587635930627584 ], [ 256986.135486217681319, 7035233.597207700833678 ], [ 256976.129105037776753, 7035233.597207700833678 ], [ 256976.129105037776753, 7035243.603588880039752 ], [ 256981.132295627729036, 7035243.603588880039752 ], [ 256981.132295627729036, 7035238.600398290902376 ], [ 257001.145057987509063, 7035238.600398290902376 ], [ 257001.145057987509063, 7035243.603588880039752 ], [ 257006.148248577461345, 7035243.603588880039752 ], [ 257006.148248577461345, 7035238.600398290902376 ], [ 257011.151439167413628, 7035238.600398290902376 ], [ 257011.151439167413628, 7035233.597207700833678 ], [ 257041.17058270709822, 7035233.597207700833678 ], [ 257041.17058270709822, 7035238.600398290902376 ], [ 257091.202488606562838, 7035238.600398290902376 ], [ 257091.202488606562838, 7035233.597207700833678 ], [ 257121.22163214624743, 7035233.597207700833678 ], [ 257121.22163214624743, 7035228.59401711076498 ], [ 257136.231203916075174, 7035228.59401711076498 ], [ 257136.231203916075174, 7035223.590826520696282 ], [ 257156.2439662758552, 7035223.590826520696282 ], [ 257156.2439662758552, 7035218.587635930627584 ], [ 257166.250347455759766, 7035218.587635930627584 ], [ 257166.250347455759766, 7035213.584445340558887 ], [ 257181.25991922558751, 7035213.584445340558887 ], [ 257181.25991922558751, 7035208.581254750490189 ], [ 257186.263109815539792, 7035208.581254750490189 ], [ 257186.263109815539792, 7035203.578064160421491 ], [ 257191.266300405492075, 7035203.578064160421491 ], [ 257191.266300405492075, 7035198.574873571284115 ], [ 257196.269490995444357, 7035198.574873571284115 ], [ 257196.269490995444357, 7035193.571682981215417 ], [ 257201.27268158539664, 7035193.571682981215417 ], [ 257201.27268158539664, 7035188.568492391146719 ], [ 257206.275872175348923, 7035188.568492391146719 ], [ 257206.275872175348923, 7035183.565301801078022 ], [ 257211.279062765272101, 7035183.565301801078022 ], [ 257211.279062765272101, 7035178.562111211009324 ], [ 257216.282253355224384, 7035178.562111211009324 ], [ 257216.282253355224384, 7035173.558920620940626 ], [ 257221.285443945176667, 7035173.558920620940626 ], [ 257221.285443945176667, 7035168.555730030871928 ], [ 257231.291825125081232, 7035168.555730030871928 ], [ 257231.291825125081232, 7035163.552539441734552 ], [ 257234.92151933934656, 7035163.552539441734552 ], [ 257231.620133074669866, 7035151.062847839668393 ], [ 257221.342892197309993, 7035123.474308209493756 ], [ 257208.410989283351228, 7035097.025960698723793 ], [ 257192.948965627176221, 7035071.972517353482544 ], [ 257177.846825146465562, 7035052.152639971114695 ], [ 257177.814727110089734, 7035049.019253899343312 ], [ 257174.629076527577126, 7035019.751510061323643 ], [ 257168.590025168436114, 7034990.936946769244969 ], [ 257159.755732398538385, 7034962.853064020164311 ], [ 257148.211277286580298, 7034935.770324957557023 ], [ 257147.938981543615228, 7034935.209539327770472 ], [ 257147.015393339912407, 7034933.324251702986658 ], [ 257144.347493340144865, 7034927.926251704804599 ], [ 257136.231203916075174, 7034913.613597652874887 ], [ 257136.231203916075174, 7034928.402581714093685 ], [ 257126.224822736170609, 7034928.402581714093685 ], [ 257126.224822736170609, 7034938.408962893299758 ], [ 257116.218441556295147, 7034938.408962893299758 ], [ 257116.218441556295147, 7034923.399391124024987 ], [ 257121.22163214624743, 7034923.399391124024987 ], [ 257121.22163214624743, 7034903.386628763750196 ], [ 257126.224822736170609, 7034903.386628763750196 ], [ 257126.224822736170609, 7034898.383438173681498 ], [ 257127.594623875862453, 7034898.383438173681498 ], [ 257127.537602053926094, 7034898.28288315795362 ], [ 257125.96110205349396, 7034895.837783155962825 ], [ 257123.146618074795697, 7034891.553429732099175 ], [ 257121.767018075159285, 7034889.491929734125733 ], [ 257120.702189222123707, 7034887.911665252409875 ], [ 257119.278989222046221, 7034885.81396525260061 ], [ 257103.443932666938053, 7034864.55958532076329 ], [ 257085.794708375207847, 7034844.785800547339022 ], [ 257066.469077893183567, 7034826.646955797448754 ], [ 257045.617888005624991, 7034810.284634364768863 ], [ 257023.403893296432216, 7034795.826552838087082 ], [ 257019.360593296412844, 7034793.442352838814259 ], [ 257017.869194986153161, 7034792.568705095909536 ], [ 257015.671430902904831, 7034791.289764089509845 ], [ 257009.75233319713152, 7034786.949410327710211 ], [ 256989.161945836502127, 7034774.266291250474751 ], [ 256984.991945836576633, 7034771.924091250635684 ], [ 256973.9077193144185, 7034766.000254727900028 ], [ 256970.824170560954371, 7034764.434424193575978 ], [ 256968.861376050335821, 7034763.416219424456358 ], [ 256943.812212959950557, 7034751.851133343763649 ], [ 256917.806501723855035, 7034742.636212254874408 ], [ 256908.529216777766123, 7034740.281769158318639 ], [ 256886.387769215827575, 7034733.929070618934929 ], [ 256856.869912899303017, 7034728.576933356001973 ], [ 256826.965108289761702, 7034726.199565889313817 ], [ 256823.377108290238539, 7034726.094365889206529 ], [ 256795.687128465273418, 7034726.561301248148084 ], [ 256768.158189782378031, 7034729.579669404774904 ], [ 256741.02488560177153, 7034735.123748730868101 ], [ 256737.421785601822194, 7034736.035048730671406 ], [ 256736.828309895383427, 7034736.185795830562711 ], [ 256735.702692979422864, 7034736.472933793440461 ], [ 256710.392452037398471, 7034742.779714453965425 ], [ 256715.132935637666378, 7034727.331181766465306 ], [ 256720.969199502898846, 7034698.474861434660852 ], [ 256723.948946163029177, 7034669.185438278131187 ], [ 256724.043479028827278, 7034639.744985452853143 ], [ 256721.251887697144412, 7034610.437030614353716 ], [ 256715.601056718529435, 7034581.543825387954712 ], [ 256707.145406684314366, 7034553.343627135269344 ], [ 256695.96637012672727, 7034526.108019180595875 ], [ 256682.171607278898591, 7034500.099295317195356 ], [ 256681.789480161038227, 7034499.523407190106809 ], [ 256672.115361307223793, 7034476.218984501436353 ], [ 256658.217091009399155, 7034450.265424404293299 ], [ 256641.841850939730648, 7034425.799106502905488 ], [ 256623.147343611693941, 7034403.055654812604189 ], [ 256602.313607350311941, 7034382.254101207479835 ], [ 256579.541282424674137, 7034363.594776019454002 ], [ 256556.211633012804668, 7034348.032473280094564 ], [ 256550.857904892269289, 7034348.032473280094564 ] ], [ [ 256961.119533267919905, 7034948.415344073437154 ], [ 256956.116342677996727, 7034948.415344073437154 ], [ 256956.116342677996727, 7034943.412153483368456 ], [ 256951.113152088044444, 7034943.412153483368456 ], [ 256951.113152088044444, 7034938.408962893299758 ], [ 256941.106770908139879, 7034938.408962893299758 ], [ 256941.106770908139879, 7034933.405772304162383 ], [ 256936.103580318187596, 7034933.405772304162383 ], [ 256936.103580318187596, 7034928.402581714093685 ], [ 256931.100389728264417, 7034928.402581714093685 ], [ 256931.100389728264417, 7034913.393009943887591 ], [ 256926.097199138312135, 7034913.393009943887591 ], [ 256926.097199138312135, 7034898.383438173681498 ], [ 256936.103580318187596, 7034898.383438173681498 ], [ 256936.103580318187596, 7034903.386628763750196 ], [ 256956.116342677996727, 7034903.386628763750196 ], [ 256956.116342677996727, 7034908.389819353818893 ], [ 256961.119533267919905, 7034908.389819353818893 ], [ 256961.119533267919905, 7034913.393009943887591 ], [ 256966.122723857872188, 7034913.393009943887591 ], [ 256966.122723857872188, 7034923.399391124024987 ], [ 256971.125914447824471, 7034923.399391124024987 ], [ 256971.125914447824471, 7034943.412153483368456 ], [ 256966.122723857872188, 7034943.412153483368456 ], [ 256966.122723857872188, 7034953.418534663505852 ], [ 256961.119533267919905, 7034953.418534663505852 ], [ 256961.119533267919905, 7034948.415344073437154 ] ] ] } },
{ "type": "Feature", "properties": { "slope": 1 }, "geometry": { "type": "Polygon", "coordinates": [ [ [ 257126.224822736170609, 7034898.383438173681498 ], [ 257126.224822736170609, 7034903.386628763750196 ], [ 257121.22163214624743, 7034903.386628763750196 ], [ 257121.22163214624743, 7034923.399391124024987 ], [ 257116.218441556295147, 7034923.399391124024987 ], [ 257116.218441556295147, 7034938.408962893299758 ], [ 257126.224822736170609, 7034938.408962893299758 ], [ 257126.224822736170609, 7034928.402581714093685 ], [ 257136.231203916075174, 7034928.402581714093685 ], [ 257136.231203916075174, 7034913.613597652874887 ], [ 257127.594623875862453, 7034898.383438173681498 ], [ 257126.224822736170609, 7034898.383438173681498 ] ] ] } },
{ "type": "Feature", "properties": { "slope": 3 }, "geometry": { "type": "Polygon", "coordinates": [ [ [ 256966.122723857872188, 7034953.418534663505852 ], [ 256966.122723857872188, 7034943.412153483368456 ], [ 256971.125914447824471, 7034943.412153483368456 ], [ 256971.125914447824471, 7034923.399391124024987 ], [ 256966.122723857872188, 7034923.399391124024987 ], [ 256966.122723857872188, 7034913.393009943887591 ], [ 256961.119533267919905, 7034913.393009943887591 ], [ 256961.119533267919905, 7034908.389819353818893 ], [ 256956.116342677996727, 7034908.389819353818893 ], [ 256956.116342677996727, 7034903.386628763750196 ], [ 256936.103580318187596, 7034903.386628763750196 ], [ 256936.103580318187596, 7034898.383438173681498 ], [ 256926.097199138312135, 7034898.383438173681498 ], [ 256926.097199138312135, 7034913.393009943887591 ], [ 256931.100389728264417, 7034913.393009943887591 ], [ 256931.100389728264417, 7034928.402581714093685 ], [ 256936.103580318187596, 7034928.402581714093685 ], [ 256936.103580318187596, 7034933.405772304162383 ], [ 256941.106770908139879, 7034933.405772304162383 ], [ 256941.106770908139879, 7034938.408962893299758 ], [ 256951.113152088044444, 7034938.408962893299758 ], [ 256951.113152088044444, 7034943.412153483368456 ], [ 256956.116342677996727, 7034943.412153483368456 ], [ 256956.116342677996727, 7034948.415344073437154 ], [ 256961.119533267919905, 7034948.415344073437154 ], [ 256961.119533267919905, 7034953.418534663505852 ], [ 256966.122723857872188, 7034953.418534663505852 ] ] ] } },
{ "type": "Feature", "properties": { "slope": 1 }, "geometry": { "type": "Polygon", "coordinates": [ [ [ 256931.100389728264417, 7035158.549348851665854 ], [ 256931.100389728264417, 7035143.539777081459761 ], [ 256926.097199138312135, 7035143.539777081459761 ], [ 256926.097199138312135, 7035158.549348851665854 ], [ 256931.100389728264417, 7035158.549348851665854 ] ] ] } },
{ "type": "Feature", "properties": { "slope": 3 }, "geometry": { "type": "Polygon", "coordinates": [ [ [ 256976.129105037776753, 7035238.600398290902376 ], [ 256976.129105037776753, 7035233.597207700833678 ], [ 256986.135486217681319, 7035233.597207700833678 ], [ 256986.135486217681319, 7035218.587635930627584 ], [ 256991.138676807604497, 7035218.587635930627584 ], [ 256991.138676807604497, 7035213.584445340558887 ], [ 257006.148248577461345, 7035213.584445340558887 ], [ 257006.148248577461345, 7035208.581254750490189 ], [ 257011.151439167413628, 7035208.581254750490189 ], [ 257011.151439167413628, 7035203.578064160421491 ], [ 257021.157820347289089, 7035203.578064160421491 ], [ 257021.157820347289089, 7035198.574873571284115 ], [ 257026.161010937241372, 7035198.574873571284115 ], [ 257026.161010937241372, 7035193.571682981215417 ], [ 257021.157820347289089, 7035193.571682981215417 ], [ 257021.157820347289089, 7035173.558920620940626 ], [ 257016.154629757336807, 7035173.558920620940626 ], [ 257016.154629757336807, 7035168.555730030871928 ], [ 257011.151439167413628, 7035168.555730030871928 ], [ 257011.151439167413628, 7035163.552539441734552 ], [ 256996.14186739755678, 7035163.552539441734552 ], [ 256996.14186739755678, 7035158.549348851665854 ], [ 256961.119533267919905, 7035158.549348851665854 ], [ 256961.119533267919905, 7035168.555730030871928 ], [ 256966.122723857872188, 7035168.555730030871928 ], [ 256966.122723857872188, 7035178.562111211009324 ], [ 256971.125914447824471, 7035178.562111211009324 ], [ 256971.125914447824471, 7035203.578064160421491 ], [ 256976.129105037776753, 7035203.578064160421491 ], [ 256976.129105037776753, 7035223.590826520696282 ], [ 256971.125914447824471, 7035223.590826520696282 ], [ 256971.125914447824471, 7035238.600398290902376 ], [ 256976.129105037776753, 7035238.600398290902376 ] ] ] } },
{ "type": "Feature", "properties": { "slope": 3 }, "geometry": { "type": "Polygon", "coordinates": [ [ [ 256931.100389728264417, 7035238.600398290902376 ], [ 256931.100389728264417, 7035233.597207700833678 ], [ 256926.097199138312135, 7035233.597207700833678 ], [ 256926.097199138312135, 7035238.600398290902376 ], [ 256931.100389728264417, 7035238.600398290902376 ] ] ] } },
{ "type": "Feature", "properties": { "slope": 1 }, "geometry": { "type": "Polygon", "coordinates": [ [ [ 257026.161010937241372, 7035238.600398290902376 ], [ 257026.161010937241372, 7035233.597207700833678 ], [ 257021.157820347289089, 7035233.597207700833678 ], [ 257021.157820347289089, 7035238.600398290902376 ], [ 257026.161010937241372, 7035238.600398290902376 ] ] ] } },
{ "type": "Feature", "properties": { "slope": 1 }, "geometry": { "type": "Polygon", "coordinates": [ [ [ 256200.634563595987856, 7034493.125000388361514 ], [ 256200.634563595987856, 7034488.121809798292816 ], [ 256205.637754185940139, 7034488.121809798292816 ], [ 256205.637754185940139, 7034483.118619208224118 ], [ 256210.640944775892422, 7034483.118619208224118 ], [ 256210.640944775892422, 7034463.105856848880649 ], [ 256195.631373006035574, 7034463.105856848880649 ], [ 256195.631373006035574, 7034468.109047438949347 ], [ 256190.628182416083291, 7034468.109047438949347 ], [ 256190.628182416083291, 7034473.112238029018044 ], [ 256185.624991826160112, 7034473.112238029018044 ], [ 256185.624991826160112, 7034483.118619208224118 ], [ 256190.628182416083291, 7034483.118619208224118 ], [ 256190.628182416083291, 7034488.121809798292816 ], [ 256195.631373006035574, 7034488.121809798292816 ], [ 256195.631373006035574, 7034493.125000388361514 ], [ 256200.634563595987856, 7034493.125000388361514 ] ] ] } },
{ "type": "Feature", "properties": { "slope": 1 }, "geometry": { "type": "Polygon", "coordinates": [ [ [ 256330.717518934601685, 7034578.179240417666733 ], [ 256330.717518934601685, 7034573.176049827598035 ], [ 256325.714328344678506, 7034573.176049827598035 ], [ 256325.714328344678506, 7034578.179240417666733 ], [ 256330.717518934601685, 7034578.179240417666733 ] ] ] } },
{ "type": "Feature", "properties": { "slope": 1 }, "geometry": { "type": "Polygon", "coordinates": [ [ [ 256350.730281294410815, 7034593.188812186941504 ], [ 256350.730281294410815, 7034588.185621597804129 ], [ 256345.727090704458533, 7034588.185621597804129 ], [ 256345.727090704458533, 7034593.188812186941504 ], [ 256350.730281294410815, 7034593.188812186941504 ] ] ] } },
{ "type": "Feature", "properties": { "slope": 2 }, "geometry": { "type": "Polygon", "coordinates": [ [ [ 256370.743043654190842, 7034618.204765137284994 ], [ 256370.743043654190842, 7034613.201574547216296 ], [ 256365.739853064238559, 7034613.201574547216296 ], [ 256365.739853064238559, 7034618.204765137284994 ], [ 256370.743043654190842, 7034618.204765137284994 ] ] ] } },
{ "type": "Feature", "properties": { "slope": 4 }, "geometry": { "type": "Polygon", "coordinates": [ [ [ 256370.743043654190842, 7034653.227099266834557 ], [ 256370.743043654190842, 7034618.204765137284994 ], [ 256365.739853064238559, 7034618.204765137284994 ], [ 256365.739853064238559, 7034623.207955727353692 ], [ 256360.736662474286277, 7034623.207955727353692 ], [ 256360.736662474286277, 7034628.21114631742239 ], [ 256355.733471884333994, 7034628.21114631742239 ], [ 256355.733471884333994, 7034643.220718086697161 ], [ 256360.736662474286277, 7034643.220718086697161 ], [ 256360.736662474286277, 7034648.223908676765859 ], [ 256365.739853064238559, 7034648.223908676765859 ], [ 256365.739853064238559, 7034653.227099266834557 ], [ 256370.743043654190842, 7034653.227099266834557 ] ] ] } },
{ "type": "Feature", "properties": { "slope": 3 }, "geometry": { "type": "Polygon", "coordinates": [ [ [ 256370.743043654190842, 7034683.246242806315422 ], [ 256370.743043654190842, 7034678.243052216246724 ], [ 256385.752615424018586, 7034678.243052216246724 ], [ 256385.752615424018586, 7034663.233480446971953 ], [ 256380.749424834095407, 7034663.233480446971953 ], [ 256380.749424834095407, 7034653.227099266834557 ], [ 256375.746234244143125, 7034653.227099266834557 ], [ 256375.746234244143125, 7034643.220718086697161 ], [ 256370.743043654190842, 7034643.220718086697161 ], [ 256370.743043654190842, 7034653.227099266834557 ], [ 256365.739853064238559, 7034653.227099266834557 ], [ 256365.739853064238559, 7034648.223908676765859 ], [ 256360.736662474286277, 7034648.223908676765859 ], [ 256360.736662474286277, 7034643.220718086697161 ], [ 256355.733471884333994, 7034643.220718086697161 ], [ 256355.733471884333994, 7034628.21114631742239 ], [ 256360.736662474286277, 7034628.21114631742239 ], [ 256360.736662474286277, 7034623.207955727353692 ], [ 256365.739853064238559, 7034623.207955727353692 ], [ 256365.739853064238559, 7034608.198383957147598 ], [ 256350.730281294410815, 7034608.198383957147598 ], [ 256350.730281294410815, 7034613.201574547216296 ], [ 256345.727090704458533, 7034613.201574547216296 ], [ 256345.727090704458533, 7034618.204765137284994 ], [ 256340.72390011450625, 7034618.204765137284994 ], [ 256340.72390011450625, 7034653.227099266834557 ], [ 256345.727090704458533, 7034653.227099266834557 ], [ 256345.727090704458533, 7034663.233480446971953 ], [ 256350.730281294410815, 7034663.233480446971953 ], [ 256350.730281294410815, 7034673.239861626178026 ], [ 256355.733471884333994, 7034673.239861626178026 ], [ 256355.733471884333994, 7034678.243052216246724 ], [ 256365.739853064238559, 7034678.243052216246724 ], [ 256365.739853064238559, 7034683.246242806315422 ], [ 256370.743043654190842, 7034683.246242806315422 ] ] ] } },
{ "type": "Feature", "properties": { "slope": 3 }, "geometry": { "type": "Polygon", "coordinates": [ [ [ 256285.688803625089349, 7034708.262195755727589 ], [ 256285.688803625089349, 7034698.255814576521516 ], [ 256290.691994215041632, 7034698.255814576521516 ], [ 256290.691994215041632, 7034678.243052216246724 ], [ 256295.695184804993914, 7034678.243052216246724 ], [ 256295.695184804993914, 7034668.236671036109328 ], [ 256290.691994215041632, 7034668.236671036109328 ], [ 256290.691994215041632, 7034653.227099266834557 ], [ 256270.679231855261605, 7034653.227099266834557 ], [ 256270.679231855261605, 7034668.236671036109328 ], [ 256265.676041265309323, 7034668.236671036109328 ], [ 256265.676041265309323, 7034683.246242806315422 ], [ 256270.679231855261605, 7034683.246242806315422 ], [ 256270.679231855261605, 7034693.252623986452818 ], [ 256275.682422445184784, 7034693.252623986452818 ], [ 256275.682422445184784, 7034703.259005166590214 ], [ 256280.685613035137067, 7034703.259005166590214 ], [ 256280.685613035137067, 7034708.262195755727589 ], [ 256285.688803625089349, 7034708.262195755727589 ] ] ] } },
{ "type": "Feature", "properties": { "slope": 3 }, "geometry": { "type": "Polygon", "coordinates": [ [ [ 256380.749424834095407, 7034778.306864015758038 ], [ 256380.749424834095407, 7034743.284529886208475 ], [ 256375.746234244143125, 7034743.284529886208475 ], [ 256375.746234244143125, 7034748.28772047534585 ], [ 256370.743043654190842, 7034748.28772047534585 ], [ 256370.743043654190842, 7034773.30367342568934 ], [ 256375.746234244143125, 7034773.30367342568934 ], [ 256375.746234244143125, 7034778.306864015758038 ], [ 256380.749424834095407, 7034778.306864015758038 ] ] ] } },
{ "type": "Feature", "properties": { "slope": 1 }, "geometry": { "type": "Polygon", "coordinates": [ [ [ 256545.85471430234611, 7034658.230289856903255 ], [ 256545.85471430234611, 7034653.227099266834557 ], [ 256550.857904892269289, 7034653.227099266834557 ], [ 256550.857904892269289, 7034648.223908676765859 ], [ 256540.851523712393828, 7034648.223908676765859 ], [ 256540.851523712393828, 7034653.227099266834557 ], [ 256535.848333122441545, 7034653.227099266834557 ], [ 256535.848333122441545, 7034658.230289856903255 ], [ 256545.85471430234611, 7034658.230289856903255 ] ] ] } },
{ "type": "Feature", "properties": { "slope": 1 }, "geometry": { "type": "Polygon", "coordinates": [ [ [ 256555.861095482221572, 7034663.233480446971953 ], [ 256555.861095482221572, 7034653.227099266834557 ], [ 256550.857904892269289, 7034653.227099266834557 ], [ 256550.857904892269289, 7034663.233480446971953 ], [ 256555.861095482221572, 7034663.233480446971953 ] ] ] } },
{ "type": "Feature", "properties": { "slope": 4 }, "geometry": { "type": "Polygon", "coordinates": [ [ [ 256385.752615424018586, 7034663.233480446971953 ], [ 256385.752615424018586, 7034658.230289856903255 ], [ 256380.749424834095407, 7034658.230289856903255 ], [ 256380.749424834095407, 7034663.233480446971953 ], [ 256385.752615424018586, 7034663.233480446971953 ] ] ] } },
{ "type": "Feature", "properties": { "slope": 1 }, "geometry": { "type": "Polygon", "coordinates": [ [ [ 256565.867476662126137, 7034673.239861626178026 ], [ 256565.867476662126137, 7034668.236671036109328 ], [ 256560.864286072173854, 7034668.236671036109328 ], [ 256560.864286072173854, 7034663.233480446971953 ], [ 256555.861095482221572, 7034663.233480446971953 ], [ 256555.861095482221572, 7034673.239861626178026 ], [ 256565.867476662126137, 7034673.239861626178026 ] ] ] } },
{ "type": "Feature", "properties": { "slope": 1 }, "geometry": { "type": "Polygon", "coordinates": [ [ [ 256495.822808402852388, 7034693.252623986452818 ], [ 256495.822808402852388, 7034688.24943339638412 ], [ 256490.819617812929209, 7034688.24943339638412 ], [ 256490.819617812929209, 7034693.252623986452818 ], [ 256495.822808402852388, 7034693.252623986452818 ] ] ] } },
{ "type": "Feature", "properties": { "slope": 2 }, "geometry": { "type": "Polygon", "coordinates": [ [ [ 256685.9440508208354, 7034733.278148706071079 ], [ 256685.9440508208354, 7034728.274958116002381 ], [ 256690.947241410787683, 7034728.274958116002381 ], [ 256690.947241410787683, 7034718.268576935864985 ], [ 256685.9440508208354, 7034718.268576935864985 ], [ 256685.9440508208354, 7034713.265386345796287 ], [ 256680.940860230912222, 7034713.265386345796287 ], [ 256680.940860230912222, 7034718.268576935864985 ], [ 256675.937669640959939, 7034718.268576935864985 ], [ 256675.937669640959939, 7034733.278148706071079 ], [ 256685.9440508208354, 7034733.278148706071079 ] ] ] } },
{ "type": "Feature", "properties": { "slope": 3 }, "geometry": { "type": "Polygon", "coordinates": [ [ [ 256450.794093093340052, 7034778.306864015758038 ], [ 256450.794093093340052, 7034773.30367342568934 ], [ 256460.800474273244618, 7034773.30367342568934 ], [ 256460.800474273244618, 7034768.300482835620642 ], [ 256470.806855453120079, 7034768.300482835620642 ], [ 256470.806855453120079, 7034763.297292245551944 ], [ 256475.810046043072361, 7034763.297292245551944 ], [ 256475.810046043072361, 7034753.290911065414548 ], [ 256470.806855453120079, 7034753.290911065414548 ], [ 256470.806855453120079, 7034748.28772047534585 ], [ 256460.800474273244618, 7034748.28772047534585 ], [ 256460.800474273244618, 7034743.284529886208475 ], [ 256455.797283683292335, 7034743.284529886208475 ], [ 256455.797283683292335, 7034733.278148706071079 ], [ 256445.79090250338777, 7034733.278148706071079 ], [ 256445.79090250338777, 7034728.274958116002381 ], [ 256440.787711913435487, 7034728.274958116002381 ], [ 256440.787711913435487, 7034723.271767525933683 ], [ 256430.781330733560026, 7034723.271767525933683 ], [ 256430.781330733560026, 7034728.274958116002381 ], [ 256425.778140143607743, 7034728.274958116002381 ], [ 256425.778140143607743, 7034733.278148706071079 ], [ 256430.781330733560026, 7034733.278148706071079 ], [ 256430.781330733560026, 7034743.284529886208475 ], [ 256425.778140143607743, 7034743.284529886208475 ], [ 256425.778140143607743, 7034753.290911065414548 ], [ 256420.77494955365546, 7034753.290911065414548 ], [ 256420.77494955365546, 7034758.294101655483246 ], [ 256425.778140143607743, 7034758.294101655483246 ], [ 256425.778140143607743, 7034763.297292245551944 ], [ 256430.781330733560026, 7034763.297292245551944 ], [ 256430.781330733560026, 7034768.300482835620642 ], [ 256435.784521323512308, 7034768.300482835620642 ], [ 256435.784521323512308, 7034773.30367342568934 ], [ 256440.787711913435487, 7034773.30367342568934 ], [ 256440.787711913435487, 7034778.306864015758038 ], [ 256450.794093093340052, 7034778.306864015758038 ] ] ] } },
{ "type": "Feature", "properties": { "slope": 1 }, "geometry": { "type": "Polygon", "coordinates": [ [ [ 256796.014243799669202, 7034913.393009943887591 ], [ 256796.014243799669202, 7034908.389819353818893 ], [ 256801.017434389621485, 7034908.389819353818893 ], [ 256801.017434389621485, 7034903.386628763750196 ], [ 256791.011053209746024, 7034903.386628763750196 ], [ 256791.011053209746024, 7034908.389819353818893 ], [ 256765.995100260013714, 7034908.389819353818893 ], [ 256765.995100260013714, 7034903.386628763750196 ], [ 256760.991909670061432, 7034903.386628763750196 ], [ 256760.991909670061432, 7034898.383438173681498 ], [ 256755.988719080109149, 7034898.383438173681498 ], [ 256755.988719080109149, 7034853.354722864925861 ], [ 256750.985528490156867, 7034853.354722864925861 ], [ 256750.985528490156867, 7034838.345151094719768 ], [ 256745.982337900204584, 7034838.345151094719768 ], [ 256745.982337900204584, 7034833.34196050465107 ], [ 256740.979147310252301, 7034833.34196050465107 ], [ 256740.979147310252301, 7034818.332388735376298 ], [ 256735.975956720329123, 7034818.332388735376298 ], [ 256735.975956720329123, 7034788.313245194964111 ], [ 256730.97276613037684, 7034788.313245194964111 ], [ 256730.97276613037684, 7034778.306864015758038 ], [ 256725.969575540424557, 7034778.306864015758038 ], [ 256725.969575540424557, 7034768.300482835620642 ], [ 256720.966384950472275, 7034768.300482835620642 ], [ 256720.966384950472275, 7034758.294101655483246 ], [ 256715.963194360519992, 7034758.294101655483246 ], [ 256715.963194360519992, 7034753.290911065414548 ], [ 256705.956813180644531, 7034753.290911065414548 ], [ 256705.956813180644531, 7034723.271767525933683 ], [ 256710.960003770596813, 7034723.271767525933683 ], [ 256710.960003770596813, 7034718.268576935864985 ], [ 256715.963194360519992, 7034718.268576935864985 ], [ 256715.963194360519992, 7034703.259005166590214 ], [ 256710.960003770596813, 7034703.259005166590214 ], [ 256710.960003770596813, 7034698.255814576521516 ], [ 256705.956813180644531, 7034698.255814576521516 ], [ 256705.956813180644531, 7034693.252623986452818 ], [ 256695.950432000739966, 7034693.252623986452818 ], [ 256695.950432000739966, 7034688.24943339638412 ], [ 256690.947241410787683, 7034688.24943339638412 ], [ 256690.947241410787683, 7034673.239861626178026 ], [ 256685.9440508208354, 7034673.239861626178026 ], [ 256685.9440508208354, 7034668.236671036109328 ], [ 256680.940860230912222, 7034668.236671036109328 ], [ 256680.940860230912222, 7034643.220718086697161 ], [ 256675.937669640959939, 7034643.220718086697161 ], [ 256675.937669640959939, 7034653.227099266834557 ], [ 256670.934479051007656, 7034653.227099266834557 ], [ 256670.934479051007656, 7034663.233480446971953 ], [ 256665.931288461055374, 7034663.233480446971953 ], [ 256665.931288461055374, 7034683.246242806315422 ], [ 256655.924907281179912, 7034683.246242806315422 ], [ 256655.924907281179912, 7034688.24943339638412 ], [ 256645.918526101275347, 7034688.24943339638412 ], [ 256645.918526101275347, 7034693.252623986452818 ], [ 256640.915335511323065, 7034693.252623986452818 ], [ 256640.915335511323065, 7034698.255814576521516 ], [ 256620.902573151543038, 7034698.255814576521516 ], [ 256620.902573151543038, 7034693.252623986452818 ], [ 256600.889810791763011, 7034693.252623986452818 ], [ 256600.889810791763011, 7034688.24943339638412 ], [ 256580.877048431953881, 7034688.24943339638412 ], [ 256580.877048431953881, 7034683.246242806315422 ], [ 256575.873857842001598, 7034683.246242806315422 ], [ 256575.873857842001598, 7034678.243052216246724 ], [ 256570.87066725207842, 7034678.243052216246724 ], [ 256570.87066725207842, 7034673.239861626178026 ], [ 256565.867476662126137, 7034673.239861626178026 ], [ 256565.867476662126137, 7034683.246242806315422 ], [ 256570.87066725207842, 7034683.246242806315422 ], [ 256570.87066725207842, 7034688.24943339638412 ], [ 256575.873857842001598, 7034688.24943339638412 ], [ 256575.873857842001598, 7034693.252623986452818 ], [ 256580.877048431953881, 7034693.252623986452818 ], [ 256580.877048431953881, 7034698.255814576521516 ], [ 256590.883429611858446, 7034698.255814576521516 ], [ 256590.883429611858446, 7034703.259005166590214 ], [ 256610.896191971638473, 7034703.259005166590214 ], [ 256610.896191971638473, 7034708.262195755727589 ], [ 256620.902573151543038, 7034708.262195755727589 ], [ 256620.902573151543038, 7034713.265386345796287 ], [ 256630.908954331418499, 7034713.265386345796287 ], [ 256630.908954331418499, 7034708.262195755727589 ], [ 256640.915335511323065, 7034708.262195755727589 ], [ 256640.915335511323065, 7034703.259005166590214 ], [ 256650.92171669122763, 7034703.259005166590214 ], [ 256650.92171669122763, 7034698.255814576521516 ], [ 256660.928097871103091, 7034698.255814576521516 ], [ 256660.928097871103091, 7034693.252623986452818 ], [ 256665.931288461055374, 7034693.252623986452818 ], [ 256665.931288461055374, 7034688.24943339638412 ], [ 256670.934479051007656, 7034688.24943339638412 ], [ 256670.934479051007656, 7034683.246242806315422 ], [ 256675.937669640959939, 7034683.246242806315422 ], [ 256675.937669640959939, 7034678.243052216246724 ], [ 256680.940860230912222, 7034678.243052216246724 ], [ 256680.940860230912222, 7034688.24943339638412 ], [ 256685.9440508208354, 7034688.24943339638412 ], [ 256685.9440508208354, 7034693.252623986452818 ], [ 256690.947241410787683, 7034693.252623986452818 ], [ 256690.947241410787683, 7034698.255814576521516 ], [ 256695.950432000739966, 7034698.255814576521516 ], [ 256695.950432000739966, 7034703.259005166590214 ], [ 256675.937669640959939, 7034703.259005166590214 ], [ 256675.937669640959939, 7034708.262195755727589 ], [ 256670.934479051007656, 7034708.262195755727589 ], [ 256670.934479051007656, 7034713.265386345796287 ], [ 256665.931288461055374, 7034713.265386345796287 ], [ 256665.931288461055374, 7034718.268576935864985 ], [ 256660.928097871103091, 7034718.268576935864985 ], [ 256660.928097871103091, 7034723.271767525933683 ], [ 256655.924907281179912, 7034723.271767525933683 ], [ 256655.924907281179912, 7034728.274958116002381 ], [ 256645.918526101275347, 7034728.274958116002381 ], [ 256645.918526101275347, 7034733.278148706071079 ], [ 256640.915335511323065, 7034733.278148706071079 ], [ 256640.915335511323065, 7034738.281339296139777 ], [ 256635.912144921370782, 7034738.281339296139777 ], [ 256635.912144921370782, 7034743.284529886208475 ], [ 256630.908954331418499, 7034743.284529886208475 ], [ 256630.908954331418499, 7034753.290911065414548 ], [ 256635.912144921370782, 7034753.290911065414548 ], [ 256635.912144921370782, 7034758.294101655483246 ], [ 256655.924907281179912, 7034758.294101655483246 ], [ 256655.924907281179912, 7034763.297292245551944 ], [ 256675.937669640959939, 7034763.297292245551944 ], [ 256675.937669640959939, 7034768.300482835620642 ], [ 256690.947241410787683, 7034768.300482835620642 ], [ 256690.947241410787683, 7034773.30367342568934 ], [ 256700.953622590692248, 7034773.30367342568934 ], [ 256700.953622590692248, 7034778.306864015758038 ], [ 256705.956813180644531, 7034778.306864015758038 ], [ 256705.956813180644531, 7034783.310054604895413 ], [ 256710.960003770596813, 7034783.310054604895413 ], [ 256710.960003770596813, 7034788.313245194964111 ], [ 256715.963194360519992, 7034788.313245194964111 ], [ 256715.963194360519992, 7034798.319626375101507 ], [ 256720.966384950472275, 7034798.319626375101507 ], [ 256720.966384950472275, 7034858.357913454994559 ], [ 256725.969575540424557, 7034858.357913454994559 ], [ 256725.969575540424557, 7034863.361104044131935 ], [ 256730.97276613037684, 7034863.361104044131935 ], [ 256730.97276613037684, 7034868.364294634200633 ], [ 256740.979147310252301, 7034868.364294634200633 ], [ 256740.979147310252301, 7034903.386628763750196 ], [ 256745.982337900204584, 7034903.386628763750196 ], [ 256745.982337900204584, 7034908.389819353818893 ], [ 256760.991909670061432, 7034908.389819353818893 ], [ 256760.991909670061432, 7034913.393009943887591 ], [ 256796.014243799669202, 7034913.393009943887591 ] ], [ [ 256675.937669640959939, 7034718.268576935864985 ], [ 256680.940860230912222, 7034718.268576935864985 ], [ 256680.940860230912222, 7034713.265386345796287 ], [ 256685.9440508208354, 7034713.265386345796287 ], [ 256685.9440508208354, 7034718.268576935864985 ], [ 256690.947241410787683, 7034718.268576935864985 ], [ 256690.947241410787683, 7034728.274958116002381 ], [ 256685.9440508208354, 7034728.274958116002381 ], [ 256685.9440508208354, 7034733.278148706071079 ], [ 256675.937669640959939, 7034733.278148706071079 ], [ 256675.937669640959939, 7034718.268576935864985 ] ] ] } },
{ "type": "Feature", "properties": { "slope": 1 }, "geometry": { "type": "Polygon", "coordinates": [ [ [ 256620.902573151543038, 7035003.450440563261509 ], [ 256620.902573151543038, 7034988.440868793055415 ], [ 256625.905763741495321, 7034988.440868793055415 ], [ 256625.905763741495321, 7034948.415344073437154 ], [ 256620.902573151543038, 7034948.415344073437154 ], [ 256620.902573151543038, 7034973.431297023780644 ], [ 256615.899382561590755, 7034973.431297023780644 ], [ 256615.899382561590755, 7034968.428106433711946 ], [ 256610.896191971638473, 7034968.428106433711946 ], [ 256610.896191971638473, 7034963.424915843643248 ], [ 256605.89300138168619, 7034963.424915843643248 ], [ 256605.89300138168619, 7034933.405772304162383 ], [ 256600.889810791763011, 7034933.405772304162383 ], [ 256600.889810791763011, 7034908.389819353818893 ], [ 256595.886620201810729, 7034908.389819353818893 ], [ 256595.886620201810729, 7034893.380247584544122 ], [ 256600.889810791763011, 7034893.380247584544122 ], [ 256600.889810791763011, 7034868.364294634200633 ], [ 256595.886620201810729, 7034868.364294634200633 ], [ 256595.886620201810729, 7034863.361104044131935 ], [ 256590.883429611858446, 7034863.361104044131935 ], [ 256590.883429611858446, 7034858.357913454994559 ], [ 256585.880239021906164, 7034858.357913454994559 ], [ 256585.880239021906164, 7034828.338769914582372 ], [ 256570.87066725207842, 7034828.338769914582372 ], [ 256570.87066725207842, 7034818.332388735376298 ], [ 256575.873857842001598, 7034818.332388735376298 ], [ 256575.873857842001598, 7034798.319626375101507 ], [ 256570.87066725207842, 7034798.319626375101507 ], [ 256570.87066725207842, 7034783.310054604895413 ], [ 256565.867476662126137, 7034783.310054604895413 ], [ 256565.867476662126137, 7034778.306864015758038 ], [ 256560.864286072173854, 7034778.306864015758038 ], [ 256560.864286072173854, 7034758.294101655483246 ], [ 256555.861095482221572, 7034758.294101655483246 ], [ 256555.861095482221572, 7034748.28772047534585 ], [ 256550.857904892269289, 7034748.28772047534585 ], [ 256550.857904892269289, 7034738.281339296139777 ], [ 256545.85471430234611, 7034738.281339296139777 ], [ 256545.85471430234611, 7034728.274958116002381 ], [ 256540.851523712393828, 7034728.274958116002381 ], [ 256540.851523712393828, 7034723.271767525933683 ], [ 256530.845142532489263, 7034723.271767525933683 ], [ 256530.845142532489263, 7034718.268576935864985 ], [ 256525.84195194253698, 7034718.268576935864985 ], [ 256525.84195194253698, 7034708.262195755727589 ], [ 256520.838761352584697, 7034708.262195755727589 ], [ 256520.838761352584697, 7034703.259005166590214 ], [ 256515.835570762661519, 7034703.259005166590214 ], [ 256515.835570762661519, 7034698.255814576521516 ], [ 256510.832380172709236, 7034698.255814576521516 ], [ 256510.832380172709236, 7034693.252623986452818 ], [ 256500.825998992804671, 7034693.252623986452818 ], [ 256500.825998992804671, 7034698.255814576521516 ], [ 256505.829189582756953, 7034698.255814576521516 ], [ 256505.829189582756953, 7034703.259005166590214 ], [ 256510.832380172709236, 7034703.259005166590214 ], [ 256510.832380172709236, 7034708.262195755727589 ], [ 256515.835570762661519, 7034708.262195755727589 ], [ 256515.835570762661519, 7034718.268576935864985 ], [ 256520.838761352584697, 7034718.268576935864985 ], [ 256520.838761352584697, 7034723.271767525933683 ], [ 256525.84195194253698, 7034723.271767525933683 ], [ 256525.84195194253698, 7034728.274958116002381 ], [ 256530.845142532489263, 7034728.274958116002381 ], [ 256530.845142532489263, 7034738.281339296139777 ], [ 256535.848333122441545, 7034738.281339296139777 ], [ 256535.848333122441545, 7034743.284529886208475 ], [ 256545.85471430234611, 7034743.284529886208475 ], [ 256545.85471430234611, 7034753.290911065414548 ], [ 256550.857904892269289, 7034753.290911065414548 ], [ 256550.857904892269289, 7034773.30367342568934 ], [ 256555.861095482221572, 7034773.30367342568934 ], [ 256555.861095482221572, 7034783.310054604895413 ], [ 256560.864286072173854, 7034783.310054604895413 ], [ 256560.864286072173854, 7034788.313245194964111 ], [ 256565.867476662126137, 7034788.313245194964111 ], [ 256565.867476662126137, 7034803.322816965170205 ], [ 256560.864286072173854, 7034803.322816965170205 ], [ 256560.864286072173854, 7034823.335579324513674 ], [ 256555.861095482221572, 7034823.335579324513674 ], [ 256555.861095482221572, 7034828.338769914582372 ], [ 256560.864286072173854, 7034828.338769914582372 ], [ 256560.864286072173854, 7034848.351532274857163 ], [ 256565.867476662126137, 7034848.351532274857163 ], [ 256565.867476662126137, 7034858.357913454994559 ], [ 256580.877048431953881, 7034858.357913454994559 ], [ 256580.877048431953881, 7034863.361104044131935 ], [ 256585.880239021906164, 7034863.361104044131935 ], [ 256585.880239021906164, 7034868.364294634200633 ], [ 256590.883429611858446, 7034868.364294634200633 ], [ 256590.883429611858446, 7034878.370675814338028 ], [ 256585.880239021906164, 7034878.370675814338028 ], [ 256585.880239021906164, 7034938.408962893299758 ], [ 256590.883429611858446, 7034938.408962893299758 ], [ 256590.883429611858446, 7034953.418534663505852 ], [ 256595.886620201810729, 7034953.418534663505852 ], [ 256595.886620201810729, 7034968.428106433711946 ], [ 256590.883429611858446, 7034968.428106433711946 ], [ 256590.883429611858446, 7034973.431297023780644 ], [ 256610.896191971638473, 7034973.431297023780644 ], [ 256610.896191971638473, 7034988.440868793055415 ], [ 256615.899382561590755, 7034988.440868793055415 ], [ 256615.899382561590755, 7035003.450440563261509 ], [ 256620.902573151543038, 7035003.450440563261509 ] ] ] } },
{ "type": "Feature", "properties": { "slope": 1 }, "geometry": { "type": "Polygon", "coordinates": [ [ [ 256816.027006159478333, 7034908.389819353818893 ], [ 256816.027006159478333, 7034903.386628763750196 ], [ 256821.030196749430615, 7034903.386628763750196 ], [ 256821.030196749430615, 7034898.383438173681498 ], [ 256826.033387339353794, 7034898.383438173681498 ], [ 256826.033387339353794, 7034893.380247584544122 ], [ 256831.036577929306077, 7034893.380247584544122 ], [ 256831.036577929306077, 7034888.377056994475424 ], [ 256836.039768519258359, 7034888.377056994475424 ], [ 256836.039768519258359, 7034883.373866404406726 ], [ 256841.042959109210642, 7034883.373866404406726 ], [ 256841.042959109210642, 7034878.370675814338028 ], [ 256851.049340289086103, 7034878.370675814338028 ], [ 256851.049340289086103, 7034873.367485224269331 ], [ 256841.042959109210642, 7034873.367485224269331 ], [ 256841.042959109210642, 7034858.357913454994559 ], [ 256836.039768519258359, 7034858.357913454994559 ], [ 256836.039768519258359, 7034873.367485224269331 ], [ 256831.036577929306077, 7034873.367485224269331 ], [ 256831.036577929306077, 7034883.373866404406726 ], [ 256821.030196749430615, 7034883.373866404406726 ], [ 256821.030196749430615, 7034888.377056994475424 ], [ 256816.027006159478333, 7034888.377056994475424 ], [ 256816.027006159478333, 7034893.380247584544122 ], [ 256811.02381556952605, 7034893.380247584544122 ], [ 256811.02381556952605, 7034898.383438173681498 ], [ 256801.017434389621485, 7034898.383438173681498 ], [ 256801.017434389621485, 7034903.386628763750196 ], [ 256811.02381556952605, 7034903.386628763750196 ], [ 256811.02381556952605, 7034908.389819353818893 ], [ 256816.027006159478333, 7034908.389819353818893 ] ] ] } },
{ "type": "Feature", "properties": { "slope": 1 }, "geometry": { "type": "Polygon", "coordinates": [ [ [ 256811.02381556952605, 7034913.393009943887591 ], [ 256811.02381556952605, 7034908.389819353818893 ], [ 256806.020624979573768, 7034908.389819353818893 ], [ 256806.020624979573768, 7034913.393009943887591 ], [ 256811.02381556952605, 7034913.393009943887591 ] ] ] } },
{ "type": "Feature", "properties": { "slope": 1 }, "geometry": { "type": "Polygon", "coordinates": [ [ [ 256806.020624979573768, 7034918.396200533956289 ], [ 256806.020624979573768, 7034913.393009943887591 ], [ 256801.017434389621485, 7034913.393009943887591 ], [ 256801.017434389621485, 7034918.396200533956289 ], [ 256806.020624979573768, 7034918.396200533956289 ] ] ] } },
{ "type": "Feature", "properties": { "slope": 1 }, "geometry": { "type": "Polygon", "coordinates": [ [ [ 256796.014243799669202, 7034923.399391124024987 ], [ 256796.014243799669202, 7034918.396200533956289 ], [ 256791.011053209746024, 7034918.396200533956289 ], [ 256791.011053209746024, 7034923.399391124024987 ], [ 256796.014243799669202, 7034923.399391124024987 ] ] ] } },
{ "type": "Feature", "properties": { "slope": 1 }, "geometry": { "type": "Polygon", "coordinates": [ [ [ 256765.995100260013714, 7034938.408962893299758 ], [ 256765.995100260013714, 7034928.402581714093685 ], [ 256786.007862619793741, 7034928.402581714093685 ], [ 256786.007862619793741, 7034923.399391124024987 ], [ 256760.991909670061432, 7034923.399391124024987 ], [ 256760.991909670061432, 7034938.408962893299758 ], [ 256765.995100260013714, 7034938.408962893299758 ] ] ] } },
{ "type": "Feature", "properties": { "slope": 1 }, "geometry": { "type": "Polygon", "coordinates": [ [ [ 256675.937669640959939, 7034953.418534663505852 ], [ 256675.937669640959939, 7034938.408962893299758 ], [ 256670.934479051007656, 7034938.408962893299758 ], [ 256670.934479051007656, 7034928.402581714093685 ], [ 256665.931288461055374, 7034928.402581714093685 ], [ 256665.931288461055374, 7034923.399391124024987 ], [ 256635.912144921370782, 7034923.399391124024987 ], [ 256635.912144921370782, 7034928.402581714093685 ], [ 256630.908954331418499, 7034928.402581714093685 ], [ 256630.908954331418499, 7034933.405772304162383 ], [ 256625.905763741495321, 7034933.405772304162383 ], [ 256625.905763741495321, 7034948.415344073437154 ], [ 256630.908954331418499, 7034948.415344073437154 ], [ 256630.908954331418499, 7034943.412153483368456 ], [ 256635.912144921370782, 7034943.412153483368456 ], [ 256635.912144921370782, 7034948.415344073437154 ], [ 256650.92171669122763, 7034948.415344073437154 ], [ 256650.92171669122763, 7034943.412153483368456 ], [ 256665.931288461055374, 7034943.412153483368456 ], [ 256665.931288461055374, 7034948.415344073437154 ], [ 256670.934479051007656, 7034948.415344073437154 ], [ 256670.934479051007656, 7034953.418534663505852 ], [ 256675.937669640959939, 7034953.418534663505852 ] ] ] } },
{ "type": "Feature", "properties": { "slope": 1 }, "geometry": { "type": "Polygon", "coordinates": [ [ [ 256770.998290849936893, 7034948.415344073437154 ], [ 256770.998290849936893, 7034943.412153483368456 ], [ 256765.995100260013714, 7034943.412153483368456 ], [ 256765.995100260013714, 7034948.415344073437154 ], [ 256770.998290849936893, 7034948.415344073437154 ] ] ] } },
{ "type": "Feature", "properties": { "slope": 1 }, "geometry": { "type": "Polygon", "coordinates": [ [ [ 256776.001481439889176, 7034958.42172525357455 ], [ 256776.001481439889176, 7034953.418534663505852 ], [ 256770.998290849936893, 7034953.418534663505852 ], [ 256770.998290849936893, 7034958.42172525357455 ], [ 256776.001481439889176, 7034958.42172525357455 ] ] ] } },
{ "type": "Feature", "properties": { "slope": 1 }, "geometry": { "type": "Polygon", "coordinates": [ [ [ 256680.940860230912222, 7034968.428106433711946 ], [ 256680.940860230912222, 7034953.418534663505852 ], [ 256675.937669640959939, 7034953.418534663505852 ], [ 256675.937669640959939, 7034968.428106433711946 ], [ 256680.940860230912222, 7034968.428106433711946 ] ] ] } },
{ "type": "Feature", "properties": { "slope": 1 }, "geometry": { "type": "Polygon", "coordinates": [ [ [ 256705.956813180644531, 7034988.440868793055415 ], [ 256705.956813180644531, 7034983.437678202986717 ], [ 256700.953622590692248, 7034983.437678202986717 ], [ 256700.953622590692248, 7034988.440868793055415 ], [ 256705.956813180644531, 7034988.440868793055415 ] ] ] } },
{ "type": "Feature", "properties": { "slope": 1 }, "geometry": { "type": "Polygon", "coordinates": [ [ [ 256685.9440508208354, 7035003.450440563261509 ], [ 256685.9440508208354, 7034973.431297023780644 ], [ 256680.940860230912222, 7034973.431297023780644 ], [ 256680.940860230912222, 7035003.450440563261509 ], [ 256685.9440508208354, 7035003.450440563261509 ] ] ] } },
{ "type": "Feature", "properties": { "slope": 1 }, "geometry": { "type": "Polygon", "coordinates": [ [ [ 256710.960003770596813, 7034993.444059383124113 ], [ 256710.960003770596813, 7034988.440868793055415 ], [ 256705.956813180644531, 7034988.440868793055415 ], [ 256705.956813180644531, 7034993.444059383124113 ], [ 256710.960003770596813, 7034993.444059383124113 ] ] ] } },
{ "type": "Feature", "properties": { "slope": 1 }, "geometry": { "type": "Polygon", "coordinates": [ [ [ 256700.953622590692248, 7034998.447249973192811 ], [ 256700.953622590692248, 7034988.440868793055415 ], [ 256695.950432000739966, 7034988.440868793055415 ], [ 256695.950432000739966, 7034998.447249973192811 ], [ 256700.953622590692248, 7034998.447249973192811 ] ] ] } },
{ "type": "Feature", "properties": { "slope": 3 }, "geometry": { "type": "Polygon", "coordinates": [ [ [ 256841.042959109210642, 7035008.453631153330207 ], [ 256841.042959109210642, 7035003.450440563261509 ], [ 256836.039768519258359, 7035003.450440563261509 ], [ 256836.039768519258359, 7034993.444059383124113 ], [ 256826.033387339353794, 7034993.444059383124113 ], [ 256826.033387339353794, 7034998.447249973192811 ], [ 256821.030196749430615, 7034998.447249973192811 ], [ 256821.030196749430615, 7035008.453631153330207 ], [ 256841.042959109210642, 7035008.453631153330207 ] ] ] } },
{ "type": "Feature", "properties": { "slope": 1 }, "geometry": { "type": "Polygon", "coordinates": [ [ [ 256715.963194360519992, 7035008.453631153330207 ], [ 256715.963194360519992, 7035003.450440563261509 ], [ 256710.960003770596813, 7035003.450440563261509 ], [ 256710.960003770596813, 7035008.453631153330207 ], [ 256715.963194360519992, 7035008.453631153330207 ] ] ] } },
{ "type": "Feature", "properties": { "slope": 1 }, "geometry": { "type": "Polygon", "coordinates": [ [ [ 256695.950432000739966, 7035013.456821742467582 ], [ 256695.950432000739966, 7035003.450440563261509 ], [ 256690.947241410787683, 7035003.450440563261509 ], [ 256690.947241410787683, 7035013.456821742467582 ], [ 256695.950432000739966, 7035013.456821742467582 ] ] ] } },
{ "type": "Feature", "properties": { "slope": 1 }, "geometry": { "type": "Polygon", "coordinates": [ [ [ 256690.947241410787683, 7035033.469584102742374 ], [ 256690.947241410787683, 7035023.463202922604978 ], [ 256685.9440508208354, 7035023.463202922604978 ], [ 256685.9440508208354, 7035013.456821742467582 ], [ 256680.940860230912222, 7035013.456821742467582 ], [ 256680.940860230912222, 7035003.450440563261509 ], [ 256675.937669640959939, 7035003.450440563261509 ], [ 256675.937669640959939, 7035018.46001233253628 ], [ 256680.940860230912222, 7035018.46001233253628 ], [ 256680.940860230912222, 7035033.469584102742374 ], [ 256690.947241410787683, 7035033.469584102742374 ] ] ] } },
{ "type": "Feature", "properties": { "slope": 1 }, "geometry": { "type": "Polygon", "coordinates": [ [ [ 256891.07486500867526, 7035043.47596528287977 ], [ 256891.07486500867526, 7035038.472774692811072 ], [ 256886.071674418722978, 7035038.472774692811072 ], [ 256886.071674418722978, 7035043.47596528287977 ], [ 256891.07486500867526, 7035043.47596528287977 ] ] ] } },
{ "type": "Feature", "properties": { "slope": 3 }, "geometry": { "type": "Polygon", "coordinates": [ [ [ 256911.087627368455287, 7035073.495108822360635 ], [ 256911.087627368455287, 7035068.491918232291937 ], [ 256916.09081795840757, 7035068.491918232291937 ], [ 256916.09081795840757, 7035063.488727642223239 ], [ 256921.094008548359852, 7035063.488727642223239 ], [ 256921.094008548359852, 7035058.485537052154541 ], [ 256926.097199138312135, 7035058.485537052154541 ], [ 256926.097199138312135, 7035053.482346462085843 ], [ 256931.100389728264417, 7035053.482346462085843 ], [ 256931.100389728264417, 7035023.463202922604978 ], [ 256926.097199138312135, 7035023.463202922604978 ], [ 256926.097199138312135, 7035018.46001233253628 ], [ 256921.094008548359852, 7035018.46001233253628 ], [ 256921.094008548359852, 7035023.463202922604978 ], [ 256911.087627368455287, 7035023.463202922604978 ], [ 256911.087627368455287, 7035033.469584102742374 ], [ 256906.084436778503004, 7035033.469584102742374 ], [ 256906.084436778503004, 7035038.472774692811072 ], [ 256901.081246188579826, 7035038.472774692811072 ], [ 256901.081246188579826, 7035043.47596528287977 ], [ 256891.07486500867526, 7035043.47596528287977 ], [ 256891.07486500867526, 7035048.479155872948468 ], [ 256896.078055598627543, 7035048.479155872948468 ], [ 256896.078055598627543, 7035058.485537052154541 ], [ 256901.081246188579826, 7035058.485537052154541 ], [ 256901.081246188579826, 7035073.495108822360635 ], [ 256911.087627368455287, 7035073.495108822360635 ] ] ] } },
{ "type": "Feature", "properties": { "slope": 2 }, "geometry": { "type": "Polygon", "coordinates": [ [ [ 256811.02381556952605, 7035058.485537052154541 ], [ 256811.02381556952605, 7035053.482346462085843 ], [ 256806.020624979573768, 7035053.482346462085843 ], [ 256806.020624979573768, 7035058.485537052154541 ], [ 256811.02381556952605, 7035058.485537052154541 ] ] ] } },
{ "type": "Feature", "properties": { "slope": 3 }, "geometry": { "type": "Polygon", "coordinates": [ [ [ 256791.011053209746024, 7035108.517442951910198 ], [ 256791.011053209746024, 7035103.5142523618415 ], [ 256796.014243799669202, 7035103.5142523618415 ], [ 256796.014243799669202, 7035098.511061771772802 ], [ 256801.017434389621485, 7035098.511061771772802 ], [ 256801.017434389621485, 7035093.507871181704104 ], [ 256806.020624979573768, 7035093.507871181704104 ], [ 256806.020624979573768, 7035088.504680592566729 ], [ 256811.02381556952605, 7035088.504680592566729 ], [ 256811.02381556952605, 7035083.501490002498031 ], [ 256821.030196749430615, 7035083.501490002498031 ], [ 256821.030196749430615, 7035078.498299412429333 ], [ 256826.033387339353794, 7035078.498299412429333 ], [ 256826.033387339353794, 7035073.495108822360635 ], [ 256821.030196749430615, 7035073.495108822360635 ], [ 256821.030196749430615, 7035068.491918232291937 ], [ 256816.027006159478333, 7035068.491918232291937 ], [ 256816.027006159478333, 7035063.488727642223239 ], [ 256811.02381556952605, 7035063.488727642223239 ], [ 256811.02381556952605, 7035058.485537052154541 ], [ 256806.020624979573768, 7035058.485537052154541 ], [ 256806.020624979573768, 7035053.482346462085843 ], [ 256786.007862619793741, 7035053.482346462085843 ], [ 256786.007862619793741, 7035063.488727642223239 ], [ 256770.998290849936893, 7035063.488727642223239 ], [ 256770.998290849936893, 7035068.491918232291937 ], [ 256750.985528490156867, 7035068.491918232291937 ], [ 256750.985528490156867, 7035088.504680592566729 ], [ 256755.988719080109149, 7035088.504680592566729 ], [ 256755.988719080109149, 7035098.511061771772802 ], [ 256760.991909670061432, 7035098.511061771772802 ], [ 256760.991909670061432, 7035103.5142523618415 ], [ 256765.995100260013714, 7035103.5142523618415 ], [ 256765.995100260013714, 7035108.517442951910198 ], [ 256791.011053209746024, 7035108.517442951910198 ] ] ] } },
{ "type": "Feature", "properties": { "slope": 3 }, "geometry": { "type": "Polygon", "coordinates": [ [ [ 256861.055721468990669, 7035123.527014722116292 ], [ 256861.055721468990669, 7035108.517442951910198 ], [ 256866.058912058942951, 7035108.517442951910198 ], [ 256866.058912058942951, 7035098.511061771772802 ], [ 256871.062102648895234, 7035098.511061771772802 ], [ 256871.062102648895234, 7035088.504680592566729 ], [ 256866.058912058942951, 7035088.504680592566729 ], [ 256866.058912058942951, 7035083.501490002498031 ], [ 256861.055721468990669, 7035083.501490002498031 ], [ 256861.055721468990669, 7035078.498299412429333 ], [ 256846.046149699162925, 7035078.498299412429333 ], [ 256846.046149699162925, 7035083.501490002498031 ], [ 256836.039768519258359, 7035083.501490002498031 ], [ 256836.039768519258359, 7035088.504680592566729 ], [ 256831.036577929306077, 7035088.504680592566729 ], [ 256831.036577929306077, 7035093.507871181704104 ], [ 256836.039768519258359, 7035093.507871181704104 ], [ 256836.039768519258359, 7035108.517442951910198 ], [ 256841.042959109210642, 7035108.517442951910198 ], [ 256841.042959109210642, 7035113.520633541978896 ], [ 256846.046149699162925, 7035113.520633541978896 ], [ 256846.046149699162925, 7035118.523824132047594 ], [ 256851.049340289086103, 7035118.523824132047594 ], [ 256851.049340289086103, 7035123.527014722116292 ], [ 256861.055721468990669, 7035123.527014722116292 ] ] ] } },
{ "type": "Feature", "properties": { "slope": 1 }, "geometry": { "type": "Polygon", "coordinates": [ [ [ 256891.07486500867526, 7035173.558920620940626 ], [ 256891.07486500867526, 7035153.546158261597157 ], [ 256886.071674418722978, 7035153.546158261597157 ], [ 256886.071674418722978, 7035173.558920620940626 ], [ 256891.07486500867526, 7035173.558920620940626 ] ] ] } },
{ "type": "Feature", "properties": { "slope": 3 }, "geometry": { "type": "Polygon", "coordinates": [ [ [ 256901.081246188579826, 7035288.63230418972671 ], [ 256901.081246188579826, 7035283.629113599658012 ], [ 256906.084436778503004, 7035283.629113599658012 ], [ 256906.084436778503004, 7035278.625923010520637 ], [ 256911.087627368455287, 7035278.625923010520637 ], [ 256911.087627368455287, 7035273.622732420451939 ], [ 256916.09081795840757, 7035273.622732420451939 ], [ 256916.09081795840757, 7035268.619541830383241 ], [ 256921.094008548359852, 7035268.619541830383241 ], [ 256921.094008548359852, 7035248.606779470108449 ], [ 256911.087627368455287, 7035248.606779470108449 ], [ 256911.087627368455287, 7035253.609970060177147 ], [ 256901.081246188579826, 7035253.609970060177147 ], [ 256901.081246188579826, 7035233.597207700833678 ], [ 256926.097199138312135, 7035233.597207700833678 ], [ 256926.097199138312135, 7035223.590826520696282 ], [ 256916.09081795840757, 7035223.590826520696282 ], [ 256916.09081795840757, 7035218.587635930627584 ], [ 256906.084436778503004, 7035218.587635930627584 ], [ 256906.084436778503004, 7035213.584445340558887 ], [ 256881.068483828770695, 7035213.584445340558887 ], [ 256881.068483828770695, 7035218.587635930627584 ], [ 256876.065293238847516, 7035218.587635930627584 ], [ 256876.065293238847516, 7035228.59401711076498 ], [ 256871.062102648895234, 7035228.59401711076498 ], [ 256871.062102648895234, 7035273.622732420451939 ], [ 256876.065293238847516, 7035273.622732420451939 ], [ 256876.065293238847516, 7035283.629113599658012 ], [ 256881.068483828770695, 7035283.629113599658012 ], [ 256881.068483828770695, 7035288.63230418972671 ], [ 256901.081246188579826, 7035288.63230418972671 ] ] ] } },
{ "type": "Feature", "properties": { "slope": 1 }, "geometry": { "type": "Polygon", "coordinates": [ [ [ 256881.068483828770695, 7035313.6482571400702 ], [ 256881.068483828770695, 7035308.645066550001502 ], [ 256871.062102648895234, 7035308.645066550001502 ], [ 256871.062102648895234, 7035313.6482571400702 ], [ 256881.068483828770695, 7035313.6482571400702 ] ] ] } },
{ "type": "Feature", "properties": { "slope": 1 }, "geometry": { "type": "Polygon", "coordinates": [ [ [ 256896.078055598627543, 7035323.654638319276273 ], [ 256896.078055598627543, 7035318.651447729207575 ], [ 256891.07486500867526, 7035318.651447729207575 ], [ 256891.07486500867526, 7035323.654638319276273 ], [ 256896.078055598627543, 7035323.654638319276273 ] ] ] } },
{ "type": "Feature", "properties": { "slope": 1 }, "geometry": { "type": "Polygon", "coordinates": [ [ [ 256906.084436778503004, 7035333.661019499413669 ], [ 256906.084436778503004, 7035328.657828909344971 ], [ 256901.081246188579826, 7035328.657828909344971 ], [ 256901.081246188579826, 7035333.661019499413669 ], [ 256906.084436778503004, 7035333.661019499413669 ] ] ] } },
{ "type": "Feature", "properties": { "slope": 1 }, "geometry": { "type": "Polygon", "coordinates": [ [ [ 256896.078055598627543, 7035378.689734809100628 ], [ 256896.078055598627543, 7035363.680163038894534 ], [ 256901.081246188579826, 7035363.680163038894534 ], [ 256901.081246188579826, 7035343.667400679551065 ], [ 256896.078055598627543, 7035343.667400679551065 ], [ 256896.078055598627543, 7035333.661019499413669 ], [ 256891.07486500867526, 7035333.661019499413669 ], [ 256891.07486500867526, 7035368.683353628963232 ], [ 256886.071674418722978, 7035368.683353628963232 ], [ 256886.071674418722978, 7035378.689734809100628 ], [ 256896.078055598627543, 7035378.689734809100628 ] ] ] } },
{ "type": "Feature", "properties": { "slope": 1 }, "geometry": { "type": "Polygon", "coordinates": [ [ [ 256891.07486500867526, 7035398.702497168444097 ], [ 256891.07486500867526, 7035383.692925399169326 ], [ 256886.071674418722978, 7035383.692925399169326 ], [ 256886.071674418722978, 7035398.702497168444097 ], [ 256891.07486500867526, 7035398.702497168444097 ] ] ] } },
{ "type": "Feature", "properties": { "slope": 1 }, "geometry": { "type": "Polygon", "coordinates": [ [ [ 256891.07486500867526, 7035413.712068938650191 ], [ 256891.07486500867526, 7035403.705687758512795 ], [ 256881.068483828770695, 7035403.705687758512795 ], [ 256881.068483828770695, 7035408.708878348581493 ], [ 256886.071674418722978, 7035408.708878348581493 ], [ 256886.071674418722978, 7035413.712068938650191 ], [ 256891.07486500867526, 7035413.712068938650191 ] ] ] } },
{ "type": "Feature", "properties": { "slope": 1 }, "geometry": { "type": "Polygon", "coordinates": [ [ [ 256891.07486500867526, 7035473.750356017611921 ], [ 256891.07486500867526, 7035468.747165428474545 ], [ 256886.071674418722978, 7035468.747165428474545 ], [ 256886.071674418722978, 7035473.750356017611921 ], [ 256891.07486500867526, 7035473.750356017611921 ] ] ] } },
{ "type": "Feature", "properties": { "slope": 1 }, "geometry": { "type": "Polygon", "coordinates": [ [ [ 257041.17058270709822, 7035238.600398290902376 ], [ 257041.17058270709822, 7035233.597207700833678 ], [ 257031.164201527193654, 7035233.597207700833678 ], [ 257031.164201527193654, 7035238.600398290902376 ], [ 257041.17058270709822, 7035238.600398290902376 ] ] ] } },
{ "type": "Feature", "properties": { "slope": 4 }, "geometry": { "type": "Polygon", "coordinates": [ [ [ 256911.087627368455287, 7035253.609970060177147 ], [ 256911.087627368455287, 7035248.606779470108449 ], [ 256926.097199138312135, 7035248.606779470108449 ], [ 256926.097199138312135, 7035243.603588880039752 ], [ 256931.100389728264417, 7035243.603588880039752 ], [ 256931.100389728264417, 7035238.600398290902376 ], [ 256926.097199138312135, 7035238.600398290902376 ], [ 256926.097199138312135, 7035233.597207700833678 ], [ 256901.081246188579826, 7035233.597207700833678 ], [ 256901.081246188579826, 7035253.609970060177147 ], [ 256911.087627368455287, 7035253.609970060177147 ] ] ] } },
{ "type": "Feature", "properties": { "slope": 1 }, "geometry": { "type": "Polygon", "coordinates": [ [ [ 257041.17058270709822, 7035253.609970060177147 ], [ 257041.17058270709822, 7035248.606779470108449 ], [ 257036.167392117145937, 7035248.606779470108449 ], [ 257036.167392117145937, 7035253.609970060177147 ], [ 257041.17058270709822, 7035253.609970060177147 ] ] ] } },
{ "type": "Feature", "properties": { "slope": 2 }, "geometry": { "type": "Polygon", "coordinates": [ [ [ 256921.094008548359852, 7035273.622732420451939 ], [ 256921.094008548359852, 7035268.619541830383241 ], [ 256916.09081795840757, 7035268.619541830383241 ], [ 256916.09081795840757, 7035273.622732420451939 ], [ 256921.094008548359852, 7035273.622732420451939 ] ] ] } },
{ "type": "Feature", "properties": { "slope": 3 }, "geometry": { "type": "Polygon", "coordinates": [ [ [ 257031.164201527193654, 7035293.635494779795408 ], [ 257031.164201527193654, 7035278.625923010520637 ], [ 257016.154629757336807, 7035278.625923010520637 ], [ 257016.154629757336807, 7035273.622732420451939 ], [ 257006.148248577461345, 7035273.622732420451939 ], [ 257006.148248577461345, 7035268.619541830383241 ], [ 256991.138676807604497, 7035268.619541830383241 ], [ 256991.138676807604497, 7035278.625923010520637 ], [ 256996.14186739755678, 7035278.625923010520637 ], [ 256996.14186739755678, 7035283.629113599658012 ], [ 257006.148248577461345, 7035283.629113599658012 ], [ 257006.148248577461345, 7035288.63230418972671 ], [ 257011.151439167413628, 7035288.63230418972671 ], [ 257011.151439167413628, 7035293.635494779795408 ], [ 257031.164201527193654, 7035293.635494779795408 ] ] ] } },
{ "type": "Feature", "properties": { "slope": 1 }, "geometry": { "type": "Polygon", "coordinates": [ [ [ 257001.145057987509063, 7035313.6482571400702 ], [ 257001.145057987509063, 7035308.645066550001502 ], [ 256996.14186739755678, 7035308.645066550001502 ], [ 256996.14186739755678, 7035313.6482571400702 ], [ 257001.145057987509063, 7035313.6482571400702 ] ] ] } },
{ "type": "Feature", "properties": { "slope": 1 }, "geometry": { "type": "Polygon", "coordinates": [ [ [ 257006.148248577461345, 7035348.670591269619763 ], [ 257006.148248577461345, 7035333.661019499413669 ], [ 257011.151439167413628, 7035333.661019499413669 ], [ 257011.151439167413628, 7035328.657828909344971 ], [ 257006.148248577461345, 7035328.657828909344971 ], [ 257006.148248577461345, 7035313.6482571400702 ], [ 257001.145057987509063, 7035313.6482571400702 ], [ 257001.145057987509063, 7035348.670591269619763 ], [ 257006.148248577461345, 7035348.670591269619763 ] ] ] } },
{ "type": "Feature", "properties": { "slope": 1 }, "geometry": { "type": "Polygon", "coordinates": [ [ [ 256941.106770908139879, 7035338.664210089482367 ], [ 256941.106770908139879, 7035328.657828909344971 ], [ 256936.103580318187596, 7035328.657828909344971 ], [ 256936.103580318187596, 7035338.664210089482367 ], [ 256941.106770908139879, 7035338.664210089482367 ] ] ] } },
{ "type": "Feature", "properties": { "slope": 1 }, "geometry": { "type": "Polygon", "coordinates": [ [ [ 256946.109961498092161, 7035353.673781859688461 ], [ 256946.109961498092161, 7035343.667400679551065 ], [ 256941.106770908139879, 7035343.667400679551065 ], [ 256941.106770908139879, 7035353.673781859688461 ], [ 256946.109961498092161, 7035353.673781859688461 ] ] ] } },
{ "type": "Feature", "properties": { "slope": 2 }, "geometry": { "type": "Polygon", "coordinates": [ [ [ 257231.291825125081232, 7035228.59401711076498 ], [ 257231.291825125081232, 7035248.606779470108449 ], [ 257206.275872175348923, 7035248.606779470108449 ], [ 257206.275872175348923, 7035253.609970060177147 ], [ 257176.256728635664331, 7035253.609970060177147 ], [ 257176.256728635664331, 7035258.613160650245845 ], [ 257156.2439662758552, 7035258.613160650245845 ], [ 257156.2439662758552, 7035263.616351240314543 ], [ 257101.208869786438299, 7035263.616351240314543 ], [ 257101.208869786438299, 7035258.613160650245845 ], [ 257091.202488606562838, 7035258.613160650245845 ], [ 257091.202488606562838, 7035263.616351240314543 ], [ 257081.196107426658273, 7035263.616351240314543 ], [ 257081.196107426658273, 7035258.613160650245845 ], [ 257076.19291683670599, 7035258.613160650245845 ], [ 257076.19291683670599, 7035263.616351240314543 ], [ 257066.186535656830529, 7035263.616351240314543 ], [ 257066.186535656830529, 7035258.613160650245845 ], [ 257046.173773297021398, 7035258.613160650245845 ], [ 257046.173773297021398, 7035253.609970060177147 ], [ 257036.167392117145937, 7035253.609970060177147 ], [ 257036.167392117145937, 7035248.606779470108449 ], [ 257011.151439167413628, 7035248.606779470108449 ], [ 257011.151439167413628, 7035253.609970060177147 ], [ 256991.138676807604497, 7035253.609970060177147 ], [ 256991.138676807604497, 7035258.613160650245845 ], [ 256986.135486217681319, 7035258.613160650245845 ], [ 256986.135486217681319, 7035263.616351240314543 ], [ 256976.129105037776753, 7035263.616351240314543 ], [ 256976.129105037776753, 7035268.619541830383241 ], [ 256966.122723857872188, 7035268.619541830383241 ], [ 256966.122723857872188, 7035278.625923010520637 ], [ 256971.125914447824471, 7035278.625923010520637 ], [ 256971.125914447824471, 7035283.629113599658012 ], [ 256976.129105037776753, 7035283.629113599658012 ], [ 256976.129105037776753, 7035288.63230418972671 ], [ 256981.132295627729036, 7035288.63230418972671 ], [ 256981.132295627729036, 7035298.638685369864106 ], [ 256986.135486217681319, 7035298.638685369864106 ], [ 256986.135486217681319, 7035303.641875959932804 ], [ 256991.138676807604497, 7035303.641875959932804 ], [ 256991.138676807604497, 7035308.645066550001502 ], [ 257001.145057987509063, 7035308.645066550001502 ], [ 257001.145057987509063, 7035313.6482571400702 ], [ 257006.148248577461345, 7035313.6482571400702 ], [ 257006.148248577461345, 7035328.657828909344971 ], [ 257011.151439167413628, 7035328.657828909344971 ], [ 257011.151439167413628, 7035333.661019499413669 ], [ 257006.148248577461345, 7035333.661019499413669 ], [ 257006.148248577461345, 7035348.670591269619763 ], [ 257011.151439167413628, 7035348.670591269619763 ], [ 257011.151439167413628, 7035358.676972448825836 ], [ 257016.154629757336807, 7035358.676972448825836 ], [ 257016.154629757336807, 7035373.68654421903193 ], [ 257021.157820347289089, 7035373.68654421903193 ], [ 257021.157820347289089, 7035383.692925399169326 ], [ 257026.161010937241372, 7035383.692925399169326 ], [ 257026.161010937241372, 7035393.699306579306722 ], [ 257016.154629757336807, 7035393.699306579306722 ], [ 257016.154629757336807, 7035408.708878348581493 ], [ 257011.151439167413628, 7035408.708878348581493 ], [ 257011.151439167413628, 7035413.712068938650191 ], [ 257016.154629757336807, 7035413.712068938650191 ], [ 257016.154629757336807, 7035423.718450118787587 ], [ 257026.161010937241372, 7035423.718450118787587 ], [ 257026.161010937241372, 7035428.721640708856285 ], [ 257036.167392117145937, 7035428.721640708856285 ], [ 257036.167392117145937, 7035433.72483129799366 ], [ 257041.17058270709822, 7035433.72483129799366 ], [ 257041.17058270709822, 7035438.728021888062358 ], [ 257051.176963886973681, 7035438.728021888062358 ], [ 257051.176963886973681, 7035443.731212478131056 ], [ 257056.180154476925964, 7035443.731212478131056 ], [ 257056.180154476925964, 7035448.734403068199754 ], [ 257061.183345066878246, 7035448.734403068199754 ], [ 257061.183345066878246, 7035468.747165428474545 ], [ 257066.186535656830529, 7035468.747165428474545 ], [ 257066.186535656830529, 7035473.750356017611921 ], [ 257081.196107426658273, 7035473.750356017611921 ], [ 257081.196107426658273, 7035468.747165428474545 ], [ 257116.218441556295147, 7035468.747165428474545 ], [ 257116.218441556295147, 7035463.743974838405848 ], [ 257121.22163214624743, 7035463.743974838405848 ], [ 257121.22163214624743, 7035458.74078424833715 ], [ 257126.224822736170609, 7035458.74078424833715 ], [ 257126.224822736170609, 7035453.737593658268452 ], [ 257131.228013326122891, 7035453.737593658268452 ], [ 257131.228013326122891, 7035448.734403068199754 ], [ 257141.234394506027456, 7035448.734403068199754 ], [ 257141.234394506027456, 7035443.731212478131056 ], [ 257146.237585095979739, 7035443.731212478131056 ], [ 257146.237585095979739, 7035438.728021888062358 ], [ 257151.240775685932022, 7035438.728021888062358 ], [ 257151.240775685932022, 7035433.72483129799366 ], [ 257156.2439662758552, 7035433.72483129799366 ], [ 257156.2439662758552, 7035428.721640708856285 ], [ 257161.247156865807483, 7035428.721640708856285 ], [ 257161.247156865807483, 7035423.718450118787587 ], [ 257171.253538045712048, 7035423.718450118787587 ], [ 257171.253538045712048, 7035413.712068938650191 ], [ 257181.25991922558751, 7035413.712068938650191 ], [ 257181.25991922558751, 7035408.708878348581493 ], [ 257186.263109815539792, 7035408.708878348581493 ], [ 257186.263109815539792, 7035403.705687758512795 ], [ 257196.269490995444357, 7035403.705687758512795 ], [ 257196.269490995444357, 7035398.702497168444097 ], [ 257201.10721974860644, 7035398.702497168444097 ], [ 257212.082582871458726, 7035379.840170838870108 ], [ 257224.323519611061784, 7035353.065020666457713 ], [ 257233.881089242728194, 7035325.218978546559811 ], [ 257240.663247146178037, 7035296.570217086933553 ], [ 257244.604677433293546, 7035267.394639520905912 ], [ 257245.66742197581334, 7035237.973222610540688 ], [ 257245.084515242837369, 7035228.59401711076498 ], [ 257231.291825125081232, 7035228.59401711076498 ] ], [ [ 257011.151439167413628, 7035288.63230418972671 ], [ 257006.148248577461345, 7035288.63230418972671 ], [ 257006.148248577461345, 7035283.629113599658012 ], [ 256996.14186739755678, 7035283.629113599658012 ], [ 256996.14186739755678, 7035278.625923010520637 ], [ 256991.138676807604497, 7035278.625923010520637 ], [ 256991.138676807604497, 7035268.619541830383241 ], [ 257006.148248577461345, 7035268.619541830383241 ], [ 257006.148248577461345, 7035273.622732420451939 ], [ 257016.154629757336807, 7035273.622732420451939 ], [ 257016.154629757336807, 7035278.625923010520637 ], [ 257031.164201527193654, 7035278.625923010520637 ], [ 257031.164201527193654, 7035293.635494779795408 ], [ 257011.151439167413628, 7035293.635494779795408 ], [ 257011.151439167413628, 7035288.63230418972671 ] ] ] } },
{ "type": "Feature", "properties": { "slope": 2 }, "geometry": { "type": "Polygon", "coordinates": [ [ [ 256856.052530879038386, 7035533.788643097504973 ], [ 256871.062102648895234, 7035533.788643097504973 ], [ 256871.062102648895234, 7035528.785452507436275 ], [ 256876.065293238847516, 7035528.785452507436275 ], [ 256876.065293238847516, 7035523.782261917367578 ], [ 256881.068483828770695, 7035523.782261917367578 ], [ 256881.068483828770695, 7035518.77907132729888 ], [ 256886.071674418722978, 7035518.77907132729888 ], [ 256886.071674418722978, 7035513.775880737230182 ], [ 256891.07486500867526, 7035513.775880737230182 ], [ 256891.07486500867526, 7035503.769499558024108 ], [ 256896.078055598627543, 7035503.769499558024108 ], [ 256896.078055598627543, 7035493.763118377886713 ], [ 256901.081246188579826, 7035493.763118377886713 ], [ 256901.081246188579826, 7035488.759927787818015 ], [ 256906.084436778503004, 7035488.759927787818015 ], [ 256906.084436778503004, 7035483.756737197749317 ], [ 256911.087627368455287, 7035483.756737197749317 ], [ 256911.087627368455287, 7035473.750356017611921 ], [ 256916.09081795840757, 7035473.750356017611921 ], [ 256916.09081795840757, 7035468.747165428474545 ], [ 256921.094008548359852, 7035468.747165428474545 ], [ 256921.094008548359852, 7035463.743974838405848 ], [ 256926.097199138312135, 7035463.743974838405848 ], [ 256926.097199138312135, 7035438.728021888062358 ], [ 256921.094008548359852, 7035438.728021888062358 ], [ 256921.094008548359852, 7035413.712068938650191 ], [ 256916.09081795840757, 7035413.712068938650191 ], [ 256916.09081795840757, 7035408.708878348581493 ], [ 256921.094008548359852, 7035408.708878348581493 ], [ 256921.094008548359852, 7035378.689734809100628 ], [ 256926.097199138312135, 7035378.689734809100628 ], [ 256926.097199138312135, 7035373.68654421903193 ], [ 256931.100389728264417, 7035373.68654421903193 ], [ 256931.100389728264417, 7035363.680163038894534 ], [ 256936.103580318187596, 7035363.680163038894534 ], [ 256936.103580318187596, 7035358.676972448825836 ], [ 256941.106770908139879, 7035358.676972448825836 ], [ 256941.106770908139879, 7035338.664210089482367 ], [ 256936.103580318187596, 7035338.664210089482367 ], [ 256936.103580318187596, 7035313.6482571400702 ], [ 256916.09081795840757, 7035313.6482571400702 ], [ 256916.09081795840757, 7035318.651447729207575 ], [ 256911.087627368455287, 7035318.651447729207575 ], [ 256911.087627368455287, 7035323.654638319276273 ], [ 256906.084436778503004, 7035323.654638319276273 ], [ 256906.084436778503004, 7035333.661019499413669 ], [ 256901.081246188579826, 7035333.661019499413669 ], [ 256901.081246188579826, 7035363.680163038894534 ], [ 256896.078055598627543, 7035363.680163038894534 ], [ 256896.078055598627543, 7035378.689734809100628 ], [ 256886.071674418722978, 7035378.689734809100628 ], [ 256886.071674418722978, 7035368.683353628963232 ], [ 256891.07486500867526, 7035368.683353628963232 ], [ 256891.07486500867526, 7035333.661019499413669 ], [ 256896.078055598627543, 7035333.661019499413669 ], [ 256896.078055598627543, 7035323.654638319276273 ], [ 256891.07486500867526, 7035323.654638319276273 ], [ 256891.07486500867526, 7035313.6482571400702 ], [ 256871.062102648895234, 7035313.6482571400702 ], [ 256871.062102648895234, 7035308.645066550001502 ], [ 256906.084436778503004, 7035308.645066550001502 ], [ 256906.084436778503004, 7035303.641875959932804 ], [ 256911.087627368455287, 7035303.641875959932804 ], [ 256911.087627368455287, 7035298.638685369864106 ], [ 256916.09081795840757, 7035298.638685369864106 ], [ 256916.09081795840757, 7035273.622732420451939 ], [ 256911.087627368455287, 7035273.622732420451939 ], [ 256911.087627368455287, 7035278.625923010520637 ], [ 256906.084436778503004, 7035278.625923010520637 ], [ 256906.084436778503004, 7035283.629113599658012 ], [ 256901.081246188579826, 7035283.629113599658012 ], [ 256901.081246188579826, 7035288.63230418972671 ], [ 256881.068483828770695, 7035288.63230418972671 ], [ 256881.068483828770695, 7035283.629113599658012 ], [ 256876.065293238847516, 7035283.629113599658012 ], [ 256876.065293238847516, 7035273.622732420451939 ], [ 256871.062102648895234, 7035273.622732420451939 ], [ 256871.062102648895234, 7035228.59401711076498 ], [ 256876.065293238847516, 7035228.59401711076498 ], [ 256876.065293238847516, 7035218.587635930627584 ], [ 256881.068483828770695, 7035218.587635930627584 ], [ 256881.068483828770695, 7035213.584445340558887 ], [ 256906.084436778503004, 7035213.584445340558887 ], [ 256906.084436778503004, 7035218.587635930627584 ], [ 256916.09081795840757, 7035218.587635930627584 ], [ 256916.09081795840757, 7035223.590826520696282 ], [ 256921.094008548359852, 7035223.590826520696282 ], [ 256921.094008548359852, 7035213.584445340558887 ], [ 256916.09081795840757, 7035213.584445340558887 ], [ 256916.09081795840757, 7035208.581254750490189 ], [ 256911.087627368455287, 7035208.581254750490189 ], [ 256911.087627368455287, 7035203.578064160421491 ], [ 256906.084436778503004, 7035203.578064160421491 ], [ 256906.084436778503004, 7035198.574873571284115 ], [ 256901.081246188579826, 7035198.574873571284115 ], [ 256901.081246188579826, 7035193.571682981215417 ], [ 256896.078055598627543, 7035193.571682981215417 ], [ 256896.078055598627543, 7035183.565301801078022 ], [ 256891.07486500867526, 7035183.565301801078022 ], [ 256891.07486500867526, 7035173.558920620940626 ], [ 256886.071674418722978, 7035173.558920620940626 ], [ 256886.071674418722978, 7035128.530205311253667 ], [ 256881.068483828770695, 7035128.530205311253667 ], [ 256881.068483828770695, 7035123.527014722116292 ], [ 256876.065293238847516, 7035123.527014722116292 ], [ 256876.065293238847516, 7035113.520633541978896 ], [ 256871.062102648895234, 7035113.520633541978896 ], [ 256871.062102648895234, 7035098.511061771772802 ], [ 256866.058912058942951, 7035098.511061771772802 ], [ 256866.058912058942951, 7035108.517442951910198 ], [ 256861.055721468990669, 7035108.517442951910198 ], [ 256861.055721468990669, 7035123.527014722116292 ], [ 256851.049340289086103, 7035123.527014722116292 ], [ 256851.049340289086103, 7035118.523824132047594 ], [ 256846.046149699162925, 7035118.523824132047594 ], [ 256846.046149699162925, 7035113.520633541978896 ], [ 256841.042959109210642, 7035113.520633541978896 ], [ 256841.042959109210642, 7035108.517442951910198 ], [ 256836.039768519258359, 7035108.517442951910198 ], [ 256836.039768519258359, 7035093.507871181704104 ], [ 256831.036577929306077, 7035093.507871181704104 ], [ 256831.036577929306077, 7035088.504680592566729 ], [ 256836.039768519258359, 7035088.504680592566729 ], [ 256836.039768519258359, 7035083.501490002498031 ], [ 256846.046149699162925, 7035083.501490002498031 ], [ 256846.046149699162925, 7035073.495108822360635 ], [ 256841.042959109210642, 7035073.495108822360635 ], [ 256841.042959109210642, 7035078.498299412429333 ], [ 256836.039768519258359, 7035078.498299412429333 ], [ 256836.039768519258359, 7035073.495108822360635 ], [ 256831.036577929306077, 7035073.495108822360635 ], [ 256831.036577929306077, 7035068.491918232291937 ], [ 256826.033387339353794, 7035068.491918232291937 ], [ 256826.033387339353794, 7035063.488727642223239 ], [ 256821.030196749430615, 7035063.488727642223239 ], [ 256821.030196749430615, 7035058.485537052154541 ], [ 256811.02381556952605, 7035058.485537052154541 ], [ 256811.02381556952605, 7035063.488727642223239 ], [ 256816.027006159478333, 7035063.488727642223239 ], [ 256816.027006159478333, 7035068.491918232291937 ], [ 256821.030196749430615, 7035068.491918232291937 ], [ 256821.030196749430615, 7035073.495108822360635 ], [ 256826.033387339353794, 7035073.495108822360635 ], [ 256826.033387339353794, 7035078.498299412429333 ], [ 256821.030196749430615, 7035078.498299412429333 ], [ 256821.030196749430615, 7035083.501490002498031 ], [ 256811.02381556952605, 7035083.501490002498031 ], [ 256811.02381556952605, 7035088.504680592566729 ], [ 256806.020624979573768, 7035088.504680592566729 ], [ 256806.020624979573768, 7035093.507871181704104 ], [ 256801.017434389621485, 7035093.507871181704104 ], [ 256801.017434389621485, 7035098.511061771772802 ], [ 256796.014243799669202, 7035098.511061771772802 ], [ 256796.014243799669202, 7035103.5142523618415 ], [ 256791.011053209746024, 7035103.5142523618415 ], [ 256791.011053209746024, 7035108.517442951910198 ], [ 256765.995100260013714, 7035108.517442951910198 ], [ 256765.995100260013714, 7035103.5142523618415 ], [ 256760.991909670061432, 7035103.5142523618415 ], [ 256760.991909670061432, 7035098.511061771772802 ], [ 256755.988719080109149, 7035098.511061771772802 ], [ 256755.988719080109149, 7035088.504680592566729 ], [ 256750.985528490156867, 7035088.504680592566729 ], [ 256750.985528490156867, 7035068.491918232291937 ], [ 256770.998290849936893, 7035068.491918232291937 ], [ 256770.998290849936893, 7035063.488727642223239 ], [ 256786.007862619793741, 7035063.488727642223239 ], [ 256786.007862619793741, 7035058.485537052154541 ], [ 256765.995100260013714, 7035058.485537052154541 ], [ 256765.995100260013714, 7035053.482346462085843 ], [ 256750.985528490156867, 7035053.482346462085843 ], [ 256750.985528490156867, 7035048.479155872948468 ], [ 256745.982337900204584, 7035048.479155872948468 ], [ 256745.982337900204584, 7035043.47596528287977 ], [ 256740.979147310252301, 7035043.47596528287977 ], [ 256740.979147310252301, 7035038.472774692811072 ], [ 256735.975956720329123, 7035038.472774692811072 ], [ 256735.975956720329123, 7035028.466393512673676 ], [ 256730.97276613037684, 7035028.466393512673676 ], [ 256730.97276613037684, 7035023.463202922604978 ], [ 256725.969575540424557, 7035023.463202922604978 ], [ 256725.969575540424557, 7035018.46001233253628 ], [ 256720.966384950472275, 7035018.46001233253628 ], [ 256720.966384950472275, 7035013.456821742467582 ], [ 256715.963194360519992, 7035013.456821742467582 ], [ 256715.963194360519992, 7035008.453631153330207 ], [ 256710.960003770596813, 7035008.453631153330207 ], [ 256710.960003770596813, 7034993.444059383124113 ], [ 256705.956813180644531, 7034993.444059383124113 ], [ 256705.956813180644531, 7034988.440868793055415 ], [ 256700.953622590692248, 7034988.440868793055415 ], [ 256700.953622590692248, 7034998.447249973192811 ], [ 256695.950432000739966, 7034998.447249973192811 ], [ 256695.950432000739966, 7035013.456821742467582 ], [ 256690.947241410787683, 7035013.456821742467582 ], [ 256690.947241410787683, 7035033.469584102742374 ], [ 256680.940860230912222, 7035033.469584102742374 ], [ 256680.940860230912222, 7035018.46001233253628 ], [ 256675.937669640959939, 7035018.46001233253628 ], [ 256675.937669640959939, 7035003.450440563261509 ], [ 256680.940860230912222, 7035003.450440563261509 ], [ 256680.940860230912222, 7034968.428106433711946 ], [ 256675.937669640959939, 7034968.428106433711946 ], [ 256675.937669640959939, 7034953.418534663505852 ], [ 256670.934479051007656, 7034953.418534663505852 ], [ 256670.934479051007656, 7034948.415344073437154 ], [ 256665.931288461055374, 7034948.415344073437154 ], [ 256665.931288461055374, 7034943.412153483368456 ], [ 256650.92171669122763, 7034943.412153483368456 ], [ 256650.92171669122763, 7034948.415344073437154 ], [ 256635.912144921370782, 7034948.415344073437154 ], [ 256635.912144921370782, 7034943.412153483368456 ], [ 256630.908954331418499, 7034943.412153483368456 ], [ 256630.908954331418499, 7034948.415344073437154 ], [ 256625.905763741495321, 7034948.415344073437154 ], [ 256625.905763741495321, 7034988.440868793055415 ], [ 256620.902573151543038, 7034988.440868793055415 ], [ 256620.902573151543038, 7035003.450440563261509 ], [ 256615.899382561590755, 7035003.450440563261509 ], [ 256615.899382561590755, 7034988.440868793055415 ], [ 256610.896191971638473, 7034988.440868793055415 ], [ 256610.896191971638473, 7034973.431297023780644 ], [ 256590.883429611858446, 7034973.431297023780644 ], [ 256590.883429611858446, 7034968.428106433711946 ], [ 256595.886620201810729, 7034968.428106433711946 ], [ 256595.886620201810729, 7034953.418534663505852 ], [ 256590.883429611858446, 7034953.418534663505852 ], [ 256590.883429611858446, 7034938.408962893299758 ], [ 256585.880239021906164, 7034938.408962893299758 ], [ 256585.880239021906164, 7034878.370675814338028 ], [ 256590.883429611858446, 7034878.370675814338028 ], [ 256590.883429611858446, 7034868.364294634200633 ], [ 256585.880239021906164, 7034868.364294634200633 ], [ 256585.880239021906164, 7034863.361104044131935 ], [ 256580.877048431953881, 7034863.361104044131935 ], [ 256580.877048431953881, 7034858.357913454994559 ], [ 256565.867476662126137, 7034858.357913454994559 ], [ 256565.867476662126137, 7034848.351532274857163 ], [ 256560.864286072173854, 7034848.351532274857163 ], [ 256560.864286072173854, 7034828.338769914582372 ], [ 256555.861095482221572, 7034828.338769914582372 ], [ 256555.861095482221572, 7034823.335579324513674 ], [ 256560.864286072173854, 7034823.335579324513674 ], [ 256560.864286072173854, 7034803.322816965170205 ], [ 256565.867476662126137, 7034803.322816965170205 ], [ 256565.867476662126137, 7034788.313245194964111 ], [ 256560.864286072173854, 7034788.313245194964111 ], [ 256560.864286072173854, 7034783.310054604895413 ], [ 256555.861095482221572, 7034783.310054604895413 ], [ 256555.861095482221572, 7034773.30367342568934 ], [ 256550.857904892269289, 7034773.30367342568934 ], [ 256550.857904892269289, 7034753.290911065414548 ], [ 256545.85471430234611, 7034753.290911065414548 ], [ 256545.85471430234611, 7034743.284529886208475 ], [ 256535.848333122441545, 7034743.284529886208475 ], [ 256535.848333122441545, 7034738.281339296139777 ], [ 256530.845142532489263, 7034738.281339296139777 ], [ 256530.845142532489263, 7034728.274958116002381 ], [ 256525.84195194253698, 7034728.274958116002381 ], [ 256525.84195194253698, 7034723.271767525933683 ], [ 256520.838761352584697, 7034723.271767525933683 ], [ 256520.838761352584697, 7034718.268576935864985 ], [ 256515.835570762661519, 7034718.268576935864985 ], [ 256515.835570762661519, 7034708.262195755727589 ], [ 256510.832380172709236, 7034708.262195755727589 ], [ 256510.832380172709236, 7034703.259005166590214 ], [ 256505.829189582756953, 7034703.259005166590214 ], [ 256505.829189582756953, 7034698.255814576521516 ], [ 256500.825998992804671, 7034698.255814576521516 ], [ 256500.825998992804671, 7034693.252623986452818 ], [ 256490.819617812929209, 7034693.252623986452818 ], [ 256490.819617812929209, 7034688.24943339638412 ], [ 256455.797283683292335, 7034688.24943339638412 ], [ 256455.797283683292335, 7034693.252623986452818 ], [ 256435.784521323512308, 7034693.252623986452818 ], [ 256435.784521323512308, 7034698.255814576521516 ], [ 256430.781330733560026, 7034698.255814576521516 ], [ 256430.781330733560026, 7034703.259005166590214 ], [ 256425.778140143607743, 7034703.259005166590214 ], [ 256425.778140143607743, 7034708.262195755727589 ], [ 256415.771758963703178, 7034708.262195755727589 ], [ 256415.771758963703178, 7034703.259005166590214 ], [ 256405.765377783827716, 7034703.259005166590214 ], [ 256405.765377783827716, 7034698.255814576521516 ], [ 256400.762187193875434, 7034698.255814576521516 ], [ 256400.762187193875434, 7034693.252623986452818 ], [ 256395.758996603923151, 7034693.252623986452818 ], [ 256395.758996603923151, 7034688.24943339638412 ], [ 256390.755806013970869, 7034688.24943339638412 ], [ 256390.755806013970869, 7034683.246242806315422 ], [ 256385.752615424018586, 7034683.246242806315422 ], [ 256385.752615424018586, 7034678.243052216246724 ], [ 256370.743043654190842, 7034678.243052216246724 ], [ 256370.743043654190842, 7034683.246242806315422 ], [ 256365.739853064238559, 7034683.246242806315422 ], [ 256365.739853064238559, 7034678.243052216246724 ], [ 256355.733471884333994, 7034678.243052216246724 ], [ 256355.733471884333994, 7034673.239861626178026 ], [ 256350.730281294410815, 7034673.239861626178026 ], [ 256350.730281294410815, 7034663.233480446971953 ], [ 256345.727090704458533, 7034663.233480446971953 ], [ 256345.727090704458533, 7034653.227099266834557 ], [ 256340.72390011450625, 7034653.227099266834557 ], [ 256340.72390011450625, 7034618.204765137284994 ], [ 256345.727090704458533, 7034618.204765137284994 ], [ 256345.727090704458533, 7034613.201574547216296 ], [ 256350.730281294410815, 7034613.201574547216296 ], [ 256350.730281294410815, 7034608.198383957147598 ], [ 256365.739853064238559, 7034608.198383957147598 ], [ 256365.739853064238559, 7034603.1951933670789 ], [ 256360.736662474286277, 7034603.1951933670789 ], [ 256360.736662474286277, 7034598.192002777010202 ], [ 256355.733471884333994, 7034598.192002777010202 ], [ 256355.733471884333994, 7034593.188812186941504 ], [ 256345.727090704458533, 7034593.188812186941504 ], [ 256345.727090704458533, 7034588.185621597804129 ], [ 256340.72390011450625, 7034588.185621597804129 ], [ 256340.72390011450625, 7034583.182431007735431 ], [ 256335.720709524553968, 7034583.182431007735431 ], [ 256335.720709524553968, 7034578.179240417666733 ], [ 256325.714328344678506, 7034578.179240417666733 ], [ 256325.714328344678506, 7034573.176049827598035 ], [ 256310.704756574821658, 7034573.176049827598035 ], [ 256310.704756574821658, 7034568.172859237529337 ], [ 256290.691994215041632, 7034568.172859237529337 ], [ 256290.691994215041632, 7034563.169668647460639 ], [ 256285.688803625089349, 7034563.169668647460639 ], [ 256285.688803625089349, 7034558.166478057391942 ], [ 256280.685613035137067, 7034558.166478057391942 ], [ 256280.685613035137067, 7034548.160096878185868 ], [ 256275.682422445184784, 7034548.160096878185868 ], [ 256275.682422445184784, 7034543.15690628811717 ], [ 256280.685613035137067, 7034543.15690628811717 ], [ 256280.685613035137067, 7034533.150525107979774 ], [ 256285.688803625089349, 7034533.150525107979774 ], [ 256285.688803625089349, 7034528.147334517911077 ], [ 256275.682422445184784, 7034528.147334517911077 ], [ 256275.682422445184784, 7034533.150525107979774 ], [ 256265.676041265309323, 7034533.150525107979774 ], [ 256265.676041265309323, 7034543.15690628811717 ], [ 256255.669660085404757, 7034543.15690628811717 ], [ 256255.669660085404757, 7034548.160096878185868 ], [ 256235.656897725624731, 7034548.160096878185868 ], [ 256235.656897725624731, 7034553.163287467323244 ], [ 256230.653707135672448, 7034553.163287467323244 ], [ 256230.653707135672448, 7034558.166478057391942 ], [ 256220.647325955767883, 7034558.166478057391942 ], [ 256220.647325955767883, 7034563.169668647460639 ], [ 256215.644135365844704, 7034563.169668647460639 ], [ 256215.644135365844704, 7034568.172859237529337 ], [ 256210.640944775892422, 7034568.172859237529337 ], [ 256210.640944775892422, 7034573.176049827598035 ], [ 256205.637754185940139, 7034573.176049827598035 ], [ 256205.637754185940139, 7034578.179240417666733 ], [ 256200.634563595987856, 7034578.179240417666733 ], [ 256200.634563595987856, 7034583.182431007735431 ], [ 256195.631373006035574, 7034583.182431007735431 ], [ 256195.631373006035574, 7034588.185621597804129 ], [ 256185.624991826160112, 7034588.185621597804129 ], [ 256185.624991826160112, 7034593.188812186941504 ], [ 256180.62180123620783, 7034593.188812186941504 ], [ 256180.62180123620783, 7034598.192002777010202 ], [ 256170.615420056303265, 7034598.192002777010202 ], [ 256170.615420056303265, 7034603.1951933670789 ], [ 256160.609038876427803, 7034603.1951933670789 ], [ 256160.609038876427803, 7034608.198383957147598 ], [ 256150.602657696523238, 7034608.198383957147598 ], [ 256150.602657696523238, 7034613.201574547216296 ], [ 256140.596276516618673, 7034613.201574547216296 ], [ 256140.596276516618673, 7034618.204765137284994 ], [ 256125.586704746790929, 7034618.204765137284994 ], [ 256125.586704746790929, 7034623.207955727353692 ], [ 256081.230630721664056, 7034623.207955727353692 ], [ 256081.040879573498387, 7034625.993184147402644 ], [ 256081.044037554936949, 7034626.097887095995247 ], [ 256081.036990543303546, 7034626.20240034814924 ], [ 256081.4878122654045, 7034640.81124806497246 ], [ 256081.928444094228325, 7034655.420406718738377 ], [ 256081.941849552735221, 7034655.524295957759023 ], [ 256081.945080564502859, 7034655.628996677696705 ], [ 256082.411780565191293, 7034661.454896677285433 ], [ 256085.788808001670986, 7034688.314775068312883 ], [ 256091.57339401403442, 7034714.760870169848204 ], [ 256099.718435529357521, 7034740.577835138887167 ], [ 256102.057735529466299, 7034746.971635140478611 ], [ 256115.640570624236716, 7034778.407861232757568 ], [ 256132.71752172705601, 7034808.091315565630794 ], [ 256134.172821726620896, 7034810.316615564748645 ], [ 256150.681761738378555, 7034833.143778530880809 ], [ 256169.259122014831519, 7034854.32174242194742 ], [ 256172.510822014737641, 7034857.69504242297262 ], [ 256191.097732157068094, 7034875.395009339787066 ], [ 256211.129544410010567, 7034891.44145926926285 ], [ 256214.313744410028448, 7034893.775759269483387 ], [ 256235.959719458449399, 7034908.24334538821131 ], [ 256258.778576202836121, 7034920.779655083082616 ], [ 256282.598448266740888, 7034931.290267756208777 ], [ 256307.239929856616072, 7034939.696019890718162 ], [ 256313.079529857146554, 7034941.409019890241325 ], [ 256336.190169885405339, 7034947.202367736957967 ], [ 256353.195377959898906, 7034950.054553809575737 ], [ 256353.186633121571504, 7034950.107503011822701 ], [ 256357.454133120714687, 7034950.812303010374308 ], [ 256358.052127099654172, 7034950.869148503057659 ], [ 256359.68766530288849, 7034951.143467950634658 ], [ 256364.234765302971937, 7034951.721567950211465 ], [ 256364.268015828565694, 7034951.460032809525728 ], [ 256398.577379589551128, 7034954.721491545438766 ], [ 256402.939979590126313, 7034954.834391545504332 ], [ 256430.993061173707247, 7034954.247740433551371 ], [ 256450.343951333721634, 7034952.022840031422675 ], [ 256467.425171330367448, 7034950.395848794840276 ], [ 256496.318376556795556, 7034944.745017816312611 ], [ 256508.231792352278717, 7034941.172855883836746 ], [ 256507.50784246128751, 7034943.18833430018276 ], [ 256500.319205986976158, 7034971.737812485545874 ], [ 256495.963522971782368, 7035000.854426719248295 ], [ 256494.482741024141433, 7035030.257768091745675 ], [ 256495.891120883723488, 7035059.664666349999607 ], [ 256500.175099082582165, 7035088.791916988790035 ], [ 256507.293418568820925, 7035117.35900866240263 ], [ 256517.177526034443872, 7035145.090824661776423 ], [ 256529.73223212143057, 7035171.720292438752949 ], [ 256544.83662814705167, 7035196.990955661050975 ], [ 256562.345250520622358, 7035220.659444028511643 ], [ 256582.089481637551216, 7035242.497817058116198 ], [ 256603.879173758905381, 7035262.295759281143546 ], [ 256627.504480238014366, 7035279.862605690956116 ], [ 256645.231682403042214, 7035290.517568276263773 ], [ 256646.537342825060477, 7035300.631419222801924 ], [ 256653.150518255104544, 7035329.319659143686295 ], [ 256662.54378867597552, 7035357.221552803181112 ], [ 256674.626691758661764, 7035384.068389713764191 ], [ 256689.282862541265786, 7035409.601620159111917 ], [ 256706.371154087275499, 7035433.575345173478127 ], [ 256725.726996807730757, 7035455.758684678003192 ], [ 256747.163983356178505, 7035475.938000988215208 ], [ 256770.475663833552971, 7035493.918956255540252 ], [ 256795.437534013413824, 7035509.528384051285684 ], [ 256821.809197440365097, 7035522.615957054309547 ], [ 256849.336680579377571, 7035533.055634780786932 ], [ 256856.052530879038386, 7035534.873245946131647 ], [ 256856.052530879038386, 7035533.788643097504973 ] ], [ [ 256856.052530879038386, 7035493.763118377886713 ], [ 256861.055721468990669, 7035493.763118377886713 ], [ 256861.055721468990669, 7035498.76630896795541 ], [ 256856.052530879038386, 7035498.76630896795541 ], [ 256856.052530879038386, 7035493.763118377886713 ] ], [ [ 256886.071674418722978, 7035478.753546607680619 ], [ 256881.068483828770695, 7035478.753546607680619 ], [ 256881.068483828770695, 7035473.750356017611921 ], [ 256886.071674418722978, 7035473.750356017611921 ], [ 256886.071674418722978, 7035478.753546607680619 ] ], [ [ 256886.071674418722978, 7035468.747165428474545 ], [ 256891.07486500867526, 7035468.747165428474545 ], [ 256891.07486500867526, 7035473.750356017611921 ], [ 256886.071674418722978, 7035473.750356017611921 ], [ 256886.071674418722978, 7035468.747165428474545 ] ], [ [ 256886.071674418722978, 7035408.708878348581493 ], [ 256881.068483828770695, 7035408.708878348581493 ], [ 256881.068483828770695, 7035403.705687758512795 ], [ 256891.07486500867526, 7035403.705687758512795 ], [ 256891.07486500867526, 7035413.712068938650191 ], [ 256886.071674418722978, 7035413.712068938650191 ], [ 256886.071674418722978, 7035408.708878348581493 ] ], [ [ 256886.071674418722978, 7035383.692925399169326 ], [ 256891.07486500867526, 7035383.692925399169326 ], [ 256891.07486500867526, 7035398.702497168444097 ], [ 256886.071674418722978, 7035398.702497168444097 ], [ 256886.071674418722978, 7035383.692925399169326 ] ], [ [ 256375.746234244143125, 7034773.30367342568934 ], [ 256370.743043654190842, 7034773.30367342568934 ], [ 256370.743043654190842, 7034748.28772047534585 ], [ 256375.746234244143125, 7034748.28772047534585 ], [ 256375.746234244143125, 7034743.284529886208475 ], [ 256380.749424834095407, 7034743.284529886208475 ], [ 256380.749424834095407, 7034778.306864015758038 ], [ 256375.746234244143125, 7034778.306864015758038 ], [ 256375.746234244143125, 7034773.30367342568934 ] ], [ [ 256440.787711913435487, 7034773.30367342568934 ], [ 256435.784521323512308, 7034773.30367342568934 ], [ 256435.784521323512308, 7034768.300482835620642 ], [ 256430.781330733560026, 7034768.300482835620642 ], [ 256430.781330733560026, 7034763.297292245551944 ], [ 256425.778140143607743, 7034763.297292245551944 ], [ 256425.778140143607743, 7034758.294101655483246 ], [ 256420.77494955365546, 7034758.294101655483246 ], [ 256420.77494955365546, 7034753.290911065414548 ], [ 256425.778140143607743, 7034753.290911065414548 ], [ 256425.778140143607743, 7034743.284529886208475 ], [ 256430.781330733560026, 7034743.284529886208475 ], [ 256430.781330733560026, 7034733.278148706071079 ], [ 256425.778140143607743, 7034733.278148706071079 ], [ 256425.778140143607743, 7034728.274958116002381 ], [ 256430.781330733560026, 7034728.274958116002381 ], [ 256430.781330733560026, 7034723.271767525933683 ], [ 256440.787711913435487, 7034723.271767525933683 ], [ 256440.787711913435487, 7034728.274958116002381 ], [ 256445.79090250338777, 7034728.274958116002381 ], [ 256445.79090250338777, 7034733.278148706071079 ], [ 256455.797283683292335, 7034733.278148706071079 ], [ 256455.797283683292335, 7034743.284529886208475 ], [ 256460.800474273244618, 7034743.284529886208475 ], [ 256460.800474273244618, 7034748.28772047534585 ], [ 256470.806855453120079, 7034748.28772047534585 ], [ 256470.806855453120079, 7034753.290911065414548 ], [ 256475.810046043072361, 7034753.290911065414548 ], [ 256475.810046043072361, 7034763.297292245551944 ], [ 256470.806855453120079, 7034763.297292245551944 ], [ 256470.806855453120079, 7034768.300482835620642 ], [ 256460.800474273244618, 7034768.300482835620642 ], [ 256460.800474273244618, 7034773.30367342568934 ], [ 256450.794093093340052, 7034773.30367342568934 ], [ 256450.794093093340052, 7034778.306864015758038 ], [ 256440.787711913435487, 7034778.306864015758038 ], [ 256440.787711913435487, 7034773.30367342568934 ] ], [ [ 256280.685613035137067, 7034703.259005166590214 ], [ 256275.682422445184784, 7034703.259005166590214 ], [ 256275.682422445184784, 7034693.252623986452818 ], [ 256270.679231855261605, 7034693.252623986452818 ], [ 256270.679231855261605, 7034683.246242806315422 ], [ 256265.676041265309323, 7034683.246242806315422 ], [ 256265.676041265309323, 7034668.236671036109328 ], [ 256270.679231855261605, 7034668.236671036109328 ], [ 256270.679231855261605, 7034653.227099266834557 ], [ 256290.691994215041632, 7034653.227099266834557 ], [ 256290.691994215041632, 7034668.236671036109328 ], [ 256295.695184804993914, 7034668.236671036109328 ], [ 256295.695184804993914, 7034678.243052216246724 ], [ 256290.691994215041632, 7034678.243052216246724 ], [ 256290.691994215041632, 7034698.255814576521516 ], [ 256285.688803625089349, 7034698.255814576521516 ], [ 256285.688803625089349, 7034708.262195755727589 ], [ 256280.685613035137067, 7034708.262195755727589 ], [ 256280.685613035137067, 7034703.259005166590214 ] ] ] } },
{ "type": "Feature", "properties": { "slope": 1 }, "geometry": { "type": "MultiPolygon", "coordinates": [ [ [ [ 256125.586704746790929, 7034623.207955727353692 ], [ 256125.586704746790929, 7034618.204765137284994 ], [ 256140.596276516618673, 7034618.204765137284994 ], [ 256140.596276516618673, 7034613.201574547216296 ], [ 256150.602657696523238, 7034613.201574547216296 ], [ 256150.602657696523238, 7034608.198383957147598 ], [ 256160.609038876427803, 7034608.198383957147598 ], [ 256160.609038876427803, 7034603.1951933670789 ], [ 256170.615420056303265, 7034603.1951933670789 ], [ 256170.615420056303265, 7034598.192002777010202 ], [ 256180.62180123620783, 7034598.192002777010202 ], [ 256180.62180123620783, 7034593.188812186941504 ], [ 256185.624991826160112, 7034593.188812186941504 ], [ 256185.624991826160112, 7034588.185621597804129 ], [ 256195.631373006035574, 7034588.185621597804129 ], [ 256195.631373006035574, 7034583.182431007735431 ], [ 256200.634563595987856, 7034583.182431007735431 ], [ 256200.634563595987856, 7034578.179240417666733 ], [ 256205.637754185940139, 7034578.179240417666733 ], [ 256205.637754185940139, 7034573.176049827598035 ], [ 256210.640944775892422, 7034573.176049827598035 ], [ 256210.640944775892422, 7034568.172859237529337 ], [ 256215.644135365844704, 7034568.172859237529337 ], [ 256215.644135365844704, 7034563.169668647460639 ], [ 256220.647325955767883, 7034563.169668647460639 ], [ 256220.647325955767883, 7034558.166478057391942 ], [ 256230.653707135672448, 7034558.166478057391942 ], [ 256230.653707135672448, 7034553.163287467323244 ], [ 256235.656897725624731, 7034553.163287467323244 ], [ 256235.656897725624731, 7034548.160096878185868 ], [ 256255.669660085404757, 7034548.160096878185868 ], [ 256255.669660085404757, 7034543.15690628811717 ], [ 256265.676041265309323, 7034543.15690628811717 ], [ 256265.676041265309323, 7034533.150525107979774 ], [ 256275.682422445184784, 7034533.150525107979774 ], [ 256275.682422445184784, 7034528.147334517911077 ], [ 256285.688803625089349, 7034528.147334517911077 ], [ 256285.688803625089349, 7034533.150525107979774 ], [ 256280.685613035137067, 7034533.150525107979774 ], [ 256280.685613035137067, 7034543.15690628811717 ], [ 256275.682422445184784, 7034543.15690628811717 ], [ 256275.682422445184784, 7034548.160096878185868 ], [ 256280.685613035137067, 7034548.160096878185868 ], [ 256280.685613035137067, 7034558.166478057391942 ], [ 256285.688803625089349, 7034558.166478057391942 ], [ 256285.688803625089349, 7034563.169668647460639 ], [ 256290.691994215041632, 7034563.169668647460639 ], [ 256290.691994215041632, 7034568.172859237529337 ], [ 256310.704756574821658, 7034568.172859237529337 ], [ 256310.704756574821658, 7034573.176049827598035 ], [ 256325.714328344678506, 7034573.176049827598035 ], [ 256325.714328344678506, 7034568.172859237529337 ], [ 256320.711137754726224, 7034568.172859237529337 ], [ 256320.711137754726224, 7034558.166478057391942 ], [ 256315.707947164773941, 7034558.166478057391942 ], [ 256315.707947164773941, 7034543.15690628811717 ], [ 256310.704756574821658, 7034543.15690628811717 ], [ 256310.704756574821658, 7034538.153715698048472 ], [ 256305.701565984869376, 7034538.153715698048472 ], [ 256305.701565984869376, 7034533.150525107979774 ], [ 256295.695184804993914, 7034533.150525107979774 ], [ 256295.695184804993914, 7034523.144143927842379 ], [ 256280.685613035137067, 7034523.144143927842379 ], [ 256280.685613035137067, 7034518.140953337773681 ], [ 256245.663278905500192, 7034518.140953337773681 ], [ 256245.663278905500192, 7034523.144143927842379 ], [ 256220.647325955767883, 7034523.144143927842379 ], [ 256220.647325955767883, 7034528.147334517911077 ], [ 256215.644135365844704, 7034528.147334517911077 ], [ 256215.644135365844704, 7034533.150525107979774 ], [ 256210.640944775892422, 7034533.150525107979774 ], [ 256210.640944775892422, 7034543.15690628811717 ], [ 256205.637754185940139, 7034543.15690628811717 ], [ 256205.637754185940139, 7034548.160096878185868 ], [ 256200.634563595987856, 7034548.160096878185868 ], [ 256200.634563595987856, 7034553.163287467323244 ], [ 256195.631373006035574, 7034553.163287467323244 ], [ 256195.631373006035574, 7034563.169668647460639 ], [ 256190.628182416083291, 7034563.169668647460639 ], [ 256190.628182416083291, 7034568.172859237529337 ], [ 256180.62180123620783, 7034568.172859237529337 ], [ 256180.62180123620783, 7034573.176049827598035 ], [ 256175.618610646255547, 7034573.176049827598035 ], [ 256175.618610646255547, 7034578.179240417666733 ], [ 256170.615420056303265, 7034578.179240417666733 ], [ 256170.615420056303265, 7034583.182431007735431 ], [ 256155.605848286475521, 7034583.182431007735431 ], [ 256155.605848286475521, 7034588.185621597804129 ], [ 256140.596276516618673, 7034588.185621597804129 ], [ 256140.596276516618673, 7034593.188812186941504 ], [ 256120.583514156838646, 7034593.188812186941504 ], [ 256120.583514156838646, 7034598.192002777010202 ], [ 256095.567561207106337, 7034598.192002777010202 ], [ 256095.567561207106337, 7034603.1951933670789 ], [ 256082.588296731613809, 7034603.1951933670789 ], [ 256082.034317457670113, 7034611.411183166317642 ], [ 256081.230630721664056, 7034623.207955727353692 ], [ 256125.586704746790929, 7034623.207955727353692 ] ] ], [ [ [ 256896.078055598627543, 7035523.782261917367578 ], [ 256901.081246188579826, 7035523.782261917367578 ], [ 256901.081246188579826, 7035518.77907132729888 ], [ 256906.084436778503004, 7035518.77907132729888 ], [ 256906.084436778503004, 7035503.769499558024108 ], [ 256911.087627368455287, 7035503.769499558024108 ], [ 256911.087627368455287, 7035493.763118377886713 ], [ 256916.09081795840757, 7035493.763118377886713 ], [ 256916.09081795840757, 7035483.756737197749317 ], [ 256921.094008548359852, 7035483.756737197749317 ], [ 256921.094008548359852, 7035478.753546607680619 ], [ 256926.097199138312135, 7035478.753546607680619 ], [ 256926.097199138312135, 7035468.747165428474545 ], [ 256931.100389728264417, 7035468.747165428474545 ], [ 256931.100389728264417, 7035463.743974838405848 ], [ 256936.103580318187596, 7035463.743974838405848 ], [ 256936.103580318187596, 7035453.737593658268452 ], [ 256941.106770908139879, 7035453.737593658268452 ], [ 256941.106770908139879, 7035438.728021888062358 ], [ 256936.103580318187596, 7035438.728021888062358 ], [ 256936.103580318187596, 7035418.715259528718889 ], [ 256931.100389728264417, 7035418.715259528718889 ], [ 256931.100389728264417, 7035378.689734809100628 ], [ 256936.103580318187596, 7035378.689734809100628 ], [ 256936.103580318187596, 7035368.683353628963232 ], [ 256941.106770908139879, 7035368.683353628963232 ], [ 256941.106770908139879, 7035358.676972448825836 ], [ 256936.103580318187596, 7035358.676972448825836 ], [ 256936.103580318187596, 7035363.680163038894534 ], [ 256931.100389728264417, 7035363.680163038894534 ], [ 256931.100389728264417, 7035373.68654421903193 ], [ 256926.097199138312135, 7035373.68654421903193 ], [ 256926.097199138312135, 7035378.689734809100628 ], [ 256921.094008548359852, 7035378.689734809100628 ], [ 256921.094008548359852, 7035408.708878348581493 ], [ 256916.09081795840757, 7035408.708878348581493 ], [ 256916.09081795840757, 7035413.712068938650191 ], [ 256921.094008548359852, 7035413.712068938650191 ], [ 256921.094008548359852, 7035438.728021888062358 ], [ 256926.097199138312135, 7035438.728021888062358 ], [ 256926.097199138312135, 7035463.743974838405848 ], [ 256921.094008548359852, 7035463.743974838405848 ], [ 256921.094008548359852, 7035468.747165428474545 ], [ 256916.09081795840757, 7035468.747165428474545 ], [ 256916.09081795840757, 7035473.750356017611921 ], [ 256911.087627368455287, 7035473.750356017611921 ], [ 256911.087627368455287, 7035483.756737197749317 ], [ 256906.084436778503004, 7035483.756737197749317 ], [ 256906.084436778503004, 7035488.759927787818015 ], [ 256901.081246188579826, 7035488.759927787818015 ], [ 256901.081246188579826, 7035493.763118377886713 ], [ 256896.078055598627543, 7035493.763118377886713 ], [ 256896.078055598627543, 7035503.769499558024108 ], [ 256891.07486500867526, 7035503.769499558024108 ], [ 256891.07486500867526, 7035513.775880737230182 ], [ 256886.071674418722978, 7035513.775880737230182 ], [ 256886.071674418722978, 7035518.77907132729888 ], [ 256881.068483828770695, 7035518.77907132729888 ], [ 256881.068483828770695, 7035523.782261917367578 ], [ 256876.065293238847516, 7035523.782261917367578 ], [ 256876.065293238847516, 7035528.785452507436275 ], [ 256871.062102648895234, 7035528.785452507436275 ], [ 256871.062102648895234, 7035533.788643097504973 ], [ 256856.052530879038386, 7035533.788643097504973 ], [ 256856.052530879038386, 7035534.873245946131647 ], [ 256877.754878719773842, 7035540.746877428144217 ], [ 256906.790109078487149, 7035545.615614124573767 ], [ 256936.162746514921309, 7035547.614956274628639 ], [ 256965.589916473807534, 7035546.725649120286107 ], [ 256981.132295627729036, 7035544.719185960479081 ], [ 256981.132295627729036, 7035538.791833687573671 ], [ 256976.129105037776753, 7035538.791833687573671 ], [ 256976.129105037776753, 7035528.785452507436275 ], [ 256971.125914447824471, 7035528.785452507436275 ], [ 256971.125914447824471, 7035498.76630896795541 ], [ 256966.122723857872188, 7035498.76630896795541 ], [ 256966.122723857872188, 7035478.753546607680619 ], [ 256946.109961498092161, 7035478.753546607680619 ], [ 256946.109961498092161, 7035483.756737197749317 ], [ 256941.106770908139879, 7035483.756737197749317 ], [ 256941.106770908139879, 7035488.759927787818015 ], [ 256936.103580318187596, 7035488.759927787818015 ], [ 256936.103580318187596, 7035493.763118377886713 ], [ 256931.100389728264417, 7035493.763118377886713 ], [ 256931.100389728264417, 7035498.76630896795541 ], [ 256926.097199138312135, 7035498.76630896795541 ], [ 256926.097199138312135, 7035508.772690148092806 ], [ 256921.094008548359852, 7035508.772690148092806 ], [ 256921.094008548359852, 7035513.775880737230182 ], [ 256916.09081795840757, 7035513.775880737230182 ], [ 256916.09081795840757, 7035523.782261917367578 ], [ 256906.084436778503004, 7035523.782261917367578 ], [ 256906.084436778503004, 7035528.785452507436275 ], [ 256896.078055598627543, 7035528.785452507436275 ], [ 256896.078055598627543, 7035523.782261917367578 ] ], [ [ 256896.078055598627543, 7035533.788643097504973 ], [ 256891.07486500867526, 7035533.788643097504973 ], [ 256891.07486500867526, 7035528.785452507436275 ], [ 256896.078055598627543, 7035528.785452507436275 ], [ 256896.078055598627543, 7035533.788643097504973 ] ] ] ] } },
{ "type": "Feature", "properties": { "slope": 2 }, "geometry": { "type": "MultiPolygon", "coordinates": [ [ [ [ 254589.607193633069983, 7038015.371175711043179 ], [ 254589.607193633069983, 7038020.374366301111877 ], [ 254604.616765402897727, 7038020.374366301111877 ], [ 254604.616765402897727, 7038035.383938071317971 ], [ 254609.619955992850009, 7038035.383938071317971 ], [ 254609.619955992850009, 7038040.387128660455346 ], [ 254624.629527762677753, 7038040.387128660455346 ], [ 254624.629527762677753, 7038045.390319250524044 ], [ 254644.642290122486884, 7038045.390319250524044 ], [ 254644.642290122486884, 7038030.380747481249273 ], [ 254649.645480712439166, 7038030.380747481249273 ], [ 254649.645480712439166, 7038025.377556891180575 ], [ 254674.661433662171476, 7038025.377556891180575 ], [ 254674.661433662171476, 7038020.374366301111877 ], [ 254679.664624252094654, 7038020.374366301111877 ], [ 254679.664624252094654, 7038015.371175711043179 ], [ 254704.680577201856067, 7038015.371175711043179 ], [ 254704.680577201856067, 7038010.367985120974481 ], [ 254744.706101921416121, 7038010.367985120974481 ], [ 254744.706101921416121, 7038015.371175711043179 ], [ 254754.712483101320686, 7038015.371175711043179 ], [ 254754.712483101320686, 7038010.367985120974481 ], [ 254764.718864281196147, 7038010.367985120974481 ], [ 254764.718864281196147, 7038005.364794530905783 ], [ 254769.72205487114843, 7038005.364794530905783 ], [ 254769.72205487114843, 7038000.361603940837085 ], [ 254784.731626641005278, 7038000.361603940837085 ], [ 254784.731626641005278, 7037995.35841335169971 ], [ 254804.744389000785304, 7037995.35841335169971 ], [ 254804.744389000785304, 7037990.355222761631012 ], [ 254824.757151360565331, 7037990.355222761631012 ], [ 254824.757151360565331, 7037985.352032171562314 ], [ 254829.760341950517613, 7037985.352032171562314 ], [ 254829.760341950517613, 7037980.348841581493616 ], [ 254844.769913720345357, 7037980.348841581493616 ], [ 254844.769913720345357, 7037975.345650991424918 ], [ 254854.776294900249923, 7037975.345650991424918 ], [ 254854.776294900249923, 7037970.34246040135622 ], [ 254819.753960770613048, 7037970.34246040135622 ], [ 254819.753960770613048, 7037975.345650991424918 ], [ 254789.734817230928456, 7037975.345650991424918 ], [ 254789.734817230928456, 7037970.34246040135622 ], [ 254779.728436051052995, 7037970.34246040135622 ], [ 254779.728436051052995, 7037975.345650991424918 ], [ 254769.72205487114843, 7037975.345650991424918 ], [ 254769.72205487114843, 7037980.348841581493616 ], [ 254739.702911331463838, 7037980.348841581493616 ], [ 254739.702911331463838, 7037975.345650991424918 ], [ 254734.699720741511555, 7037975.345650991424918 ], [ 254734.699720741511555, 7037970.34246040135622 ], [ 254724.693339561636094, 7037970.34246040135622 ], [ 254724.693339561636094, 7037975.345650991424918 ], [ 254704.680577201856067, 7037975.345650991424918 ], [ 254704.680577201856067, 7037980.348841581493616 ], [ 254684.667814842046937, 7037980.348841581493616 ], [ 254684.667814842046937, 7037975.345650991424918 ], [ 254679.664624252094654, 7037975.345650991424918 ], [ 254679.664624252094654, 7037970.34246040135622 ], [ 254674.661433662171476, 7037970.34246040135622 ], [ 254674.661433662171476, 7037965.339269811287522 ], [ 254669.658243072219193, 7037965.339269811287522 ], [ 254669.658243072219193, 7037960.336079221218824 ], [ 254664.65505248226691, 7037960.336079221218824 ], [ 254664.65505248226691, 7037955.332888632081449 ], [ 254659.651861892314628, 7037955.332888632081449 ], [ 254659.651861892314628, 7037950.329698042012751 ], [ 254654.648671302362345, 7037950.329698042012751 ], [ 254654.648671302362345, 7037955.332888632081449 ], [ 254639.639099532534601, 7037955.332888632081449 ], [ 254639.639099532534601, 7037950.329698042012751 ], [ 254634.635908942582319, 7037950.329698042012751 ], [ 254634.635908942582319, 7037955.332888632081449 ], [ 254604.616765402897727, 7037955.332888632081449 ], [ 254604.616765402897727, 7037950.329698042012751 ], [ 254599.613574812945444, 7037950.329698042012751 ], [ 254599.613574812945444, 7037945.326507451944053 ], [ 254594.610384223022265, 7037945.326507451944053 ], [ 254594.610384223022265, 7037940.323316861875355 ], [ 254589.607193633069983, 7037940.323316861875355 ], [ 254589.607193633069983, 7037938.616757460869849 ], [ 254588.486259192868602, 7037944.571076892316341 ], [ 254585.901670498598833, 7037973.898011616431177 ], [ 254586.20406958158128, 7038003.337063126266003 ], [ 254587.514266627316829, 7038015.371175711043179 ], [ 254589.607193633069983, 7038015.371175711043179 ] ] ], [ [ [ 254974.85286905898829, 7037700.17016854416579 ], [ 254979.856059648911469, 7037700.17016854416579 ], [ 254979.856059648911469, 7037705.173359134234488 ], [ 254984.859250238863751, 7037705.173359134234488 ], [ 254984.859250238863751, 7037710.176549724303186 ], [ 254989.862440828816034, 7037710.176549724303186 ], [ 254989.862440828816034, 7037720.182930904440582 ], [ 254994.865631418768317, 7037720.182930904440582 ], [ 254994.865631418768317, 7037725.18612149450928 ], [ 254999.868822008720599, 7037725.18612149450928 ], [ 254999.868822008720599, 7037805.237170933745801 ], [ 255004.872012598672882, 7037805.237170933745801 ], [ 255004.872012598672882, 7037820.246742703020573 ], [ 255009.87520318859606, 7037820.246742703020573 ], [ 255009.87520318859606, 7037835.256314473226666 ], [ 255004.872012598672882, 7037835.256314473226666 ], [ 255004.872012598672882, 7037865.275458012707531 ], [ 254999.868822008720599, 7037865.275458012707531 ], [ 254999.868822008720599, 7037870.278648602776229 ], [ 254994.865631418768317, 7037870.278648602776229 ], [ 254994.865631418768317, 7037890.291410962119699 ], [ 254989.862440828816034, 7037890.291410962119699 ], [ 254989.862440828816034, 7037900.297792142257094 ], [ 254979.856059648911469, 7037900.297792142257094 ], [ 254979.856059648911469, 7037905.300982732325792 ], [ 254974.85286905898829, 7037905.300982732325792 ], [ 254974.85286905898829, 7037915.307363912463188 ], [ 254969.849678469036007, 7037915.307363912463188 ], [ 254969.849678469036007, 7037935.320126271806657 ], [ 254964.846487879083725, 7037935.320126271806657 ], [ 254964.846487879083725, 7037940.323316861875355 ], [ 254959.843297289131442, 7037940.323316861875355 ], [ 254959.843297289131442, 7037950.329698042012751 ], [ 254954.840106699179159, 7037950.329698042012751 ], [ 254954.840106699179159, 7037955.332888632081449 ], [ 254934.827344339399133, 7037955.332888632081449 ], [ 254934.827344339399133, 7037950.329698042012751 ], [ 254924.820963159494568, 7037950.329698042012751 ], [ 254924.820963159494568, 7037955.332888632081449 ], [ 254909.811391389666824, 7037955.332888632081449 ], [ 254909.811391389666824, 7037965.339269811287522 ], [ 254929.82415374944685, 7037965.339269811287522 ], [ 254929.82415374944685, 7037970.34246040135622 ], [ 254979.856059648911469, 7037970.34246040135622 ], [ 254979.856059648911469, 7037965.339269811287522 ], [ 254989.862440828816034, 7037965.339269811287522 ], [ 254989.862440828816034, 7037960.336079221218824 ], [ 254999.868822008720599, 7037960.336079221218824 ], [ 254999.868822008720599, 7037955.332888632081449 ], [ 255004.872012598672882, 7037955.332888632081449 ], [ 255004.872012598672882, 7037940.323316861875355 ], [ 255009.87520318859606, 7037940.323316861875355 ], [ 255009.87520318859606, 7037935.320126271806657 ], [ 255029.887965548405191, 7037935.320126271806657 ], [ 255029.887965548405191, 7037930.316935681737959 ], [ 255039.894346728280652, 7037930.316935681737959 ], [ 255039.894346728280652, 7037925.313745091669261 ], [ 255049.900727908185218, 7037925.313745091669261 ], [ 255049.900727908185218, 7037930.316935681737959 ], [ 255054.9039184981375, 7037930.316935681737959 ], [ 255054.9039184981375, 7037925.313745091669261 ], [ 255059.907109088089783, 7037925.313745091669261 ], [ 255059.907109088089783, 7037920.310554502531886 ], [ 255069.913490267965244, 7037920.310554502531886 ], [ 255069.913490267965244, 7037915.307363912463188 ], [ 255079.919871447869809, 7037915.307363912463188 ], [ 255079.919871447869809, 7037910.30417332239449 ], [ 255084.923062037822092, 7037910.30417332239449 ], [ 255084.923062037822092, 7037900.297792142257094 ], [ 255094.929443217697553, 7037900.297792142257094 ], [ 255094.929443217697553, 7037890.291410962119699 ], [ 255099.932633807649836, 7037890.291410962119699 ], [ 255099.932633807649836, 7037885.288220372051001 ], [ 255104.935824397602119, 7037885.288220372051001 ], [ 255104.935824397602119, 7037870.278648602776229 ], [ 255109.939014987554401, 7037870.278648602776229 ], [ 255109.939014987554401, 7037865.275458012707531 ], [ 255119.945396167429863, 7037865.275458012707531 ], [ 255119.945396167429863, 7037855.269076832570136 ], [ 255124.948586757382145, 7037855.269076832570136 ], [ 255124.948586757382145, 7037845.26269565243274 ], [ 255129.951777347334428, 7037845.26269565243274 ], [ 255129.951777347334428, 7037835.256314473226666 ], [ 255144.961349117162172, 7037835.256314473226666 ], [ 255144.961349117162172, 7037825.249933293089271 ], [ 255145.077024134370731, 7037825.249933293089271 ], [ 255138.087911470036488, 7037813.574237369932234 ], [ 255120.563626313320128, 7037789.917343474924564 ], [ 255100.804944290866842, 7037768.092044307850301 ], [ 255079.002152311732061, 7037748.308529430069029 ], [ 255055.36522318131756, 7037730.757324904203415 ], [ 255030.121793448372046, 7037715.607458425685763 ], [ 255003.514971140684793, 7037703.004831489175558 ], [ 254975.800994501885725, 7037693.070814282633364 ], [ 254974.85286905898829, 7037692.832747612148523 ], [ 254974.85286905898829, 7037700.17016854416579 ] ] ] ] } },
{ "type": "Feature", "properties": { "slope": 1 }, "geometry": { "type": "MultiPolygon", "coordinates": [ [ [ [ 255144.961349117162172, 7037825.249933293089271 ], [ 255144.961349117162172, 7037835.256314473226666 ], [ 255129.951777347334428, 7037835.256314473226666 ], [ 255129.951777347334428, 7037845.26269565243274 ], [ 255124.948586757382145, 7037845.26269565243274 ], [ 255124.948586757382145, 7037855.269076832570136 ], [ 255119.945396167429863, 7037855.269076832570136 ], [ 255119.945396167429863, 7037865.275458012707531 ], [ 255109.939014987554401, 7037865.275458012707531 ], [ 255109.939014987554401, 7037870.278648602776229 ], [ 255104.935824397602119, 7037870.278648602776229 ], [ 255104.935824397602119, 7037885.288220372051001 ], [ 255099.932633807649836, 7037885.288220372051001 ], [ 255099.932633807649836, 7037890.291410962119699 ], [ 255094.929443217697553, 7037890.291410962119699 ], [ 255094.929443217697553, 7037900.297792142257094 ], [ 255084.923062037822092, 7037900.297792142257094 ], [ 255084.923062037822092, 7037910.30417332239449 ], [ 255079.919871447869809, 7037910.30417332239449 ], [ 255079.919871447869809, 7037915.307363912463188 ], [ 255069.913490267965244, 7037915.307363912463188 ], [ 255069.913490267965244, 7037920.310554502531886 ], [ 255059.907109088089783, 7037920.310554502531886 ], [ 255059.907109088089783, 7037925.313745091669261 ], [ 255054.9039184981375, 7037925.313745091669261 ], [ 255054.9039184981375, 7037930.316935681737959 ], [ 255049.900727908185218, 7037930.316935681737959 ], [ 255049.900727908185218, 7037925.313745091669261 ], [ 255039.894346728280652, 7037925.313745091669261 ], [ 255039.894346728280652, 7037930.316935681737959 ], [ 255029.887965548405191, 7037930.316935681737959 ], [ 255029.887965548405191, 7037935.320126271806657 ], [ 255009.87520318859606, 7037935.320126271806657 ], [ 255009.87520318859606, 7037940.323316861875355 ], [ 255004.872012598672882, 7037940.323316861875355 ], [ 255004.872012598672882, 7037955.332888632081449 ], [ 255009.87520318859606, 7037955.332888632081449 ], [ 255009.87520318859606, 7037950.329698042012751 ], [ 255014.878393778548343, 7037950.329698042012751 ], [ 255014.878393778548343, 7037945.326507451944053 ], [ 255019.881584368500626, 7037945.326507451944053 ], [ 255019.881584368500626, 7037940.323316861875355 ], [ 255034.89115613832837, 7037940.323316861875355 ], [ 255034.89115613832837, 7037935.320126271806657 ], [ 255064.910299678012962, 7037935.320126271806657 ], [ 255064.910299678012962, 7037930.316935681737959 ], [ 255074.916680857917527, 7037930.316935681737959 ], [ 255074.916680857917527, 7037925.313745091669261 ], [ 255079.919871447869809, 7037925.313745091669261 ], [ 255079.919871447869809, 7037920.310554502531886 ], [ 255089.926252627745271, 7037920.310554502531886 ], [ 255089.926252627745271, 7037915.307363912463188 ], [ 255094.929443217697553, 7037915.307363912463188 ], [ 255094.929443217697553, 7037910.30417332239449 ], [ 255099.932633807649836, 7037910.30417332239449 ], [ 255099.932633807649836, 7037905.300982732325792 ], [ 255104.935824397602119, 7037905.300982732325792 ], [ 255104.935824397602119, 7037895.294601552188396 ], [ 255109.939014987554401, 7037895.294601552188396 ], [ 255109.939014987554401, 7037890.291410962119699 ], [ 255119.945396167429863, 7037890.291410962119699 ], [ 255119.945396167429863, 7037885.288220372051001 ], [ 255124.948586757382145, 7037885.288220372051001 ], [ 255124.948586757382145, 7037880.285029782913625 ], [ 255129.951777347334428, 7037880.285029782913625 ], [ 255129.951777347334428, 7037875.281839192844927 ], [ 255139.958158527238993, 7037875.281839192844927 ], [ 255139.958158527238993, 7037870.278648602776229 ], [ 255144.961349117162172, 7037870.278648602776229 ], [ 255144.961349117162172, 7037865.275458012707531 ], [ 255154.967730297066737, 7037865.275458012707531 ], [ 255154.967730297066737, 7037860.272267422638834 ], [ 255159.97092088701902, 7037860.272267422638834 ], [ 255159.97092088701902, 7037855.269076832570136 ], [ 255160.970375753997359, 7037855.269076832570136 ], [ 255153.209031315200264, 7037838.834897171705961 ], [ 255145.077024134370731, 7037825.249933293089271 ], [ 255144.961349117162172, 7037825.249933293089271 ] ] ], [ [ [ 254609.619955992850009, 7038075.409462790004909 ], [ 254609.619955992850009, 7038080.412653380073607 ], [ 254639.639099532534601, 7038080.412653380073607 ], [ 254639.639099532534601, 7038085.415843970142305 ], [ 254654.648671302362345, 7038085.415843970142305 ], [ 254654.648671302362345, 7038095.422225150279701 ], [ 254674.661433662171476, 7038095.422225150279701 ], [ 254674.661433662171476, 7038090.419034560211003 ], [ 254684.667814842046937, 7038090.419034560211003 ], [ 254684.667814842046937, 7038085.415843970142305 ], [ 254689.67100543199922, 7038085.415843970142305 ], [ 254689.67100543199922, 7038070.406272200867534 ], [ 254694.674196021951502, 7038070.406272200867534 ], [ 254694.674196021951502, 7038060.399891020730138 ], [ 254689.67100543199922, 7038060.399891020730138 ], [ 254689.67100543199922, 7038055.39670043066144 ], [ 254684.667814842046937, 7038055.39670043066144 ], [ 254684.667814842046937, 7038030.380747481249273 ], [ 254694.674196021951502, 7038030.380747481249273 ], [ 254694.674196021951502, 7038025.377556891180575 ], [ 254704.680577201856067, 7038025.377556891180575 ], [ 254704.680577201856067, 7038020.374366301111877 ], [ 254739.702911331463838, 7038020.374366301111877 ], [ 254739.702911331463838, 7038015.371175711043179 ], [ 254744.706101921416121, 7038015.371175711043179 ], [ 254744.706101921416121, 7038010.367985120974481 ], [ 254704.680577201856067, 7038010.367985120974481 ], [ 254704.680577201856067, 7038015.371175711043179 ], [ 254679.664624252094654, 7038015.371175711043179 ], [ 254679.664624252094654, 7038020.374366301111877 ], [ 254674.661433662171476, 7038020.374366301111877 ], [ 254674.661433662171476, 7038025.377556891180575 ], [ 254649.645480712439166, 7038025.377556891180575 ], [ 254649.645480712439166, 7038030.380747481249273 ], [ 254644.642290122486884, 7038030.380747481249273 ], [ 254644.642290122486884, 7038045.390319250524044 ], [ 254624.629527762677753, 7038045.390319250524044 ], [ 254624.629527762677753, 7038040.387128660455346 ], [ 254609.619955992850009, 7038040.387128660455346 ], [ 254609.619955992850009, 7038035.383938071317971 ], [ 254604.616765402897727, 7038035.383938071317971 ], [ 254604.616765402897727, 7038020.374366301111877 ], [ 254589.607193633069983, 7038020.374366301111877 ], [ 254589.607193633069983, 7038015.371175711043179 ], [ 254587.514266627316829, 7038015.371175711043179 ], [ 254589.390544173336821, 7038032.604717263020575 ], [ 254595.430406781611964, 7038061.419110518880188 ], [ 254599.831757749605458, 7038075.409462790004909 ], [ 254609.619955992850009, 7038075.409462790004909 ] ] ] ] } },
{ "type": "Feature", "properties": { "slope": 3 }, "geometry": { "type": "Polygon", "coordinates": [ [ [ 254589.607193633069983, 7037940.323316861875355 ], [ 254594.610384223022265, 7037940.323316861875355 ], [ 254594.610384223022265, 7037945.326507451944053 ], [ 254599.613574812945444, 7037945.326507451944053 ], [ 254599.613574812945444, 7037950.329698042012751 ], [ 254604.616765402897727, 7037950.329698042012751 ], [ 254604.616765402897727, 7037955.332888632081449 ], [ 254634.635908942582319, 7037955.332888632081449 ], [ 254634.635908942582319, 7037950.329698042012751 ], [ 254639.639099532534601, 7037950.329698042012751 ], [ 254639.639099532534601, 7037955.332888632081449 ], [ 254654.648671302362345, 7037955.332888632081449 ], [ 254654.648671302362345, 7037950.329698042012751 ], [ 254659.651861892314628, 7037950.329698042012751 ], [ 254659.651861892314628, 7037955.332888632081449 ], [ 254664.65505248226691, 7037955.332888632081449 ], [ 254664.65505248226691, 7037960.336079221218824 ], [ 254669.658243072219193, 7037960.336079221218824 ], [ 254669.658243072219193, 7037965.339269811287522 ], [ 254674.661433662171476, 7037965.339269811287522 ], [ 254674.661433662171476, 7037970.34246040135622 ], [ 254679.664624252094654, 7037970.34246040135622 ], [ 254679.664624252094654, 7037975.345650991424918 ], [ 254684.667814842046937, 7037975.345650991424918 ], [ 254684.667814842046937, 7037980.348841581493616 ], [ 254704.680577201856067, 7037980.348841581493616 ], [ 254704.680577201856067, 7037975.345650991424918 ], [ 254724.693339561636094, 7037975.345650991424918 ], [ 254724.693339561636094, 7037970.34246040135622 ], [ 254734.699720741511555, 7037970.34246040135622 ], [ 254734.699720741511555, 7037975.345650991424918 ], [ 254739.702911331463838, 7037975.345650991424918 ], [ 254739.702911331463838, 7037980.348841581493616 ], [ 254769.72205487114843, 7037980.348841581493616 ], [ 254769.72205487114843, 7037975.345650991424918 ], [ 254779.728436051052995, 7037975.345650991424918 ], [ 254779.728436051052995, 7037970.34246040135622 ], [ 254789.734817230928456, 7037970.34246040135622 ], [ 254789.734817230928456, 7037975.345650991424918 ], [ 254819.753960770613048, 7037975.345650991424918 ], [ 254819.753960770613048, 7037970.34246040135622 ], [ 254869.785866670077667, 7037970.34246040135622 ], [ 254869.785866670077667, 7037965.339269811287522 ], [ 254874.789057260029949, 7037965.339269811287522 ], [ 254874.789057260029949, 7037960.336079221218824 ], [ 254879.792247849982232, 7037960.336079221218824 ], [ 254879.792247849982232, 7037955.332888632081449 ], [ 254884.795438439934514, 7037955.332888632081449 ], [ 254884.795438439934514, 7037950.329698042012751 ], [ 254889.798629029886797, 7037950.329698042012751 ], [ 254889.798629029886797, 7037955.332888632081449 ], [ 254894.80181961983908, 7037955.332888632081449 ], [ 254894.80181961983908, 7037965.339269811287522 ], [ 254904.808200799714541, 7037965.339269811287522 ], [ 254904.808200799714541, 7037970.34246040135622 ], [ 254909.811391389666824, 7037970.34246040135622 ], [ 254909.811391389666824, 7037955.332888632081449 ], [ 254924.820963159494568, 7037955.332888632081449 ], [ 254924.820963159494568, 7037950.329698042012751 ], [ 254934.827344339399133, 7037950.329698042012751 ], [ 254934.827344339399133, 7037955.332888632081449 ], [ 254954.840106699179159, 7037955.332888632081449 ], [ 254954.840106699179159, 7037950.329698042012751 ], [ 254959.843297289131442, 7037950.329698042012751 ], [ 254959.843297289131442, 7037940.323316861875355 ], [ 254964.846487879083725, 7037940.323316861875355 ], [ 254964.846487879083725, 7037935.320126271806657 ], [ 254969.849678469036007, 7037935.320126271806657 ], [ 254969.849678469036007, 7037915.307363912463188 ], [ 254974.85286905898829, 7037915.307363912463188 ], [ 254974.85286905898829, 7037905.300982732325792 ], [ 254979.856059648911469, 7037905.300982732325792 ], [ 254979.856059648911469, 7037900.297792142257094 ], [ 254989.862440828816034, 7037900.297792142257094 ], [ 254989.862440828816034, 7037890.291410962119699 ], [ 254994.865631418768317, 7037890.291410962119699 ], [ 254994.865631418768317, 7037870.278648602776229 ], [ 254999.868822008720599, 7037870.278648602776229 ], [ 254999.868822008720599, 7037865.275458012707531 ], [ 255004.872012598672882, 7037865.275458012707531 ], [ 255004.872012598672882, 7037835.256314473226666 ], [ 255009.87520318859606, 7037835.256314473226666 ], [ 255009.87520318859606, 7037820.246742703020573 ], [ 255004.872012598672882, 7037820.246742703020573 ], [ 255004.872012598672882, 7037805.237170933745801 ], [ 254999.868822008720599, 7037805.237170933745801 ], [ 254999.868822008720599, 7037725.18612149450928 ], [ 254994.865631418768317, 7037725.18612149450928 ], [ 254994.865631418768317, 7037720.182930904440582 ], [ 254989.862440828816034, 7037720.182930904440582 ], [ 254989.862440828816034, 7037710.176549724303186 ], [ 254984.859250238863751, 7037710.176549724303186 ], [ 254984.859250238863751, 7037705.173359134234488 ], [ 254979.856059648911469, 7037705.173359134234488 ], [ 254979.856059648911469, 7037700.17016854416579 ], [ 254974.85286905898829, 7037700.17016854416579 ], [ 254974.85286905898829, 7037692.832747612148523 ], [ 254947.246764276991598, 7037685.901076820679009 ], [ 254918.12727331239148, 7037681.564667595550418 ], [ 254888.722958224418107, 7037680.103348598815501 ], [ 254859.316998641414102, 7037681.531193130649626 ], [ 254830.192590029037092, 7037685.834450267255306 ], [ 254801.630216363322688, 7037692.971677290275693 ], [ 254773.904948916402645, 7037702.874138802289963 ], [ 254747.283797169977333, 7037715.446468685753644 ], [ 254739.702911331463838, 7037719.984413624741137 ], [ 254739.702911331463838, 7037720.182930904440582 ], [ 254744.706101921416121, 7037720.182930904440582 ], [ 254744.706101921416121, 7037725.18612149450928 ], [ 254749.709292511368403, 7037725.18612149450928 ], [ 254749.709292511368403, 7037730.189312084577978 ], [ 254754.712483101320686, 7037730.189312084577978 ], [ 254754.712483101320686, 7037740.195693263784051 ], [ 254759.715673691243865, 7037740.195693263784051 ], [ 254759.715673691243865, 7037745.198883853852749 ], [ 254769.72205487114843, 7037745.198883853852749 ], [ 254769.72205487114843, 7037750.202074443921447 ], [ 254779.728436051052995, 7037750.202074443921447 ], [ 254779.728436051052995, 7037755.205265033990145 ], [ 254784.731626641005278, 7037755.205265033990145 ], [ 254784.731626641005278, 7037760.208455624058843 ], [ 254789.734817230928456, 7037760.208455624058843 ], [ 254789.734817230928456, 7037765.211646214127541 ], [ 254794.738007820880739, 7037765.211646214127541 ], [ 254794.738007820880739, 7037770.214836803264916 ], [ 254804.744389000785304, 7037770.214836803264916 ], [ 254804.744389000785304, 7037775.218027393333614 ], [ 254809.747579590737587, 7037775.218027393333614 ], [ 254809.747579590737587, 7037780.221217983402312 ], [ 254819.753960770613048, 7037780.221217983402312 ], [ 254819.753960770613048, 7037785.22440857347101 ], [ 254824.757151360565331, 7037785.22440857347101 ], [ 254824.757151360565331, 7037790.227599163539708 ], [ 254829.760341950517613, 7037790.227599163539708 ], [ 254829.760341950517613, 7037800.233980343677104 ], [ 254834.763532540469896, 7037800.233980343677104 ], [ 254834.763532540469896, 7037810.240361522883177 ], [ 254839.766723130422179, 7037810.240361522883177 ], [ 254839.766723130422179, 7037820.246742703020573 ], [ 254844.769913720345357, 7037820.246742703020573 ], [ 254844.769913720345357, 7037825.249933293089271 ], [ 254849.77310431029764, 7037825.249933293089271 ], [ 254849.77310431029764, 7037860.272267422638834 ], [ 254854.776294900249923, 7037860.272267422638834 ], [ 254854.776294900249923, 7037870.278648602776229 ], [ 254864.782676080154488, 7037870.278648602776229 ], [ 254864.782676080154488, 7037880.285029782913625 ], [ 254859.779485490202205, 7037880.285029782913625 ], [ 254859.779485490202205, 7037925.313745091669261 ], [ 254864.782676080154488, 7037925.313745091669261 ], [ 254864.782676080154488, 7037930.316935681737959 ], [ 254869.785866670077667, 7037930.316935681737959 ], [ 254869.785866670077667, 7037935.320126271806657 ], [ 254874.789057260029949, 7037935.320126271806657 ], [ 254874.789057260029949, 7037955.332888632081449 ], [ 254869.785866670077667, 7037955.332888632081449 ], [ 254869.785866670077667, 7037960.336079221218824 ], [ 254854.776294900249923, 7037960.336079221218824 ], [ 254854.776294900249923, 7037955.332888632081449 ], [ 254824.757151360565331, 7037955.332888632081449 ], [ 254824.757151360565331, 7037960.336079221218824 ], [ 254819.753960770613048, 7037960.336079221218824 ], [ 254819.753960770613048, 7037955.332888632081449 ], [ 254789.734817230928456, 7037955.332888632081449 ], [ 254789.734817230928456, 7037950.329698042012751 ], [ 254784.731626641005278, 7037950.329698042012751 ], [ 254784.731626641005278, 7037945.326507451944053 ], [ 254779.728436051052995, 7037945.326507451944053 ], [ 254779.728436051052995, 7037940.323316861875355 ], [ 254769.72205487114843, 7037940.323316861875355 ], [ 254769.72205487114843, 7037935.320126271806657 ], [ 254759.715673691243865, 7037935.320126271806657 ], [ 254759.715673691243865, 7037945.326507451944053 ], [ 254754.712483101320686, 7037945.326507451944053 ], [ 254754.712483101320686, 7037940.323316861875355 ], [ 254739.702911331463838, 7037940.323316861875355 ], [ 254739.702911331463838, 7037935.320126271806657 ], [ 254734.699720741511555, 7037935.320126271806657 ], [ 254734.699720741511555, 7037930.316935681737959 ], [ 254729.696530151588377, 7037930.316935681737959 ], [ 254729.696530151588377, 7037920.310554502531886 ], [ 254724.693339561636094, 7037920.310554502531886 ], [ 254724.693339561636094, 7037935.320126271806657 ], [ 254714.686958381731529, 7037935.320126271806657 ], [ 254714.686958381731529, 7037940.323316861875355 ], [ 254699.677386611903785, 7037940.323316861875355 ], [ 254699.677386611903785, 7037935.320126271806657 ], [ 254694.674196021951502, 7037935.320126271806657 ], [ 254694.674196021951502, 7037930.316935681737959 ], [ 254684.667814842046937, 7037930.316935681737959 ], [ 254684.667814842046937, 7037925.313745091669261 ], [ 254679.664624252094654, 7037925.313745091669261 ], [ 254679.664624252094654, 7037915.307363912463188 ], [ 254674.661433662171476, 7037915.307363912463188 ], [ 254674.661433662171476, 7037895.294601552188396 ], [ 254669.658243072219193, 7037895.294601552188396 ], [ 254669.658243072219193, 7037890.291410962119699 ], [ 254659.651861892314628, 7037890.291410962119699 ], [ 254659.651861892314628, 7037885.288220372051001 ], [ 254654.648671302362345, 7037885.288220372051001 ], [ 254654.648671302362345, 7037875.281839192844927 ], [ 254649.645480712439166, 7037875.281839192844927 ], [ 254649.645480712439166, 7037865.275458012707531 ], [ 254644.642290122486884, 7037865.275458012707531 ], [ 254644.642290122486884, 7037860.272267422638834 ], [ 254639.639099532534601, 7037860.272267422638834 ], [ 254639.639099532534601, 7037855.269076832570136 ], [ 254634.635908942582319, 7037855.269076832570136 ], [ 254634.635908942582319, 7037845.26269565243274 ], [ 254620.869095462403493, 7037845.26269565243274 ], [ 254620.625506134791067, 7037845.77696446236223 ], [ 254613.175729302543914, 7037860.065635447390378 ], [ 254602.189272348594386, 7037887.379495712928474 ], [ 254593.932944662374211, 7037915.638693368062377 ], [ 254589.607193633069983, 7037938.616757460869849 ], [ 254589.607193633069983, 7037940.323316861875355 ] ] ] } },
{ "type": "Feature", "properties": { "slope": 4 }, "geometry": { "type": "Polygon", "coordinates": [ [ [ 254634.635908942582319, 7037845.26269565243274 ], [ 254634.635908942582319, 7037855.269076832570136 ], [ 254639.639099532534601, 7037855.269076832570136 ], [ 254639.639099532534601, 7037860.272267422638834 ], [ 254644.642290122486884, 7037860.272267422638834 ], [ 254644.642290122486884, 7037865.275458012707531 ], [ 254649.645480712439166, 7037865.275458012707531 ], [ 254649.645480712439166, 7037875.281839192844927 ], [ 254654.648671302362345, 7037875.281839192844927 ], [ 254654.648671302362345, 7037885.288220372051001 ], [ 254659.651861892314628, 7037885.288220372051001 ], [ 254659.651861892314628, 7037890.291410962119699 ], [ 254669.658243072219193, 7037890.291410962119699 ], [ 254669.658243072219193, 7037895.294601552188396 ], [ 254674.661433662171476, 7037895.294601552188396 ], [ 254674.661433662171476, 7037915.307363912463188 ], [ 254679.664624252094654, 7037915.307363912463188 ], [ 254679.664624252094654, 7037925.313745091669261 ], [ 254684.667814842046937, 7037925.313745091669261 ], [ 254684.667814842046937, 7037930.316935681737959 ], [ 254694.674196021951502, 7037930.316935681737959 ], [ 254694.674196021951502, 7037935.320126271806657 ], [ 254699.677386611903785, 7037935.320126271806657 ], [ 254699.677386611903785, 7037940.323316861875355 ], [ 254714.686958381731529, 7037940.323316861875355 ], [ 254714.686958381731529, 7037935.320126271806657 ], [ 254724.693339561636094, 7037935.320126271806657 ], [ 254724.693339561636094, 7037920.310554502531886 ], [ 254729.696530151588377, 7037920.310554502531886 ], [ 254729.696530151588377, 7037930.316935681737959 ], [ 254734.699720741511555, 7037930.316935681737959 ], [ 254734.699720741511555, 7037935.320126271806657 ], [ 254739.702911331463838, 7037935.320126271806657 ], [ 254739.702911331463838, 7037940.323316861875355 ], [ 254754.712483101320686, 7037940.323316861875355 ], [ 254754.712483101320686, 7037945.326507451944053 ], [ 254759.715673691243865, 7037945.326507451944053 ], [ 254759.715673691243865, 7037935.320126271806657 ], [ 254769.72205487114843, 7037935.320126271806657 ], [ 254769.72205487114843, 7037940.323316861875355 ], [ 254779.728436051052995, 7037940.323316861875355 ], [ 254779.728436051052995, 7037945.326507451944053 ], [ 254784.731626641005278, 7037945.326507451944053 ], [ 254784.731626641005278, 7037950.329698042012751 ], [ 254789.734817230928456, 7037950.329698042012751 ], [ 254789.734817230928456, 7037955.332888632081449 ], [ 254819.753960770613048, 7037955.332888632081449 ], [ 254819.753960770613048, 7037960.336079221218824 ], [ 254824.757151360565331, 7037960.336079221218824 ], [ 254824.757151360565331, 7037955.332888632081449 ], [ 254854.776294900249923, 7037955.332888632081449 ], [ 254854.776294900249923, 7037960.336079221218824 ], [ 254869.785866670077667, 7037960.336079221218824 ], [ 254869.785866670077667, 7037955.332888632081449 ], [ 254874.789057260029949, 7037955.332888632081449 ], [ 254874.789057260029949, 7037935.320126271806657 ], [ 254869.785866670077667, 7037935.320126271806657 ], [ 254869.785866670077667, 7037930.316935681737959 ], [ 254864.782676080154488, 7037930.316935681737959 ], [ 254864.782676080154488, 7037925.313745091669261 ], [ 254859.779485490202205, 7037925.313745091669261 ], [ 254859.779485490202205, 7037880.285029782913625 ], [ 254864.782676080154488, 7037880.285029782913625 ], [ 254864.782676080154488, 7037870.278648602776229 ], [ 254854.776294900249923, 7037870.278648602776229 ], [ 254854.776294900249923, 7037860.272267422638834 ], [ 254849.77310431029764, 7037860.272267422638834 ], [ 254849.77310431029764, 7037825.249933293089271 ], [ 254844.769913720345357, 7037825.249933293089271 ], [ 254844.769913720345357, 7037820.246742703020573 ], [ 254839.766723130422179, 7037820.246742703020573 ], [ 254839.766723130422179, 7037810.240361522883177 ], [ 254834.763532540469896, 7037810.240361522883177 ], [ 254834.763532540469896, 7037800.233980343677104 ], [ 254829.760341950517613, 7037800.233980343677104 ], [ 254829.760341950517613, 7037790.227599163539708 ], [ 254824.757151360565331, 7037790.227599163539708 ], [ 254824.757151360565331, 7037785.22440857347101 ], [ 254819.753960770613048, 7037785.22440857347101 ], [ 254819.753960770613048, 7037780.221217983402312 ], [ 254809.747579590737587, 7037780.221217983402312 ], [ 254809.747579590737587, 7037775.218027393333614 ], [ 254804.744389000785304, 7037775.218027393333614 ], [ 254804.744389000785304, 7037770.214836803264916 ], [ 254794.738007820880739, 7037770.214836803264916 ], [ 254794.738007820880739, 7037765.211646214127541 ], [ 254789.734817230928456, 7037765.211646214127541 ], [ 254789.734817230928456, 7037760.208455624058843 ], [ 254784.731626641005278, 7037760.208455624058843 ], [ 254784.731626641005278, 7037755.205265033990145 ], [ 254779.728436051052995, 7037755.205265033990145 ], [ 254779.728436051052995, 7037750.202074443921447 ], [ 254769.72205487114843, 7037750.202074443921447 ], [ 254769.72205487114843, 7037745.198883853852749 ], [ 254759.715673691243865, 7037745.198883853852749 ], [ 254759.715673691243865, 7037740.195693263784051 ], [ 254754.712483101320686, 7037740.195693263784051 ], [ 254754.712483101320686, 7037730.189312084577978 ], [ 254749.709292511368403, 7037730.189312084577978 ], [ 254749.709292511368403, 7037725.18612149450928 ], [ 254744.706101921416121, 7037725.18612149450928 ], [ 254744.706101921416121, 7037720.182930904440582 ], [ 254739.702911331463838, 7037720.182930904440582 ], [ 254739.702911331463838, 7037719.984413624741137 ], [ 254722.023137367970776, 7037730.567588531412184 ], [ 254698.366243473137729, 7037748.091873687691987 ], [ 254676.540944305888843, 7037767.850555710494518 ], [ 254656.757429428107571, 7037789.653347689658403 ], [ 254639.206224902853137, 7037813.290276819840074 ], [ 254626.966409063781612, 7037833.684841453097761 ], [ 254626.786509937955998, 7037833.960159976966679 ], [ 254626.68943839034182, 7037834.146343192085624 ], [ 254624.056358424160862, 7037838.533706553280354 ], [ 254620.869095462403493, 7037845.26269565243274 ], [ 254634.635908942582319, 7037845.26269565243274 ] ] ] } },
{ "type": "Feature", "properties": { "slope": 2 }, "geometry": { "type": "Polygon", "coordinates": [ [ [ 254889.798629029886797, 7037955.332888632081449 ], [ 254889.798629029886797, 7037950.329698042012751 ], [ 254884.795438439934514, 7037950.329698042012751 ], [ 254884.795438439934514, 7037955.332888632081449 ], [ 254889.798629029886797, 7037955.332888632081449 ] ] ] } },
{ "type": "Feature", "properties": { "slope": 1 }, "geometry": { "type": "Polygon", "coordinates": [ [ [ 255004.872012598672882, 7037960.336079221218824 ], [ 255004.872012598672882, 7037955.332888632081449 ], [ 254999.868822008720599, 7037955.332888632081449 ], [ 254999.868822008720599, 7037960.336079221218824 ], [ 255004.872012598672882, 7037960.336079221218824 ] ] ] } },
{ "type": "Feature", "properties": { "slope": 1 }, "geometry": { "type": "Polygon", "coordinates": [ [ [ 254999.868822008720599, 7037965.339269811287522 ], [ 254999.868822008720599, 7037960.336079221218824 ], [ 254989.862440828816034, 7037960.336079221218824 ], [ 254989.862440828816034, 7037965.339269811287522 ], [ 254999.868822008720599, 7037965.339269811287522 ] ] ] } },
{ "type": "Feature", "properties": { "slope": 1 }, "geometry": { "type": "Polygon", "coordinates": [ [ [ 254989.862440828816034, 7037970.34246040135622 ], [ 254989.862440828816034, 7037965.339269811287522 ], [ 254979.856059648911469, 7037965.339269811287522 ], [ 254979.856059648911469, 7037970.34246040135622 ], [ 254989.862440828816034, 7037970.34246040135622 ] ] ] } },
{ "type": "Feature", "properties": { "slope": 1 }, "geometry": { "type": "MultiPolygon", "coordinates": [ [ [ [ 257196.269490995444357, 7035398.702497168444097 ], [ 257196.269490995444357, 7035403.705687758512795 ], [ 257186.263109815539792, 7035403.705687758512795 ], [ 257186.263109815539792, 7035408.708878348581493 ], [ 257181.25991922558751, 7035408.708878348581493 ], [ 257181.25991922558751, 7035413.712068938650191 ], [ 257171.253538045712048, 7035413.712068938650191 ], [ 257171.253538045712048, 7035423.718450118787587 ], [ 257161.247156865807483, 7035423.718450118787587 ], [ 257161.247156865807483, 7035428.721640708856285 ], [ 257156.2439662758552, 7035428.721640708856285 ], [ 257156.2439662758552, 7035433.72483129799366 ], [ 257151.240775685932022, 7035433.72483129799366 ], [ 257151.240775685932022, 7035438.728021888062358 ], [ 257146.237585095979739, 7035438.728021888062358 ], [ 257146.237585095979739, 7035443.731212478131056 ], [ 257141.234394506027456, 7035443.731212478131056 ], [ 257141.234394506027456, 7035448.734403068199754 ], [ 257131.228013326122891, 7035448.734403068199754 ], [ 257131.228013326122891, 7035453.737593658268452 ], [ 257126.224822736170609, 7035453.737593658268452 ], [ 257126.224822736170609, 7035458.74078424833715 ], [ 257121.22163214624743, 7035458.74078424833715 ], [ 257121.22163214624743, 7035463.743974838405848 ], [ 257116.218441556295147, 7035463.743974838405848 ], [ 257116.218441556295147, 7035468.747165428474545 ], [ 257081.196107426658273, 7035468.747165428474545 ], [ 257081.196107426658273, 7035473.750356017611921 ], [ 257066.186535656830529, 7035473.750356017611921 ], [ 257066.186535656830529, 7035468.747165428474545 ], [ 257061.183345066878246, 7035468.747165428474545 ], [ 257061.183345066878246, 7035448.734403068199754 ], [ 257056.180154476925964, 7035448.734403068199754 ], [ 257056.180154476925964, 7035443.731212478131056 ], [ 257051.176963886973681, 7035443.731212478131056 ], [ 257051.176963886973681, 7035438.728021888062358 ], [ 257041.17058270709822, 7035438.728021888062358 ], [ 257041.17058270709822, 7035433.72483129799366 ], [ 257036.167392117145937, 7035433.72483129799366 ], [ 257036.167392117145937, 7035428.721640708856285 ], [ 257026.161010937241372, 7035428.721640708856285 ], [ 257026.161010937241372, 7035423.718450118787587 ], [ 257016.154629757336807, 7035423.718450118787587 ], [ 257016.154629757336807, 7035428.721640708856285 ], [ 257021.157820347289089, 7035428.721640708856285 ], [ 257021.157820347289089, 7035433.72483129799366 ], [ 257031.164201527193654, 7035433.72483129799366 ], [ 257031.164201527193654, 7035438.728021888062358 ], [ 257036.167392117145937, 7035438.728021888062358 ], [ 257036.167392117145937, 7035443.731212478131056 ], [ 257041.17058270709822, 7035443.731212478131056 ], [ 257041.17058270709822, 7035448.734403068199754 ], [ 257046.173773297021398, 7035448.734403068199754 ], [ 257046.173773297021398, 7035458.74078424833715 ], [ 257051.176963886973681, 7035458.74078424833715 ], [ 257051.176963886973681, 7035478.753546607680619 ], [ 257056.180154476925964, 7035478.753546607680619 ], [ 257056.180154476925964, 7035488.759927787818015 ], [ 257076.19291683670599, 7035488.759927787818015 ], [ 257076.19291683670599, 7035503.769499558024108 ], [ 257086.199298016610555, 7035503.769499558024108 ], [ 257086.199298016610555, 7035498.76630896795541 ], [ 257101.208869786438299, 7035498.76630896795541 ], [ 257101.208869786438299, 7035493.763118377886713 ], [ 257111.215250966342865, 7035493.763118377886713 ], [ 257111.215250966342865, 7035488.759927787818015 ], [ 257116.218441556295147, 7035488.759927787818015 ], [ 257116.218441556295147, 7035483.756737197749317 ], [ 257126.224822736170609, 7035483.756737197749317 ], [ 257126.224822736170609, 7035484.196854050271213 ], [ 257127.732145172456512, 7035483.122445913031697 ], [ 257149.915484677272616, 7035463.766603193245828 ], [ 257170.094800986931659, 7035442.32961664441973 ], [ 257188.075756254256703, 7035419.017936167307198 ], [ 257189.572356254444458, 7035416.86713616643101 ], [ 257194.905265936744399, 7035408.936569728888571 ], [ 257197.276165936258622, 7035405.286569730378687 ], [ 257201.10721974860644, 7035398.702497168444097 ], [ 257196.269490995444357, 7035398.702497168444097 ] ] ], [ [ [ 257221.285443945176667, 7035218.587635930627584 ], [ 257221.285443945176667, 7035223.590826520696282 ], [ 257216.282253355224384, 7035223.590826520696282 ], [ 257216.282253355224384, 7035233.597207700833678 ], [ 257211.279062765272101, 7035233.597207700833678 ], [ 257211.279062765272101, 7035238.600398290902376 ], [ 257196.269490995444357, 7035238.600398290902376 ], [ 257196.269490995444357, 7035243.603588880039752 ], [ 257181.25991922558751, 7035243.603588880039752 ], [ 257181.25991922558751, 7035248.606779470108449 ], [ 257156.2439662758552, 7035248.606779470108449 ], [ 257156.2439662758552, 7035253.609970060177147 ], [ 257046.173773297021398, 7035253.609970060177147 ], [ 257046.173773297021398, 7035258.613160650245845 ], [ 257066.186535656830529, 7035258.613160650245845 ], [ 257066.186535656830529, 7035263.616351240314543 ], [ 257076.19291683670599, 7035263.616351240314543 ], [ 257076.19291683670599, 7035258.613160650245845 ], [ 257081.196107426658273, 7035258.613160650245845 ], [ 257081.196107426658273, 7035263.616351240314543 ], [ 257091.202488606562838, 7035263.616351240314543 ], [ 257091.202488606562838, 7035258.613160650245845 ], [ 257101.208869786438299, 7035258.613160650245845 ], [ 257101.208869786438299, 7035263.616351240314543 ], [ 257156.2439662758552, 7035263.616351240314543 ], [ 257156.2439662758552, 7035258.613160650245845 ], [ 257176.256728635664331, 7035258.613160650245845 ], [ 257176.256728635664331, 7035253.609970060177147 ], [ 257206.275872175348923, 7035253.609970060177147 ], [ 257206.275872175348923, 7035248.606779470108449 ], [ 257231.291825125081232, 7035248.606779470108449 ], [ 257231.291825125081232, 7035228.59401711076498 ], [ 257245.084515242837369, 7035228.59401711076498 ], [ 257244.462630269408692, 7035218.587635930627584 ], [ 257221.285443945176667, 7035218.587635930627584 ] ] ] ] } },
{ "type": "Feature", "properties": { "slope": 1 }, "geometry": { "type": "Polygon", "coordinates": [ [ [ 257016.154629757336807, 7035423.718450118787587 ], [ 257016.154629757336807, 7035413.712068938650191 ], [ 257011.151439167413628, 7035413.712068938650191 ], [ 257011.151439167413628, 7035408.708878348581493 ], [ 257016.154629757336807, 7035408.708878348581493 ], [ 257016.154629757336807, 7035393.699306579306722 ], [ 257026.161010937241372, 7035393.699306579306722 ], [ 257026.161010937241372, 7035383.692925399169326 ], [ 257021.157820347289089, 7035383.692925399169326 ], [ 257021.157820347289089, 7035373.68654421903193 ], [ 257016.154629757336807, 7035373.68654421903193 ], [ 257016.154629757336807, 7035358.676972448825836 ], [ 257011.151439167413628, 7035358.676972448825836 ], [ 257011.151439167413628, 7035348.670591269619763 ], [ 257006.148248577461345, 7035348.670591269619763 ], [ 257006.148248577461345, 7035368.683353628963232 ], [ 257011.151439167413628, 7035368.683353628963232 ], [ 257011.151439167413628, 7035383.692925399169326 ], [ 257016.154629757336807, 7035383.692925399169326 ], [ 257016.154629757336807, 7035388.696115989238024 ], [ 257011.151439167413628, 7035388.696115989238024 ], [ 257011.151439167413628, 7035398.702497168444097 ], [ 257006.148248577461345, 7035398.702497168444097 ], [ 257006.148248577461345, 7035413.712068938650191 ], [ 257001.145057987509063, 7035413.712068938650191 ], [ 257001.145057987509063, 7035418.715259528718889 ], [ 257006.148248577461345, 7035418.715259528718889 ], [ 257006.148248577461345, 7035423.718450118787587 ], [ 257016.154629757336807, 7035423.718450118787587 ] ] ] } },
{ "type": "Feature", "properties": { "slope": 2 }, "geometry": { "type": "Polygon", "coordinates": [ [ [ 257851.687458278494887, 7036924.675627103075385 ], [ 257851.687458278494887, 7036919.672436513006687 ], [ 257826.671505328762578, 7036919.672436513006687 ], [ 257826.671505328762578, 7036914.669245922937989 ], [ 257821.668314738810295, 7036914.669245922937989 ], [ 257821.668314738810295, 7036919.672436513006687 ], [ 257786.645980609173421, 7036919.672436513006687 ], [ 257786.645980609173421, 7036914.669245922937989 ], [ 257761.630027659441112, 7036914.669245922937989 ], [ 257761.630027659441112, 7036919.672436513006687 ], [ 257751.62364647956565, 7036919.672436513006687 ], [ 257751.62364647956565, 7036924.675627103075385 ], [ 257611.534309961047256, 7036924.675627103075385 ], [ 257611.534309961047256, 7036929.67881769221276 ], [ 257556.499213471630355, 7036929.67881769221276 ], [ 257556.499213471630355, 7036934.682008282281458 ], [ 257536.486451111850329, 7036934.682008282281458 ], [ 257536.486451111850329, 7036939.685198872350156 ], [ 257521.476879341993481, 7036939.685198872350156 ], [ 257521.476879341993481, 7036944.688389462418854 ], [ 257501.464116982213454, 7036944.688389462418854 ], [ 257501.464116982213454, 7036949.691580052487552 ], [ 257491.457735802308889, 7036949.691580052487552 ], [ 257491.457735802308889, 7036954.69477064255625 ], [ 257481.451354622433428, 7036954.69477064255625 ], [ 257481.451354622433428, 7036959.697961232624948 ], [ 257471.444973442528863, 7036959.697961232624948 ], [ 257471.444973442528863, 7036964.701151821762323 ], [ 257466.44178285257658, 7036964.701151821762323 ], [ 257466.44178285257658, 7036969.704342411831021 ], [ 257461.438592262624297, 7036969.704342411831021 ], [ 257461.438592262624297, 7036974.707533001899719 ], [ 257456.435401672672015, 7036974.707533001899719 ], [ 257456.435401672672015, 7036979.710723591968417 ], [ 257451.432211082748836, 7036979.710723591968417 ], [ 257451.432211082748836, 7036984.713914182037115 ], [ 257446.429020492796553, 7036984.713914182037115 ], [ 257446.429020492796553, 7036994.720295362174511 ], [ 257441.425829902844271, 7036994.720295362174511 ], [ 257441.425829902844271, 7037009.729867131449282 ], [ 257436.422639312891988, 7037009.729867131449282 ], [ 257436.422639312891988, 7037024.739438901655376 ], [ 257431.419448722939705, 7037024.739438901655376 ], [ 257431.419448722939705, 7037029.742629491724074 ], [ 257436.422639312891988, 7037029.742629491724074 ], [ 257436.422639312891988, 7037039.74901067186147 ], [ 257441.425829902844271, 7037039.74901067186147 ], [ 257441.425829902844271, 7037049.755391851067543 ], [ 257451.432211082748836, 7037049.755391851067543 ], [ 257451.432211082748836, 7037054.758582441136241 ], [ 257481.451354622433428, 7037054.758582441136241 ], [ 257481.451354622433428, 7037059.761773031204939 ], [ 257501.464116982213454, 7037059.761773031204939 ], [ 257501.464116982213454, 7037064.764963621273637 ], [ 257511.470498162088916, 7037064.764963621273637 ], [ 257511.470498162088916, 7037074.771344801411033 ], [ 257516.473688752041198, 7037074.771344801411033 ], [ 257516.473688752041198, 7037079.774535390548408 ], [ 257521.476879341993481, 7037079.774535390548408 ], [ 257521.476879341993481, 7037089.780916570685804 ], [ 257526.480069931945764, 7037089.780916570685804 ], [ 257526.480069931945764, 7037069.768154211342335 ], [ 257531.483260521898046, 7037069.768154211342335 ], [ 257531.483260521898046, 7037059.761773031204939 ], [ 257536.486451111850329, 7037059.761773031204939 ], [ 257536.486451111850329, 7037049.755391851067543 ], [ 257541.489641701773508, 7037049.755391851067543 ], [ 257541.489641701773508, 7037044.752201260998845 ], [ 257546.49283229172579, 7037044.752201260998845 ], [ 257546.49283229172579, 7037039.74901067186147 ], [ 257551.496022881678073, 7037039.74901067186147 ], [ 257551.496022881678073, 7037034.745820081792772 ], [ 257561.502404061582638, 7037034.745820081792772 ], [ 257561.502404061582638, 7037029.742629491724074 ], [ 257566.505594651505817, 7037029.742629491724074 ], [ 257566.505594651505817, 7037024.739438901655376 ], [ 257591.52154760126723, 7037024.739438901655376 ], [ 257591.52154760126723, 7037019.736248311586678 ], [ 257621.540691140922718, 7037019.736248311586678 ], [ 257621.540691140922718, 7037024.739438901655376 ], [ 257626.543881730875, 7037024.739438901655376 ], [ 257626.543881730875, 7037029.742629491724074 ], [ 257631.547072320827283, 7037029.742629491724074 ], [ 257631.547072320827283, 7037034.745820081792772 ], [ 257636.550262910779566, 7037034.745820081792772 ], [ 257636.550262910779566, 7037039.74901067186147 ], [ 257641.553453500731848, 7037039.74901067186147 ], [ 257641.553453500731848, 7037049.755391851067543 ], [ 257646.556644090684131, 7037049.755391851067543 ], [ 257646.556644090684131, 7037054.758582441136241 ], [ 257651.55983468060731, 7037054.758582441136241 ], [ 257651.55983468060731, 7037059.761773031204939 ], [ 257656.563025270559592, 7037059.761773031204939 ], [ 257656.563025270559592, 7037079.774535390548408 ], [ 257651.55983468060731, 7037079.774535390548408 ], [ 257651.55983468060731, 7037084.777725980617106 ], [ 257646.556644090684131, 7037084.777725980617106 ], [ 257646.556644090684131, 7037089.780916570685804 ], [ 257656.563025270559592, 7037089.780916570685804 ], [ 257656.563025270559592, 7037084.777725980617106 ], [ 257661.566215860511875, 7037084.777725980617106 ], [ 257661.566215860511875, 7037079.774535390548408 ], [ 257671.57259704041644, 7037079.774535390548408 ], [ 257671.57259704041644, 7037074.771344801411033 ], [ 257701.591740580101032, 7037074.771344801411033 ], [ 257701.591740580101032, 7037079.774535390548408 ], [ 257716.601312349928776, 7037079.774535390548408 ], [ 257716.601312349928776, 7037084.777725980617106 ], [ 257721.604502939881058, 7037084.777725980617106 ], [ 257721.604502939881058, 7037079.774535390548408 ], [ 257746.620455889613368, 7037079.774535390548408 ], [ 257746.620455889613368, 7037074.771344801411033 ], [ 257761.630027659441112, 7037074.771344801411033 ], [ 257761.630027659441112, 7037079.774535390548408 ], [ 257796.652361789077986, 7037079.774535390548408 ], [ 257796.652361789077986, 7037084.777725980617106 ], [ 257801.655552379030269, 7037084.777725980617106 ], [ 257801.655552379030269, 7037079.774535390548408 ], [ 257816.665124148858013, 7037079.774535390548408 ], [ 257816.665124148858013, 7037074.771344801411033 ], [ 257821.668314738810295, 7037074.771344801411033 ], [ 257821.668314738810295, 7037069.768154211342335 ], [ 257826.671505328762578, 7037069.768154211342335 ], [ 257826.671505328762578, 7037064.764963621273637 ], [ 257831.67469591871486, 7037064.764963621273637 ], [ 257831.67469591871486, 7037059.761773031204939 ], [ 257836.677886508667143, 7037059.761773031204939 ], [ 257836.677886508667143, 7037054.758582441136241 ], [ 257841.681077098590322, 7037054.758582441136241 ], [ 257841.681077098590322, 7037044.752201260998845 ], [ 257846.684267688542604, 7037044.752201260998845 ], [ 257846.684267688542604, 7037039.74901067186147 ], [ 257851.687458278494887, 7037039.74901067186147 ], [ 257851.687458278494887, 7037034.745820081792772 ], [ 257856.69064886844717, 7037034.745820081792772 ], [ 257856.69064886844717, 7037024.739438901655376 ], [ 257861.693839458399452, 7037024.739438901655376 ], [ 257861.693839458399452, 7037019.736248311586678 ], [ 257871.700220638274914, 7037019.736248311586678 ], [ 257871.700220638274914, 7037014.73305772151798 ], [ 257876.703411228227196, 7037014.73305772151798 ], [ 257876.703411228227196, 7037009.729867131449282 ], [ 257881.706601818179479, 7037009.729867131449282 ], [ 257881.706601818179479, 7037004.726676541380584 ], [ 257886.709792408131761, 7037004.726676541380584 ], [ 257886.709792408131761, 7036999.723485952243209 ], [ 257891.712982998084044, 7036999.723485952243209 ], [ 257891.712982998084044, 7036994.720295362174511 ], [ 257899.587966727995081, 7036994.720295362174511 ], [ 257895.982736184407258, 7036985.380357718095183 ], [ 257882.73997894054628, 7036959.086278924718499 ], [ 257867.278436299326131, 7036934.682008282281458 ], [ 257866.697030048351735, 7036934.682008282281458 ], [ 257866.697030048351735, 7036933.849643537774682 ], [ 257859.534229091659654, 7036924.675627103075385 ], [ 257851.687458278494887, 7036924.675627103075385 ] ], [ [ 257831.67469591871486, 7036984.713914182037115 ], [ 257826.671505328762578, 7036984.713914182037115 ], [ 257826.671505328762578, 7036979.710723591968417 ], [ 257831.67469591871486, 7036979.710723591968417 ], [ 257831.67469591871486, 7036969.704342411831021 ], [ 257836.677886508667143, 7036969.704342411831021 ], [ 257836.677886508667143, 7036964.701151821762323 ], [ 257846.684267688542604, 7036964.701151821762323 ], [ 257846.684267688542604, 7036959.697961232624948 ], [ 257871.700220638274914, 7036959.697961232624948 ], [ 257871.700220638274914, 7036964.701151821762323 ], [ 257876.703411228227196, 7036964.701151821762323 ], [ 257876.703411228227196, 7036989.717104772105813 ], [ 257871.700220638274914, 7036989.717104772105813 ], [ 257871.700220638274914, 7036994.720295362174511 ], [ 257831.67469591871486, 7036994.720295362174511 ], [ 257831.67469591871486, 7036984.713914182037115 ] ] ] } },
{ "type": "Feature", "properties": { "slope": 1 }, "geometry": { "type": "Polygon", "coordinates": [ [ [ 257441.425829902844271, 7037049.755391851067543 ], [ 257441.425829902844271, 7037039.74901067186147 ], [ 257436.422639312891988, 7037039.74901067186147 ], [ 257436.422639312891988, 7037029.742629491724074 ], [ 257431.419448722939705, 7037029.742629491724074 ], [ 257431.419448722939705, 7037044.752201260998845 ], [ 257436.422639312891988, 7037044.752201260998845 ], [ 257436.422639312891988, 7037049.755391851067543 ], [ 257441.425829902844271, 7037049.755391851067543 ] ] ] } },
{ "type": "Feature", "properties": { "slope": 1 }, "geometry": { "type": "Polygon", "coordinates": [ [ [ 257481.451354622433428, 7037059.761773031204939 ], [ 257481.451354622433428, 7037054.758582441136241 ], [ 257451.432211082748836, 7037054.758582441136241 ], [ 257451.432211082748836, 7037049.755391851067543 ], [ 257441.425829902844271, 7037049.755391851067543 ], [ 257441.425829902844271, 7037054.758582441136241 ], [ 257446.429020492796553, 7037054.758582441136241 ], [ 257446.429020492796553, 7037059.761773031204939 ], [ 257481.451354622433428, 7037059.761773031204939 ] ] ] } },
{ "type": "Feature", "properties": { "slope": 3 }, "geometry": { "type": "Polygon", "coordinates": [ [ [ 257541.489641701773508, 7037094.784107160754502 ], [ 257541.489641701773508, 7037089.780916570685804 ], [ 257566.505594651505817, 7037089.780916570685804 ], [ 257566.505594651505817, 7037084.777725980617106 ], [ 257611.534309961047256, 7037084.777725980617106 ], [ 257611.534309961047256, 7037079.774535390548408 ], [ 257616.537500550999539, 7037079.774535390548408 ], [ 257616.537500550999539, 7037084.777725980617106 ], [ 257621.540691140922718, 7037084.777725980617106 ], [ 257621.540691140922718, 7037079.774535390548408 ], [ 257631.547072320827283, 7037079.774535390548408 ], [ 257631.547072320827283, 7037074.771344801411033 ], [ 257636.550262910779566, 7037074.771344801411033 ], [ 257636.550262910779566, 7037084.777725980617106 ], [ 257631.547072320827283, 7037084.777725980617106 ], [ 257631.547072320827283, 7037089.780916570685804 ], [ 257626.543881730875, 7037089.780916570685804 ], [ 257626.543881730875, 7037094.784107160754502 ], [ 257636.550262910779566, 7037094.784107160754502 ], [ 257636.550262910779566, 7037089.780916570685804 ], [ 257646.556644090684131, 7037089.780916570685804 ], [ 257646.556644090684131, 7037084.777725980617106 ], [ 257651.55983468060731, 7037084.777725980617106 ], [ 257651.55983468060731, 7037079.774535390548408 ], [ 257656.563025270559592, 7037079.774535390548408 ], [ 257656.563025270559592, 7037059.761773031204939 ], [ 257651.55983468060731, 7037059.761773031204939 ], [ 257651.55983468060731, 7037054.758582441136241 ], [ 257646.556644090684131, 7037054.758582441136241 ], [ 257646.556644090684131, 7037049.755391851067543 ], [ 257641.553453500731848, 7037049.755391851067543 ], [ 257641.553453500731848, 7037039.74901067186147 ], [ 257636.550262910779566, 7037039.74901067186147 ], [ 257636.550262910779566, 7037034.745820081792772 ], [ 257631.547072320827283, 7037034.745820081792772 ], [ 257631.547072320827283, 7037029.742629491724074 ], [ 257626.543881730875, 7037029.742629491724074 ], [ 257626.543881730875, 7037024.739438901655376 ], [ 257621.540691140922718, 7037024.739438901655376 ], [ 257621.540691140922718, 7037019.736248311586678 ], [ 257591.52154760126723, 7037019.736248311586678 ], [ 257591.52154760126723, 7037024.739438901655376 ], [ 257566.505594651505817, 7037024.739438901655376 ], [ 257566.505594651505817, 7037029.742629491724074 ], [ 257561.502404061582638, 7037029.742629491724074 ], [ 257561.502404061582638, 7037034.745820081792772 ], [ 257551.496022881678073, 7037034.745820081792772 ], [ 257551.496022881678073, 7037039.74901067186147 ], [ 257546.49283229172579, 7037039.74901067186147 ], [ 257546.49283229172579, 7037044.752201260998845 ], [ 257541.489641701773508, 7037044.752201260998845 ], [ 257541.489641701773508, 7037049.755391851067543 ], [ 257536.486451111850329, 7037049.755391851067543 ], [ 257536.486451111850329, 7037059.761773031204939 ], [ 257531.483260521898046, 7037059.761773031204939 ], [ 257531.483260521898046, 7037069.768154211342335 ], [ 257526.480069931945764, 7037069.768154211342335 ], [ 257526.480069931945764, 7037089.780916570685804 ], [ 257531.483260521898046, 7037089.780916570685804 ], [ 257531.483260521898046, 7037094.784107160754502 ], [ 257541.489641701773508, 7037094.784107160754502 ] ] ] } },
{ "type": "Feature", "properties": { "slope": 1 }, "geometry": { "type": "Polygon", "coordinates": [ [ [ 257871.700220638274914, 7036994.720295362174511 ], [ 257871.700220638274914, 7036989.717104772105813 ], [ 257876.703411228227196, 7036989.717104772105813 ], [ 257876.703411228227196, 7036964.701151821762323 ], [ 257871.700220638274914, 7036964.701151821762323 ], [ 257871.700220638274914, 7036959.697961232624948 ], [ 257846.684267688542604, 7036959.697961232624948 ], [ 257846.684267688542604, 7036964.701151821762323 ], [ 257836.677886508667143, 7036964.701151821762323 ], [ 257836.677886508667143, 7036969.704342411831021 ], [ 257831.67469591871486, 7036969.704342411831021 ], [ 257831.67469591871486, 7036979.710723591968417 ], [ 257826.671505328762578, 7036979.710723591968417 ], [ 257826.671505328762578, 7036984.713914182037115 ], [ 257831.67469591871486, 7036984.713914182037115 ], [ 257831.67469591871486, 7036994.720295362174511 ], [ 257871.700220638274914, 7036994.720295362174511 ] ] ] } },
{ "type": "Feature", "properties": { "slope": 1 }, "geometry": { "type": "MultiPolygon", "coordinates": [ [ [ [ 257891.712982998084044, 7036994.720295362174511 ], [ 257891.712982998084044, 7036999.723485952243209 ], [ 257886.709792408131761, 7036999.723485952243209 ], [ 257886.709792408131761, 7037004.726676541380584 ], [ 257881.706601818179479, 7037004.726676541380584 ], [ 257881.706601818179479, 7037009.729867131449282 ], [ 257876.703411228227196, 7037009.729867131449282 ], [ 257876.703411228227196, 7037014.73305772151798 ], [ 257871.700220638274914, 7037014.73305772151798 ], [ 257871.700220638274914, 7037019.736248311586678 ], [ 257861.693839458399452, 7037019.736248311586678 ], [ 257861.693839458399452, 7037024.739438901655376 ], [ 257856.69064886844717, 7037024.739438901655376 ], [ 257856.69064886844717, 7037034.745820081792772 ], [ 257851.687458278494887, 7037034.745820081792772 ], [ 257851.687458278494887, 7037039.74901067186147 ], [ 257846.684267688542604, 7037039.74901067186147 ], [ 257846.684267688542604, 7037044.752201260998845 ], [ 257841.681077098590322, 7037044.752201260998845 ], [ 257841.681077098590322, 7037054.758582441136241 ], [ 257836.677886508667143, 7037054.758582441136241 ], [ 257836.677886508667143, 7037059.761773031204939 ], [ 257831.67469591871486, 7037059.761773031204939 ], [ 257831.67469591871486, 7037064.764963621273637 ], [ 257826.671505328762578, 7037064.764963621273637 ], [ 257826.671505328762578, 7037069.768154211342335 ], [ 257821.668314738810295, 7037069.768154211342335 ], [ 257821.668314738810295, 7037074.771344801411033 ], [ 257816.665124148858013, 7037074.771344801411033 ], [ 257816.665124148858013, 7037079.774535390548408 ], [ 257801.655552379030269, 7037079.774535390548408 ], [ 257801.655552379030269, 7037084.777725980617106 ], [ 257796.652361789077986, 7037084.777725980617106 ], [ 257796.652361789077986, 7037079.774535390548408 ], [ 257761.630027659441112, 7037079.774535390548408 ], [ 257761.630027659441112, 7037074.771344801411033 ], [ 257746.620455889613368, 7037074.771344801411033 ], [ 257746.620455889613368, 7037079.774535390548408 ], [ 257756.626837069517933, 7037079.774535390548408 ], [ 257756.626837069517933, 7037089.780916570685804 ], [ 257761.630027659441112, 7037089.780916570685804 ], [ 257761.630027659441112, 7037094.784107160754502 ], [ 257771.636408839345677, 7037094.784107160754502 ], [ 257771.636408839345677, 7037099.7872977508232 ], [ 257781.642790019250242, 7037099.7872977508232 ], [ 257781.642790019250242, 7037104.790488340891898 ], [ 257791.649171199125703, 7037104.790488340891898 ], [ 257791.649171199125703, 7037109.793678930960596 ], [ 257801.655552379030269, 7037109.793678930960596 ], [ 257801.655552379030269, 7037114.796869521029294 ], [ 257806.658742968982551, 7037114.796869521029294 ], [ 257806.658742968982551, 7037109.793678930960596 ], [ 257816.665124148858013, 7037109.793678930960596 ], [ 257816.665124148858013, 7037114.796869521029294 ], [ 257811.661933558934834, 7037114.796869521029294 ], [ 257811.661933558934834, 7037124.803250700235367 ], [ 257801.655552379030269, 7037124.803250700235367 ], [ 257801.655552379030269, 7037129.806441290304065 ], [ 257796.652361789077986, 7037129.806441290304065 ], [ 257796.652361789077986, 7037134.809631880372763 ], [ 257801.655552379030269, 7037134.809631880372763 ], [ 257801.655552379030269, 7037194.847918959334493 ], [ 257806.658742968982551, 7037194.847918959334493 ], [ 257806.658742968982551, 7037199.851109549403191 ], [ 257811.661933558934834, 7037199.851109549403191 ], [ 257811.661933558934834, 7037209.857490729540586 ], [ 257816.665124148858013, 7037209.857490729540586 ], [ 257816.665124148858013, 7037214.860681319609284 ], [ 257821.668314738810295, 7037214.860681319609284 ], [ 257821.668314738810295, 7037219.863871909677982 ], [ 257826.671505328762578, 7037219.863871909677982 ], [ 257826.671505328762578, 7037224.86706249974668 ], [ 257836.677886508667143, 7037224.86706249974668 ], [ 257836.677886508667143, 7037229.870253089815378 ], [ 257846.684267688542604, 7037229.870253089815378 ], [ 257846.684267688542604, 7037234.873443678952754 ], [ 257851.687458278494887, 7037234.873443678952754 ], [ 257851.687458278494887, 7037239.876634269021451 ], [ 257866.697030048351735, 7037239.876634269021451 ], [ 257866.697030048351735, 7037244.879824859090149 ], [ 257886.709792408131761, 7037244.879824859090149 ], [ 257886.709792408131761, 7037239.876634269021451 ], [ 257890.613604656828102, 7037239.876634269021451 ], [ 257897.262842160125729, 7037224.86706249974668 ], [ 257891.712982998084044, 7037224.86706249974668 ], [ 257891.712982998084044, 7037229.870253089815378 ], [ 257881.706601818179479, 7037229.870253089815378 ], [ 257881.706601818179479, 7037234.873443678952754 ], [ 257866.697030048351735, 7037234.873443678952754 ], [ 257866.697030048351735, 7037229.870253089815378 ], [ 257856.69064886844717, 7037229.870253089815378 ], [ 257856.69064886844717, 7037219.863871909677982 ], [ 257851.687458278494887, 7037219.863871909677982 ], [ 257851.687458278494887, 7037214.860681319609284 ], [ 257841.681077098590322, 7037214.860681319609284 ], [ 257841.681077098590322, 7037209.857490729540586 ], [ 257826.671505328762578, 7037209.857490729540586 ], [ 257826.671505328762578, 7037204.854300139471889 ], [ 257821.668314738810295, 7037204.854300139471889 ], [ 257821.668314738810295, 7037199.851109549403191 ], [ 257816.665124148858013, 7037199.851109549403191 ], [ 257816.665124148858013, 7037194.847918959334493 ], [ 257811.661933558934834, 7037194.847918959334493 ], [ 257811.661933558934834, 7037189.844728370197117 ], [ 257806.658742968982551, 7037189.844728370197117 ], [ 257806.658742968982551, 7037179.838347190059721 ], [ 257811.661933558934834, 7037179.838347190059721 ], [ 257811.661933558934834, 7037164.828775419853628 ], [ 257816.665124148858013, 7037164.828775419853628 ], [ 257816.665124148858013, 7037159.82558482978493 ], [ 257826.671505328762578, 7037159.82558482978493 ], [ 257826.671505328762578, 7037164.828775419853628 ], [ 257861.693839458399452, 7037164.828775419853628 ], [ 257861.693839458399452, 7037169.831966009922326 ], [ 257876.703411228227196, 7037169.831966009922326 ], [ 257876.703411228227196, 7037174.835156599991024 ], [ 257886.709792408131761, 7037174.835156599991024 ], [ 257886.709792408131761, 7037179.838347190059721 ], [ 257896.716173588007223, 7037179.838347190059721 ], [ 257896.716173588007223, 7037184.841537780128419 ], [ 257906.722554767911788, 7037184.841537780128419 ], [ 257906.722554767911788, 7037189.844728370197117 ], [ 257909.946872097236337, 7037189.844728370197117 ], [ 257910.89807283564005, 7037186.96322188898921 ], [ 257917.342070054495707, 7037158.236507860943675 ], [ 257920.939327305328334, 7037129.016498632729053 ], [ 257921.528577896184288, 7037104.790488340891898 ], [ 257871.700220638274914, 7037104.790488340891898 ], [ 257871.700220638274914, 7037099.7872977508232 ], [ 257856.69064886844717, 7037099.7872977508232 ], [ 257856.69064886844717, 7037094.784107160754502 ], [ 257851.687458278494887, 7037094.784107160754502 ], [ 257851.687458278494887, 7037084.777725980617106 ], [ 257846.684267688542604, 7037084.777725980617106 ], [ 257846.684267688542604, 7037064.764963621273637 ], [ 257851.687458278494887, 7037064.764963621273637 ], [ 257851.687458278494887, 7037059.761773031204939 ], [ 257856.69064886844717, 7037059.761773031204939 ], [ 257856.69064886844717, 7037054.758582441136241 ], [ 257861.693839458399452, 7037054.758582441136241 ], [ 257861.693839458399452, 7037044.752201260998845 ], [ 257866.697030048351735, 7037044.752201260998845 ], [ 257866.697030048351735, 7037039.74901067186147 ], [ 257871.700220638274914, 7037039.74901067186147 ], [ 257871.700220638274914, 7037034.745820081792772 ], [ 257886.709792408131761, 7037034.745820081792772 ], [ 257886.709792408131761, 7037029.742629491724074 ], [ 257896.716173588007223, 7037029.742629491724074 ], [ 257896.716173588007223, 7037024.739438901655376 ], [ 257901.719364177959505, 7037024.739438901655376 ], [ 257901.719364177959505, 7037019.736248311586678 ], [ 257908.492960543080699, 7037019.736248311586678 ], [ 257906.584455521602649, 7037012.845840530470014 ], [ 257899.587966727995081, 7036994.720295362174511 ], [ 257891.712982998084044, 7036994.720295362174511 ] ] ], [ [ [ 257866.697030048351735, 7036934.682008282281458 ], [ 257867.278436299326131, 7036934.682008282281458 ], [ 257866.983718781528296, 7036934.216830503195524 ], [ 257866.697030048351735, 7036933.849643537774682 ], [ 257866.697030048351735, 7036934.682008282281458 ] ] ], [ [ [ 257586.518357011314947, 7036799.595862354151905 ], [ 257581.515166421362665, 7036799.595862354151905 ], [ 257581.515166421362665, 7036809.6022435342893 ], [ 257576.511975831410382, 7036809.6022435342893 ], [ 257576.511975831410382, 7036814.605434123426676 ], [ 257536.486451111850329, 7036814.605434123426676 ], [ 257536.486451111850329, 7036834.618196483701468 ], [ 257546.49283229172579, 7036834.618196483701468 ], [ 257546.49283229172579, 7036839.621387073770165 ], [ 257556.499213471630355, 7036839.621387073770165 ], [ 257556.499213471630355, 7036844.624577663838863 ], [ 257561.502404061582638, 7036844.624577663838863 ], [ 257561.502404061582638, 7036849.627768253907561 ], [ 257566.505594651505817, 7036849.627768253907561 ], [ 257566.505594651505817, 7036854.630958843044937 ], [ 257571.508785241458099, 7036854.630958843044937 ], [ 257571.508785241458099, 7036869.64053061325103 ], [ 257581.515166421362665, 7036869.64053061325103 ], [ 257581.515166421362665, 7036884.650102383457124 ], [ 257596.524738191190409, 7036884.650102383457124 ], [ 257596.524738191190409, 7036889.6532929725945 ], [ 257581.515166421362665, 7036889.6532929725945 ], [ 257581.515166421362665, 7036894.656483562663198 ], [ 257576.511975831410382, 7036894.656483562663198 ], [ 257576.511975831410382, 7036889.6532929725945 ], [ 257571.508785241458099, 7036889.6532929725945 ], [ 257571.508785241458099, 7036884.650102383457124 ], [ 257566.505594651505817, 7036884.650102383457124 ], [ 257566.505594651505817, 7036894.656483562663198 ], [ 257561.502404061582638, 7036894.656483562663198 ], [ 257561.502404061582638, 7036899.659674152731895 ], [ 257556.499213471630355, 7036899.659674152731895 ], [ 257556.499213471630355, 7036904.662864742800593 ], [ 257531.483260521898046, 7036904.662864742800593 ], [ 257531.483260521898046, 7036909.666055332869291 ], [ 257536.486451111850329, 7036909.666055332869291 ], [ 257536.486451111850329, 7036914.669245922937989 ], [ 257531.483260521898046, 7036914.669245922937989 ], [ 257531.483260521898046, 7036919.672436513006687 ], [ 257506.467307572165737, 7036919.672436513006687 ], [ 257506.467307572165737, 7036924.675627103075385 ], [ 257491.457735802308889, 7036924.675627103075385 ], [ 257491.457735802308889, 7036929.67881769221276 ], [ 257476.448164032481145, 7036929.67881769221276 ], [ 257476.448164032481145, 7036934.682008282281458 ], [ 257471.444973442528863, 7036934.682008282281458 ], [ 257471.444973442528863, 7036939.685198872350156 ], [ 257466.44178285257658, 7036939.685198872350156 ], [ 257466.44178285257658, 7036944.688389462418854 ], [ 257461.438592262624297, 7036944.688389462418854 ], [ 257461.438592262624297, 7036949.691580052487552 ], [ 257456.435401672672015, 7036949.691580052487552 ], [ 257456.435401672672015, 7036954.69477064255625 ], [ 257451.432211082748836, 7036954.69477064255625 ], [ 257451.432211082748836, 7036959.697961232624948 ], [ 257446.429020492796553, 7036959.697961232624948 ], [ 257446.429020492796553, 7036964.701151821762323 ], [ 257441.425829902844271, 7036964.701151821762323 ], [ 257441.425829902844271, 7036969.704342411831021 ], [ 257436.422639312891988, 7036969.704342411831021 ], [ 257436.422639312891988, 7036979.710723591968417 ], [ 257431.419448722939705, 7036979.710723591968417 ], [ 257431.419448722939705, 7036989.717104772105813 ], [ 257426.416258133016527, 7036989.717104772105813 ], [ 257426.416258133016527, 7037029.742629491724074 ], [ 257431.419448722939705, 7037029.742629491724074 ], [ 257431.419448722939705, 7037024.739438901655376 ], [ 257436.422639312891988, 7037024.739438901655376 ], [ 257436.422639312891988, 7037009.729867131449282 ], [ 257441.425829902844271, 7037009.729867131449282 ], [ 257441.425829902844271, 7036994.720295362174511 ], [ 257446.429020492796553, 7036994.720295362174511 ], [ 257446.429020492796553, 7036984.713914182037115 ], [ 257451.432211082748836, 7036984.713914182037115 ], [ 257451.432211082748836, 7036979.710723591968417 ], [ 257456.435401672672015, 7036979.710723591968417 ], [ 257456.435401672672015, 7036974.707533001899719 ], [ 257461.438592262624297, 7036974.707533001899719 ], [ 257461.438592262624297, 7036969.704342411831021 ], [ 257466.44178285257658, 7036969.704342411831021 ], [ 257466.44178285257658, 7036964.701151821762323 ], [ 257471.444973442528863, 7036964.701151821762323 ], [ 257471.444973442528863, 7036959.697961232624948 ], [ 257481.451354622433428, 7036959.697961232624948 ], [ 257481.451354622433428, 7036954.69477064255625 ], [ 257491.457735802308889, 7036954.69477064255625 ], [ 257491.457735802308889, 7036949.691580052487552 ], [ 257501.464116982213454, 7036949.691580052487552 ], [ 257501.464116982213454, 7036944.688389462418854 ], [ 257521.476879341993481, 7036944.688389462418854 ], [ 257521.476879341993481, 7036939.685198872350156 ], [ 257536.486451111850329, 7036939.685198872350156 ], [ 257536.486451111850329, 7036934.682008282281458 ], [ 257556.499213471630355, 7036934.682008282281458 ], [ 257556.499213471630355, 7036929.67881769221276 ], [ 257611.534309961047256, 7036929.67881769221276 ], [ 257611.534309961047256, 7036924.675627103075385 ], [ 257751.62364647956565, 7036924.675627103075385 ], [ 257751.62364647956565, 7036919.672436513006687 ], [ 257761.630027659441112, 7036919.672436513006687 ], [ 257761.630027659441112, 7036914.669245922937989 ], [ 257786.645980609173421, 7036914.669245922937989 ], [ 257786.645980609173421, 7036919.672436513006687 ], [ 257821.668314738810295, 7036919.672436513006687 ], [ 257821.668314738810295, 7036914.669245922937989 ], [ 257826.671505328762578, 7036914.669245922937989 ], [ 257826.671505328762578, 7036919.672436513006687 ], [ 257851.687458278494887, 7036919.672436513006687 ], [ 257851.687458278494887, 7036924.675627103075385 ], [ 257859.534229091659654, 7036924.675627103075385 ], [ 257848.865697105909931, 7036911.011518836021423 ], [ 257828.560400366754038, 7036889.693823760375381 ], [ 257806.263379671669099, 7036870.469046332873404 ], [ 257805.086414230288938, 7036869.64053061325103 ], [ 257766.633218249393394, 7036869.64053061325103 ], [ 257766.633218249393394, 7036864.637340023182333 ], [ 257746.620455889613368, 7036864.637340023182333 ], [ 257746.620455889613368, 7036869.64053061325103 ], [ 257736.614074709708802, 7036869.64053061325103 ], [ 257736.614074709708802, 7036874.643721203319728 ], [ 257671.57259704041644, 7036874.643721203319728 ], [ 257671.57259704041644, 7036869.64053061325103 ], [ 257661.566215860511875, 7036869.64053061325103 ], [ 257661.566215860511875, 7036864.637340023182333 ], [ 257656.563025270559592, 7036864.637340023182333 ], [ 257656.563025270559592, 7036859.634149433113635 ], [ 257651.55983468060731, 7036859.634149433113635 ], [ 257651.55983468060731, 7036864.637340023182333 ], [ 257636.550262910779566, 7036864.637340023182333 ], [ 257636.550262910779566, 7036859.634149433113635 ], [ 257626.543881730875, 7036859.634149433113635 ], [ 257626.543881730875, 7036849.627768253907561 ], [ 257631.547072320827283, 7036849.627768253907561 ], [ 257631.547072320827283, 7036839.621387073770165 ], [ 257626.543881730875, 7036839.621387073770165 ], [ 257626.543881730875, 7036819.608624713495374 ], [ 257631.547072320827283, 7036819.608624713495374 ], [ 257631.547072320827283, 7036814.605434123426676 ], [ 257641.553453500731848, 7036814.605434123426676 ], [ 257641.553453500731848, 7036805.920147711411119 ], [ 257622.133762686018599, 7036802.11696907505393 ], [ 257619.802662685950054, 7036801.803169075399637 ], [ 257606.188998282246757, 7036800.643279782496393 ], [ 257594.977719499467639, 7036799.139788075350225 ], [ 257586.518357011314947, 7036798.880327123217285 ], [ 257586.518357011314947, 7036799.595862354151905 ] ] ] ] } },
{ "type": "Feature", "properties": { "slope": 2 }, "geometry": { "type": "Polygon", "coordinates": [ [ [ 257901.719364177959505, 7037019.736248311586678 ], [ 257901.719364177959505, 7037024.739438901655376 ], [ 257896.716173588007223, 7037024.739438901655376 ], [ 257896.716173588007223, 7037029.742629491724074 ], [ 257886.709792408131761, 7037029.742629491724074 ], [ 257886.709792408131761, 7037034.745820081792772 ], [ 257871.700220638274914, 7037034.745820081792772 ], [ 257871.700220638274914, 7037039.74901067186147 ], [ 257866.697030048351735, 7037039.74901067186147 ], [ 257866.697030048351735, 7037044.752201260998845 ], [ 257861.693839458399452, 7037044.752201260998845 ], [ 257861.693839458399452, 7037054.758582441136241 ], [ 257856.69064886844717, 7037054.758582441136241 ], [ 257856.69064886844717, 7037059.761773031204939 ], [ 257851.687458278494887, 7037059.761773031204939 ], [ 257851.687458278494887, 7037064.764963621273637 ], [ 257846.684267688542604, 7037064.764963621273637 ], [ 257846.684267688542604, 7037084.777725980617106 ], [ 257851.687458278494887, 7037084.777725980617106 ], [ 257851.687458278494887, 7037094.784107160754502 ], [ 257856.69064886844717, 7037094.784107160754502 ], [ 257856.69064886844717, 7037099.7872977508232 ], [ 257871.700220638274914, 7037099.7872977508232 ], [ 257871.700220638274914, 7037104.790488340891898 ], [ 257921.528577896184288, 7037104.790488340891898 ], [ 257921.655201034329366, 7037099.584598867222667 ], [ 257919.482796986208996, 7037070.224253848195076 ], [ 257914.443036599433981, 7037041.218219747766852 ], [ 257908.492960543080699, 7037019.736248311586678 ], [ 257901.719364177959505, 7037019.736248311586678 ] ] ] } },
{ "type": "Feature", "properties": { "slope": 1 }, "geometry": { "type": "Polygon", "coordinates": [ [ [ 257771.636408839345677, 7037139.812822470441461 ], [ 257771.636408839345677, 7037129.806441290304065 ], [ 257766.633218249393394, 7037129.806441290304065 ], [ 257766.633218249393394, 7037139.812822470441461 ], [ 257771.636408839345677, 7037139.812822470441461 ] ] ] } },
{ "type": "Feature", "properties": { "slope": 1 }, "geometry": { "type": "Polygon", "coordinates": [ [ [ 257776.639599429297959, 7037174.835156599991024 ], [ 257776.639599429297959, 7037139.812822470441461 ], [ 257771.636408839345677, 7037139.812822470441461 ], [ 257771.636408839345677, 7037174.835156599991024 ], [ 257776.639599429297959, 7037174.835156599991024 ] ] ] } },
{ "type": "Feature", "properties": { "slope": 2 }, "geometry": { "type": "Polygon", "coordinates": [ [ [ 257906.722554767911788, 7037189.844728370197117 ], [ 257906.722554767911788, 7037184.841537780128419 ], [ 257896.716173588007223, 7037184.841537780128419 ], [ 257896.716173588007223, 7037179.838347190059721 ], [ 257886.709792408131761, 7037179.838347190059721 ], [ 257886.709792408131761, 7037174.835156599991024 ], [ 257876.703411228227196, 7037174.835156599991024 ], [ 257876.703411228227196, 7037169.831966009922326 ], [ 257861.693839458399452, 7037169.831966009922326 ], [ 257861.693839458399452, 7037164.828775419853628 ], [ 257826.671505328762578, 7037164.828775419853628 ], [ 257826.671505328762578, 7037159.82558482978493 ], [ 257816.665124148858013, 7037159.82558482978493 ], [ 257816.665124148858013, 7037164.828775419853628 ], [ 257811.661933558934834, 7037164.828775419853628 ], [ 257811.661933558934834, 7037179.838347190059721 ], [ 257806.658742968982551, 7037179.838347190059721 ], [ 257806.658742968982551, 7037189.844728370197117 ], [ 257811.661933558934834, 7037189.844728370197117 ], [ 257811.661933558934834, 7037194.847918959334493 ], [ 257816.665124148858013, 7037194.847918959334493 ], [ 257816.665124148858013, 7037199.851109549403191 ], [ 257821.668314738810295, 7037199.851109549403191 ], [ 257821.668314738810295, 7037204.854300139471889 ], [ 257826.671505328762578, 7037204.854300139471889 ], [ 257826.671505328762578, 7037209.857490729540586 ], [ 257841.681077098590322, 7037209.857490729540586 ], [ 257841.681077098590322, 7037214.860681319609284 ], [ 257851.687458278494887, 7037214.860681319609284 ], [ 257851.687458278494887, 7037219.863871909677982 ], [ 257856.69064886844717, 7037219.863871909677982 ], [ 257856.69064886844717, 7037229.870253089815378 ], [ 257866.697030048351735, 7037229.870253089815378 ], [ 257866.697030048351735, 7037234.873443678952754 ], [ 257881.706601818179479, 7037234.873443678952754 ], [ 257881.706601818179479, 7037229.870253089815378 ], [ 257891.712982998084044, 7037229.870253089815378 ], [ 257891.712982998084044, 7037224.86706249974668 ], [ 257897.262842160125729, 7037224.86706249974668 ], [ 257901.669394864642527, 7037214.919986757449806 ], [ 257909.946872097236337, 7037189.844728370197117 ], [ 257906.722554767911788, 7037189.844728370197117 ] ] ] } },
{ "type": "Feature", "properties": { "slope": 1 }, "geometry": { "type": "Polygon", "coordinates": [ [ [ 258076.831034826114774, 7038845.900813641957939 ], [ 258076.831034826114774, 7038840.897623051889241 ], [ 258086.837416006019339, 7038840.897623051889241 ], [ 258086.837416006019339, 7038835.894432462751865 ], [ 258071.827844236162491, 7038835.894432462751865 ], [ 258071.827844236162491, 7038840.897623051889241 ], [ 258066.824653646210209, 7038840.897623051889241 ], [ 258066.824653646210209, 7038845.900813641957939 ], [ 258076.831034826114774, 7038845.900813641957939 ] ] ] } },
{ "type": "Feature", "properties": { "slope": 1 }, "geometry": { "type": "Polygon", "coordinates": [ [ [ 257701.591740580101032, 7037079.774535390548408 ], [ 257701.591740580101032, 7037074.771344801411033 ], [ 257686.582168810244184, 7037074.771344801411033 ], [ 257686.582168810244184, 7037079.774535390548408 ], [ 257701.591740580101032, 7037079.774535390548408 ] ] ] } },
{ "type": "Feature", "properties": { "slope": 1 }, "geometry": { "type": "Polygon", "coordinates": [ [ [ 257666.569406450464157, 7037084.777725980617106 ], [ 257666.569406450464157, 7037079.774535390548408 ], [ 257661.566215860511875, 7037079.774535390548408 ], [ 257661.566215860511875, 7037084.777725980617106 ], [ 257666.569406450464157, 7037084.777725980617106 ] ] ] } },
{ "type": "Feature", "properties": { "slope": 1 }, "geometry": { "type": "Polygon", "coordinates": [ [ [ 257716.601312349928776, 7037084.777725980617106 ], [ 257716.601312349928776, 7037079.774535390548408 ], [ 257701.591740580101032, 7037079.774535390548408 ], [ 257701.591740580101032, 7037084.777725980617106 ], [ 257716.601312349928776, 7037084.777725980617106 ] ] ] } },
{ "type": "Feature", "properties": { "slope": 1 }, "geometry": { "type": "Polygon", "coordinates": [ [ [ 257746.620455889613368, 7037084.777725980617106 ], [ 257746.620455889613368, 7037079.774535390548408 ], [ 257721.604502939881058, 7037079.774535390548408 ], [ 257721.604502939881058, 7037084.777725980617106 ], [ 257746.620455889613368, 7037084.777725980617106 ] ] ] } },
{ "type": "Feature", "properties": { "slope": 4 }, "geometry": { "type": "Polygon", "coordinates": [ [ [ 257626.543881730875, 7037094.784107160754502 ], [ 257626.543881730875, 7037089.780916570685804 ], [ 257631.547072320827283, 7037089.780916570685804 ], [ 257631.547072320827283, 7037084.777725980617106 ], [ 257636.550262910779566, 7037084.777725980617106 ], [ 257636.550262910779566, 7037074.771344801411033 ], [ 257631.547072320827283, 7037074.771344801411033 ], [ 257631.547072320827283, 7037079.774535390548408 ], [ 257621.540691140922718, 7037079.774535390548408 ], [ 257621.540691140922718, 7037084.777725980617106 ], [ 257616.537500550999539, 7037084.777725980617106 ], [ 257616.537500550999539, 7037079.774535390548408 ], [ 257611.534309961047256, 7037079.774535390548408 ], [ 257611.534309961047256, 7037084.777725980617106 ], [ 257586.518357011314947, 7037084.777725980617106 ], [ 257586.518357011314947, 7037089.780916570685804 ], [ 257606.531119371094974, 7037089.780916570685804 ], [ 257606.531119371094974, 7037094.784107160754502 ], [ 257626.543881730875, 7037094.784107160754502 ] ] ] } },
{ "type": "Feature", "properties": { "slope": 2 }, "geometry": { "type": "Polygon", "coordinates": [ [ [ 257531.483260521898046, 7037094.784107160754502 ], [ 257531.483260521898046, 7037089.780916570685804 ], [ 257526.480069931945764, 7037089.780916570685804 ], [ 257526.480069931945764, 7037094.784107160754502 ], [ 257531.483260521898046, 7037094.784107160754502 ] ] ] } },
{ "type": "Feature", "properties": { "slope": 2 }, "geometry": { "type": "Polygon", "coordinates": [ [ [ 257646.556644090684131, 7037094.784107160754502 ], [ 257646.556644090684131, 7037089.780916570685804 ], [ 257636.550262910779566, 7037089.780916570685804 ], [ 257636.550262910779566, 7037094.784107160754502 ], [ 257646.556644090684131, 7037094.784107160754502 ] ] ] } },
{ "type": "Feature", "properties": { "slope": 1 }, "geometry": { "type": "Polygon", "coordinates": [ [ [ 257726.607693529833341, 7037109.793678930960596 ], [ 257726.607693529833341, 7037104.790488340891898 ], [ 257701.591740580101032, 7037104.790488340891898 ], [ 257701.591740580101032, 7037109.793678930960596 ], [ 257726.607693529833341, 7037109.793678930960596 ] ] ] } },
{ "type": "Feature", "properties": { "slope": 1 }, "geometry": { "type": "Polygon", "coordinates": [ [ [ 257456.435401672672015, 7037109.793678930960596 ], [ 257456.435401672672015, 7037104.790488340891898 ], [ 257451.432211082748836, 7037104.790488340891898 ], [ 257451.432211082748836, 7037109.793678930960596 ], [ 257456.435401672672015, 7037109.793678930960596 ] ] ] } },
{ "type": "Feature", "properties": { "slope": 1 }, "geometry": { "type": "Polygon", "coordinates": [ [ [ 257756.626837069517933, 7037119.800060110166669 ], [ 257756.626837069517933, 7037114.796869521029294 ], [ 257751.62364647956565, 7037114.796869521029294 ], [ 257751.62364647956565, 7037109.793678930960596 ], [ 257736.614074709708802, 7037109.793678930960596 ], [ 257736.614074709708802, 7037114.796869521029294 ], [ 257746.620455889613368, 7037114.796869521029294 ], [ 257746.620455889613368, 7037119.800060110166669 ], [ 257756.626837069517933, 7037119.800060110166669 ] ] ] } },
{ "type": "Feature", "properties": { "slope": 1 }, "geometry": { "type": "Polygon", "coordinates": [ [ [ 257651.55983468060731, 7037119.800060110166669 ], [ 257651.55983468060731, 7037114.796869521029294 ], [ 257646.556644090684131, 7037114.796869521029294 ], [ 257646.556644090684131, 7037119.800060110166669 ], [ 257651.55983468060731, 7037119.800060110166669 ] ] ] } },
{ "type": "Feature", "properties": { "slope": 3 }, "geometry": { "type": "Polygon", "coordinates": [ [ [ 257586.518357011314947, 7037119.800060110166669 ], [ 257586.518357011314947, 7037114.796869521029294 ], [ 257581.515166421362665, 7037114.796869521029294 ], [ 257581.515166421362665, 7037119.800060110166669 ], [ 257586.518357011314947, 7037119.800060110166669 ] ] ] } },
{ "type": "Feature", "properties": { "slope": 2 }, "geometry": { "type": "Polygon", "coordinates": [ [ [ 257606.531119371094974, 7037124.803250700235367 ], [ 257606.531119371094974, 7037119.800060110166669 ], [ 257601.527928781142691, 7037119.800060110166669 ], [ 257601.527928781142691, 7037124.803250700235367 ], [ 257606.531119371094974, 7037124.803250700235367 ] ] ] } },
{ "type": "Feature", "properties": { "slope": 1 }, "geometry": { "type": "Polygon", "coordinates": [ [ [ 257761.630027659441112, 7037124.803250700235367 ], [ 257761.630027659441112, 7037119.800060110166669 ], [ 257756.626837069517933, 7037119.800060110166669 ], [ 257756.626837069517933, 7037124.803250700235367 ], [ 257761.630027659441112, 7037124.803250700235367 ] ] ] } },
{ "type": "Feature", "properties": { "slope": 1 }, "geometry": { "type": "Polygon", "coordinates": [ [ [ 257766.633218249393394, 7037129.806441290304065 ], [ 257766.633218249393394, 7037124.803250700235367 ], [ 257761.630027659441112, 7037124.803250700235367 ], [ 257761.630027659441112, 7037129.806441290304065 ], [ 257766.633218249393394, 7037129.806441290304065 ] ] ] } },
{ "type": "Feature", "properties": { "slope": 4 }, "geometry": { "type": "Polygon", "coordinates": [ [ [ 257591.52154760126723, 7037139.812822470441461 ], [ 257591.52154760126723, 7037124.803250700235367 ], [ 257586.518357011314947, 7037124.803250700235367 ], [ 257586.518357011314947, 7037119.800060110166669 ], [ 257581.515166421362665, 7037119.800060110166669 ], [ 257581.515166421362665, 7037114.796869521029294 ], [ 257566.505594651505817, 7037114.796869521029294 ], [ 257566.505594651505817, 7037119.800060110166669 ], [ 257556.499213471630355, 7037119.800060110166669 ], [ 257556.499213471630355, 7037129.806441290304065 ], [ 257561.502404061582638, 7037129.806441290304065 ], [ 257561.502404061582638, 7037134.809631880372763 ], [ 257576.511975831410382, 7037134.809631880372763 ], [ 257576.511975831410382, 7037139.812822470441461 ], [ 257591.52154760126723, 7037139.812822470441461 ] ] ] } },
{ "type": "Feature", "properties": { "slope": 4 }, "geometry": { "type": "Polygon", "coordinates": [ [ [ 257621.540691140922718, 7037144.816013060510159 ], [ 257621.540691140922718, 7037139.812822470441461 ], [ 257616.537500550999539, 7037139.812822470441461 ], [ 257616.537500550999539, 7037134.809631880372763 ], [ 257601.527928781142691, 7037134.809631880372763 ], [ 257601.527928781142691, 7037144.816013060510159 ], [ 257621.540691140922718, 7037144.816013060510159 ] ] ] } },
{ "type": "Feature", "properties": { "slope": 3 }, "geometry": { "type": "Polygon", "coordinates": [ [ [ 257666.569406450464157, 7037184.841537780128419 ], [ 257666.569406450464157, 7037179.838347190059721 ], [ 257671.57259704041644, 7037179.838347190059721 ], [ 257671.57259704041644, 7037174.835156599991024 ], [ 257676.575787630339619, 7037174.835156599991024 ], [ 257676.575787630339619, 7037169.831966009922326 ], [ 257681.578978220291901, 7037169.831966009922326 ], [ 257681.578978220291901, 7037144.816013060510159 ], [ 257676.575787630339619, 7037144.816013060510159 ], [ 257676.575787630339619, 7037129.806441290304065 ], [ 257666.569406450464157, 7037129.806441290304065 ], [ 257666.569406450464157, 7037124.803250700235367 ], [ 257661.566215860511875, 7037124.803250700235367 ], [ 257661.566215860511875, 7037119.800060110166669 ], [ 257626.543881730875, 7037119.800060110166669 ], [ 257626.543881730875, 7037124.803250700235367 ], [ 257601.527928781142691, 7037124.803250700235367 ], [ 257601.527928781142691, 7037119.800060110166669 ], [ 257586.518357011314947, 7037119.800060110166669 ], [ 257586.518357011314947, 7037124.803250700235367 ], [ 257591.52154760126723, 7037124.803250700235367 ], [ 257591.52154760126723, 7037139.812822470441461 ], [ 257576.511975831410382, 7037139.812822470441461 ], [ 257576.511975831410382, 7037134.809631880372763 ], [ 257561.502404061582638, 7037134.809631880372763 ], [ 257561.502404061582638, 7037129.806441290304065 ], [ 257556.499213471630355, 7037129.806441290304065 ], [ 257556.499213471630355, 7037124.803250700235367 ], [ 257551.496022881678073, 7037124.803250700235367 ], [ 257551.496022881678073, 7037134.809631880372763 ], [ 257556.499213471630355, 7037134.809631880372763 ], [ 257556.499213471630355, 7037139.812822470441461 ], [ 257566.505594651505817, 7037139.812822470441461 ], [ 257566.505594651505817, 7037144.816013060510159 ], [ 257576.511975831410382, 7037144.816013060510159 ], [ 257576.511975831410382, 7037149.819203650578856 ], [ 257581.515166421362665, 7037149.819203650578856 ], [ 257581.515166421362665, 7037159.82558482978493 ], [ 257596.524738191190409, 7037159.82558482978493 ], [ 257596.524738191190409, 7037164.828775419853628 ], [ 257601.527928781142691, 7037164.828775419853628 ], [ 257601.527928781142691, 7037169.831966009922326 ], [ 257606.531119371094974, 7037169.831966009922326 ], [ 257606.531119371094974, 7037174.835156599991024 ], [ 257616.537500550999539, 7037174.835156599991024 ], [ 257616.537500550999539, 7037179.838347190059721 ], [ 257631.547072320827283, 7037179.838347190059721 ], [ 257631.547072320827283, 7037184.841537780128419 ], [ 257666.569406450464157, 7037184.841537780128419 ] ], [ [ 257601.527928781142691, 7037134.809631880372763 ], [ 257616.537500550999539, 7037134.809631880372763 ], [ 257616.537500550999539, 7037139.812822470441461 ], [ 257621.540691140922718, 7037139.812822470441461 ], [ 257621.540691140922718, 7037144.816013060510159 ], [ 257601.527928781142691, 7037144.816013060510159 ], [ 257601.527928781142691, 7037134.809631880372763 ] ] ] } },
{ "type": "Feature", "properties": { "slope": 3 }, "geometry": { "type": "Polygon", "coordinates": [ [ [ 257551.496022881678073, 7037189.844728370197117 ], [ 257551.496022881678073, 7037184.841537780128419 ], [ 257556.499213471630355, 7037184.841537780128419 ], [ 257556.499213471630355, 7037179.838347190059721 ], [ 257561.502404061582638, 7037179.838347190059721 ], [ 257561.502404061582638, 7037174.835156599991024 ], [ 257566.505594651505817, 7037174.835156599991024 ], [ 257566.505594651505817, 7037169.831966009922326 ], [ 257571.508785241458099, 7037169.831966009922326 ], [ 257571.508785241458099, 7037159.82558482978493 ], [ 257556.499213471630355, 7037159.82558482978493 ], [ 257556.499213471630355, 7037154.822394240647554 ], [ 257551.496022881678073, 7037154.822394240647554 ], [ 257551.496022881678073, 7037149.819203650578856 ], [ 257546.49283229172579, 7037149.819203650578856 ], [ 257546.49283229172579, 7037144.816013060510159 ], [ 257541.489641701773508, 7037144.816013060510159 ], [ 257541.489641701773508, 7037139.812822470441461 ], [ 257536.486451111850329, 7037139.812822470441461 ], [ 257536.486451111850329, 7037134.809631880372763 ], [ 257521.476879341993481, 7037134.809631880372763 ], [ 257521.476879341993481, 7037129.806441290304065 ], [ 257501.464116982213454, 7037129.806441290304065 ], [ 257501.464116982213454, 7037134.809631880372763 ], [ 257496.460926392261172, 7037134.809631880372763 ], [ 257496.460926392261172, 7037159.82558482978493 ], [ 257501.464116982213454, 7037159.82558482978493 ], [ 257501.464116982213454, 7037169.831966009922326 ], [ 257506.467307572165737, 7037169.831966009922326 ], [ 257506.467307572165737, 7037174.835156599991024 ], [ 257511.470498162088916, 7037174.835156599991024 ], [ 257511.470498162088916, 7037179.838347190059721 ], [ 257516.473688752041198, 7037179.838347190059721 ], [ 257516.473688752041198, 7037184.841537780128419 ], [ 257526.480069931945764, 7037184.841537780128419 ], [ 257526.480069931945764, 7037189.844728370197117 ], [ 257551.496022881678073, 7037189.844728370197117 ] ] ] } },
{ "type": "Feature", "properties": { "slope": 2 }, "geometry": { "type": "Polygon", "coordinates": [ [ [ 257751.62364647956565, 7037349.946827247738838 ], [ 257756.626837069517933, 7037349.946827247738838 ], [ 257756.626837069517933, 7037344.943636658601463 ], [ 257761.630027659441112, 7037344.943636658601463 ], [ 257761.630027659441112, 7037339.940446068532765 ], [ 257766.633218249393394, 7037339.940446068532765 ], [ 257766.633218249393394, 7037334.937255478464067 ], [ 257771.636408839345677, 7037334.937255478464067 ], [ 257771.636408839345677, 7037329.934064888395369 ], [ 257776.639599429297959, 7037329.934064888395369 ], [ 257776.639599429297959, 7037324.930874298326671 ], [ 257781.642790019250242, 7037324.930874298326671 ], [ 257781.642790019250242, 7037319.927683708257973 ], [ 257786.645980609173421, 7037319.927683708257973 ], [ 257786.645980609173421, 7037314.924493118189275 ], [ 257781.642790019250242, 7037314.924493118189275 ], [ 257781.642790019250242, 7037304.918111938983202 ], [ 257786.645980609173421, 7037304.918111938983202 ], [ 257786.645980609173421, 7037294.911730758845806 ], [ 257781.642790019250242, 7037294.911730758845806 ], [ 257781.642790019250242, 7037274.898968398571014 ], [ 257776.639599429297959, 7037274.898968398571014 ], [ 257776.639599429297959, 7037264.892587219364941 ], [ 257771.636408839345677, 7037264.892587219364941 ], [ 257771.636408839345677, 7037259.889396629296243 ], [ 257761.630027659441112, 7037259.889396629296243 ], [ 257761.630027659441112, 7037254.886206039227545 ], [ 257756.626837069517933, 7037254.886206039227545 ], [ 257756.626837069517933, 7037259.889396629296243 ], [ 257741.617265299661085, 7037259.889396629296243 ], [ 257741.617265299661085, 7037264.892587219364941 ], [ 257731.61088411975652, 7037264.892587219364941 ], [ 257731.61088411975652, 7037249.883015449158847 ], [ 257736.614074709708802, 7037249.883015449158847 ], [ 257736.614074709708802, 7037239.876634269021451 ], [ 257741.617265299661085, 7037239.876634269021451 ], [ 257741.617265299661085, 7037234.873443678952754 ], [ 257746.620455889613368, 7037234.873443678952754 ], [ 257746.620455889613368, 7037219.863871909677982 ], [ 257741.617265299661085, 7037219.863871909677982 ], [ 257741.617265299661085, 7037204.854300139471889 ], [ 257746.620455889613368, 7037204.854300139471889 ], [ 257746.620455889613368, 7037194.847918959334493 ], [ 257751.62364647956565, 7037194.847918959334493 ], [ 257751.62364647956565, 7037189.844728370197117 ], [ 257756.626837069517933, 7037189.844728370197117 ], [ 257756.626837069517933, 7037184.841537780128419 ], [ 257761.630027659441112, 7037184.841537780128419 ], [ 257761.630027659441112, 7037179.838347190059721 ], [ 257766.633218249393394, 7037179.838347190059721 ], [ 257766.633218249393394, 7037174.835156599991024 ], [ 257771.636408839345677, 7037174.835156599991024 ], [ 257771.636408839345677, 7037139.812822470441461 ], [ 257766.633218249393394, 7037139.812822470441461 ], [ 257766.633218249393394, 7037129.806441290304065 ], [ 257761.630027659441112, 7037129.806441290304065 ], [ 257761.630027659441112, 7037124.803250700235367 ], [ 257756.626837069517933, 7037124.803250700235367 ], [ 257756.626837069517933, 7037119.800060110166669 ], [ 257746.620455889613368, 7037119.800060110166669 ], [ 257746.620455889613368, 7037114.796869521029294 ], [ 257736.614074709708802, 7037114.796869521029294 ], [ 257736.614074709708802, 7037109.793678930960596 ], [ 257701.591740580101032, 7037109.793678930960596 ], [ 257701.591740580101032, 7037104.790488340891898 ], [ 257691.585359400196467, 7037104.790488340891898 ], [ 257691.585359400196467, 7037099.7872977508232 ], [ 257676.575787630339619, 7037099.7872977508232 ], [ 257676.575787630339619, 7037104.790488340891898 ], [ 257666.569406450464157, 7037104.790488340891898 ], [ 257666.569406450464157, 7037109.793678930960596 ], [ 257661.566215860511875, 7037109.793678930960596 ], [ 257661.566215860511875, 7037114.796869521029294 ], [ 257651.55983468060731, 7037114.796869521029294 ], [ 257651.55983468060731, 7037119.800060110166669 ], [ 257661.566215860511875, 7037119.800060110166669 ], [ 257661.566215860511875, 7037124.803250700235367 ], [ 257666.569406450464157, 7037124.803250700235367 ], [ 257666.569406450464157, 7037129.806441290304065 ], [ 257676.575787630339619, 7037129.806441290304065 ], [ 257676.575787630339619, 7037144.816013060510159 ], [ 257681.578978220291901, 7037144.816013060510159 ], [ 257681.578978220291901, 7037169.831966009922326 ], [ 257676.575787630339619, 7037169.831966009922326 ], [ 257676.575787630339619, 7037174.835156599991024 ], [ 257671.57259704041644, 7037174.835156599991024 ], [ 257671.57259704041644, 7037179.838347190059721 ], [ 257666.569406450464157, 7037179.838347190059721 ], [ 257666.569406450464157, 7037184.841537780128419 ], [ 257631.547072320827283, 7037184.841537780128419 ], [ 257631.547072320827283, 7037179.838347190059721 ], [ 257616.537500550999539, 7037179.838347190059721 ], [ 257616.537500550999539, 7037174.835156599991024 ], [ 257606.531119371094974, 7037174.835156599991024 ], [ 257606.531119371094974, 7037169.831966009922326 ], [ 257601.527928781142691, 7037169.831966009922326 ], [ 257601.527928781142691, 7037164.828775419853628 ], [ 257596.524738191190409, 7037164.828775419853628 ], [ 257596.524738191190409, 7037159.82558482978493 ], [ 257581.515166421362665, 7037159.82558482978493 ], [ 257581.515166421362665, 7037149.819203650578856 ], [ 257576.511975831410382, 7037149.819203650578856 ], [ 257576.511975831410382, 7037144.816013060510159 ], [ 257566.505594651505817, 7037144.816013060510159 ], [ 257566.505594651505817, 7037139.812822470441461 ], [ 257556.499213471630355, 7037139.812822470441461 ], [ 257556.499213471630355, 7037144.816013060510159 ], [ 257546.49283229172579, 7037144.816013060510159 ], [ 257546.49283229172579, 7037149.819203650578856 ], [ 257551.496022881678073, 7037149.819203650578856 ], [ 257551.496022881678073, 7037154.822394240647554 ], [ 257556.499213471630355, 7037154.822394240647554 ], [ 257556.499213471630355, 7037159.82558482978493 ], [ 257571.508785241458099, 7037159.82558482978493 ], [ 257571.508785241458099, 7037169.831966009922326 ], [ 257566.505594651505817, 7037169.831966009922326 ], [ 257566.505594651505817, 7037174.835156599991024 ], [ 257561.502404061582638, 7037174.835156599991024 ], [ 257561.502404061582638, 7037179.838347190059721 ], [ 257556.499213471630355, 7037179.838347190059721 ], [ 257556.499213471630355, 7037184.841537780128419 ], [ 257551.496022881678073, 7037184.841537780128419 ], [ 257551.496022881678073, 7037189.844728370197117 ], [ 257526.480069931945764, 7037189.844728370197117 ], [ 257526.480069931945764, 7037184.841537780128419 ], [ 257516.473688752041198, 7037184.841537780128419 ], [ 257516.473688752041198, 7037179.838347190059721 ], [ 257511.470498162088916, 7037179.838347190059721 ], [ 257511.470498162088916, 7037174.835156599991024 ], [ 257506.467307572165737, 7037174.835156599991024 ], [ 257506.467307572165737, 7037169.831966009922326 ], [ 257501.464116982213454, 7037169.831966009922326 ], [ 257501.464116982213454, 7037159.82558482978493 ], [ 257496.460926392261172, 7037159.82558482978493 ], [ 257496.460926392261172, 7037134.809631880372763 ], [ 257501.464116982213454, 7037134.809631880372763 ], [ 257501.464116982213454, 7037129.806441290304065 ], [ 257511.470498162088916, 7037129.806441290304065 ], [ 257511.470498162088916, 7037124.803250700235367 ], [ 257506.467307572165737, 7037124.803250700235367 ], [ 257506.467307572165737, 7037119.800060110166669 ], [ 257501.464116982213454, 7037119.800060110166669 ], [ 257501.464116982213454, 7037114.796869521029294 ], [ 257496.460926392261172, 7037114.796869521029294 ], [ 257496.460926392261172, 7037109.793678930960596 ], [ 257486.454545212356606, 7037109.793678930960596 ], [ 257486.454545212356606, 7037114.796869521029294 ], [ 257481.451354622433428, 7037114.796869521029294 ], [ 257481.451354622433428, 7037119.800060110166669 ], [ 257466.44178285257658, 7037119.800060110166669 ], [ 257466.44178285257658, 7037114.796869521029294 ], [ 257461.438592262624297, 7037114.796869521029294 ], [ 257461.438592262624297, 7037109.793678930960596 ], [ 257451.432211082748836, 7037109.793678930960596 ], [ 257451.432211082748836, 7037104.790488340891898 ], [ 257401.400305183255114, 7037104.790488340891898 ], [ 257401.400305183255114, 7037109.793678930960596 ], [ 257391.393924003379652, 7037109.793678930960596 ], [ 257391.393924003379652, 7037104.790488340891898 ], [ 257371.381161643599626, 7037104.790488340891898 ], [ 257371.381161643599626, 7037109.793678930960596 ], [ 257361.37478046369506, 7037109.793678930960596 ], [ 257361.37478046369506, 7037114.796869521029294 ], [ 257356.371589873742778, 7037114.796869521029294 ], [ 257356.371589873742778, 7037119.800060110166669 ], [ 257351.368399283790495, 7037119.800060110166669 ], [ 257351.368399283790495, 7037124.803250700235367 ], [ 257346.365208693838213, 7037124.803250700235367 ], [ 257346.365208693838213, 7037129.806441290304065 ], [ 257331.355636924010469, 7037129.806441290304065 ], [ 257331.355636924010469, 7037134.809631880372763 ], [ 257321.349255744105903, 7037134.809631880372763 ], [ 257321.349255744105903, 7037154.822394240647554 ], [ 257326.352446334058186, 7037154.822394240647554 ], [ 257326.352446334058186, 7037159.82558482978493 ], [ 257331.355636924010469, 7037159.82558482978493 ], [ 257331.355636924010469, 7037164.828775419853628 ], [ 257336.358827513962751, 7037164.828775419853628 ], [ 257336.358827513962751, 7037169.831966009922326 ], [ 257341.362018103915034, 7037169.831966009922326 ], [ 257341.362018103915034, 7037174.835156599991024 ], [ 257346.365208693838213, 7037174.835156599991024 ], [ 257346.365208693838213, 7037179.838347190059721 ], [ 257351.368399283790495, 7037179.838347190059721 ], [ 257351.368399283790495, 7037184.841537780128419 ], [ 257356.371589873742778, 7037184.841537780128419 ], [ 257356.371589873742778, 7037189.844728370197117 ], [ 257361.37478046369506, 7037189.844728370197117 ], [ 257361.37478046369506, 7037204.854300139471889 ], [ 257366.377971053647343, 7037204.854300139471889 ], [ 257366.377971053647343, 7037214.860681319609284 ], [ 257371.381161643599626, 7037214.860681319609284 ], [ 257371.381161643599626, 7037239.876634269021451 ], [ 257366.377971053647343, 7037239.876634269021451 ], [ 257366.377971053647343, 7037259.889396629296243 ], [ 257371.381161643599626, 7037259.889396629296243 ], [ 257371.381161643599626, 7037269.895777809433639 ], [ 257376.384352233522804, 7037269.895777809433639 ], [ 257376.384352233522804, 7037274.898968398571014 ], [ 257381.387542823475087, 7037274.898968398571014 ], [ 257381.387542823475087, 7037279.902158988639712 ], [ 257391.393924003379652, 7037279.902158988639712 ], [ 257391.393924003379652, 7037284.90534957870841 ], [ 257396.397114593331935, 7037284.90534957870841 ], [ 257396.397114593331935, 7037289.908540168777108 ], [ 257401.400305183255114, 7037289.908540168777108 ], [ 257401.400305183255114, 7037294.911730758845806 ], [ 257406.403495773207396, 7037294.911730758845806 ], [ 257406.403495773207396, 7037304.918111938983202 ], [ 257416.409876953111961, 7037304.918111938983202 ], [ 257416.409876953111961, 7037309.921302528120577 ], [ 257421.413067543064244, 7037309.921302528120577 ], [ 257421.413067543064244, 7037314.924493118189275 ], [ 257426.416258133016527, 7037314.924493118189275 ], [ 257426.416258133016527, 7037319.927683708257973 ], [ 257431.419448722939705, 7037319.927683708257973 ], [ 257431.419448722939705, 7037324.930874298326671 ], [ 257436.422639312891988, 7037324.930874298326671 ], [ 257436.422639312891988, 7037329.934064888395369 ], [ 257446.429020492796553, 7037329.934064888395369 ], [ 257446.429020492796553, 7037334.937255478464067 ], [ 257451.432211082748836, 7037334.937255478464067 ], [ 257451.432211082748836, 7037339.940446068532765 ], [ 257461.438592262624297, 7037339.940446068532765 ], [ 257461.438592262624297, 7037344.943636658601463 ], [ 257471.444973442528863, 7037344.943636658601463 ], [ 257471.444973442528863, 7037349.946827247738838 ], [ 257476.448164032481145, 7037349.946827247738838 ], [ 257476.448164032481145, 7037354.950017837807536 ], [ 257486.454545212356606, 7037354.950017837807536 ], [ 257486.454545212356606, 7037359.953208427876234 ], [ 257506.467307572165737, 7037359.953208427876234 ], [ 257506.467307572165737, 7037364.956399017944932 ], [ 257521.476879341993481, 7037364.956399017944932 ], [ 257521.476879341993481, 7037369.95958960801363 ], [ 257531.483260521898046, 7037369.95958960801363 ], [ 257531.483260521898046, 7037374.962780198082328 ], [ 257536.486451111850329, 7037374.962780198082328 ], [ 257536.486451111850329, 7037384.969161378219724 ], [ 257551.496022881678073, 7037384.969161378219724 ], [ 257551.496022881678073, 7037389.972351967357099 ], [ 257561.502404061582638, 7037389.972351967357099 ], [ 257561.502404061582638, 7037394.975542557425797 ], [ 257566.505594651505817, 7037394.975542557425797 ], [ 257566.505594651505817, 7037399.978733147494495 ], [ 257571.508785241458099, 7037399.978733147494495 ], [ 257571.508785241458099, 7037414.988304917700589 ], [ 257576.511975831410382, 7037414.988304917700589 ], [ 257576.511975831410382, 7037415.025520308874547 ], [ 257582.295660091738682, 7037414.471410267986357 ], [ 257611.185750703181839, 7037408.804677217267454 ], [ 257618.328507686994271, 7037406.658681413158774 ], [ 257629.177200385689503, 7037406.922554766759276 ], [ 257658.537545405037235, 7037404.750150718726218 ], [ 257687.54357950569829, 7037399.71039033215493 ], [ 257715.915958722966025, 7037391.851809253916144 ], [ 257743.381441535020713, 7037381.250089917331934 ], [ 257751.62364647956565, 7037377.098983499221504 ], [ 257751.62364647956565, 7037349.946827247738838 ] ] ] } },
{ "type": "Feature", "properties": { "slope": 1 }, "geometry": { "type": "Polygon", "coordinates": [ [ [ 258672.21071502979612, 7037044.752201260998845 ], [ 258672.21071502979612, 7037039.74901067186147 ], [ 258662.204333849920658, 7037039.74901067186147 ], [ 258662.204333849920658, 7037044.752201260998845 ], [ 258672.21071502979612, 7037044.752201260998845 ] ] ] } },
{ "type": "Feature", "properties": { "slope": 1 }, "geometry": { "type": "MultiPolygon", "coordinates": [ [ [ [ 258452.070329072128516, 7038120.438178099691868 ], [ 258457.073519662080798, 7038120.438178099691868 ], [ 258457.073519662080798, 7038135.447749869897962 ], [ 258462.076710252033081, 7038135.447749869897962 ], [ 258462.076710252033081, 7038140.45094045996666 ], [ 258467.079900841985364, 7038140.45094045996666 ], [ 258467.079900841985364, 7038145.454131050035357 ], [ 258477.086282021860825, 7038145.454131050035357 ], [ 258477.086282021860825, 7038150.457321640104055 ], [ 258482.089472611813108, 7038150.457321640104055 ], [ 258482.089472611813108, 7038155.460512229241431 ], [ 258497.099044381669955, 7038155.460512229241431 ], [ 258497.099044381669955, 7038160.463702819310129 ], [ 258502.102234971593134, 7038160.463702819310129 ], [ 258502.102234971593134, 7038165.466893409378827 ], [ 258507.105425561545417, 7038165.466893409378827 ], [ 258507.105425561545417, 7038170.470083999447525 ], [ 258512.108616151497699, 7038170.470083999447525 ], [ 258512.108616151497699, 7038185.479655769653618 ], [ 258517.111806741449982, 7038185.479655769653618 ], [ 258517.111806741449982, 7038200.48922753892839 ], [ 258522.114997331402265, 7038200.48922753892839 ], [ 258522.114997331402265, 7038215.498799309134483 ], [ 258517.111806741449982, 7038215.498799309134483 ], [ 258517.111806741449982, 7038225.505180489271879 ], [ 258512.108616151497699, 7038225.505180489271879 ], [ 258512.108616151497699, 7038245.517942848615348 ], [ 258517.111806741449982, 7038245.517942848615348 ], [ 258517.111806741449982, 7038255.524324028752744 ], [ 258512.108616151497699, 7038255.524324028752744 ], [ 258512.108616151497699, 7038265.53070520889014 ], [ 258507.105425561545417, 7038265.53070520889014 ], [ 258507.105425561545417, 7038270.533895798027515 ], [ 258497.099044381669955, 7038270.533895798027515 ], [ 258497.099044381669955, 7038275.537086388096213 ], [ 258492.095853791717673, 7038275.537086388096213 ], [ 258492.095853791717673, 7038280.540276978164911 ], [ 258482.089472611813108, 7038280.540276978164911 ], [ 258482.089472611813108, 7038285.543467568233609 ], [ 258477.086282021860825, 7038285.543467568233609 ], [ 258477.086282021860825, 7038290.546658158302307 ], [ 258467.079900841985364, 7038290.546658158302307 ], [ 258467.079900841985364, 7038295.549848748371005 ], [ 258457.073519662080798, 7038295.549848748371005 ], [ 258457.073519662080798, 7038300.553039338439703 ], [ 258452.070329072128516, 7038300.553039338439703 ], [ 258452.070329072128516, 7038305.556229927577078 ], [ 258447.067138482176233, 7038305.556229927577078 ], [ 258447.067138482176233, 7038310.559420517645776 ], [ 258437.060757302300772, 7038310.559420517645776 ], [ 258437.060757302300772, 7038315.562611107714474 ], [ 258432.057566712348489, 7038315.562611107714474 ], [ 258432.057566712348489, 7038345.581754647195339 ], [ 258437.060757302300772, 7038345.581754647195339 ], [ 258437.060757302300772, 7038350.584945237264037 ], [ 258442.063947892253054, 7038350.584945237264037 ], [ 258442.063947892253054, 7038345.581754647195339 ], [ 258447.067138482176233, 7038345.581754647195339 ], [ 258447.067138482176233, 7038340.578564058057964 ], [ 258472.083091431937646, 7038340.578564058057964 ], [ 258472.083091431937646, 7038335.575373467989266 ], [ 258477.086282021860825, 7038335.575373467989266 ], [ 258477.086282021860825, 7038340.578564058057964 ], [ 258482.089472611813108, 7038340.578564058057964 ], [ 258482.089472611813108, 7038345.581754647195339 ], [ 258487.09266320176539, 7038345.581754647195339 ], [ 258487.09266320176539, 7038350.584945237264037 ], [ 258492.095853791717673, 7038350.584945237264037 ], [ 258492.095853791717673, 7038355.588135827332735 ], [ 258497.099044381669955, 7038355.588135827332735 ], [ 258497.099044381669955, 7038360.591326417401433 ], [ 258502.102234971593134, 7038360.591326417401433 ], [ 258502.102234971593134, 7038375.600898187607527 ], [ 258507.105425561545417, 7038375.600898187607527 ], [ 258507.105425561545417, 7038370.597707597538829 ], [ 258517.111806741449982, 7038370.597707597538829 ], [ 258517.111806741449982, 7038365.594517007470131 ], [ 258527.118187921354547, 7038365.594517007470131 ], [ 258527.118187921354547, 7038360.591326417401433 ], [ 258532.121378511277726, 7038360.591326417401433 ], [ 258532.121378511277726, 7038355.588135827332735 ], [ 258537.124569101230009, 7038355.588135827332735 ], [ 258537.124569101230009, 7038330.572182877920568 ], [ 258542.127759691182291, 7038330.572182877920568 ], [ 258542.127759691182291, 7038320.565801697783172 ], [ 258547.130950281134574, 7038320.565801697783172 ], [ 258547.130950281134574, 7038310.559420517645776 ], [ 258552.134140871086856, 7038310.559420517645776 ], [ 258552.134140871086856, 7038285.543467568233609 ], [ 258557.137331461010035, 7038285.543467568233609 ], [ 258557.137331461010035, 7038260.527514618821442 ], [ 258562.140522050962318, 7038260.527514618821442 ], [ 258562.140522050962318, 7038255.524324028752744 ], [ 258567.1437126409146, 7038255.524324028752744 ], [ 258567.1437126409146, 7038235.511561668477952 ], [ 258562.140522050962318, 7038235.511561668477952 ], [ 258562.140522050962318, 7038225.505180489271879 ], [ 258557.137331461010035, 7038225.505180489271879 ], [ 258557.137331461010035, 7038210.495608719065785 ], [ 258562.140522050962318, 7038210.495608719065785 ], [ 258562.140522050962318, 7038190.482846358790994 ], [ 258557.137331461010035, 7038190.482846358790994 ], [ 258557.137331461010035, 7038185.479655769653618 ], [ 258552.134140871086856, 7038185.479655769653618 ], [ 258552.134140871086856, 7038180.47646517958492 ], [ 258547.130950281134574, 7038180.47646517958492 ], [ 258547.130950281134574, 7038170.470083999447525 ], [ 258542.127759691182291, 7038170.470083999447525 ], [ 258542.127759691182291, 7038150.457321640104055 ], [ 258537.124569101230009, 7038150.457321640104055 ], [ 258537.124569101230009, 7038145.454131050035357 ], [ 258532.121378511277726, 7038145.454131050035357 ], [ 258532.121378511277726, 7038140.45094045996666 ], [ 258522.114997331402265, 7038140.45094045996666 ], [ 258522.114997331402265, 7038145.454131050035357 ], [ 258507.105425561545417, 7038145.454131050035357 ], [ 258507.105425561545417, 7038140.45094045996666 ], [ 258477.086282021860825, 7038140.45094045996666 ], [ 258477.086282021860825, 7038135.447749869897962 ], [ 258472.083091431937646, 7038135.447749869897962 ], [ 258472.083091431937646, 7038130.444559279829264 ], [ 258467.079900841985364, 7038130.444559279829264 ], [ 258467.079900841985364, 7038125.441368689760566 ], [ 258462.076710252033081, 7038125.441368689760566 ], [ 258462.076710252033081, 7038109.663103001192212 ], [ 258452.070329072128516, 7038109.00888155400753 ], [ 258452.070329072128516, 7038120.438178099691868 ] ] ], [ [ [ 258632.185190310236067, 7037114.796869521029294 ], [ 258627.181999720283784, 7037114.796869521029294 ], [ 258627.181999720283784, 7037109.793678930960596 ], [ 258622.178809130331501, 7037109.793678930960596 ], [ 258622.178809130331501, 7037094.784107160754502 ], [ 258627.181999720283784, 7037094.784107160754502 ], [ 258627.181999720283784, 7037089.780916570685804 ], [ 258632.185190310236067, 7037089.780916570685804 ], [ 258632.185190310236067, 7037074.771344801411033 ], [ 258637.188380900188349, 7037074.771344801411033 ], [ 258637.188380900188349, 7037064.764963621273637 ], [ 258642.191571490111528, 7037064.764963621273637 ], [ 258642.191571490111528, 7037059.761773031204939 ], [ 258652.197952670016093, 7037059.761773031204939 ], [ 258652.197952670016093, 7037054.758582441136241 ], [ 258657.201143259968376, 7037054.758582441136241 ], [ 258657.201143259968376, 7037049.755391851067543 ], [ 258662.204333849920658, 7037049.755391851067543 ], [ 258662.204333849920658, 7037044.752201260998845 ], [ 258652.197952670016093, 7037044.752201260998845 ], [ 258652.197952670016093, 7037049.755391851067543 ], [ 258622.178809130331501, 7037049.755391851067543 ], [ 258622.178809130331501, 7037054.758582441136241 ], [ 258617.175618540379219, 7037054.758582441136241 ], [ 258617.175618540379219, 7037059.761773031204939 ], [ 258612.172427950426936, 7037059.761773031204939 ], [ 258612.172427950426936, 7037069.768154211342335 ], [ 258607.169237360503757, 7037069.768154211342335 ], [ 258607.169237360503757, 7037079.774535390548408 ], [ 258602.166046770551475, 7037079.774535390548408 ], [ 258602.166046770551475, 7037084.777725980617106 ], [ 258597.162856180599192, 7037084.777725980617106 ], [ 258597.162856180599192, 7037089.780916570685804 ], [ 258592.15966559064691, 7037089.780916570685804 ], [ 258592.15966559064691, 7037094.784107160754502 ], [ 258587.156475000694627, 7037094.784107160754502 ], [ 258587.156475000694627, 7037108.470226387493312 ], [ 258588.954460679640761, 7037109.122098945081234 ], [ 258617.482428638788406, 7037116.395629251375794 ], [ 258632.185190310236067, 7037118.639815255999565 ], [ 258632.185190310236067, 7037114.796869521029294 ] ] ] ] } },
{ "type": "Feature", "properties": { "slope": 1 }, "geometry": { "type": "Polygon", "coordinates": [ [ [ 258482.089472611813108, 7038440.642375856637955 ], [ 258482.089472611813108, 7038435.639185266569257 ], [ 258462.076710252033081, 7038435.639185266569257 ], [ 258462.076710252033081, 7038440.642375856637955 ], [ 258482.089472611813108, 7038440.642375856637955 ] ] ] } },
{ "type": "Feature", "properties": { "slope": 1 }, "geometry": { "type": "Polygon", "coordinates": [ [ [ 258457.073519662080798, 7038450.648757036775351 ], [ 258457.073519662080798, 7038445.645566446706653 ], [ 258462.076710252033081, 7038445.645566446706653 ], [ 258462.076710252033081, 7038440.642375856637955 ], [ 258452.070329072128516, 7038440.642375856637955 ], [ 258452.070329072128516, 7038445.645566446706653 ], [ 258447.067138482176233, 7038445.645566446706653 ], [ 258447.067138482176233, 7038450.648757036775351 ], [ 258457.073519662080798, 7038450.648757036775351 ] ] ] } },
{ "type": "Feature", "properties": { "slope": 3 }, "geometry": { "type": "Polygon", "coordinates": [ [ [ 258607.169237360503757, 7038460.655138215981424 ], [ 258607.169237360503757, 7038455.651947626844049 ], [ 258617.175618540379219, 7038455.651947626844049 ], [ 258617.175618540379219, 7038450.648757036775351 ], [ 258622.178809130331501, 7038450.648757036775351 ], [ 258622.178809130331501, 7038445.645566446706653 ], [ 258627.181999720283784, 7038445.645566446706653 ], [ 258627.181999720283784, 7038430.635994676500559 ], [ 258622.178809130331501, 7038430.635994676500559 ], [ 258622.178809130331501, 7038435.639185266569257 ], [ 258612.172427950426936, 7038435.639185266569257 ], [ 258612.172427950426936, 7038440.642375856637955 ], [ 258607.169237360503757, 7038440.642375856637955 ], [ 258607.169237360503757, 7038445.645566446706653 ], [ 258602.166046770551475, 7038445.645566446706653 ], [ 258602.166046770551475, 7038450.648757036775351 ], [ 258592.15966559064691, 7038450.648757036775351 ], [ 258592.15966559064691, 7038460.655138215981424 ], [ 258607.169237360503757, 7038460.655138215981424 ] ] ] } },
{ "type": "Feature", "properties": { "slope": 1 }, "geometry": { "type": "Polygon", "coordinates": [ [ [ 258592.15966559064691, 7038525.696615885943174 ], [ 258592.15966559064691, 7038520.693425295874476 ], [ 258602.166046770551475, 7038520.693425295874476 ], [ 258602.166046770551475, 7038515.690234705805779 ], [ 258612.172427950426936, 7038515.690234705805779 ], [ 258612.172427950426936, 7038510.687044115737081 ], [ 258617.175618540379219, 7038510.687044115737081 ], [ 258617.175618540379219, 7038500.680662935599685 ], [ 258622.178809130331501, 7038500.680662935599685 ], [ 258622.178809130331501, 7038490.674281756393611 ], [ 258597.162856180599192, 7038490.674281756393611 ], [ 258597.162856180599192, 7038485.671091166324914 ], [ 258592.15966559064691, 7038485.671091166324914 ], [ 258592.15966559064691, 7038480.667900576256216 ], [ 258587.156475000694627, 7038480.667900576256216 ], [ 258587.156475000694627, 7038465.658328806050122 ], [ 258582.153284410771448, 7038465.658328806050122 ], [ 258582.153284410771448, 7038435.639185266569257 ], [ 258577.150093820819166, 7038435.639185266569257 ], [ 258577.150093820819166, 7038430.635994676500559 ], [ 258562.140522050962318, 7038430.635994676500559 ], [ 258562.140522050962318, 7038425.632804086431861 ], [ 258542.127759691182291, 7038425.632804086431861 ], [ 258542.127759691182291, 7038420.629613496363163 ], [ 258537.124569101230009, 7038420.629613496363163 ], [ 258537.124569101230009, 7038415.626422907225788 ], [ 258532.121378511277726, 7038415.626422907225788 ], [ 258532.121378511277726, 7038410.62323231715709 ], [ 258527.118187921354547, 7038410.62323231715709 ], [ 258527.118187921354547, 7038405.620041727088392 ], [ 258522.114997331402265, 7038405.620041727088392 ], [ 258522.114997331402265, 7038400.616851137019694 ], [ 258502.102234971593134, 7038400.616851137019694 ], [ 258502.102234971593134, 7038395.613660546950996 ], [ 258497.099044381669955, 7038395.613660546950996 ], [ 258497.099044381669955, 7038375.600898187607527 ], [ 258492.095853791717673, 7038375.600898187607527 ], [ 258492.095853791717673, 7038380.604088777676225 ], [ 258477.086282021860825, 7038380.604088777676225 ], [ 258477.086282021860825, 7038385.6072793668136 ], [ 258472.083091431937646, 7038385.6072793668136 ], [ 258472.083091431937646, 7038375.600898187607527 ], [ 258457.073519662080798, 7038375.600898187607527 ], [ 258457.073519662080798, 7038380.604088777676225 ], [ 258462.076710252033081, 7038380.604088777676225 ], [ 258462.076710252033081, 7038385.6072793668136 ], [ 258467.079900841985364, 7038385.6072793668136 ], [ 258467.079900841985364, 7038395.613660546950996 ], [ 258472.083091431937646, 7038395.613660546950996 ], [ 258472.083091431937646, 7038400.616851137019694 ], [ 258477.086282021860825, 7038400.616851137019694 ], [ 258477.086282021860825, 7038410.62323231715709 ], [ 258492.095853791717673, 7038410.62323231715709 ], [ 258492.095853791717673, 7038415.626422907225788 ], [ 258502.102234971593134, 7038415.626422907225788 ], [ 258502.102234971593134, 7038420.629613496363163 ], [ 258507.105425561545417, 7038420.629613496363163 ], [ 258507.105425561545417, 7038430.635994676500559 ], [ 258527.118187921354547, 7038430.635994676500559 ], [ 258527.118187921354547, 7038435.639185266569257 ], [ 258537.124569101230009, 7038435.639185266569257 ], [ 258537.124569101230009, 7038440.642375856637955 ], [ 258562.140522050962318, 7038440.642375856637955 ], [ 258562.140522050962318, 7038445.645566446706653 ], [ 258567.1437126409146, 7038445.645566446706653 ], [ 258567.1437126409146, 7038450.648757036775351 ], [ 258547.130950281134574, 7038450.648757036775351 ], [ 258547.130950281134574, 7038465.658328806050122 ], [ 258537.124569101230009, 7038465.658328806050122 ], [ 258537.124569101230009, 7038455.651947626844049 ], [ 258532.121378511277726, 7038455.651947626844049 ], [ 258532.121378511277726, 7038450.648757036775351 ], [ 258522.114997331402265, 7038450.648757036775351 ], [ 258522.114997331402265, 7038445.645566446706653 ], [ 258507.105425561545417, 7038445.645566446706653 ], [ 258507.105425561545417, 7038440.642375856637955 ], [ 258482.089472611813108, 7038440.642375856637955 ], [ 258482.089472611813108, 7038445.645566446706653 ], [ 258497.099044381669955, 7038445.645566446706653 ], [ 258497.099044381669955, 7038450.648757036775351 ], [ 258502.102234971593134, 7038450.648757036775351 ], [ 258502.102234971593134, 7038455.651947626844049 ], [ 258507.105425561545417, 7038455.651947626844049 ], [ 258507.105425561545417, 7038475.664709986187518 ], [ 258517.111806741449982, 7038475.664709986187518 ], [ 258517.111806741449982, 7038480.667900576256216 ], [ 258522.114997331402265, 7038480.667900576256216 ], [ 258522.114997331402265, 7038485.671091166324914 ], [ 258537.124569101230009, 7038485.671091166324914 ], [ 258537.124569101230009, 7038490.674281756393611 ], [ 258547.130950281134574, 7038490.674281756393611 ], [ 258547.130950281134574, 7038495.677472346462309 ], [ 258552.134140871086856, 7038495.677472346462309 ], [ 258552.134140871086856, 7038505.683853525668383 ], [ 258557.137331461010035, 7038505.683853525668383 ], [ 258557.137331461010035, 7038510.687044115737081 ], [ 258562.140522050962318, 7038510.687044115737081 ], [ 258562.140522050962318, 7038515.690234705805779 ], [ 258567.1437126409146, 7038515.690234705805779 ], [ 258567.1437126409146, 7038520.693425295874476 ], [ 258572.146903230866883, 7038520.693425295874476 ], [ 258572.146903230866883, 7038525.696615885943174 ], [ 258592.15966559064691, 7038525.696615885943174 ] ] ] } },
{ "type": "Feature", "properties": { "slope": 1 }, "geometry": { "type": "Polygon", "coordinates": [ [ [ 258662.204333849920658, 7038480.667900576256216 ], [ 258662.204333849920658, 7038475.664709986187518 ], [ 258657.201143259968376, 7038475.664709986187518 ], [ 258657.201143259968376, 7038480.667900576256216 ], [ 258662.204333849920658, 7038480.667900576256216 ] ] ] } },
{ "type": "Feature", "properties": { "slope": 1 }, "geometry": { "type": "Polygon", "coordinates": [ [ [ 258712.236239749385277, 7038495.677472346462309 ], [ 258712.236239749385277, 7038490.674281756393611 ], [ 258702.229858569480712, 7038490.674281756393611 ], [ 258702.229858569480712, 7038485.671091166324914 ], [ 258692.22347738960525, 7038485.671091166324914 ], [ 258692.22347738960525, 7038480.667900576256216 ], [ 258682.217096209700685, 7038480.667900576256216 ], [ 258682.217096209700685, 7038475.664709986187518 ], [ 258672.21071502979612, 7038475.664709986187518 ], [ 258672.21071502979612, 7038480.667900576256216 ], [ 258677.213905619748402, 7038480.667900576256216 ], [ 258677.213905619748402, 7038485.671091166324914 ], [ 258682.217096209700685, 7038485.671091166324914 ], [ 258682.217096209700685, 7038490.674281756393611 ], [ 258687.220286799652968, 7038490.674281756393611 ], [ 258687.220286799652968, 7038495.677472346462309 ], [ 258712.236239749385277, 7038495.677472346462309 ] ] ] } },
{ "type": "Feature", "properties": { "slope": 2 }, "geometry": { "type": "Polygon", "coordinates": [ [ [ 258467.079900841985364, 7038565.722140605561435 ], [ 258467.079900841985364, 7038560.718950015492737 ], [ 258472.083091431937646, 7038560.718950015492737 ], [ 258472.083091431937646, 7038545.709378245286644 ], [ 258467.079900841985364, 7038545.709378245286644 ], [ 258467.079900841985364, 7038540.706187655217946 ], [ 258452.070329072128516, 7038540.706187655217946 ], [ 258452.070329072128516, 7038560.718950015492737 ], [ 258457.073519662080798, 7038560.718950015492737 ], [ 258457.073519662080798, 7038565.722140605561435 ], [ 258467.079900841985364, 7038565.722140605561435 ] ] ] } },
{ "type": "Feature", "properties": { "slope": 1 }, "geometry": { "type": "Polygon", "coordinates": [ [ [ 258276.958658424002351, 7038660.782761814072728 ], [ 258276.958658424002351, 7038655.77957122400403 ], [ 258291.968230193830095, 7038655.77957122400403 ], [ 258291.968230193830095, 7038650.776380633935332 ], [ 258296.971420783782378, 7038650.776380633935332 ], [ 258296.971420783782378, 7038640.769999454729259 ], [ 258291.968230193830095, 7038640.769999454729259 ], [ 258291.968230193830095, 7038635.766808864660561 ], [ 258271.955467834050069, 7038635.766808864660561 ], [ 258271.955467834050069, 7038630.763618274591863 ], [ 258226.926752524508629, 7038630.763618274591863 ], [ 258226.926752524508629, 7038635.766808864660561 ], [ 258221.92356193458545, 7038635.766808864660561 ], [ 258221.92356193458545, 7038645.773190044797957 ], [ 258231.929943114460912, 7038645.773190044797957 ], [ 258231.929943114460912, 7038650.776380633935332 ], [ 258246.939514884317759, 7038650.776380633935332 ], [ 258246.939514884317759, 7038655.77957122400403 ], [ 258261.949086654145503, 7038655.77957122400403 ], [ 258261.949086654145503, 7038660.782761814072728 ], [ 258276.958658424002351, 7038660.782761814072728 ] ] ] } },
{ "type": "Feature", "properties": { "slope": 2 }, "geometry": { "type": "Polygon", "coordinates": [ [ [ 258452.070329072128516, 7038660.782761814072728 ], [ 258452.070329072128516, 7038655.77957122400403 ], [ 258447.067138482176233, 7038655.77957122400403 ], [ 258447.067138482176233, 7038660.782761814072728 ], [ 258452.070329072128516, 7038660.782761814072728 ] ] ] } },
{ "type": "Feature", "properties": { "slope": 1 }, "geometry": { "type": "MultiPolygon", "coordinates": [ [ [ [ 258251.942705474270042, 7038835.894432462751865 ], [ 258251.942705474270042, 7038840.897623051889241 ], [ 258241.936324294365477, 7038840.897623051889241 ], [ 258241.936324294365477, 7038835.894432462751865 ], [ 258221.92356193458545, 7038835.894432462751865 ], [ 258221.92356193458545, 7038830.891241872683167 ], [ 258161.885274855216267, 7038830.891241872683167 ], [ 258161.885274855216267, 7038825.88805128261447 ], [ 258111.853368955751648, 7038825.88805128261447 ], [ 258111.853368955751648, 7038830.891241872683167 ], [ 258086.837416006019339, 7038830.891241872683167 ], [ 258086.837416006019339, 7038835.894432462751865 ], [ 258121.85975013562711, 7038835.894432462751865 ], [ 258121.85975013562711, 7038830.891241872683167 ], [ 258151.878893675311701, 7038830.891241872683167 ], [ 258151.878893675311701, 7038835.894432462751865 ], [ 258161.885274855216267, 7038835.894432462751865 ], [ 258161.885274855216267, 7038840.897623051889241 ], [ 258231.929943114460912, 7038840.897623051889241 ], [ 258231.929943114460912, 7038845.900813641957939 ], [ 258251.942705474270042, 7038845.900813641957939 ], [ 258251.942705474270042, 7038850.904004232026637 ], [ 258266.952277244097786, 7038850.904004232026637 ], [ 258266.952277244097786, 7038855.907194822095335 ], [ 258276.958658424002351, 7038855.907194822095335 ], [ 258276.958658424002351, 7038860.910385412164032 ], [ 258286.965039603877813, 7038860.910385412164032 ], [ 258286.965039603877813, 7038865.91357600223273 ], [ 258291.968230193830095, 7038865.91357600223273 ], [ 258291.968230193830095, 7038870.916766592301428 ], [ 258296.971420783782378, 7038870.916766592301428 ], [ 258296.971420783782378, 7038875.919957182370126 ], [ 258301.97461137373466, 7038875.919957182370126 ], [ 258301.97461137373466, 7038885.9263383615762 ], [ 258306.977801963686943, 7038885.9263383615762 ], [ 258306.977801963686943, 7038890.929528951644897 ], [ 258311.980992553610122, 7038890.929528951644897 ], [ 258311.980992553610122, 7038880.923147771507502 ], [ 258316.984183143562404, 7038880.923147771507502 ], [ 258316.984183143562404, 7038865.91357600223273 ], [ 258311.980992553610122, 7038865.91357600223273 ], [ 258311.980992553610122, 7038855.907194822095335 ], [ 258306.977801963686943, 7038855.907194822095335 ], [ 258306.977801963686943, 7038845.900813641957939 ], [ 258301.97461137373466, 7038845.900813641957939 ], [ 258301.97461137373466, 7038840.897623051889241 ], [ 258296.971420783782378, 7038840.897623051889241 ], [ 258296.971420783782378, 7038835.894432462751865 ], [ 258286.965039603877813, 7038835.894432462751865 ], [ 258286.965039603877813, 7038830.891241872683167 ], [ 258276.958658424002351, 7038830.891241872683167 ], [ 258276.958658424002351, 7038825.88805128261447 ], [ 258271.955467834050069, 7038825.88805128261447 ], [ 258271.955467834050069, 7038820.884860692545772 ], [ 258256.945896064193221, 7038820.884860692545772 ], [ 258256.945896064193221, 7038815.881670102477074 ], [ 258241.936324294365477, 7038815.881670102477074 ], [ 258241.936324294365477, 7038810.878479512408376 ], [ 258211.917180754680885, 7038810.878479512408376 ], [ 258211.917180754680885, 7038805.875288922339678 ], [ 258201.91079957477632, 7038805.875288922339678 ], [ 258201.91079957477632, 7038800.872098333202302 ], [ 258166.888465445168549, 7038800.872098333202302 ], [ 258166.888465445168549, 7038795.868907743133605 ], [ 258161.885274855216267, 7038795.868907743133605 ], [ 258161.885274855216267, 7038790.865717153064907 ], [ 258151.878893675311701, 7038790.865717153064907 ], [ 258151.878893675311701, 7038785.862526562996209 ], [ 258146.875703085359419, 7038785.862526562996209 ], [ 258146.875703085359419, 7038775.856145382858813 ], [ 258151.878893675311701, 7038775.856145382858813 ], [ 258151.878893675311701, 7038770.852954792790115 ], [ 258156.882084265263984, 7038770.852954792790115 ], [ 258156.882084265263984, 7038765.849764202721417 ], [ 258161.885274855216267, 7038765.849764202721417 ], [ 258161.885274855216267, 7038760.846573613584042 ], [ 258166.888465445168549, 7038760.846573613584042 ], [ 258166.888465445168549, 7038740.83381125330925 ], [ 258161.885274855216267, 7038740.83381125330925 ], [ 258161.885274855216267, 7038735.830620663240552 ], [ 258166.888465445168549, 7038735.830620663240552 ], [ 258166.888465445168549, 7038730.827430073171854 ], [ 258171.891656035091728, 7038730.827430073171854 ], [ 258171.891656035091728, 7038725.824239483103156 ], [ 258210.058468477538554, 7038725.824239483103156 ], [ 258207.437110047612805, 7038724.290354759432375 ], [ 258180.692009626538493, 7038711.983901067636907 ], [ 258152.869450775673613, 7038702.358184575103223 ], [ 258124.237379946134752, 7038695.505906193517148 ], [ 258096.8437971858948, 7038691.736897233873606 ], [ 258096.8437971858948, 7038705.811477123759687 ], [ 258091.840606595942518, 7038705.811477123759687 ], [ 258091.840606595942518, 7038730.827430073171854 ], [ 258086.837416006019339, 7038730.827430073171854 ], [ 258086.837416006019339, 7038740.83381125330925 ], [ 258081.834225416067056, 7038740.83381125330925 ], [ 258081.834225416067056, 7038750.840192433446646 ], [ 258076.831034826114774, 7038750.840192433446646 ], [ 258076.831034826114774, 7038775.856145382858813 ], [ 258071.827844236162491, 7038775.856145382858813 ], [ 258071.827844236162491, 7038795.868907743133605 ], [ 258076.831034826114774, 7038795.868907743133605 ], [ 258076.831034826114774, 7038800.872098333202302 ], [ 258081.834225416067056, 7038800.872098333202302 ], [ 258081.834225416067056, 7038795.868907743133605 ], [ 258086.837416006019339, 7038795.868907743133605 ], [ 258086.837416006019339, 7038790.865717153064907 ], [ 258091.840606595942518, 7038790.865717153064907 ], [ 258091.840606595942518, 7038785.862526562996209 ], [ 258136.869321905483957, 7038785.862526562996209 ], [ 258136.869321905483957, 7038790.865717153064907 ], [ 258141.87251249543624, 7038790.865717153064907 ], [ 258141.87251249543624, 7038795.868907743133605 ], [ 258151.878893675311701, 7038795.868907743133605 ], [ 258151.878893675311701, 7038800.872098333202302 ], [ 258161.885274855216267, 7038800.872098333202302 ], [ 258161.885274855216267, 7038805.875288922339678 ], [ 258166.888465445168549, 7038805.875288922339678 ], [ 258166.888465445168549, 7038810.878479512408376 ], [ 258186.901227804948576, 7038810.878479512408376 ], [ 258186.901227804948576, 7038815.881670102477074 ], [ 258206.913990164728602, 7038815.881670102477074 ], [ 258206.913990164728602, 7038820.884860692545772 ], [ 258241.936324294365477, 7038820.884860692545772 ], [ 258241.936324294365477, 7038825.88805128261447 ], [ 258251.942705474270042, 7038825.88805128261447 ], [ 258251.942705474270042, 7038830.891241872683167 ], [ 258261.949086654145503, 7038830.891241872683167 ], [ 258261.949086654145503, 7038835.894432462751865 ], [ 258251.942705474270042, 7038835.894432462751865 ] ], [ [ 258271.955467834050069, 7038835.894432462751865 ], [ 258271.955467834050069, 7038840.897623051889241 ], [ 258261.949086654145503, 7038840.897623051889241 ], [ 258261.949086654145503, 7038835.894432462751865 ], [ 258271.955467834050069, 7038835.894432462751865 ] ], [ [ 258281.96184901392553, 7038840.897623051889241 ], [ 258281.96184901392553, 7038845.900813641957939 ], [ 258271.955467834050069, 7038845.900813641957939 ], [ 258271.955467834050069, 7038840.897623051889241 ], [ 258281.96184901392553, 7038840.897623051889241 ] ] ], [ [ [ 258412.044804352568462, 7038745.837001843377948 ], [ 258407.04161376261618, 7038745.837001843377948 ], [ 258407.04161376261618, 7038720.821048893965781 ], [ 258412.044804352568462, 7038720.821048893965781 ], [ 258412.044804352568462, 7038690.801905353553593 ], [ 258417.047994942520745, 7038690.801905353553593 ], [ 258417.047994942520745, 7038680.79552417434752 ], [ 258427.054376122396206, 7038680.79552417434752 ], [ 258427.054376122396206, 7038665.785952404141426 ], [ 258437.060757302300772, 7038665.785952404141426 ], [ 258437.060757302300772, 7038670.789142994210124 ], [ 258457.073519662080798, 7038670.789142994210124 ], [ 258457.073519662080798, 7038665.785952404141426 ], [ 258462.076710252033081, 7038665.785952404141426 ], [ 258462.076710252033081, 7038660.782761814072728 ], [ 258457.073519662080798, 7038660.782761814072728 ], [ 258457.073519662080798, 7038655.77957122400403 ], [ 258462.076710252033081, 7038655.77957122400403 ], [ 258462.076710252033081, 7038650.776380633935332 ], [ 258522.114997331402265, 7038650.776380633935332 ], [ 258522.114997331402265, 7038645.773190044797957 ], [ 258527.118187921354547, 7038645.773190044797957 ], [ 258527.118187921354547, 7038620.757237094454467 ], [ 258522.114997331402265, 7038620.757237094454467 ], [ 258522.114997331402265, 7038610.750855915248394 ], [ 258517.111806741449982, 7038610.750855915248394 ], [ 258517.111806741449982, 7038600.744474735110998 ], [ 258512.108616151497699, 7038600.744474735110998 ], [ 258512.108616151497699, 7038585.734902964904904 ], [ 258507.105425561545417, 7038585.734902964904904 ], [ 258507.105425561545417, 7038580.731712374836206 ], [ 258502.102234971593134, 7038580.731712374836206 ], [ 258502.102234971593134, 7038575.728521784767509 ], [ 258497.099044381669955, 7038575.728521784767509 ], [ 258497.099044381669955, 7038565.722140605561435 ], [ 258492.095853791717673, 7038565.722140605561435 ], [ 258492.095853791717673, 7038560.718950015492737 ], [ 258487.09266320176539, 7038560.718950015492737 ], [ 258487.09266320176539, 7038550.712568835355341 ], [ 258482.089472611813108, 7038550.712568835355341 ], [ 258482.089472611813108, 7038545.709378245286644 ], [ 258477.086282021860825, 7038545.709378245286644 ], [ 258477.086282021860825, 7038540.706187655217946 ], [ 258482.089472611813108, 7038540.706187655217946 ], [ 258482.089472611813108, 7038495.677472346462309 ], [ 258477.086282021860825, 7038495.677472346462309 ], [ 258477.086282021860825, 7038485.671091166324914 ], [ 258472.083091431937646, 7038485.671091166324914 ], [ 258472.083091431937646, 7038480.667900576256216 ], [ 258462.076710252033081, 7038480.667900576256216 ], [ 258462.076710252033081, 7038475.664709986187518 ], [ 258457.073519662080798, 7038475.664709986187518 ], [ 258457.073519662080798, 7038470.66151939611882 ], [ 258447.067138482176233, 7038470.66151939611882 ], [ 258447.067138482176233, 7038450.648757036775351 ], [ 258442.063947892253054, 7038450.648757036775351 ], [ 258442.063947892253054, 7038455.651947626844049 ], [ 258437.060757302300772, 7038455.651947626844049 ], [ 258437.060757302300772, 7038470.66151939611882 ], [ 258432.057566712348489, 7038470.66151939611882 ], [ 258432.057566712348489, 7038485.671091166324914 ], [ 258437.060757302300772, 7038485.671091166324914 ], [ 258437.060757302300772, 7038490.674281756393611 ], [ 258442.063947892253054, 7038490.674281756393611 ], [ 258442.063947892253054, 7038495.677472346462309 ], [ 258447.067138482176233, 7038495.677472346462309 ], [ 258447.067138482176233, 7038500.680662935599685 ], [ 258452.070329072128516, 7038500.680662935599685 ], [ 258452.070329072128516, 7038505.683853525668383 ], [ 258457.073519662080798, 7038505.683853525668383 ], [ 258457.073519662080798, 7038510.687044115737081 ], [ 258467.079900841985364, 7038510.687044115737081 ], [ 258467.079900841985364, 7038520.693425295874476 ], [ 258462.076710252033081, 7038520.693425295874476 ], [ 258462.076710252033081, 7038530.699806476011872 ], [ 258452.070329072128516, 7038530.699806476011872 ], [ 258452.070329072128516, 7038535.702997065149248 ], [ 258447.067138482176233, 7038535.702997065149248 ], [ 258447.067138482176233, 7038580.731712374836206 ], [ 258452.070329072128516, 7038580.731712374836206 ], [ 258452.070329072128516, 7038585.734902964904904 ], [ 258447.067138482176233, 7038585.734902964904904 ], [ 258447.067138482176233, 7038595.7412841450423 ], [ 258442.063947892253054, 7038595.7412841450423 ], [ 258442.063947892253054, 7038600.744474735110998 ], [ 258437.060757302300772, 7038600.744474735110998 ], [ 258437.060757302300772, 7038605.747665325179696 ], [ 258432.057566712348489, 7038605.747665325179696 ], [ 258432.057566712348489, 7038610.750855915248394 ], [ 258422.051185532443924, 7038610.750855915248394 ], [ 258422.051185532443924, 7038615.754046504385769 ], [ 258417.047994942520745, 7038615.754046504385769 ], [ 258417.047994942520745, 7038625.760427684523165 ], [ 258422.051185532443924, 7038625.760427684523165 ], [ 258422.051185532443924, 7038635.766808864660561 ], [ 258417.047994942520745, 7038635.766808864660561 ], [ 258417.047994942520745, 7038645.773190044797957 ], [ 258407.04161376261618, 7038645.773190044797957 ], [ 258407.04161376261618, 7038650.776380633935332 ], [ 258387.028851402836153, 7038650.776380633935332 ], [ 258387.028851402836153, 7038645.773190044797957 ], [ 258382.025660812883871, 7038645.773190044797957 ], [ 258382.025660812883871, 7038635.766808864660561 ], [ 258372.019279632979305, 7038635.766808864660561 ], [ 258372.019279632979305, 7038650.776380633935332 ], [ 258367.016089043027023, 7038650.776380633935332 ], [ 258367.016089043027023, 7038655.77957122400403 ], [ 258352.006517273199279, 7038655.77957122400403 ], [ 258352.006517273199279, 7038660.782761814072728 ], [ 258342.000136093294714, 7038660.782761814072728 ], [ 258342.000136093294714, 7038665.785952404141426 ], [ 258331.993754913419252, 7038665.785952404141426 ], [ 258331.993754913419252, 7038670.789142994210124 ], [ 258326.99056432346697, 7038670.789142994210124 ], [ 258326.99056432346697, 7038675.792333584278822 ], [ 258321.987373733514687, 7038675.792333584278822 ], [ 258321.987373733514687, 7038680.79552417434752 ], [ 258306.977801963686943, 7038680.79552417434752 ], [ 258306.977801963686943, 7038685.798714764416218 ], [ 258291.968230193830095, 7038685.798714764416218 ], [ 258291.968230193830095, 7038690.801905353553593 ], [ 258284.982965138420695, 7038690.801905353553593 ], [ 258305.10119093870162, 7038696.317453008145094 ], [ 258334.120349297358189, 7038701.281085464172065 ], [ 258337.670921771234134, 7038701.534430437721312 ], [ 258358.265629096888006, 7038705.504216333851218 ], [ 258361.018166134424973, 7038708.489303296431899 ], [ 258366.063166134350467, 7038713.513203298673034 ], [ 258384.558034643385326, 7038730.451341922394931 ], [ 258404.403017372271279, 7038745.78553122933954 ], [ 258412.044804352568462, 7038751.1957445461303 ], [ 258412.044804352568462, 7038745.837001843377948 ] ], [ [ 258447.067138482176233, 7038655.77957122400403 ], [ 258452.070329072128516, 7038655.77957122400403 ], [ 258452.070329072128516, 7038660.782761814072728 ], [ 258447.067138482176233, 7038660.782761814072728 ], [ 258447.067138482176233, 7038655.77957122400403 ] ], [ [ 258457.073519662080798, 7038560.718950015492737 ], [ 258452.070329072128516, 7038560.718950015492737 ], [ 258452.070329072128516, 7038540.706187655217946 ], [ 258467.079900841985364, 7038540.706187655217946 ], [ 258467.079900841985364, 7038545.709378245286644 ], [ 258472.083091431937646, 7038545.709378245286644 ], [ 258472.083091431937646, 7038560.718950015492737 ], [ 258467.079900841985364, 7038560.718950015492737 ], [ 258467.079900841985364, 7038565.722140605561435 ], [ 258457.073519662080798, 7038565.722140605561435 ], [ 258457.073519662080798, 7038560.718950015492737 ] ] ] ] } },
{ "type": "Feature", "properties": { "slope": 4 }, "geometry": { "type": "Polygon", "coordinates": [ [ [ 258116.856559545674827, 7038990.993340751156211 ], [ 258116.856559545674827, 7038985.990150161087513 ], [ 258121.85975013562711, 7038985.990150161087513 ], [ 258121.85975013562711, 7038965.977387800812721 ], [ 258116.856559545674827, 7038965.977387800812721 ], [ 258116.856559545674827, 7038960.974197210744023 ], [ 258111.853368955751648, 7038960.974197210744023 ], [ 258111.853368955751648, 7038950.96781603153795 ], [ 258101.846987775847083, 7038950.96781603153795 ], [ 258101.846987775847083, 7038945.964625441469252 ], [ 258096.8437971858948, 7038945.964625441469252 ], [ 258096.8437971858948, 7038965.977387800812721 ], [ 258091.840606595942518, 7038965.977387800812721 ], [ 258091.840606595942518, 7038970.980578390881419 ], [ 258086.837416006019339, 7038970.980578390881419 ], [ 258086.837416006019339, 7038985.990150161087513 ], [ 258096.8437971858948, 7038985.990150161087513 ], [ 258096.8437971858948, 7038990.993340751156211 ], [ 258116.856559545674827, 7038990.993340751156211 ] ] ] } },
{ "type": "Feature", "properties": { "slope": 3 }, "geometry": { "type": "Polygon", "coordinates": [ [ [ 258086.837416006019339, 7039000.999721930362284 ], [ 258096.8437971858948, 7039000.999721930362284 ], [ 258096.8437971858948, 7039006.002912520430982 ], [ 258101.846987775847083, 7039006.002912520430982 ], [ 258101.846987775847083, 7039011.00610311049968 ], [ 258091.840606595942518, 7039011.00610311049968 ], [ 258091.840606595942518, 7039016.009293700568378 ], [ 258081.834225416067056, 7039016.009293700568378 ], [ 258081.834225416067056, 7039026.015674880705774 ], [ 258086.837416006019339, 7039026.015674880705774 ], [ 258086.837416006019339, 7039021.012484290637076 ], [ 258101.846987775847083, 7039021.012484290637076 ], [ 258101.846987775847083, 7039016.009293700568378 ], [ 258116.856559545674827, 7039016.009293700568378 ], [ 258116.856559545674827, 7039021.012484290637076 ], [ 258136.869321905483957, 7039021.012484290637076 ], [ 258136.869321905483957, 7039026.015674880705774 ], [ 258141.87251249543624, 7039026.015674880705774 ], [ 258141.87251249543624, 7039031.018865470774472 ], [ 258136.869321905483957, 7039031.018865470774472 ], [ 258136.869321905483957, 7039036.022056059911847 ], [ 258131.866131315531675, 7039036.022056059911847 ], [ 258131.866131315531675, 7039041.025246649980545 ], [ 258121.85975013562711, 7039041.025246649980545 ], [ 258121.85975013562711, 7039046.028437240049243 ], [ 258116.856559545674827, 7039046.028437240049243 ], [ 258116.856559545674827, 7039051.031627830117941 ], [ 258136.869321905483957, 7039051.031627830117941 ], [ 258136.869321905483957, 7039046.028437240049243 ], [ 258151.878893675311701, 7039046.028437240049243 ], [ 258151.878893675311701, 7039041.025246649980545 ], [ 258186.901227804948576, 7039041.025246649980545 ], [ 258186.901227804948576, 7039046.028437240049243 ], [ 258206.913990164728602, 7039046.028437240049243 ], [ 258206.913990164728602, 7039051.031627830117941 ], [ 258221.92356193458545, 7039051.031627830117941 ], [ 258221.92356193458545, 7039036.022056059911847 ], [ 258216.920371344633168, 7039036.022056059911847 ], [ 258216.920371344633168, 7039026.015674880705774 ], [ 258211.917180754680885, 7039026.015674880705774 ], [ 258211.917180754680885, 7039016.009293700568378 ], [ 258206.913990164728602, 7039016.009293700568378 ], [ 258206.913990164728602, 7039011.00610311049968 ], [ 258201.91079957477632, 7039011.00610311049968 ], [ 258201.91079957477632, 7039006.002912520430982 ], [ 258196.907608984853141, 7039006.002912520430982 ], [ 258196.907608984853141, 7039000.999721930362284 ], [ 258191.904418394900858, 7039000.999721930362284 ], [ 258191.904418394900858, 7038995.996531340293586 ], [ 258186.901227804948576, 7038995.996531340293586 ], [ 258186.901227804948576, 7038985.990150161087513 ], [ 258191.904418394900858, 7038985.990150161087513 ], [ 258191.904418394900858, 7038945.964625441469252 ], [ 258186.901227804948576, 7038945.964625441469252 ], [ 258186.901227804948576, 7038940.961434851400554 ], [ 258181.898037214996293, 7038940.961434851400554 ], [ 258181.898037214996293, 7038930.955053671263158 ], [ 258176.894846625044011, 7038930.955053671263158 ], [ 258176.894846625044011, 7038925.95186308119446 ], [ 258161.885274855216267, 7038925.95186308119446 ], [ 258161.885274855216267, 7038920.948672491125762 ], [ 258151.878893675311701, 7038920.948672491125762 ], [ 258151.878893675311701, 7038915.945481901988387 ], [ 258131.866131315531675, 7038915.945481901988387 ], [ 258131.866131315531675, 7038910.942291311919689 ], [ 258111.853368955751648, 7038910.942291311919689 ], [ 258111.853368955751648, 7038915.945481901988387 ], [ 258076.831034826114774, 7038915.945481901988387 ], [ 258076.831034826114774, 7038920.948672491125762 ], [ 258071.827844236162491, 7038920.948672491125762 ], [ 258071.827844236162491, 7038925.95186308119446 ], [ 258066.824653646210209, 7038925.95186308119446 ], [ 258066.824653646210209, 7038935.958244261331856 ], [ 258061.821463056257926, 7038935.958244261331856 ], [ 258061.821463056257926, 7038945.964625441469252 ], [ 258066.824653646210209, 7038945.964625441469252 ], [ 258066.824653646210209, 7038950.96781603153795 ], [ 258071.827844236162491, 7038950.96781603153795 ], [ 258071.827844236162491, 7038960.974197210744023 ], [ 258076.831034826114774, 7038960.974197210744023 ], [ 258076.831034826114774, 7038975.983768980950117 ], [ 258081.834225416067056, 7038975.983768980950117 ], [ 258081.834225416067056, 7038985.990150161087513 ], [ 258086.837416006019339, 7038985.990150161087513 ], [ 258086.837416006019339, 7039000.999721930362284 ] ], [ [ 258086.837416006019339, 7038970.980578390881419 ], [ 258091.840606595942518, 7038970.980578390881419 ], [ 258091.840606595942518, 7038965.977387800812721 ], [ 258096.8437971858948, 7038965.977387800812721 ], [ 258096.8437971858948, 7038945.964625441469252 ], [ 258101.846987775847083, 7038945.964625441469252 ], [ 258101.846987775847083, 7038950.96781603153795 ], [ 258111.853368955751648, 7038950.96781603153795 ], [ 258111.853368955751648, 7038960.974197210744023 ], [ 258116.856559545674827, 7038960.974197210744023 ], [ 258116.856559545674827, 7038965.977387800812721 ], [ 258121.85975013562711, 7038965.977387800812721 ], [ 258121.85975013562711, 7038985.990150161087513 ], [ 258116.856559545674827, 7038985.990150161087513 ], [ 258116.856559545674827, 7038990.993340751156211 ], [ 258096.8437971858948, 7038990.993340751156211 ], [ 258096.8437971858948, 7038985.990150161087513 ], [ 258086.837416006019339, 7038985.990150161087513 ], [ 258086.837416006019339, 7038970.980578390881419 ] ] ] } },
{ "type": "Feature", "properties": { "slope": 4 }, "geometry": { "type": "Polygon", "coordinates": [ [ [ 258116.856559545674827, 7039051.031627830117941 ], [ 258116.856559545674827, 7039046.028437240049243 ], [ 258121.85975013562711, 7039046.028437240049243 ], [ 258121.85975013562711, 7039041.025246649980545 ], [ 258131.866131315531675, 7039041.025246649980545 ], [ 258131.866131315531675, 7039036.022056059911847 ], [ 258136.869321905483957, 7039036.022056059911847 ], [ 258136.869321905483957, 7039031.018865470774472 ], [ 258141.87251249543624, 7039031.018865470774472 ], [ 258141.87251249543624, 7039026.015674880705774 ], [ 258136.869321905483957, 7039026.015674880705774 ], [ 258136.869321905483957, 7039021.012484290637076 ], [ 258116.856559545674827, 7039021.012484290637076 ], [ 258116.856559545674827, 7039016.009293700568378 ], [ 258101.846987775847083, 7039016.009293700568378 ], [ 258101.846987775847083, 7039021.012484290637076 ], [ 258086.837416006019339, 7039021.012484290637076 ], [ 258086.837416006019339, 7039031.018865470774472 ], [ 258091.840606595942518, 7039031.018865470774472 ], [ 258091.840606595942518, 7039036.022056059911847 ], [ 258096.8437971858948, 7039036.022056059911847 ], [ 258096.8437971858948, 7039041.025246649980545 ], [ 258101.846987775847083, 7039041.025246649980545 ], [ 258101.846987775847083, 7039046.028437240049243 ], [ 258106.850178365799366, 7039046.028437240049243 ], [ 258106.850178365799366, 7039051.031627830117941 ], [ 258116.856559545674827, 7039051.031627830117941 ] ] ] } },
{ "type": "Feature", "properties": { "slope": 2 }, "geometry": { "type": "Polygon", "coordinates": [ [ [ 258101.846987775847083, 7039046.028437240049243 ], [ 258101.846987775847083, 7039041.025246649980545 ], [ 258096.8437971858948, 7039041.025246649980545 ], [ 258096.8437971858948, 7039046.028437240049243 ], [ 258101.846987775847083, 7039046.028437240049243 ] ] ] } },
{ "type": "Feature", "properties": { "slope": 1 }, "geometry": { "type": "Polygon", "coordinates": [ [ [ 258066.824653646210209, 7038865.91357600223273 ], [ 258066.824653646210209, 7038850.904004232026637 ], [ 258061.821463056257926, 7038850.904004232026637 ], [ 258061.821463056257926, 7038865.91357600223273 ], [ 258066.824653646210209, 7038865.91357600223273 ] ] ] } },
{ "type": "Feature", "properties": { "slope": 1 }, "geometry": { "type": "Polygon", "coordinates": [ [ [ 258056.818272466334747, 7038895.932719541713595 ], [ 258056.818272466334747, 7038890.929528951644897 ], [ 258061.821463056257926, 7038890.929528951644897 ], [ 258061.821463056257926, 7038865.91357600223273 ], [ 258056.818272466334747, 7038865.91357600223273 ], [ 258056.818272466334747, 7038885.9263383615762 ], [ 258051.815081876382465, 7038885.9263383615762 ], [ 258051.815081876382465, 7038895.932719541713595 ], [ 258056.818272466334747, 7038895.932719541713595 ] ] ] } },
{ "type": "Feature", "properties": { "slope": 1 }, "geometry": { "type": "Polygon", "coordinates": [ [ [ 258006.786366566841025, 7038890.929528951644897 ], [ 258006.786366566841025, 7038875.919957182370126 ], [ 258001.783175976917846, 7038875.919957182370126 ], [ 258001.783175976917846, 7038870.916766592301428 ], [ 257996.779985386965564, 7038870.916766592301428 ], [ 257996.779985386965564, 7038880.923147771507502 ], [ 258001.783175976917846, 7038880.923147771507502 ], [ 258001.783175976917846, 7038890.929528951644897 ], [ 258006.786366566841025, 7038890.929528951644897 ] ] ] } },
{ "type": "Feature", "properties": { "slope": 1 }, "geometry": { "type": "Polygon", "coordinates": [ [ [ 258011.789557156793308, 7038905.939100721850991 ], [ 258011.789557156793308, 7038895.932719541713595 ], [ 258006.786366566841025, 7038895.932719541713595 ], [ 258006.786366566841025, 7038905.939100721850991 ], [ 258011.789557156793308, 7038905.939100721850991 ] ] ] } },
{ "type": "Feature", "properties": { "slope": 1 }, "geometry": { "type": "Polygon", "coordinates": [ [ [ 258056.818272466334747, 7038910.942291311919689 ], [ 258056.818272466334747, 7038900.935910131782293 ], [ 258051.815081876382465, 7038900.935910131782293 ], [ 258051.815081876382465, 7038910.942291311919689 ], [ 258056.818272466334747, 7038910.942291311919689 ] ] ] } },
{ "type": "Feature", "properties": { "slope": 1 }, "geometry": { "type": "Polygon", "coordinates": [ [ [ 258016.79274774674559, 7038925.95186308119446 ], [ 258016.79274774674559, 7038910.942291311919689 ], [ 258011.789557156793308, 7038910.942291311919689 ], [ 258011.789557156793308, 7038925.95186308119446 ], [ 258016.79274774674559, 7038925.95186308119446 ] ] ] } },
{ "type": "Feature", "properties": { "slope": 2 }, "geometry": { "type": "Polygon", "coordinates": [ [ [ 258076.831034826114774, 7038965.977387800812721 ], [ 258076.831034826114774, 7038960.974197210744023 ], [ 258071.827844236162491, 7038960.974197210744023 ], [ 258071.827844236162491, 7038965.977387800812721 ], [ 258076.831034826114774, 7038965.977387800812721 ] ] ] } },
{ "type": "Feature", "properties": { "slope": 2 }, "geometry": { "type": "Polygon", "coordinates": [ [ [ 258041.808700696477899, 7038980.986959571018815 ], [ 258041.808700696477899, 7038975.983768980950117 ], [ 258031.802319516602438, 7038975.983768980950117 ], [ 258031.802319516602438, 7038980.986959571018815 ], [ 258041.808700696477899, 7038980.986959571018815 ] ] ] } },
{ "type": "Feature", "properties": { "slope": 2 }, "geometry": { "type": "Polygon", "coordinates": [ [ [ 258046.811891286430182, 7038985.990150161087513 ], [ 258046.811891286430182, 7038980.986959571018815 ], [ 258041.808700696477899, 7038980.986959571018815 ], [ 258041.808700696477899, 7038985.990150161087513 ], [ 258046.811891286430182, 7038985.990150161087513 ] ] ] } },
{ "type": "Feature", "properties": { "slope": 2 }, "geometry": { "type": "Polygon", "coordinates": [ [ [ 258046.811891286430182, 7039000.999721930362284 ], [ 258046.811891286430182, 7038995.996531340293586 ], [ 258041.808700696477899, 7038995.996531340293586 ], [ 258041.808700696477899, 7039000.999721930362284 ], [ 258046.811891286430182, 7039000.999721930362284 ] ] ] } },
{ "type": "Feature", "properties": { "slope": 2 }, "geometry": { "type": "Polygon", "coordinates": [ [ [ 258101.846987775847083, 7039011.00610311049968 ], [ 258101.846987775847083, 7039006.002912520430982 ], [ 258096.8437971858948, 7039006.002912520430982 ], [ 258096.8437971858948, 7039000.999721930362284 ], [ 258091.840606595942518, 7039000.999721930362284 ], [ 258091.840606595942518, 7039011.00610311049968 ], [ 258101.846987775847083, 7039011.00610311049968 ] ] ] } },
{ "type": "Feature", "properties": { "slope": 2 }, "geometry": { "type": "Polygon", "coordinates": [ [ [ 258091.840606595942518, 7039016.009293700568378 ], [ 258091.840606595942518, 7039011.00610311049968 ], [ 258081.834225416067056, 7039011.00610311049968 ], [ 258081.834225416067056, 7039016.009293700568378 ], [ 258091.840606595942518, 7039016.009293700568378 ] ] ] } },
{ "type": "Feature", "properties": { "slope": 3 }, "geometry": { "type": "Polygon", "coordinates": [ [ [ 258046.811891286430182, 7039026.015674880705774 ], [ 258046.811891286430182, 7039021.012484290637076 ], [ 258041.808700696477899, 7039021.012484290637076 ], [ 258041.808700696477899, 7039026.015674880705774 ], [ 258046.811891286430182, 7039026.015674880705774 ] ] ] } },
{ "type": "Feature", "properties": { "slope": 4 }, "geometry": { "type": "Polygon", "coordinates": [ [ [ 258041.808700696477899, 7038995.996531340293586 ], [ 258046.811891286430182, 7038995.996531340293586 ], [ 258046.811891286430182, 7038990.993340751156211 ], [ 258051.815081876382465, 7038990.993340751156211 ], [ 258051.815081876382465, 7038985.990150161087513 ], [ 258011.789557156793308, 7038985.990150161087513 ], [ 258011.789557156793308, 7038990.993340751156211 ], [ 257996.779985386965564, 7038990.993340751156211 ], [ 257996.779985386965564, 7039000.999721930362284 ], [ 257991.776794797013281, 7039000.999721930362284 ], [ 257991.776794797013281, 7039026.015674880705774 ], [ 257996.779985386965564, 7039026.015674880705774 ], [ 257996.779985386965564, 7039036.022056059911847 ], [ 258001.783175976917846, 7039036.022056059911847 ], [ 258001.783175976917846, 7039046.028437240049243 ], [ 258006.786366566841025, 7039046.028437240049243 ], [ 258006.786366566841025, 7039051.031627830117941 ], [ 258011.789557156793308, 7039051.031627830117941 ], [ 258011.789557156793308, 7039056.034818420186639 ], [ 258016.79274774674559, 7039056.034818420186639 ], [ 258016.79274774674559, 7039061.038009010255337 ], [ 258021.795938336697873, 7039061.038009010255337 ], [ 258021.795938336697873, 7039066.041199600324035 ], [ 258026.799128926650155, 7039066.041199600324035 ], [ 258026.799128926650155, 7039061.038009010255337 ], [ 258031.802319516602438, 7039061.038009010255337 ], [ 258031.802319516602438, 7039051.031627830117941 ], [ 258036.805510106525617, 7039051.031627830117941 ], [ 258036.805510106525617, 7039046.028437240049243 ], [ 258041.808700696477899, 7039046.028437240049243 ], [ 258041.808700696477899, 7039041.025246649980545 ], [ 258046.811891286430182, 7039041.025246649980545 ], [ 258046.811891286430182, 7039036.022056059911847 ], [ 258051.815081876382465, 7039036.022056059911847 ], [ 258051.815081876382465, 7039026.015674880705774 ], [ 258041.808700696477899, 7039026.015674880705774 ], [ 258041.808700696477899, 7038995.996531340293586 ] ], [ [ 258041.808700696477899, 7039031.018865470774472 ], [ 258036.805510106525617, 7039031.018865470774472 ], [ 258036.805510106525617, 7039026.015674880705774 ], [ 258041.808700696477899, 7039026.015674880705774 ], [ 258041.808700696477899, 7039031.018865470774472 ] ] ] } },
{ "type": "Feature", "properties": { "slope": 2 }, "geometry": { "type": "Polygon", "coordinates": [ [ [ 258086.837416006019339, 7039031.018865470774472 ], [ 258086.837416006019339, 7039026.015674880705774 ], [ 258081.834225416067056, 7039026.015674880705774 ], [ 258081.834225416067056, 7039031.018865470774472 ], [ 258086.837416006019339, 7039031.018865470774472 ] ] ] } },
{ "type": "Feature", "properties": { "slope": 3 }, "geometry": { "type": "Polygon", "coordinates": [ [ [ 258041.808700696477899, 7039031.018865470774472 ], [ 258041.808700696477899, 7039026.015674880705774 ], [ 258036.805510106525617, 7039026.015674880705774 ], [ 258036.805510106525617, 7039031.018865470774472 ], [ 258041.808700696477899, 7039031.018865470774472 ] ] ] } },
{ "type": "Feature", "properties": { "slope": 2 }, "geometry": { "type": "Polygon", "coordinates": [ [ [ 258091.840606595942518, 7039036.022056059911847 ], [ 258091.840606595942518, 7039031.018865470774472 ], [ 258086.837416006019339, 7039031.018865470774472 ], [ 258086.837416006019339, 7039036.022056059911847 ], [ 258091.840606595942518, 7039036.022056059911847 ] ] ] } },
{ "type": "Feature", "properties": { "slope": 2 }, "geometry": { "type": "Polygon", "coordinates": [ [ [ 258096.8437971858948, 7039041.025246649980545 ], [ 258096.8437971858948, 7039036.022056059911847 ], [ 258091.840606595942518, 7039036.022056059911847 ], [ 258091.840606595942518, 7039041.025246649980545 ], [ 258096.8437971858948, 7039041.025246649980545 ] ] ] } },
{ "type": "Feature", "properties": { "slope": 2 }, "geometry": { "type": "Polygon", "coordinates": [ [ [ 258056.818272466334747, 7039051.031627830117941 ], [ 258056.818272466334747, 7039041.025246649980545 ], [ 258051.815081876382465, 7039041.025246649980545 ], [ 258051.815081876382465, 7039051.031627830117941 ], [ 258056.818272466334747, 7039051.031627830117941 ] ] ] } },
{ "type": "Feature", "properties": { "slope": 2 }, "geometry": { "type": "Polygon", "coordinates": [ [ [ 258066.824653646210209, 7039056.034818420186639 ], [ 258066.824653646210209, 7039051.031627830117941 ], [ 258056.818272466334747, 7039051.031627830117941 ], [ 258056.818272466334747, 7039056.034818420186639 ], [ 258066.824653646210209, 7039056.034818420186639 ] ] ] } },
{ "type": "Feature", "properties": { "slope": 1 }, "geometry": { "type": "Polygon", "coordinates": [ [ [ 258151.878893675311701, 7039141.089058449491858 ], [ 258151.878893675311701, 7039136.085867859423161 ], [ 258146.875703085359419, 7039136.085867859423161 ], [ 258146.875703085359419, 7039141.089058449491858 ], [ 258151.878893675311701, 7039141.089058449491858 ] ] ] } },
{ "type": "Feature", "properties": { "slope": 1 }, "geometry": { "type": "Polygon", "coordinates": [ [ [ 258126.862940725579392, 7039146.092249039560556 ], [ 258126.862940725579392, 7039141.089058449491858 ], [ 258121.85975013562711, 7039141.089058449491858 ], [ 258121.85975013562711, 7039146.092249039560556 ], [ 258126.862940725579392, 7039146.092249039560556 ] ] ] } },
{ "type": "Feature", "properties": { "slope": 1 }, "geometry": { "type": "Polygon", "coordinates": [ [ [ 258156.882084265263984, 7039146.092249039560556 ], [ 258156.882084265263984, 7039141.089058449491858 ], [ 258151.878893675311701, 7039141.089058449491858 ], [ 258151.878893675311701, 7039146.092249039560556 ], [ 258156.882084265263984, 7039146.092249039560556 ] ] ] } },
{ "type": "Feature", "properties": { "slope": 1 }, "geometry": { "type": "Polygon", "coordinates": [ [ [ 258161.885274855216267, 7039151.095439628697932 ], [ 258161.885274855216267, 7039146.092249039560556 ], [ 258156.882084265263984, 7039146.092249039560556 ], [ 258156.882084265263984, 7039151.095439628697932 ], [ 258161.885274855216267, 7039151.095439628697932 ] ] ] } },
{ "type": "Feature", "properties": { "slope": 1 }, "geometry": { "type": "Polygon", "coordinates": [ [ [ 258131.866131315531675, 7039156.09863021876663 ], [ 258131.866131315531675, 7039151.095439628697932 ], [ 258126.862940725579392, 7039151.095439628697932 ], [ 258126.862940725579392, 7039156.09863021876663 ], [ 258131.866131315531675, 7039156.09863021876663 ] ] ] } },
{ "type": "Feature", "properties": { "slope": 1 }, "geometry": { "type": "Polygon", "coordinates": [ [ [ 258136.869321905483957, 7039161.101820808835328 ], [ 258136.869321905483957, 7039156.09863021876663 ], [ 258131.866131315531675, 7039156.09863021876663 ], [ 258131.866131315531675, 7039161.101820808835328 ], [ 258136.869321905483957, 7039161.101820808835328 ] ] ] } },
{ "type": "Feature", "properties": { "slope": 1 }, "geometry": { "type": "Polygon", "coordinates": [ [ [ 258141.87251249543624, 7039171.108201988972723 ], [ 258141.87251249543624, 7039161.101820808835328 ], [ 258136.869321905483957, 7039161.101820808835328 ], [ 258136.869321905483957, 7039171.108201988972723 ], [ 258141.87251249543624, 7039171.108201988972723 ] ] ] } },
{ "type": "Feature", "properties": { "slope": 1 }, "geometry": { "type": "Polygon", "coordinates": [ [ [ 258171.891656035091728, 7039186.117773758247495 ], [ 258171.891656035091728, 7039156.09863021876663 ], [ 258166.888465445168549, 7039156.09863021876663 ], [ 258166.888465445168549, 7039151.095439628697932 ], [ 258161.885274855216267, 7039151.095439628697932 ], [ 258161.885274855216267, 7039171.108201988972723 ], [ 258166.888465445168549, 7039171.108201988972723 ], [ 258166.888465445168549, 7039181.114583169110119 ], [ 258136.869321905483957, 7039181.114583169110119 ], [ 258136.869321905483957, 7039186.117773758247495 ], [ 258171.891656035091728, 7039186.117773758247495 ] ] ] } },
{ "type": "Feature", "properties": { "slope": 1 }, "geometry": { "type": "Polygon", "coordinates": [ [ [ 258136.869321905483957, 7039181.114583169110119 ], [ 258136.869321905483957, 7039171.108201988972723 ], [ 258131.866131315531675, 7039171.108201988972723 ], [ 258131.866131315531675, 7039181.114583169110119 ], [ 258136.869321905483957, 7039181.114583169110119 ] ] ] } },
{ "type": "Feature", "properties": { "slope": 1 }, "geometry": { "type": "Polygon", "coordinates": [ [ [ 258151.878893675311701, 7039196.124154938384891 ], [ 258151.878893675311701, 7039191.120964348316193 ], [ 258141.87251249543624, 7039191.120964348316193 ], [ 258141.87251249543624, 7039196.124154938384891 ], [ 258151.878893675311701, 7039196.124154938384891 ] ] ] } },
{ "type": "Feature", "properties": { "slope": 3 }, "geometry": { "type": "Polygon", "coordinates": [ [ [ 258031.802319516602438, 7039106.066724319942296 ], [ 258026.799128926650155, 7039106.066724319942296 ], [ 258026.799128926650155, 7039121.076296089217067 ], [ 258031.802319516602438, 7039121.076296089217067 ], [ 258031.802319516602438, 7039141.089058449491858 ], [ 258036.805510106525617, 7039141.089058449491858 ], [ 258036.805510106525617, 7039146.092249039560556 ], [ 258041.808700696477899, 7039146.092249039560556 ], [ 258041.808700696477899, 7039151.095439628697932 ], [ 258046.811891286430182, 7039151.095439628697932 ], [ 258046.811891286430182, 7039156.09863021876663 ], [ 258051.815081876382465, 7039156.09863021876663 ], [ 258051.815081876382465, 7039161.101820808835328 ], [ 258061.821463056257926, 7039161.101820808835328 ], [ 258061.821463056257926, 7039166.105011398904026 ], [ 258091.840606595942518, 7039166.105011398904026 ], [ 258091.840606595942518, 7039161.101820808835328 ], [ 258096.8437971858948, 7039161.101820808835328 ], [ 258096.8437971858948, 7039146.092249039560556 ], [ 258091.840606595942518, 7039146.092249039560556 ], [ 258091.840606595942518, 7039136.085867859423161 ], [ 258096.8437971858948, 7039136.085867859423161 ], [ 258096.8437971858948, 7039126.079486679285765 ], [ 258101.846987775847083, 7039126.079486679285765 ], [ 258101.846987775847083, 7039116.073105499148369 ], [ 258106.850178365799366, 7039116.073105499148369 ], [ 258106.850178365799366, 7039106.066724319942296 ], [ 258101.846987775847083, 7039106.066724319942296 ], [ 258101.846987775847083, 7039101.063533729873598 ], [ 258096.8437971858948, 7039101.063533729873598 ], [ 258096.8437971858948, 7039086.053961959667504 ], [ 258091.840606595942518, 7039086.053961959667504 ], [ 258091.840606595942518, 7039081.050771369598806 ], [ 258086.837416006019339, 7039081.050771369598806 ], [ 258086.837416006019339, 7039076.047580779530108 ], [ 258081.834225416067056, 7039076.047580779530108 ], [ 258081.834225416067056, 7039111.069914909079671 ], [ 258076.831034826114774, 7039111.069914909079671 ], [ 258076.831034826114774, 7039116.073105499148369 ], [ 258066.824653646210209, 7039116.073105499148369 ], [ 258066.824653646210209, 7039111.069914909079671 ], [ 258056.818272466334747, 7039111.069914909079671 ], [ 258056.818272466334747, 7039106.066724319942296 ], [ 258051.815081876382465, 7039106.066724319942296 ], [ 258051.815081876382465, 7039086.053961959667504 ], [ 258056.818272466334747, 7039086.053961959667504 ], [ 258056.818272466334747, 7039071.04439018946141 ], [ 258066.824653646210209, 7039071.04439018946141 ], [ 258066.824653646210209, 7039066.041199600324035 ], [ 258076.831034826114774, 7039066.041199600324035 ], [ 258076.831034826114774, 7039061.038009010255337 ], [ 258071.827844236162491, 7039061.038009010255337 ], [ 258071.827844236162491, 7039056.034818420186639 ], [ 258056.818272466334747, 7039056.034818420186639 ], [ 258056.818272466334747, 7039051.031627830117941 ], [ 258051.815081876382465, 7039051.031627830117941 ], [ 258051.815081876382465, 7039036.022056059911847 ], [ 258046.811891286430182, 7039036.022056059911847 ], [ 258046.811891286430182, 7039041.025246649980545 ], [ 258041.808700696477899, 7039041.025246649980545 ], [ 258041.808700696477899, 7039046.028437240049243 ], [ 258036.805510106525617, 7039046.028437240049243 ], [ 258036.805510106525617, 7039051.031627830117941 ], [ 258031.802319516602438, 7039051.031627830117941 ], [ 258031.802319516602438, 7039061.038009010255337 ], [ 258026.799128926650155, 7039061.038009010255337 ], [ 258026.799128926650155, 7039066.041199600324035 ], [ 258021.795938336697873, 7039066.041199600324035 ], [ 258021.795938336697873, 7039061.038009010255337 ], [ 258016.79274774674559, 7039061.038009010255337 ], [ 258016.79274774674559, 7039056.034818420186639 ], [ 258011.789557156793308, 7039056.034818420186639 ], [ 258011.789557156793308, 7039051.031627830117941 ], [ 258006.786366566841025, 7039051.031627830117941 ], [ 258006.786366566841025, 7039046.028437240049243 ], [ 258001.783175976917846, 7039046.028437240049243 ], [ 258001.783175976917846, 7039036.022056059911847 ], [ 257996.779985386965564, 7039036.022056059911847 ], [ 257996.779985386965564, 7039026.015674880705774 ], [ 257991.776794797013281, 7039026.015674880705774 ], [ 257991.776794797013281, 7039000.999721930362284 ], [ 257996.779985386965564, 7039000.999721930362284 ], [ 257996.779985386965564, 7038990.993340751156211 ], [ 258011.789557156793308, 7038990.993340751156211 ], [ 258011.789557156793308, 7038985.990150161087513 ], [ 258041.808700696477899, 7038985.990150161087513 ], [ 258041.808700696477899, 7038980.986959571018815 ], [ 258031.802319516602438, 7038980.986959571018815 ], [ 258031.802319516602438, 7038975.983768980950117 ], [ 258011.789557156793308, 7038975.983768980950117 ], [ 258011.789557156793308, 7038970.980578390881419 ], [ 258001.783175976917846, 7038970.980578390881419 ], [ 258001.783175976917846, 7038965.977387800812721 ], [ 257996.779985386965564, 7038965.977387800812721 ], [ 257996.779985386965564, 7038960.974197210744023 ], [ 257991.776794797013281, 7038960.974197210744023 ], [ 257991.776794797013281, 7038955.971006620675325 ], [ 257986.773604207060998, 7038955.971006620675325 ], [ 257986.773604207060998, 7038950.96781603153795 ], [ 257976.767223027185537, 7038950.96781603153795 ], [ 257976.767223027185537, 7038955.971006620675325 ], [ 257971.764032437233254, 7038955.971006620675325 ], [ 257971.764032437233254, 7038960.974197210744023 ], [ 257966.760841847280972, 7038960.974197210744023 ], [ 257966.760841847280972, 7038965.977387800812721 ], [ 257961.757651257328689, 7038965.977387800812721 ], [ 257961.757651257328689, 7038980.986959571018815 ], [ 257956.754460667376406, 7038980.986959571018815 ], [ 257956.754460667376406, 7038995.996531340293586 ], [ 257951.751270077424124, 7038995.996531340293586 ], [ 257951.751270077424124, 7039041.025246649980545 ], [ 257956.754460667376406, 7039041.025246649980545 ], [ 257956.754460667376406, 7039056.034818420186639 ], [ 257961.757651257328689, 7039056.034818420186639 ], [ 257961.757651257328689, 7039066.041199600324035 ], [ 257966.760841847280972, 7039066.041199600324035 ], [ 257966.760841847280972, 7039076.047580779530108 ], [ 257971.764032437233254, 7039076.047580779530108 ], [ 257971.764032437233254, 7039081.050771369598806 ], [ 257976.767223027185537, 7039081.050771369598806 ], [ 257976.767223027185537, 7039091.057152549736202 ], [ 257981.770413617108716, 7039091.057152549736202 ], [ 257981.770413617108716, 7039096.0603431398049 ], [ 257986.773604207060998, 7039096.0603431398049 ], [ 257986.773604207060998, 7039106.066724319942296 ], [ 257996.779985386965564, 7039106.066724319942296 ], [ 257996.779985386965564, 7039111.069914909079671 ], [ 258011.789557156793308, 7039111.069914909079671 ], [ 258011.789557156793308, 7039106.066724319942296 ], [ 258021.795938336697873, 7039106.066724319942296 ], [ 258021.795938336697873, 7039096.0603431398049 ], [ 258031.802319516602438, 7039096.0603431398049 ], [ 258031.802319516602438, 7039106.066724319942296 ] ], [ [ 258031.802319516602438, 7039091.057152549736202 ], [ 258036.805510106525617, 7039091.057152549736202 ], [ 258036.805510106525617, 7039096.0603431398049 ], [ 258031.802319516602438, 7039096.0603431398049 ], [ 258031.802319516602438, 7039091.057152549736202 ] ] ] } },
{ "type": "Feature", "properties": { "slope": 2 }, "geometry": { "type": "Polygon", "coordinates": [ [ [ 258076.831034826114774, 7039061.038009010255337 ], [ 258076.831034826114774, 7039056.034818420186639 ], [ 258071.827844236162491, 7039056.034818420186639 ], [ 258071.827844236162491, 7039061.038009010255337 ], [ 258076.831034826114774, 7039061.038009010255337 ] ] ] } },
{ "type": "Feature", "properties": { "slope": 2 }, "geometry": { "type": "Polygon", "coordinates": [ [ [ 258081.834225416067056, 7039066.041199600324035 ], [ 258081.834225416067056, 7039061.038009010255337 ], [ 258076.831034826114774, 7039061.038009010255337 ], [ 258076.831034826114774, 7039066.041199600324035 ], [ 258081.834225416067056, 7039066.041199600324035 ] ] ] } },
{ "type": "Feature", "properties": { "slope": 3 }, "geometry": { "type": "Polygon", "coordinates": [ [ [ 258081.834225416067056, 7039076.047580779530108 ], [ 258081.834225416067056, 7039066.041199600324035 ], [ 258076.831034826114774, 7039066.041199600324035 ], [ 258076.831034826114774, 7039076.047580779530108 ], [ 258081.834225416067056, 7039076.047580779530108 ] ] ] } },
{ "type": "Feature", "properties": { "slope": 2 }, "geometry": { "type": "Polygon", "coordinates": [ [ [ 258086.837416006019339, 7039076.047580779530108 ], [ 258086.837416006019339, 7039071.04439018946141 ], [ 258081.834225416067056, 7039071.04439018946141 ], [ 258081.834225416067056, 7039076.047580779530108 ], [ 258086.837416006019339, 7039076.047580779530108 ] ] ] } },
{ "type": "Feature", "properties": { "slope": 1 }, "geometry": { "type": "Polygon", "coordinates": [ [ [ 258091.840606595942518, 7039081.050771369598806 ], [ 258091.840606595942518, 7039076.047580779530108 ], [ 258086.837416006019339, 7039076.047580779530108 ], [ 258086.837416006019339, 7039081.050771369598806 ], [ 258091.840606595942518, 7039081.050771369598806 ] ] ] } },
{ "type": "Feature", "properties": { "slope": 1 }, "geometry": { "type": "Polygon", "coordinates": [ [ [ 258096.8437971858948, 7039086.053961959667504 ], [ 258096.8437971858948, 7039081.050771369598806 ], [ 258091.840606595942518, 7039081.050771369598806 ], [ 258091.840606595942518, 7039086.053961959667504 ], [ 258096.8437971858948, 7039086.053961959667504 ] ] ] } },
{ "type": "Feature", "properties": { "slope": 4 }, "geometry": { "type": "Polygon", "coordinates": [ [ [ 258076.831034826114774, 7039116.073105499148369 ], [ 258076.831034826114774, 7039111.069914909079671 ], [ 258081.834225416067056, 7039111.069914909079671 ], [ 258081.834225416067056, 7039076.047580779530108 ], [ 258076.831034826114774, 7039076.047580779530108 ], [ 258076.831034826114774, 7039066.041199600324035 ], [ 258066.824653646210209, 7039066.041199600324035 ], [ 258066.824653646210209, 7039071.04439018946141 ], [ 258056.818272466334747, 7039071.04439018946141 ], [ 258056.818272466334747, 7039086.053961959667504 ], [ 258051.815081876382465, 7039086.053961959667504 ], [ 258051.815081876382465, 7039106.066724319942296 ], [ 258056.818272466334747, 7039106.066724319942296 ], [ 258056.818272466334747, 7039111.069914909079671 ], [ 258066.824653646210209, 7039111.069914909079671 ], [ 258066.824653646210209, 7039116.073105499148369 ], [ 258076.831034826114774, 7039116.073105499148369 ] ] ] } },
{ "type": "Feature", "properties": { "slope": 2 }, "geometry": { "type": "Polygon", "coordinates": [ [ [ 258036.805510106525617, 7039096.0603431398049 ], [ 258036.805510106525617, 7039091.057152549736202 ], [ 258031.802319516602438, 7039091.057152549736202 ], [ 258031.802319516602438, 7039096.0603431398049 ], [ 258036.805510106525617, 7039096.0603431398049 ] ] ] } },
{ "type": "Feature", "properties": { "slope": 1 }, "geometry": { "type": "MultiPolygon", "coordinates": [ [ [ [ 257756.626837069517933, 7039051.031627830117941 ], [ 257756.626837069517933, 7039041.025246649980545 ], [ 257754.814859307225561, 7039041.025246649980545 ], [ 257757.354872036230518, 7039060.753702895715833 ], [ 257763.005716014100472, 7039086.053961959667504 ], [ 257766.633218249393394, 7039086.053961959667504 ], [ 257766.633218249393394, 7039081.050771369598806 ], [ 257771.636408839345677, 7039081.050771369598806 ], [ 257771.636408839345677, 7039076.047580779530108 ], [ 257781.642790019250242, 7039076.047580779530108 ], [ 257781.642790019250242, 7039081.050771369598806 ], [ 257786.645980609173421, 7039081.050771369598806 ], [ 257786.645980609173421, 7039086.053961959667504 ], [ 257796.652361789077986, 7039086.053961959667504 ], [ 257796.652361789077986, 7039091.057152549736202 ], [ 257801.655552379030269, 7039091.057152549736202 ], [ 257801.655552379030269, 7039111.069914909079671 ], [ 257811.661933558934834, 7039111.069914909079671 ], [ 257811.661933558934834, 7039106.066724319942296 ], [ 257816.665124148858013, 7039106.066724319942296 ], [ 257816.665124148858013, 7039111.069914909079671 ], [ 257821.668314738810295, 7039111.069914909079671 ], [ 257821.668314738810295, 7039141.089058449491858 ], [ 257826.671505328762578, 7039141.089058449491858 ], [ 257826.671505328762578, 7039146.092249039560556 ], [ 257831.67469591871486, 7039146.092249039560556 ], [ 257831.67469591871486, 7039156.09863021876663 ], [ 257836.677886508667143, 7039156.09863021876663 ], [ 257836.677886508667143, 7039141.089058449491858 ], [ 257831.67469591871486, 7039141.089058449491858 ], [ 257831.67469591871486, 7039111.069914909079671 ], [ 257826.671505328762578, 7039111.069914909079671 ], [ 257826.671505328762578, 7039101.063533729873598 ], [ 257821.668314738810295, 7039101.063533729873598 ], [ 257821.668314738810295, 7039096.0603431398049 ], [ 257816.665124148858013, 7039096.0603431398049 ], [ 257816.665124148858013, 7039091.057152549736202 ], [ 257811.661933558934834, 7039091.057152549736202 ], [ 257811.661933558934834, 7039076.047580779530108 ], [ 257806.658742968982551, 7039076.047580779530108 ], [ 257806.658742968982551, 7039071.04439018946141 ], [ 257801.655552379030269, 7039071.04439018946141 ], [ 257801.655552379030269, 7039066.041199600324035 ], [ 257796.652361789077986, 7039066.041199600324035 ], [ 257796.652361789077986, 7039061.038009010255337 ], [ 257791.649171199125703, 7039061.038009010255337 ], [ 257791.649171199125703, 7039051.031627830117941 ], [ 257786.645980609173421, 7039051.031627830117941 ], [ 257786.645980609173421, 7039046.028437240049243 ], [ 257781.642790019250242, 7039046.028437240049243 ], [ 257781.642790019250242, 7039041.025246649980545 ], [ 257776.639599429297959, 7039041.025246649980545 ], [ 257776.639599429297959, 7039011.00610311049968 ], [ 257771.636408839345677, 7039011.00610311049968 ], [ 257771.636408839345677, 7038975.983768980950117 ], [ 257776.639599429297959, 7038975.983768980950117 ], [ 257776.639599429297959, 7038960.974197210744023 ], [ 257781.642790019250242, 7038960.974197210744023 ], [ 257781.642790019250242, 7038955.971006620675325 ], [ 257786.645980609173421, 7038955.971006620675325 ], [ 257786.645980609173421, 7038950.96781603153795 ], [ 257791.649171199125703, 7038950.96781603153795 ], [ 257791.649171199125703, 7038945.964625441469252 ], [ 257826.671505328762578, 7038945.964625441469252 ], [ 257826.671505328762578, 7038950.96781603153795 ], [ 257841.681077098590322, 7038950.96781603153795 ], [ 257841.681077098590322, 7038940.961434851400554 ], [ 257836.677886508667143, 7038940.961434851400554 ], [ 257836.677886508667143, 7038925.95186308119446 ], [ 257831.67469591871486, 7038925.95186308119446 ], [ 257831.67469591871486, 7038920.948672491125762 ], [ 257826.671505328762578, 7038920.948672491125762 ], [ 257826.671505328762578, 7038910.942291311919689 ], [ 257821.668314738810295, 7038910.942291311919689 ], [ 257821.668314738810295, 7038885.9263383615762 ], [ 257826.671505328762578, 7038885.9263383615762 ], [ 257826.671505328762578, 7038875.919957182370126 ], [ 257836.677886508667143, 7038875.919957182370126 ], [ 257836.677886508667143, 7038870.916766592301428 ], [ 257841.681077098590322, 7038870.916766592301428 ], [ 257841.681077098590322, 7038865.91357600223273 ], [ 257846.684267688542604, 7038865.91357600223273 ], [ 257846.684267688542604, 7038860.910385412164032 ], [ 257861.693839458399452, 7038860.910385412164032 ], [ 257861.693839458399452, 7038855.907194822095335 ], [ 257891.712982998084044, 7038855.907194822095335 ], [ 257891.712982998084044, 7038850.904004232026637 ], [ 257901.719364177959505, 7038850.904004232026637 ], [ 257901.719364177959505, 7038845.900813641957939 ], [ 257906.722554767911788, 7038845.900813641957939 ], [ 257906.722554767911788, 7038840.897623051889241 ], [ 257916.728935947816353, 7038840.897623051889241 ], [ 257916.728935947816353, 7038835.894432462751865 ], [ 257921.732126537768636, 7038835.894432462751865 ], [ 257921.732126537768636, 7038830.891241872683167 ], [ 257931.738507717644097, 7038830.891241872683167 ], [ 257931.738507717644097, 7038835.894432462751865 ], [ 257936.74169830759638, 7038835.894432462751865 ], [ 257936.74169830759638, 7038845.900813641957939 ], [ 257941.744888897548662, 7038845.900813641957939 ], [ 257941.744888897548662, 7038850.904004232026637 ], [ 257946.748079487500945, 7038850.904004232026637 ], [ 257946.748079487500945, 7038855.907194822095335 ], [ 257951.751270077424124, 7038855.907194822095335 ], [ 257951.751270077424124, 7038860.910385412164032 ], [ 257956.754460667376406, 7038860.910385412164032 ], [ 257956.754460667376406, 7038865.91357600223273 ], [ 257966.760841847280972, 7038865.91357600223273 ], [ 257966.760841847280972, 7038870.916766592301428 ], [ 257986.773604207060998, 7038870.916766592301428 ], [ 257986.773604207060998, 7038865.91357600223273 ], [ 257991.776794797013281, 7038865.91357600223273 ], [ 257991.776794797013281, 7038870.916766592301428 ], [ 257996.779985386965564, 7038870.916766592301428 ], [ 257996.779985386965564, 7038855.907194822095335 ], [ 257971.764032437233254, 7038855.907194822095335 ], [ 257971.764032437233254, 7038850.904004232026637 ], [ 257961.757651257328689, 7038850.904004232026637 ], [ 257961.757651257328689, 7038845.900813641957939 ], [ 257956.754460667376406, 7038845.900813641957939 ], [ 257956.754460667376406, 7038840.897623051889241 ], [ 257951.751270077424124, 7038840.897623051889241 ], [ 257951.751270077424124, 7038830.891241872683167 ], [ 257946.748079487500945, 7038830.891241872683167 ], [ 257946.748079487500945, 7038825.88805128261447 ], [ 257941.744888897548662, 7038825.88805128261447 ], [ 257941.744888897548662, 7038815.881670102477074 ], [ 257936.74169830759638, 7038815.881670102477074 ], [ 257936.74169830759638, 7038810.878479512408376 ], [ 257911.725745357864071, 7038810.878479512408376 ], [ 257911.725745357864071, 7038815.881670102477074 ], [ 257906.722554767911788, 7038815.881670102477074 ], [ 257906.722554767911788, 7038820.884860692545772 ], [ 257901.719364177959505, 7038820.884860692545772 ], [ 257901.719364177959505, 7038825.88805128261447 ], [ 257891.712982998084044, 7038825.88805128261447 ], [ 257891.712982998084044, 7038830.891241872683167 ], [ 257841.681077098590322, 7038830.891241872683167 ], [ 257841.681077098590322, 7038825.88805128261447 ], [ 257826.671505328762578, 7038825.88805128261447 ], [ 257826.671505328762578, 7038820.884860692545772 ], [ 257816.52564097873983, 7038820.884860692545772 ], [ 257814.415700477198698, 7038823.411098083481193 ], [ 257798.825936352921417, 7038845.986634043045342 ], [ 257785.363758783671074, 7038869.891975378617644 ], [ 257782.661724166537169, 7038875.919957182370126 ], [ 257786.645980609173421, 7038875.919957182370126 ], [ 257786.645980609173421, 7038885.9263383615762 ], [ 257791.649171199125703, 7038885.9263383615762 ], [ 257791.649171199125703, 7038890.929528951644897 ], [ 257796.652361789077986, 7038890.929528951644897 ], [ 257796.652361789077986, 7038910.942291311919689 ], [ 257801.655552379030269, 7038910.942291311919689 ], [ 257801.655552379030269, 7038915.945481901988387 ], [ 257806.658742968982551, 7038915.945481901988387 ], [ 257806.658742968982551, 7038920.948672491125762 ], [ 257791.649171199125703, 7038920.948672491125762 ], [ 257791.649171199125703, 7038915.945481901988387 ], [ 257781.642790019250242, 7038915.945481901988387 ], [ 257781.642790019250242, 7038910.942291311919689 ], [ 257776.639599429297959, 7038910.942291311919689 ], [ 257776.639599429297959, 7038905.939100721850991 ], [ 257770.370966683578445, 7038905.939100721850991 ], [ 257765.253780156606808, 7038920.882916043512523 ], [ 257758.774164563335944, 7038947.542063649743795 ], [ 257754.757099871436367, 7038974.681679721921682 ], [ 257754.365499871695647, 7038978.537779722362757 ], [ 257753.952542491810163, 7038985.990150161087513 ], [ 257756.626837069517933, 7038985.990150161087513 ], [ 257756.626837069517933, 7039006.002912520430982 ], [ 257761.630027659441112, 7039006.002912520430982 ], [ 257761.630027659441112, 7039011.00610311049968 ], [ 257766.633218249393394, 7039011.00610311049968 ], [ 257766.633218249393394, 7039041.025246649980545 ], [ 257771.636408839345677, 7039041.025246649980545 ], [ 257771.636408839345677, 7039051.031627830117941 ], [ 257756.626837069517933, 7039051.031627830117941 ] ], [ [ 257776.639599429297959, 7039051.031627830117941 ], [ 257776.639599429297959, 7039061.038009010255337 ], [ 257771.636408839345677, 7039061.038009010255337 ], [ 257771.636408839345677, 7039051.031627830117941 ], [ 257776.639599429297959, 7039051.031627830117941 ] ], [ [ 257786.645980609173421, 7039061.038009010255337 ], [ 257786.645980609173421, 7039066.041199600324035 ], [ 257791.649171199125703, 7039066.041199600324035 ], [ 257791.649171199125703, 7039071.04439018946141 ], [ 257781.642790019250242, 7039071.04439018946141 ], [ 257781.642790019250242, 7039066.041199600324035 ], [ 257776.639599429297959, 7039066.041199600324035 ], [ 257776.639599429297959, 7039061.038009010255337 ], [ 257786.645980609173421, 7039061.038009010255337 ] ] ], [ [ [ 258171.891656035091728, 7039346.219872636720538 ], [ 258176.894846625044011, 7039346.219872636720538 ], [ 258176.894846625044011, 7039326.207110277377069 ], [ 258171.891656035091728, 7039326.207110277377069 ], [ 258171.891656035091728, 7039301.191157327033579 ], [ 258166.888465445168549, 7039301.191157327033579 ], [ 258166.888465445168549, 7039296.187966737896204 ], [ 258161.885274855216267, 7039296.187966737896204 ], [ 258161.885274855216267, 7039291.184776147827506 ], [ 258156.882084265263984, 7039291.184776147827506 ], [ 258156.882084265263984, 7039286.181585557758808 ], [ 258146.875703085359419, 7039286.181585557758808 ], [ 258146.875703085359419, 7039291.184776147827506 ], [ 258141.87251249543624, 7039291.184776147827506 ], [ 258141.87251249543624, 7039276.175204377621412 ], [ 258146.875703085359419, 7039276.175204377621412 ], [ 258146.875703085359419, 7039266.168823197484016 ], [ 258141.87251249543624, 7039266.168823197484016 ], [ 258141.87251249543624, 7039241.152870248071849 ], [ 258136.869321905483957, 7039241.152870248071849 ], [ 258136.869321905483957, 7039301.191157327033579 ], [ 258131.866131315531675, 7039301.191157327033579 ], [ 258131.866131315531675, 7039306.194347917102277 ], [ 258141.87251249543624, 7039306.194347917102277 ], [ 258141.87251249543624, 7039301.191157327033579 ], [ 258146.875703085359419, 7039301.191157327033579 ], [ 258146.875703085359419, 7039296.187966737896204 ], [ 258156.882084265263984, 7039296.187966737896204 ], [ 258156.882084265263984, 7039301.191157327033579 ], [ 258161.885274855216267, 7039301.191157327033579 ], [ 258161.885274855216267, 7039311.197538507170975 ], [ 258166.888465445168549, 7039311.197538507170975 ], [ 258166.888465445168549, 7039316.200729097239673 ], [ 258161.885274855216267, 7039316.200729097239673 ], [ 258161.885274855216267, 7039321.203919687308371 ], [ 258166.888465445168549, 7039321.203919687308371 ], [ 258166.888465445168549, 7039346.219872636720538 ], [ 258161.885274855216267, 7039346.219872636720538 ], [ 258161.885274855216267, 7039351.223063226789236 ], [ 258156.882084265263984, 7039351.223063226789236 ], [ 258156.882084265263984, 7039356.226253816857934 ], [ 258151.878893675311701, 7039356.226253816857934 ], [ 258151.878893675311701, 7039359.235449863597751 ], [ 258171.891656035091728, 7039354.797462600283325 ], [ 258171.891656035091728, 7039346.219872636720538 ] ] ] ] } },
{ "type": "Feature", "properties": { "slope": 1 }, "geometry": { "type": "Polygon", "coordinates": [ [ [ 259017.430865736154374, 7034343.029282690025866 ], [ 259017.430865736154374, 7034338.026092099957168 ], [ 259007.424484556249809, 7034338.026092099957168 ], [ 259007.424484556249809, 7034343.029282690025866 ], [ 259017.430865736154374, 7034343.029282690025866 ] ] ] } },
{ "type": "Feature", "properties": { "slope": 1 }, "geometry": { "type": "Polygon", "coordinates": [ [ [ 259027.437246916029835, 7034378.051616819575429 ], [ 259027.437246916029835, 7034343.029282690025866 ], [ 259017.430865736154374, 7034343.029282690025866 ], [ 259017.430865736154374, 7034348.032473280094564 ], [ 259022.434056326106656, 7034348.032473280094564 ], [ 259022.434056326106656, 7034378.051616819575429 ], [ 259027.437246916029835, 7034378.051616819575429 ] ] ] } },
{ "type": "Feature", "properties": { "slope": 1 }, "geometry": { "type": "Polygon", "coordinates": [ [ [ 259037.4436280959344, 7034398.064379179850221 ], [ 259037.4436280959344, 7034388.057997999712825 ], [ 259032.440437505982118, 7034388.057997999712825 ], [ 259032.440437505982118, 7034378.051616819575429 ], [ 259027.437246916029835, 7034378.051616819575429 ], [ 259027.437246916029835, 7034393.061188589781523 ], [ 259032.440437505982118, 7034393.061188589781523 ], [ 259032.440437505982118, 7034398.064379179850221 ], [ 259037.4436280959344, 7034398.064379179850221 ] ] ] } },
{ "type": "Feature", "properties": { "slope": 1 }, "geometry": { "type": "Polygon", "coordinates": [ [ [ 259027.437246916029835, 7034428.083522719331086 ], [ 259027.437246916029835, 7034423.080332129262388 ], [ 259032.440437505982118, 7034423.080332129262388 ], [ 259032.440437505982118, 7034418.07714153919369 ], [ 259037.4436280959344, 7034418.07714153919369 ], [ 259037.4436280959344, 7034413.073950949124992 ], [ 259042.446818685886683, 7034413.073950949124992 ], [ 259042.446818685886683, 7034398.064379179850221 ], [ 259037.4436280959344, 7034398.064379179850221 ], [ 259037.4436280959344, 7034408.070760359056294 ], [ 259032.440437505982118, 7034408.070760359056294 ], [ 259032.440437505982118, 7034413.073950949124992 ], [ 259022.434056326106656, 7034413.073950949124992 ], [ 259022.434056326106656, 7034428.083522719331086 ], [ 259027.437246916029835, 7034428.083522719331086 ] ] ] } },
{ "type": "Feature", "properties": { "slope": 1 }, "geometry": { "type": "Polygon", "coordinates": [ [ [ 259022.434056326106656, 7034433.086713309399784 ], [ 259022.434056326106656, 7034428.083522719331086 ], [ 259017.430865736154374, 7034428.083522719331086 ], [ 259017.430865736154374, 7034433.086713309399784 ], [ 259022.434056326106656, 7034433.086713309399784 ] ] ] } },
{ "type": "Feature", "properties": { "slope": 1 }, "geometry": { "type": "Polygon", "coordinates": [ [ [ 259017.430865736154374, 7034443.093094488605857 ], [ 259017.430865736154374, 7034438.089903898537159 ], [ 259012.427675146202091, 7034438.089903898537159 ], [ 259012.427675146202091, 7034443.093094488605857 ], [ 259017.430865736154374, 7034443.093094488605857 ] ] ] } },
{ "type": "Feature", "properties": { "slope": 1 }, "geometry": { "type": "Polygon", "coordinates": [ [ [ 259097.481915175303584, 7034463.105856848880649 ], [ 259097.481915175303584, 7034458.102666258811951 ], [ 259102.485105765255867, 7034458.102666258811951 ], [ 259102.485105765255867, 7034453.099475668743253 ], [ 259112.491486945131328, 7034453.099475668743253 ], [ 259112.491486945131328, 7034448.096285078674555 ], [ 259097.481915175303584, 7034448.096285078674555 ], [ 259097.481915175303584, 7034443.093094488605857 ], [ 259092.478724585351301, 7034443.093094488605857 ], [ 259092.478724585351301, 7034448.096285078674555 ], [ 259082.472343405446736, 7034448.096285078674555 ], [ 259082.472343405446736, 7034453.099475668743253 ], [ 259087.475533995399019, 7034453.099475668743253 ], [ 259087.475533995399019, 7034458.102666258811951 ], [ 259092.478724585351301, 7034458.102666258811951 ], [ 259092.478724585351301, 7034463.105856848880649 ], [ 259097.481915175303584, 7034463.105856848880649 ] ] ] } },
{ "type": "Feature", "properties": { "slope": 1 }, "geometry": { "type": "Polygon", "coordinates": [ [ [ 259082.472343405446736, 7034458.102666258811951 ], [ 259082.472343405446736, 7034453.099475668743253 ], [ 259072.465962225571275, 7034453.099475668743253 ], [ 259072.465962225571275, 7034458.102666258811951 ], [ 259082.472343405446736, 7034458.102666258811951 ] ] ] } },
{ "type": "Feature", "properties": { "slope": 1 }, "geometry": { "type": "Polygon", "coordinates": [ [ [ 259117.494677535083611, 7034458.102666258811951 ], [ 259117.494677535083611, 7034453.099475668743253 ], [ 259112.491486945131328, 7034453.099475668743253 ], [ 259112.491486945131328, 7034458.102666258811951 ], [ 259117.494677535083611, 7034458.102666258811951 ] ] ] } },
{ "type": "Feature", "properties": { "slope": 3 }, "geometry": { "type": "Polygon", "coordinates": [ [ [ 258937.379816297005164, 7034503.131381568498909 ], [ 258937.379816297005164, 7034498.128190978430212 ], [ 258942.383006886928342, 7034498.128190978430212 ], [ 258942.383006886928342, 7034493.125000388361514 ], [ 258952.389388066832907, 7034493.125000388361514 ], [ 258952.389388066832907, 7034488.121809798292816 ], [ 258962.395769246737473, 7034488.121809798292816 ], [ 258962.395769246737473, 7034483.118619208224118 ], [ 258967.398959836689755, 7034483.118619208224118 ], [ 258967.398959836689755, 7034478.11542861815542 ], [ 258962.395769246737473, 7034478.11542861815542 ], [ 258962.395769246737473, 7034473.112238029018044 ], [ 258942.383006886928342, 7034473.112238029018044 ], [ 258942.383006886928342, 7034458.102666258811951 ], [ 258932.376625707052881, 7034458.102666258811951 ], [ 258932.376625707052881, 7034453.099475668743253 ], [ 258922.370244527148316, 7034453.099475668743253 ], [ 258922.370244527148316, 7034448.096285078674555 ], [ 258917.367053937196033, 7034448.096285078674555 ], [ 258917.367053937196033, 7034443.093094488605857 ], [ 258912.363863347272854, 7034443.093094488605857 ], [ 258912.363863347272854, 7034428.083522719331086 ], [ 258932.376625707052881, 7034428.083522719331086 ], [ 258932.376625707052881, 7034438.089903898537159 ], [ 258937.379816297005164, 7034438.089903898537159 ], [ 258937.379816297005164, 7034443.093094488605857 ], [ 258942.383006886928342, 7034443.093094488605857 ], [ 258942.383006886928342, 7034453.099475668743253 ], [ 258947.386197476880625, 7034453.099475668743253 ], [ 258947.386197476880625, 7034438.089903898537159 ], [ 258952.389388066832907, 7034438.089903898537159 ], [ 258952.389388066832907, 7034433.086713309399784 ], [ 258967.398959836689755, 7034433.086713309399784 ], [ 258967.398959836689755, 7034428.083522719331086 ], [ 258962.395769246737473, 7034428.083522719331086 ], [ 258962.395769246737473, 7034413.073950949124992 ], [ 258952.389388066832907, 7034413.073950949124992 ], [ 258952.389388066832907, 7034418.07714153919369 ], [ 258947.386197476880625, 7034418.07714153919369 ], [ 258947.386197476880625, 7034423.080332129262388 ], [ 258932.376625707052881, 7034423.080332129262388 ], [ 258932.376625707052881, 7034418.07714153919369 ], [ 258917.367053937196033, 7034418.07714153919369 ], [ 258917.367053937196033, 7034423.080332129262388 ], [ 258907.360672757320572, 7034423.080332129262388 ], [ 258907.360672757320572, 7034428.083522719331086 ], [ 258882.344719807588262, 7034428.083522719331086 ], [ 258882.344719807588262, 7034448.096285078674555 ], [ 258887.347910397511441, 7034448.096285078674555 ], [ 258887.347910397511441, 7034468.109047438949347 ], [ 258892.351100987463724, 7034468.109047438949347 ], [ 258892.351100987463724, 7034478.11542861815542 ], [ 258897.354291577416006, 7034478.11542861815542 ], [ 258897.354291577416006, 7034488.121809798292816 ], [ 258907.360672757320572, 7034488.121809798292816 ], [ 258907.360672757320572, 7034493.125000388361514 ], [ 258917.367053937196033, 7034493.125000388361514 ], [ 258917.367053937196033, 7034498.128190978430212 ], [ 258927.373435117100598, 7034498.128190978430212 ], [ 258927.373435117100598, 7034503.131381568498909 ], [ 258937.379816297005164, 7034503.131381568498909 ] ] ] } },
{ "type": "Feature", "properties": { "slope": 1 }, "geometry": { "type": "Polygon", "coordinates": [ [ [ 259072.465962225571275, 7034463.105856848880649 ], [ 259072.465962225571275, 7034458.102666258811951 ], [ 259062.45958104566671, 7034458.102666258811951 ], [ 259062.45958104566671, 7034463.105856848880649 ], [ 259072.465962225571275, 7034463.105856848880649 ] ] ] } },
{ "type": "Feature", "properties": { "slope": 1 }, "geometry": { "type": "Polygon", "coordinates": [ [ [ 259122.497868125035893, 7034463.105856848880649 ], [ 259122.497868125035893, 7034458.102666258811951 ], [ 259117.494677535083611, 7034458.102666258811951 ], [ 259117.494677535083611, 7034463.105856848880649 ], [ 259122.497868125035893, 7034463.105856848880649 ] ] ] } },
{ "type": "Feature", "properties": { "slope": 1 }, "geometry": { "type": "Polygon", "coordinates": [ [ [ 259057.456390455714427, 7034468.109047438949347 ], [ 259057.456390455714427, 7034463.105856848880649 ], [ 259052.453199865762144, 7034463.105856848880649 ], [ 259052.453199865762144, 7034468.109047438949347 ], [ 259057.456390455714427, 7034468.109047438949347 ] ] ] } },
{ "type": "Feature", "properties": { "slope": 1 }, "geometry": { "type": "Polygon", "coordinates": [ [ [ 259127.501058714988176, 7034468.109047438949347 ], [ 259127.501058714988176, 7034463.105856848880649 ], [ 259122.497868125035893, 7034463.105856848880649 ], [ 259122.497868125035893, 7034468.109047438949347 ], [ 259127.501058714988176, 7034468.109047438949347 ] ] ] } },
{ "type": "Feature", "properties": { "slope": 1 }, "geometry": { "type": "Polygon", "coordinates": [ [ [ 259132.504249304911355, 7034473.112238029018044 ], [ 259132.504249304911355, 7034468.109047438949347 ], [ 259127.501058714988176, 7034468.109047438949347 ], [ 259127.501058714988176, 7034473.112238029018044 ], [ 259132.504249304911355, 7034473.112238029018044 ] ] ] } },
{ "type": "Feature", "properties": { "slope": 2 }, "geometry": { "type": "Polygon", "coordinates": [ [ [ 258947.386197476880625, 7034498.128190978430212 ], [ 258947.386197476880625, 7034493.125000388361514 ], [ 258942.383006886928342, 7034493.125000388361514 ], [ 258942.383006886928342, 7034498.128190978430212 ], [ 258947.386197476880625, 7034498.128190978430212 ] ] ] } },
{ "type": "Feature", "properties": { "slope": 2 }, "geometry": { "type": "Polygon", "coordinates": [ [ [ 258942.383006886928342, 7034503.131381568498909 ], [ 258942.383006886928342, 7034498.128190978430212 ], [ 258937.379816297005164, 7034498.128190978430212 ], [ 258937.379816297005164, 7034503.131381568498909 ], [ 258942.383006886928342, 7034503.131381568498909 ] ] ] } },
{ "type": "Feature", "properties": { "slope": 4 }, "geometry": { "type": "Polygon", "coordinates": [ [ [ 258927.373435117100598, 7034553.163287467323244 ], [ 258927.373435117100598, 7034548.160096878185868 ], [ 258932.376625707052881, 7034548.160096878185868 ], [ 258932.376625707052881, 7034543.15690628811717 ], [ 258942.383006886928342, 7034543.15690628811717 ], [ 258942.383006886928342, 7034528.147334517911077 ], [ 258922.370244527148316, 7034528.147334517911077 ], [ 258922.370244527148316, 7034533.150525107979774 ], [ 258917.367053937196033, 7034533.150525107979774 ], [ 258917.367053937196033, 7034548.160096878185868 ], [ 258922.370244527148316, 7034548.160096878185868 ], [ 258922.370244527148316, 7034553.163287467323244 ], [ 258927.373435117100598, 7034553.163287467323244 ] ] ] } },
{ "type": "Feature", "properties": { "slope": 4 }, "geometry": { "type": "Polygon", "coordinates": [ [ [ 258997.418103376345243, 7034543.15690628811717 ], [ 258997.418103376345243, 7034538.153715698048472 ], [ 258987.411722196469782, 7034538.153715698048472 ], [ 258987.411722196469782, 7034543.15690628811717 ], [ 258997.418103376345243, 7034543.15690628811717 ] ] ] } },
{ "type": "Feature", "properties": { "slope": 3 }, "geometry": { "type": "Polygon", "coordinates": [ [ [ 259067.462771635618992, 7034583.182431007735431 ], [ 259067.462771635618992, 7034568.172859237529337 ], [ 259062.45958104566671, 7034568.172859237529337 ], [ 259062.45958104566671, 7034563.169668647460639 ], [ 259057.456390455714427, 7034563.169668647460639 ], [ 259057.456390455714427, 7034558.166478057391942 ], [ 259042.446818685886683, 7034558.166478057391942 ], [ 259042.446818685886683, 7034553.163287467323244 ], [ 259037.4436280959344, 7034553.163287467323244 ], [ 259037.4436280959344, 7034533.150525107979774 ], [ 259032.440437505982118, 7034533.150525107979774 ], [ 259032.440437505982118, 7034513.137762748636305 ], [ 259027.437246916029835, 7034513.137762748636305 ], [ 259027.437246916029835, 7034503.131381568498909 ], [ 259022.434056326106656, 7034503.131381568498909 ], [ 259022.434056326106656, 7034508.134572158567607 ], [ 258992.414912786422065, 7034508.134572158567607 ], [ 258992.414912786422065, 7034513.137762748636305 ], [ 258987.411722196469782, 7034513.137762748636305 ], [ 258987.411722196469782, 7034518.140953337773681 ], [ 258982.408531606517499, 7034518.140953337773681 ], [ 258982.408531606517499, 7034523.144143927842379 ], [ 258972.402150426612934, 7034523.144143927842379 ], [ 258972.402150426612934, 7034553.163287467323244 ], [ 258977.405341016565217, 7034553.163287467323244 ], [ 258977.405341016565217, 7034558.166478057391942 ], [ 258982.408531606517499, 7034558.166478057391942 ], [ 258982.408531606517499, 7034563.169668647460639 ], [ 258987.411722196469782, 7034563.169668647460639 ], [ 258987.411722196469782, 7034573.176049827598035 ], [ 258992.414912786422065, 7034573.176049827598035 ], [ 258992.414912786422065, 7034563.169668647460639 ], [ 258997.418103376345243, 7034563.169668647460639 ], [ 258997.418103376345243, 7034553.163287467323244 ], [ 259012.427675146202091, 7034553.163287467323244 ], [ 259012.427675146202091, 7034558.166478057391942 ], [ 259022.434056326106656, 7034558.166478057391942 ], [ 259022.434056326106656, 7034563.169668647460639 ], [ 259042.446818685886683, 7034563.169668647460639 ], [ 259042.446818685886683, 7034568.172859237529337 ], [ 259047.450009275838966, 7034568.172859237529337 ], [ 259047.450009275838966, 7034573.176049827598035 ], [ 259052.453199865762144, 7034573.176049827598035 ], [ 259052.453199865762144, 7034583.182431007735431 ], [ 259067.462771635618992, 7034583.182431007735431 ] ], [ [ 258987.411722196469782, 7034538.153715698048472 ], [ 258997.418103376345243, 7034538.153715698048472 ], [ 258997.418103376345243, 7034543.15690628811717 ], [ 258987.411722196469782, 7034543.15690628811717 ], [ 258987.411722196469782, 7034538.153715698048472 ] ] ] } },
{ "type": "Feature", "properties": { "slope": 2 }, "geometry": { "type": "Polygon", "coordinates": [ [ [ 258777.277717418677639, 7034773.30367342568934 ], [ 258782.280908008629922, 7034773.30367342568934 ], [ 258782.280908008629922, 7034768.300482835620642 ], [ 258787.284098598582204, 7034768.300482835620642 ], [ 258787.284098598582204, 7034773.30367342568934 ], [ 258792.287289188534487, 7034773.30367342568934 ], [ 258792.287289188534487, 7034778.306864015758038 ], [ 258797.29047977848677, 7034778.306864015758038 ], [ 258797.29047977848677, 7034791.192293926142156 ], [ 258801.61151719672489, 7034794.097571654245257 ], [ 258827.535696780803846, 7034808.050568174570799 ], [ 258854.702677172346739, 7034819.395363254472613 ], [ 258867.335148037731415, 7034823.267183979973197 ], [ 258867.335148037731415, 7034818.332388735376298 ], [ 258872.338338627683697, 7034818.332388735376298 ], [ 258872.338338627683697, 7034813.3291981453076 ], [ 258867.335148037731415, 7034813.3291981453076 ], [ 258867.335148037731415, 7034808.326007555238903 ], [ 258872.338338627683697, 7034808.326007555238903 ], [ 258872.338338627683697, 7034803.322816965170205 ], [ 258877.34152921763598, 7034803.322816965170205 ], [ 258877.34152921763598, 7034798.319626375101507 ], [ 258892.351100987463724, 7034798.319626375101507 ], [ 258892.351100987463724, 7034793.316435785032809 ], [ 258902.357482167368289, 7034793.316435785032809 ], [ 258902.357482167368289, 7034788.313245194964111 ], [ 258907.360672757320572, 7034788.313245194964111 ], [ 258907.360672757320572, 7034783.310054604895413 ], [ 258912.363863347272854, 7034783.310054604895413 ], [ 258912.363863347272854, 7034778.306864015758038 ], [ 258922.370244527148316, 7034778.306864015758038 ], [ 258922.370244527148316, 7034773.30367342568934 ], [ 258937.379816297005164, 7034773.30367342568934 ], [ 258937.379816297005164, 7034768.300482835620642 ], [ 258962.395769246737473, 7034768.300482835620642 ], [ 258962.395769246737473, 7034758.294101655483246 ], [ 258957.39257865678519, 7034758.294101655483246 ], [ 258957.39257865678519, 7034753.290911065414548 ], [ 258962.395769246737473, 7034753.290911065414548 ], [ 258962.395769246737473, 7034733.278148706071079 ], [ 258957.39257865678519, 7034733.278148706071079 ], [ 258957.39257865678519, 7034728.274958116002381 ], [ 258952.389388066832907, 7034728.274958116002381 ], [ 258952.389388066832907, 7034713.265386345796287 ], [ 258947.386197476880625, 7034713.265386345796287 ], [ 258947.386197476880625, 7034708.262195755727589 ], [ 258942.383006886928342, 7034708.262195755727589 ], [ 258942.383006886928342, 7034683.246242806315422 ], [ 258937.379816297005164, 7034683.246242806315422 ], [ 258937.379816297005164, 7034678.243052216246724 ], [ 258932.376625707052881, 7034678.243052216246724 ], [ 258932.376625707052881, 7034673.239861626178026 ], [ 258937.379816297005164, 7034673.239861626178026 ], [ 258937.379816297005164, 7034663.233480446971953 ], [ 258942.383006886928342, 7034663.233480446971953 ], [ 258942.383006886928342, 7034653.227099266834557 ], [ 258947.386197476880625, 7034653.227099266834557 ], [ 258947.386197476880625, 7034643.220718086697161 ], [ 258952.389388066832907, 7034643.220718086697161 ], [ 258952.389388066832907, 7034633.214336906559765 ], [ 258957.39257865678519, 7034633.214336906559765 ], [ 258957.39257865678519, 7034613.201574547216296 ], [ 258962.395769246737473, 7034613.201574547216296 ], [ 258962.395769246737473, 7034608.198383957147598 ], [ 258957.39257865678519, 7034608.198383957147598 ], [ 258957.39257865678519, 7034598.192002777010202 ], [ 258952.389388066832907, 7034598.192002777010202 ], [ 258952.389388066832907, 7034588.185621597804129 ], [ 258947.386197476880625, 7034588.185621597804129 ], [ 258947.386197476880625, 7034583.182431007735431 ], [ 258952.389388066832907, 7034583.182431007735431 ], [ 258952.389388066832907, 7034563.169668647460639 ], [ 258947.386197476880625, 7034563.169668647460639 ], [ 258947.386197476880625, 7034553.163287467323244 ], [ 258942.383006886928342, 7034553.163287467323244 ], [ 258942.383006886928342, 7034568.172859237529337 ], [ 258937.379816297005164, 7034568.172859237529337 ], [ 258937.379816297005164, 7034578.179240417666733 ], [ 258932.376625707052881, 7034578.179240417666733 ], [ 258932.376625707052881, 7034588.185621597804129 ], [ 258927.373435117100598, 7034588.185621597804129 ], [ 258927.373435117100598, 7034608.198383957147598 ], [ 258912.363863347272854, 7034608.198383957147598 ], [ 258912.363863347272854, 7034613.201574547216296 ], [ 258897.354291577416006, 7034613.201574547216296 ], [ 258897.354291577416006, 7034608.198383957147598 ], [ 258882.344719807588262, 7034608.198383957147598 ], [ 258882.344719807588262, 7034603.1951933670789 ], [ 258877.34152921763598, 7034603.1951933670789 ], [ 258877.34152921763598, 7034598.192002777010202 ], [ 258867.335148037731415, 7034598.192002777010202 ], [ 258867.335148037731415, 7034588.185621597804129 ], [ 258862.331957447779132, 7034588.185621597804129 ], [ 258862.331957447779132, 7034578.179240417666733 ], [ 258857.328766857855953, 7034578.179240417666733 ], [ 258857.328766857855953, 7034558.166478057391942 ], [ 258862.331957447779132, 7034558.166478057391942 ], [ 258862.331957447779132, 7034548.160096878185868 ], [ 258867.335148037731415, 7034548.160096878185868 ], [ 258867.335148037731415, 7034543.15690628811717 ], [ 258872.338338627683697, 7034543.15690628811717 ], [ 258872.338338627683697, 7034533.150525107979774 ], [ 258892.351100987463724, 7034533.150525107979774 ], [ 258892.351100987463724, 7034528.147334517911077 ], [ 258907.360672757320572, 7034528.147334517911077 ], [ 258907.360672757320572, 7034523.144143927842379 ], [ 258917.367053937196033, 7034523.144143927842379 ], [ 258917.367053937196033, 7034518.140953337773681 ], [ 258927.373435117100598, 7034518.140953337773681 ], [ 258927.373435117100598, 7034513.137762748636305 ], [ 258912.363863347272854, 7034513.137762748636305 ], [ 258912.363863347272854, 7034508.134572158567607 ], [ 258927.373435117100598, 7034508.134572158567607 ], [ 258927.373435117100598, 7034498.128190978430212 ], [ 258917.367053937196033, 7034498.128190978430212 ], [ 258917.367053937196033, 7034493.125000388361514 ], [ 258907.360672757320572, 7034493.125000388361514 ], [ 258907.360672757320572, 7034488.121809798292816 ], [ 258897.354291577416006, 7034488.121809798292816 ], [ 258897.354291577416006, 7034478.11542861815542 ], [ 258892.351100987463724, 7034478.11542861815542 ], [ 258892.351100987463724, 7034468.109047438949347 ], [ 258887.347910397511441, 7034468.109047438949347 ], [ 258887.347910397511441, 7034448.096285078674555 ], [ 258882.344719807588262, 7034448.096285078674555 ], [ 258882.344719807588262, 7034428.083522719331086 ], [ 258907.360672757320572, 7034428.083522719331086 ], [ 258907.360672757320572, 7034423.080332129262388 ], [ 258917.367053937196033, 7034423.080332129262388 ], [ 258917.367053937196033, 7034418.07714153919369 ], [ 258932.376625707052881, 7034418.07714153919369 ], [ 258932.376625707052881, 7034423.080332129262388 ], [ 258947.386197476880625, 7034423.080332129262388 ], [ 258947.386197476880625, 7034418.07714153919369 ], [ 258952.389388066832907, 7034418.07714153919369 ], [ 258952.389388066832907, 7034413.073950949124992 ], [ 258962.395769246737473, 7034413.073950949124992 ], [ 258962.395769246737473, 7034428.083522719331086 ], [ 258967.398959836689755, 7034428.083522719331086 ], [ 258967.398959836689755, 7034433.086713309399784 ], [ 258952.389388066832907, 7034433.086713309399784 ], [ 258952.389388066832907, 7034438.089903898537159 ], [ 258947.386197476880625, 7034438.089903898537159 ], [ 258947.386197476880625, 7034453.099475668743253 ], [ 258942.383006886928342, 7034453.099475668743253 ], [ 258942.383006886928342, 7034443.093094488605857 ], [ 258937.379816297005164, 7034443.093094488605857 ], [ 258937.379816297005164, 7034438.089903898537159 ], [ 258932.376625707052881, 7034438.089903898537159 ], [ 258932.376625707052881, 7034428.083522719331086 ], [ 258912.363863347272854, 7034428.083522719331086 ], [ 258912.363863347272854, 7034443.093094488605857 ], [ 258917.367053937196033, 7034443.093094488605857 ], [ 258917.367053937196033, 7034448.096285078674555 ], [ 258922.370244527148316, 7034448.096285078674555 ], [ 258922.370244527148316, 7034453.099475668743253 ], [ 258932.376625707052881, 7034453.099475668743253 ], [ 258932.376625707052881, 7034458.102666258811951 ], [ 258942.383006886928342, 7034458.102666258811951 ], [ 258942.383006886928342, 7034473.112238029018044 ], [ 258962.395769246737473, 7034473.112238029018044 ], [ 258962.395769246737473, 7034478.11542861815542 ], [ 258967.398959836689755, 7034478.11542861815542 ], [ 258967.398959836689755, 7034463.105856848880649 ], [ 258977.405341016565217, 7034463.105856848880649 ], [ 258977.405341016565217, 7034458.102666258811951 ], [ 258982.408531606517499, 7034458.102666258811951 ], [ 258982.408531606517499, 7034453.099475668743253 ], [ 258987.411722196469782, 7034453.099475668743253 ], [ 258987.411722196469782, 7034448.096285078674555 ], [ 258997.418103376345243, 7034448.096285078674555 ], [ 258997.418103376345243, 7034443.093094488605857 ], [ 259012.427675146202091, 7034443.093094488605857 ], [ 259012.427675146202091, 7034438.089903898537159 ], [ 259017.430865736154374, 7034438.089903898537159 ], [ 259017.430865736154374, 7034428.083522719331086 ], [ 259022.434056326106656, 7034428.083522719331086 ], [ 259022.434056326106656, 7034413.073950949124992 ], [ 259032.440437505982118, 7034413.073950949124992 ], [ 259032.440437505982118, 7034408.070760359056294 ], [ 259037.4436280959344, 7034408.070760359056294 ], [ 259037.4436280959344, 7034398.064379179850221 ], [ 259032.440437505982118, 7034398.064379179850221 ], [ 259032.440437505982118, 7034393.061188589781523 ], [ 259027.437246916029835, 7034393.061188589781523 ], [ 259027.437246916029835, 7034378.051616819575429 ], [ 259022.434056326106656, 7034378.051616819575429 ], [ 259022.434056326106656, 7034348.032473280094564 ], [ 259017.430865736154374, 7034348.032473280094564 ], [ 259017.430865736154374, 7034343.029282690025866 ], [ 259007.424484556249809, 7034343.029282690025866 ], [ 259007.424484556249809, 7034348.032473280094564 ], [ 258992.414912786422065, 7034348.032473280094564 ], [ 258992.414912786422065, 7034353.035663870163262 ], [ 258982.408531606517499, 7034353.035663870163262 ], [ 258982.408531606517499, 7034343.029282690025866 ], [ 258987.411722196469782, 7034343.029282690025866 ], [ 258987.411722196469782, 7034333.02290150988847 ], [ 258992.414912786422065, 7034333.02290150988847 ], [ 258992.414912786422065, 7034323.016520330682397 ], [ 258987.411722196469782, 7034323.016520330682397 ], [ 258987.411722196469782, 7034313.010139150545001 ], [ 258982.408531606517499, 7034313.010139150545001 ], [ 258982.408531606517499, 7034303.003757970407605 ], [ 258977.405341016565217, 7034303.003757970407605 ], [ 258977.405341016565217, 7034298.000567380338907 ], [ 258962.395769246737473, 7034298.000567380338907 ], [ 258962.395769246737473, 7034303.003757970407605 ], [ 258942.383006886928342, 7034303.003757970407605 ], [ 258942.383006886928342, 7034282.990995611064136 ], [ 258947.386197476880625, 7034282.990995611064136 ], [ 258947.386197476880625, 7034277.987805020995438 ], [ 258942.383006886928342, 7034277.987805020995438 ], [ 258942.383006886928342, 7034262.978233250789344 ], [ 258947.386197476880625, 7034262.978233250789344 ], [ 258947.386197476880625, 7034252.971852070651948 ], [ 258942.383006886928342, 7034252.971852070651948 ], [ 258942.383006886928342, 7034237.962280301377177 ], [ 258937.379816297005164, 7034237.962280301377177 ], [ 258937.379816297005164, 7034222.952708531171083 ], [ 258932.376625707052881, 7034222.952708531171083 ], [ 258932.376625707052881, 7034212.946327351033688 ], [ 258922.370244527148316, 7034212.946327351033688 ], [ 258922.370244527148316, 7034209.15424729604274 ], [ 258919.943378687021323, 7034209.433543559163809 ], [ 258893.182272850652225, 7034215.214616673067212 ], [ 258894.086762994847959, 7034214.879270820878446 ], [ 258892.383080416679149, 7034215.387262375093997 ], [ 258891.166579742130125, 7034215.650057170540094 ], [ 258886.855667275376618, 7034217.035385814495385 ], [ 258869.351404692832148, 7034222.254678224213421 ], [ 258863.811736399016809, 7034224.440643461421132 ], [ 258863.137673836725298, 7034224.657256111502647 ], [ 258861.870565804740181, 7034225.206633627414703 ], [ 258845.341580260312185, 7034231.729007510468364 ], [ 258822.235024979687296, 7034243.232123946771026 ], [ 258800.202787586982595, 7034256.678874489851296 ], [ 258798.217287587496685, 7034258.011174489744008 ], [ 258779.795463307644241, 7034271.414193001575768 ], [ 258762.443832315882901, 7034286.17649014480412 ], [ 258751.229632315604249, 7034296.476290145888925 ], [ 258737.650118805788225, 7034309.765482052229345 ], [ 258734.079918805829948, 7034313.487882050685585 ], [ 258714.017210595862707, 7034336.668887148611248 ], [ 258696.425057262880728, 7034361.776403935626149 ], [ 258681.487173910136335, 7034388.548234262503684 ], [ 258669.359557062271051, 7034416.704799530096352 ], [ 258660.168855591618922, 7034445.952060334384441 ], [ 258654.011048122076318, 7034475.984587121754885 ], [ 258650.950440723099746, 7034506.488749795593321 ], [ 258650.954121052578557, 7034508.134572158567607 ], [ 258652.197952670016093, 7034508.134572158567607 ], [ 258652.197952670016093, 7034498.128190978430212 ], [ 258657.201143259968376, 7034498.128190978430212 ], [ 258657.201143259968376, 7034493.125000388361514 ], [ 258662.204333849920658, 7034493.125000388361514 ], [ 258662.204333849920658, 7034488.121809798292816 ], [ 258687.220286799652968, 7034488.121809798292816 ], [ 258687.220286799652968, 7034483.118619208224118 ], [ 258697.226667979528429, 7034483.118619208224118 ], [ 258697.226667979528429, 7034488.121809798292816 ], [ 258712.236239749385277, 7034488.121809798292816 ], [ 258712.236239749385277, 7034493.125000388361514 ], [ 258687.220286799652968, 7034493.125000388361514 ], [ 258687.220286799652968, 7034498.128190978430212 ], [ 258662.204333849920658, 7034498.128190978430212 ], [ 258662.204333849920658, 7034508.134572158567607 ], [ 258657.201143259968376, 7034508.134572158567607 ], [ 258657.201143259968376, 7034518.140953337773681 ], [ 258652.197952670016093, 7034518.140953337773681 ], [ 258652.197952670016093, 7034528.147334517911077 ], [ 258650.998872880416457, 7034528.147334517911077 ], [ 258651.01899536055862, 7034537.145992958918214 ], [ 258651.164795360615244, 7034539.876092961058021 ], [ 258654.130455185746541, 7034568.866650701500475 ], [ 258659.894927828921936, 7034597.432687029242516 ], [ 258668.403819240978919, 7034625.304650419391692 ], [ 258679.576838806358865, 7034652.219538680277765 ], [ 258681.926570583833382, 7034657.184052013792098 ], [ 258685.018066717719194, 7034664.708866231143475 ], [ 258698.821364737610565, 7034690.713061330839992 ], [ 258715.107052944949828, 7034715.239079324528575 ], [ 258733.718291259632679, 7034738.050721251405776 ], [ 258754.475843282765709, 7034758.928298530168831 ], [ 258777.179802441125503, 7034777.670748678036034 ], [ 258777.277717418677639, 7034777.736582452431321 ], [ 258777.277717418677639, 7034773.30367342568934 ] ] ] } },
{ "type": "Feature", "properties": { "slope": 1 }, "geometry": { "type": "Polygon", "coordinates": [ [ [ 258592.15966559064691, 7036714.541622324846685 ], [ 258592.15966559064691, 7036709.538431734777987 ], [ 258587.156475000694627, 7036709.538431734777987 ], [ 258587.156475000694627, 7036714.541622324846685 ], [ 258592.15966559064691, 7036714.541622324846685 ] ] ] } },
{ "type": "Feature", "properties": { "slope": 1 }, "geometry": { "type": "Polygon", "coordinates": [ [ [ 258587.156475000694627, 7036729.551194095052779 ], [ 258587.156475000694627, 7036724.548003504984081 ], [ 258592.15966559064691, 7036724.548003504984081 ], [ 258592.15966559064691, 7036719.544812914915383 ], [ 258567.1437126409146, 7036719.544812914915383 ], [ 258567.1437126409146, 7036729.551194095052779 ], [ 258587.156475000694627, 7036729.551194095052779 ] ] ] } },
{ "type": "Feature", "properties": { "slope": 3 }, "geometry": { "type": "Polygon", "coordinates": [ [ [ 258697.226667979528429, 7036799.595862354151905 ], [ 258697.226667979528429, 7036794.592671764083207 ], [ 258682.217096209700685, 7036794.592671764083207 ], [ 258682.217096209700685, 7036799.595862354151905 ], [ 258697.226667979528429, 7036799.595862354151905 ] ] ] } },
{ "type": "Feature", "properties": { "slope": 3 }, "geometry": { "type": "Polygon", "coordinates": [ [ [ 258912.363863347272854, 7034613.201574547216296 ], [ 258912.363863347272854, 7034608.198383957147598 ], [ 258927.373435117100598, 7034608.198383957147598 ], [ 258927.373435117100598, 7034588.185621597804129 ], [ 258932.376625707052881, 7034588.185621597804129 ], [ 258932.376625707052881, 7034578.179240417666733 ], [ 258937.379816297005164, 7034578.179240417666733 ], [ 258937.379816297005164, 7034568.172859237529337 ], [ 258942.383006886928342, 7034568.172859237529337 ], [ 258942.383006886928342, 7034543.15690628811717 ], [ 258932.376625707052881, 7034543.15690628811717 ], [ 258932.376625707052881, 7034548.160096878185868 ], [ 258927.373435117100598, 7034548.160096878185868 ], [ 258927.373435117100598, 7034553.163287467323244 ], [ 258922.370244527148316, 7034553.163287467323244 ], [ 258922.370244527148316, 7034548.160096878185868 ], [ 258917.367053937196033, 7034548.160096878185868 ], [ 258917.367053937196033, 7034533.150525107979774 ], [ 258922.370244527148316, 7034533.150525107979774 ], [ 258922.370244527148316, 7034528.147334517911077 ], [ 258937.379816297005164, 7034528.147334517911077 ], [ 258937.379816297005164, 7034523.144143927842379 ], [ 258932.376625707052881, 7034523.144143927842379 ], [ 258932.376625707052881, 7034518.140953337773681 ], [ 258917.367053937196033, 7034518.140953337773681 ], [ 258917.367053937196033, 7034523.144143927842379 ], [ 258907.360672757320572, 7034523.144143927842379 ], [ 258907.360672757320572, 7034528.147334517911077 ], [ 258892.351100987463724, 7034528.147334517911077 ], [ 258892.351100987463724, 7034533.150525107979774 ], [ 258872.338338627683697, 7034533.150525107979774 ], [ 258872.338338627683697, 7034543.15690628811717 ], [ 258867.335148037731415, 7034543.15690628811717 ], [ 258867.335148037731415, 7034548.160096878185868 ], [ 258862.331957447779132, 7034548.160096878185868 ], [ 258862.331957447779132, 7034558.166478057391942 ], [ 258857.328766857855953, 7034558.166478057391942 ], [ 258857.328766857855953, 7034578.179240417666733 ], [ 258862.331957447779132, 7034578.179240417666733 ], [ 258862.331957447779132, 7034588.185621597804129 ], [ 258867.335148037731415, 7034588.185621597804129 ], [ 258867.335148037731415, 7034598.192002777010202 ], [ 258877.34152921763598, 7034598.192002777010202 ], [ 258877.34152921763598, 7034603.1951933670789 ], [ 258882.344719807588262, 7034603.1951933670789 ], [ 258882.344719807588262, 7034608.198383957147598 ], [ 258897.354291577416006, 7034608.198383957147598 ], [ 258897.354291577416006, 7034613.201574547216296 ], [ 258912.363863347272854, 7034613.201574547216296 ] ] ] } },
{ "type": "Feature", "properties": { "slope": 1 }, "geometry": { "type": "Polygon", "coordinates": [ [ [ 258952.389388066832907, 7034588.185621597804129 ], [ 258952.389388066832907, 7034583.182431007735431 ], [ 258947.386197476880625, 7034583.182431007735431 ], [ 258947.386197476880625, 7034588.185621597804129 ], [ 258952.389388066832907, 7034588.185621597804129 ] ] ] } },
{ "type": "Feature", "properties": { "slope": 1 }, "geometry": { "type": "Polygon", "coordinates": [ [ [ 258982.408531606517499, 7034603.1951933670789 ], [ 258982.408531606517499, 7034598.192002777010202 ], [ 258977.405341016565217, 7034598.192002777010202 ], [ 258977.405341016565217, 7034603.1951933670789 ], [ 258982.408531606517499, 7034603.1951933670789 ] ] ] } },
{ "type": "Feature", "properties": { "slope": 1 }, "geometry": { "type": "Polygon", "coordinates": [ [ [ 258962.395769246737473, 7034608.198383957147598 ], [ 258962.395769246737473, 7034603.1951933670789 ], [ 258957.39257865678519, 7034603.1951933670789 ], [ 258957.39257865678519, 7034608.198383957147598 ], [ 258962.395769246737473, 7034608.198383957147598 ] ] ] } },
{ "type": "Feature", "properties": { "slope": 1 }, "geometry": { "type": "Polygon", "coordinates": [ [ [ 258987.411722196469782, 7034618.204765137284994 ], [ 258987.411722196469782, 7034608.198383957147598 ], [ 258982.408531606517499, 7034608.198383957147598 ], [ 258982.408531606517499, 7034618.204765137284994 ], [ 258987.411722196469782, 7034618.204765137284994 ] ] ] } },
{ "type": "Feature", "properties": { "slope": 1 }, "geometry": { "type": "Polygon", "coordinates": [ [ [ 258962.395769246737473, 7034628.21114631742239 ], [ 258962.395769246737473, 7034613.201574547216296 ], [ 258957.39257865678519, 7034613.201574547216296 ], [ 258957.39257865678519, 7034628.21114631742239 ], [ 258962.395769246737473, 7034628.21114631742239 ] ] ] } },
{ "type": "Feature", "properties": { "slope": 1 }, "geometry": { "type": "Polygon", "coordinates": [ [ [ 258957.39257865678519, 7034643.220718086697161 ], [ 258957.39257865678519, 7034633.214336906559765 ], [ 258952.389388066832907, 7034633.214336906559765 ], [ 258952.389388066832907, 7034643.220718086697161 ], [ 258957.39257865678519, 7034643.220718086697161 ] ] ] } },
{ "type": "Feature", "properties": { "slope": 1 }, "geometry": { "type": "MultiPolygon", "coordinates": [ [ [ [ 258762.268145648849895, 7036524.420379906892776 ], [ 258757.264955058897613, 7036524.420379906892776 ], [ 258757.264955058897613, 7036539.42995167709887 ], [ 258752.26176446894533, 7036539.42995167709887 ], [ 258752.26176446894533, 7036544.433142266236246 ], [ 258747.258573879022151, 7036544.433142266236246 ], [ 258747.258573879022151, 7036549.436332856304944 ], [ 258742.255383289069869, 7036549.436332856304944 ], [ 258742.255383289069869, 7036554.439523446373641 ], [ 258732.249002109165303, 7036554.439523446373641 ], [ 258732.249002109165303, 7036559.442714036442339 ], [ 258727.245811519213021, 7036559.442714036442339 ], [ 258727.245811519213021, 7036564.445904626511037 ], [ 258717.239430339337559, 7036564.445904626511037 ], [ 258717.239430339337559, 7036569.449095216579735 ], [ 258712.236239749385277, 7036569.449095216579735 ], [ 258712.236239749385277, 7036574.452285806648433 ], [ 258707.233049159432994, 7036574.452285806648433 ], [ 258707.233049159432994, 7036579.455476396717131 ], [ 258702.229858569480712, 7036579.455476396717131 ], [ 258702.229858569480712, 7036589.461857575923204 ], [ 258697.226667979528429, 7036589.461857575923204 ], [ 258697.226667979528429, 7036629.487382295541465 ], [ 258702.229858569480712, 7036629.487382295541465 ], [ 258702.229858569480712, 7036634.490572885610163 ], [ 258697.226667979528429, 7036634.490572885610163 ], [ 258697.226667979528429, 7036649.500144655816257 ], [ 258692.22347738960525, 7036649.500144655816257 ], [ 258692.22347738960525, 7036659.50652583502233 ], [ 258687.220286799652968, 7036659.50652583502233 ], [ 258687.220286799652968, 7036664.509716425091028 ], [ 258692.22347738960525, 7036664.509716425091028 ], [ 258692.22347738960525, 7036679.519288195297122 ], [ 258687.220286799652968, 7036679.519288195297122 ], [ 258687.220286799652968, 7036689.525669375434518 ], [ 258682.217096209700685, 7036689.525669375434518 ], [ 258682.217096209700685, 7036694.528859965503216 ], [ 258677.213905619748402, 7036694.528859965503216 ], [ 258677.213905619748402, 7036699.532050554640591 ], [ 258672.21071502979612, 7036699.532050554640591 ], [ 258672.21071502979612, 7036714.541622324846685 ], [ 258667.207524439843837, 7036714.541622324846685 ], [ 258667.207524439843837, 7036719.544812914915383 ], [ 258662.204333849920658, 7036719.544812914915383 ], [ 258662.204333849920658, 7036729.551194095052779 ], [ 258657.201143259968376, 7036729.551194095052779 ], [ 258657.201143259968376, 7036744.56076586432755 ], [ 258662.204333849920658, 7036744.56076586432755 ], [ 258662.204333849920658, 7036739.557575274258852 ], [ 258667.207524439843837, 7036739.557575274258852 ], [ 258667.207524439843837, 7036734.554384685121477 ], [ 258677.213905619748402, 7036734.554384685121477 ], [ 258677.213905619748402, 7036729.551194095052779 ], [ 258682.217096209700685, 7036729.551194095052779 ], [ 258682.217096209700685, 7036724.548003504984081 ], [ 258687.220286799652968, 7036724.548003504984081 ], [ 258687.220286799652968, 7036719.544812914915383 ], [ 258692.22347738960525, 7036719.544812914915383 ], [ 258692.22347738960525, 7036714.541622324846685 ], [ 258697.226667979528429, 7036714.541622324846685 ], [ 258697.226667979528429, 7036709.538431734777987 ], [ 258702.229858569480712, 7036709.538431734777987 ], [ 258702.229858569480712, 7036704.535241144709289 ], [ 258707.233049159432994, 7036704.535241144709289 ], [ 258707.233049159432994, 7036699.532050554640591 ], [ 258712.236239749385277, 7036699.532050554640591 ], [ 258712.236239749385277, 7036664.509716425091028 ], [ 258707.233049159432994, 7036664.509716425091028 ], [ 258707.233049159432994, 7036659.50652583502233 ], [ 258712.236239749385277, 7036659.50652583502233 ], [ 258712.236239749385277, 7036639.493763475678861 ], [ 258717.239430339337559, 7036639.493763475678861 ], [ 258717.239430339337559, 7036609.474619936197996 ], [ 258722.242620929260738, 7036609.474619936197996 ], [ 258722.242620929260738, 7036594.465048165991902 ], [ 258727.245811519213021, 7036594.465048165991902 ], [ 258727.245811519213021, 7036584.458666985854506 ], [ 258732.249002109165303, 7036584.458666985854506 ], [ 258732.249002109165303, 7036579.455476396717131 ], [ 258737.252192699117586, 7036579.455476396717131 ], [ 258737.252192699117586, 7036574.452285806648433 ], [ 258742.255383289069869, 7036574.452285806648433 ], [ 258742.255383289069869, 7036569.449095216579735 ], [ 258747.258573879022151, 7036569.449095216579735 ], [ 258747.258573879022151, 7036564.445904626511037 ], [ 258752.26176446894533, 7036564.445904626511037 ], [ 258752.26176446894533, 7036554.439523446373641 ], [ 258757.264955058897613, 7036554.439523446373641 ], [ 258757.264955058897613, 7036549.436332856304944 ], [ 258762.268145648849895, 7036549.436332856304944 ], [ 258762.268145648849895, 7036539.42995167709887 ], [ 258767.271336238802178, 7036539.42995167709887 ], [ 258767.271336238802178, 7036529.423570496961474 ], [ 258772.27452682875446, 7036529.423570496961474 ], [ 258772.27452682875446, 7036524.420379906892776 ], [ 258785.597957157995552, 7036524.420379906892776 ], [ 258773.471771361713763, 7036521.328670745715499 ], [ 258762.268145648849895, 7036519.618582491762936 ], [ 258762.268145648849895, 7036524.420379906892776 ] ] ], [ [ [ 258922.370244527148316, 7034212.946327351033688 ], [ 258932.376625707052881, 7034212.946327351033688 ], [ 258932.376625707052881, 7034222.952708531171083 ], [ 258937.379816297005164, 7034222.952708531171083 ], [ 258937.379816297005164, 7034237.962280301377177 ], [ 258942.383006886928342, 7034237.962280301377177 ], [ 258942.383006886928342, 7034252.971852070651948 ], [ 258947.386197476880625, 7034252.971852070651948 ], [ 258947.386197476880625, 7034262.978233250789344 ], [ 258942.383006886928342, 7034262.978233250789344 ], [ 258942.383006886928342, 7034277.987805020995438 ], [ 258947.386197476880625, 7034277.987805020995438 ], [ 258947.386197476880625, 7034282.990995611064136 ], [ 258942.383006886928342, 7034282.990995611064136 ], [ 258942.383006886928342, 7034303.003757970407605 ], [ 258962.395769246737473, 7034303.003757970407605 ], [ 258962.395769246737473, 7034298.000567380338907 ], [ 258977.405341016565217, 7034298.000567380338907 ], [ 258977.405341016565217, 7034303.003757970407605 ], [ 258982.408531606517499, 7034303.003757970407605 ], [ 258982.408531606517499, 7034313.010139150545001 ], [ 258987.411722196469782, 7034313.010139150545001 ], [ 258987.411722196469782, 7034323.016520330682397 ], [ 258992.414912786422065, 7034323.016520330682397 ], [ 258992.414912786422065, 7034333.02290150988847 ], [ 258987.411722196469782, 7034333.02290150988847 ], [ 258987.411722196469782, 7034343.029282690025866 ], [ 258982.408531606517499, 7034343.029282690025866 ], [ 258982.408531606517499, 7034353.035663870163262 ], [ 258992.414912786422065, 7034353.035663870163262 ], [ 258992.414912786422065, 7034348.032473280094564 ], [ 259007.424484556249809, 7034348.032473280094564 ], [ 259007.424484556249809, 7034343.029282690025866 ], [ 258992.414912786422065, 7034343.029282690025866 ], [ 258992.414912786422065, 7034338.026092099957168 ], [ 258997.418103376345243, 7034338.026092099957168 ], [ 258997.418103376345243, 7034333.02290150988847 ], [ 259002.421293966297526, 7034333.02290150988847 ], [ 259002.421293966297526, 7034323.016520330682397 ], [ 258997.418103376345243, 7034323.016520330682397 ], [ 258997.418103376345243, 7034318.013329740613699 ], [ 258992.414912786422065, 7034318.013329740613699 ], [ 258992.414912786422065, 7034308.006948560476303 ], [ 258987.411722196469782, 7034308.006948560476303 ], [ 258987.411722196469782, 7034298.000567380338907 ], [ 258982.408531606517499, 7034298.000567380338907 ], [ 258982.408531606517499, 7034292.997376790270209 ], [ 258972.402150426612934, 7034292.997376790270209 ], [ 258972.402150426612934, 7034287.994186200201511 ], [ 258967.398959836689755, 7034287.994186200201511 ], [ 258967.398959836689755, 7034292.997376790270209 ], [ 258957.39257865678519, 7034292.997376790270209 ], [ 258957.39257865678519, 7034287.994186200201511 ], [ 258952.389388066832907, 7034287.994186200201511 ], [ 258952.389388066832907, 7034262.978233250789344 ], [ 258957.39257865678519, 7034262.978233250789344 ], [ 258957.39257865678519, 7034252.971852070651948 ], [ 258952.389388066832907, 7034252.971852070651948 ], [ 258952.389388066832907, 7034227.955899121239781 ], [ 258947.386197476880625, 7034227.955899121239781 ], [ 258947.386197476880625, 7034217.949517941102386 ], [ 258942.383006886928342, 7034217.949517941102386 ], [ 258942.383006886928342, 7034207.943136761896312 ], [ 258937.379816297005164, 7034207.943136761896312 ], [ 258937.379816297005164, 7034207.426868206821382 ], [ 258922.370244527148316, 7034209.15424729604274 ], [ 258922.370244527148316, 7034212.946327351033688 ] ] ], [ [ [ 258652.197952670016093, 7034528.147334517911077 ], [ 258652.197952670016093, 7034518.140953337773681 ], [ 258657.201143259968376, 7034518.140953337773681 ], [ 258657.201143259968376, 7034508.134572158567607 ], [ 258662.204333849920658, 7034508.134572158567607 ], [ 258662.204333849920658, 7034498.128190978430212 ], [ 258687.220286799652968, 7034498.128190978430212 ], [ 258687.220286799652968, 7034493.125000388361514 ], [ 258712.236239749385277, 7034493.125000388361514 ], [ 258712.236239749385277, 7034488.121809798292816 ], [ 258697.226667979528429, 7034488.121809798292816 ], [ 258697.226667979528429, 7034483.118619208224118 ], [ 258687.220286799652968, 7034483.118619208224118 ], [ 258687.220286799652968, 7034488.121809798292816 ], [ 258662.204333849920658, 7034488.121809798292816 ], [ 258662.204333849920658, 7034493.125000388361514 ], [ 258657.201143259968376, 7034493.125000388361514 ], [ 258657.201143259968376, 7034498.128190978430212 ], [ 258652.197952670016093, 7034498.128190978430212 ], [ 258652.197952670016093, 7034508.134572158567607 ], [ 258650.954121052578557, 7034508.134572158567607 ], [ 258650.998872880416457, 7034528.147334517911077 ], [ 258652.197952670016093, 7034528.147334517911077 ] ] ], [ [ [ 258797.29047977848677, 7034778.306864015758038 ], [ 258792.287289188534487, 7034778.306864015758038 ], [ 258792.287289188534487, 7034773.30367342568934 ], [ 258787.284098598582204, 7034773.30367342568934 ], [ 258787.284098598582204, 7034768.300482835620642 ], [ 258782.280908008629922, 7034768.300482835620642 ], [ 258782.280908008629922, 7034773.30367342568934 ], [ 258777.277717418677639, 7034773.30367342568934 ], [ 258777.277717418677639, 7034777.736582452431321 ], [ 258797.29047977848677, 7034791.192293926142156 ], [ 258797.29047977848677, 7034778.306864015758038 ] ] ], [ [ [ 258882.344719807588262, 7034823.335579324513674 ], [ 258887.347910397511441, 7034823.335579324513674 ], [ 258887.347910397511441, 7034813.3291981453076 ], [ 258892.351100987463724, 7034813.3291981453076 ], [ 258892.351100987463724, 7034808.326007555238903 ], [ 258902.357482167368289, 7034808.326007555238903 ], [ 258902.357482167368289, 7034803.322816965170205 ], [ 258907.360672757320572, 7034803.322816965170205 ], [ 258907.360672757320572, 7034798.319626375101507 ], [ 258912.363863347272854, 7034798.319626375101507 ], [ 258912.363863347272854, 7034793.316435785032809 ], [ 258922.370244527148316, 7034793.316435785032809 ], [ 258922.370244527148316, 7034788.313245194964111 ], [ 258927.373435117100598, 7034788.313245194964111 ], [ 258927.373435117100598, 7034783.310054604895413 ], [ 258937.379816297005164, 7034783.310054604895413 ], [ 258937.379816297005164, 7034778.306864015758038 ], [ 258962.395769246737473, 7034778.306864015758038 ], [ 258962.395769246737473, 7034773.30367342568934 ], [ 258967.398959836689755, 7034773.30367342568934 ], [ 258967.398959836689755, 7034753.290911065414548 ], [ 258972.402150426612934, 7034753.290911065414548 ], [ 258972.402150426612934, 7034733.278148706071079 ], [ 258967.398959836689755, 7034733.278148706071079 ], [ 258967.398959836689755, 7034723.271767525933683 ], [ 258962.395769246737473, 7034723.271767525933683 ], [ 258962.395769246737473, 7034718.268576935864985 ], [ 258957.39257865678519, 7034718.268576935864985 ], [ 258957.39257865678519, 7034708.262195755727589 ], [ 258952.389388066832907, 7034708.262195755727589 ], [ 258952.389388066832907, 7034703.259005166590214 ], [ 258947.386197476880625, 7034703.259005166590214 ], [ 258947.386197476880625, 7034678.243052216246724 ], [ 258942.383006886928342, 7034678.243052216246724 ], [ 258942.383006886928342, 7034668.236671036109328 ], [ 258947.386197476880625, 7034668.236671036109328 ], [ 258947.386197476880625, 7034658.230289856903255 ], [ 258952.389388066832907, 7034658.230289856903255 ], [ 258952.389388066832907, 7034643.220718086697161 ], [ 258947.386197476880625, 7034643.220718086697161 ], [ 258947.386197476880625, 7034653.227099266834557 ], [ 258942.383006886928342, 7034653.227099266834557 ], [ 258942.383006886928342, 7034663.233480446971953 ], [ 258937.379816297005164, 7034663.233480446971953 ], [ 258937.379816297005164, 7034673.239861626178026 ], [ 258932.376625707052881, 7034673.239861626178026 ], [ 258932.376625707052881, 7034678.243052216246724 ], [ 258937.379816297005164, 7034678.243052216246724 ], [ 258937.379816297005164, 7034683.246242806315422 ], [ 258942.383006886928342, 7034683.246242806315422 ], [ 258942.383006886928342, 7034708.262195755727589 ], [ 258947.386197476880625, 7034708.262195755727589 ], [ 258947.386197476880625, 7034713.265386345796287 ], [ 258952.389388066832907, 7034713.265386345796287 ], [ 258952.389388066832907, 7034728.274958116002381 ], [ 258957.39257865678519, 7034728.274958116002381 ], [ 258957.39257865678519, 7034733.278148706071079 ], [ 258962.395769246737473, 7034733.278148706071079 ], [ 258962.395769246737473, 7034753.290911065414548 ], [ 258957.39257865678519, 7034753.290911065414548 ], [ 258957.39257865678519, 7034758.294101655483246 ], [ 258962.395769246737473, 7034758.294101655483246 ], [ 258962.395769246737473, 7034768.300482835620642 ], [ 258937.379816297005164, 7034768.300482835620642 ], [ 258937.379816297005164, 7034773.30367342568934 ], [ 258922.370244527148316, 7034773.30367342568934 ], [ 258922.370244527148316, 7034778.306864015758038 ], [ 258912.363863347272854, 7034778.306864015758038 ], [ 258912.363863347272854, 7034783.310054604895413 ], [ 258907.360672757320572, 7034783.310054604895413 ], [ 258907.360672757320572, 7034788.313245194964111 ], [ 258902.357482167368289, 7034788.313245194964111 ], [ 258902.357482167368289, 7034793.316435785032809 ], [ 258892.351100987463724, 7034793.316435785032809 ], [ 258892.351100987463724, 7034798.319626375101507 ], [ 258877.34152921763598, 7034798.319626375101507 ], [ 258877.34152921763598, 7034803.322816965170205 ], [ 258872.338338627683697, 7034803.322816965170205 ], [ 258872.338338627683697, 7034808.326007555238903 ], [ 258867.335148037731415, 7034808.326007555238903 ], [ 258867.335148037731415, 7034813.3291981453076 ], [ 258872.338338627683697, 7034813.3291981453076 ], [ 258872.338338627683697, 7034818.332388735376298 ], [ 258867.335148037731415, 7034818.332388735376298 ], [ 258867.335148037731415, 7034823.267183979973197 ], [ 258882.344719807588262, 7034827.867580187506974 ], [ 258882.344719807588262, 7034823.335579324513674 ] ] ], [ [ [ 258997.418103376345243, 7034833.34196050465107 ], [ 258977.405341016565217, 7034833.34196050465107 ], [ 258977.405341016565217, 7034828.338769914582372 ], [ 258972.402150426612934, 7034828.338769914582372 ], [ 258972.402150426612934, 7034813.3291981453076 ], [ 258967.398959836689755, 7034813.3291981453076 ], [ 258967.398959836689755, 7034803.322816965170205 ], [ 258962.395769246737473, 7034803.322816965170205 ], [ 258962.395769246737473, 7034798.319626375101507 ], [ 258942.383006886928342, 7034798.319626375101507 ], [ 258942.383006886928342, 7034803.322816965170205 ], [ 258937.379816297005164, 7034803.322816965170205 ], [ 258937.379816297005164, 7034808.326007555238903 ], [ 258927.373435117100598, 7034808.326007555238903 ], [ 258927.373435117100598, 7034813.3291981453076 ], [ 258917.367053937196033, 7034813.3291981453076 ], [ 258917.367053937196033, 7034818.332388735376298 ], [ 258907.360672757320572, 7034818.332388735376298 ], [ 258907.360672757320572, 7034823.335579324513674 ], [ 258902.357482167368289, 7034823.335579324513674 ], [ 258902.357482167368289, 7034831.961307615973055 ], [ 258911.709059705608524, 7034833.849493387155235 ], [ 258940.999459220649442, 7034836.819627265445888 ], [ 258970.439941485296004, 7034836.904497937299311 ], [ 258997.418103376345243, 7034834.325885381549597 ], [ 258997.418103376345243, 7034833.34196050465107 ] ] ], [ [ [ 259037.4436280959344, 7034788.313245194964111 ], [ 259037.4436280959344, 7034793.316435785032809 ], [ 259022.434056326106656, 7034793.316435785032809 ], [ 259022.434056326106656, 7034788.313245194964111 ], [ 259012.427675146202091, 7034788.313245194964111 ], [ 259012.427675146202091, 7034763.297292245551944 ], [ 259007.424484556249809, 7034763.297292245551944 ], [ 259007.424484556249809, 7034758.294101655483246 ], [ 259002.421293966297526, 7034758.294101655483246 ], [ 259002.421293966297526, 7034748.28772047534585 ], [ 258997.418103376345243, 7034748.28772047534585 ], [ 258997.418103376345243, 7034723.271767525933683 ], [ 258992.414912786422065, 7034723.271767525933683 ], [ 258992.414912786422065, 7034713.265386345796287 ], [ 258987.411722196469782, 7034713.265386345796287 ], [ 258987.411722196469782, 7034703.259005166590214 ], [ 258982.408531606517499, 7034703.259005166590214 ], [ 258982.408531606517499, 7034698.255814576521516 ], [ 258977.405341016565217, 7034698.255814576521516 ], [ 258977.405341016565217, 7034678.243052216246724 ], [ 258982.408531606517499, 7034678.243052216246724 ], [ 258982.408531606517499, 7034668.236671036109328 ], [ 258972.402150426612934, 7034668.236671036109328 ], [ 258972.402150426612934, 7034653.227099266834557 ], [ 258977.405341016565217, 7034653.227099266834557 ], [ 258977.405341016565217, 7034628.21114631742239 ], [ 258982.408531606517499, 7034628.21114631742239 ], [ 258982.408531606517499, 7034618.204765137284994 ], [ 258977.405341016565217, 7034618.204765137284994 ], [ 258977.405341016565217, 7034623.207955727353692 ], [ 258972.402150426612934, 7034623.207955727353692 ], [ 258972.402150426612934, 7034648.223908676765859 ], [ 258967.398959836689755, 7034648.223908676765859 ], [ 258967.398959836689755, 7034668.236671036109328 ], [ 258962.395769246737473, 7034668.236671036109328 ], [ 258962.395769246737473, 7034678.243052216246724 ], [ 258967.398959836689755, 7034678.243052216246724 ], [ 258967.398959836689755, 7034688.24943339638412 ], [ 258972.402150426612934, 7034688.24943339638412 ], [ 258972.402150426612934, 7034703.259005166590214 ], [ 258977.405341016565217, 7034703.259005166590214 ], [ 258977.405341016565217, 7034713.265386345796287 ], [ 258982.408531606517499, 7034713.265386345796287 ], [ 258982.408531606517499, 7034723.271767525933683 ], [ 258987.411722196469782, 7034723.271767525933683 ], [ 258987.411722196469782, 7034743.284529886208475 ], [ 258992.414912786422065, 7034743.284529886208475 ], [ 258992.414912786422065, 7034753.290911065414548 ], [ 258997.418103376345243, 7034753.290911065414548 ], [ 258997.418103376345243, 7034763.297292245551944 ], [ 258992.414912786422065, 7034763.297292245551944 ], [ 258992.414912786422065, 7034768.300482835620642 ], [ 258997.418103376345243, 7034768.300482835620642 ], [ 258997.418103376345243, 7034778.306864015758038 ], [ 259002.421293966297526, 7034778.306864015758038 ], [ 259002.421293966297526, 7034783.310054604895413 ], [ 258997.418103376345243, 7034783.310054604895413 ], [ 258997.418103376345243, 7034803.322816965170205 ], [ 259002.421293966297526, 7034803.322816965170205 ], [ 259002.421293966297526, 7034813.3291981453076 ], [ 259007.424484556249809, 7034813.3291981453076 ], [ 259007.424484556249809, 7034818.332388735376298 ], [ 259027.437246916029835, 7034818.332388735376298 ], [ 259027.437246916029835, 7034823.335579324513674 ], [ 259037.4436280959344, 7034823.335579324513674 ], [ 259037.4436280959344, 7034825.799611502327025 ], [ 259056.835749299294548, 7034819.978070069104433 ], [ 259084.067686890863115, 7034808.790095542557538 ], [ 259110.07188199047232, 7034794.986797522753477 ], [ 259120.122158183075953, 7034788.313245194964111 ], [ 259037.4436280959344, 7034788.313245194964111 ] ] ] ] } },
{ "type": "Feature", "properties": { "slope": 1 }, "geometry": { "type": "Polygon", "coordinates": [ [ [ 259172.529774024500512, 7034287.994186200201511 ], [ 259167.526583434548229, 7034287.994186200201511 ], [ 259167.526583434548229, 7034303.003757970407605 ], [ 259162.523392844595946, 7034303.003757970407605 ], [ 259162.523392844595946, 7034313.010139150545001 ], [ 259157.520202254672768, 7034313.010139150545001 ], [ 259157.520202254672768, 7034328.019710919819772 ], [ 259162.523392844595946, 7034328.019710919819772 ], [ 259162.523392844595946, 7034353.035663870163262 ], [ 259157.520202254672768, 7034353.035663870163262 ], [ 259157.520202254672768, 7034368.045235639438033 ], [ 259152.517011664720485, 7034368.045235639438033 ], [ 259152.517011664720485, 7034383.054807409644127 ], [ 259147.513821074768202, 7034383.054807409644127 ], [ 259147.513821074768202, 7034388.057997999712825 ], [ 259142.51063048481592, 7034388.057997999712825 ], [ 259142.51063048481592, 7034398.064379179850221 ], [ 259137.507439894863637, 7034398.064379179850221 ], [ 259137.507439894863637, 7034403.067569768987596 ], [ 259132.504249304911355, 7034403.067569768987596 ], [ 259132.504249304911355, 7034428.083522719331086 ], [ 259137.507439894863637, 7034428.083522719331086 ], [ 259137.507439894863637, 7034438.089903898537159 ], [ 259142.51063048481592, 7034438.089903898537159 ], [ 259142.51063048481592, 7034443.093094488605857 ], [ 259147.513821074768202, 7034443.093094488605857 ], [ 259147.513821074768202, 7034453.099475668743253 ], [ 259152.517011664720485, 7034453.099475668743253 ], [ 259152.517011664720485, 7034463.105856848880649 ], [ 259162.523392844595946, 7034463.105856848880649 ], [ 259162.523392844595946, 7034468.109047438949347 ], [ 259167.526583434548229, 7034468.109047438949347 ], [ 259167.526583434548229, 7034473.112238029018044 ], [ 259177.532964614452794, 7034473.112238029018044 ], [ 259177.532964614452794, 7034483.118619208224118 ], [ 259152.517011664720485, 7034483.118619208224118 ], [ 259152.517011664720485, 7034488.121809798292816 ], [ 259187.539345794328256, 7034488.121809798292816 ], [ 259187.539345794328256, 7034493.125000388361514 ], [ 259192.542536384280538, 7034493.125000388361514 ], [ 259192.542536384280538, 7034498.128190978430212 ], [ 259202.548917564185103, 7034498.128190978430212 ], [ 259202.548917564185103, 7034503.131381568498909 ], [ 259212.555298744089669, 7034503.131381568498909 ], [ 259212.555298744089669, 7034498.128190978430212 ], [ 259237.571251693821978, 7034498.128190978430212 ], [ 259237.571251693821978, 7034493.125000388361514 ], [ 259242.574442283745157, 7034493.125000388361514 ], [ 259242.574442283745157, 7034483.118619208224118 ], [ 259247.577632873697439, 7034483.118619208224118 ], [ 259247.577632873697439, 7034478.11542861815542 ], [ 259242.574442283745157, 7034478.11542861815542 ], [ 259242.574442283745157, 7034473.112238029018044 ], [ 259237.571251693821978, 7034473.112238029018044 ], [ 259237.571251693821978, 7034468.109047438949347 ], [ 259227.564870513917413, 7034468.109047438949347 ], [ 259227.564870513917413, 7034463.105856848880649 ], [ 259217.558489334012847, 7034463.105856848880649 ], [ 259217.558489334012847, 7034458.102666258811951 ], [ 259202.548917564185103, 7034458.102666258811951 ], [ 259202.548917564185103, 7034463.105856848880649 ], [ 259192.542536384280538, 7034463.105856848880649 ], [ 259192.542536384280538, 7034468.109047438949347 ], [ 259177.532964614452794, 7034468.109047438949347 ], [ 259177.532964614452794, 7034463.105856848880649 ], [ 259167.526583434548229, 7034463.105856848880649 ], [ 259167.526583434548229, 7034458.102666258811951 ], [ 259157.520202254672768, 7034458.102666258811951 ], [ 259157.520202254672768, 7034448.096285078674555 ], [ 259152.517011664720485, 7034448.096285078674555 ], [ 259152.517011664720485, 7034438.089903898537159 ], [ 259147.513821074768202, 7034438.089903898537159 ], [ 259147.513821074768202, 7034418.07714153919369 ], [ 259152.517011664720485, 7034418.07714153919369 ], [ 259152.517011664720485, 7034408.070760359056294 ], [ 259157.520202254672768, 7034408.070760359056294 ], [ 259157.520202254672768, 7034398.064379179850221 ], [ 259162.523392844595946, 7034398.064379179850221 ], [ 259162.523392844595946, 7034393.061188589781523 ], [ 259167.526583434548229, 7034393.061188589781523 ], [ 259167.526583434548229, 7034383.054807409644127 ], [ 259172.529774024500512, 7034383.054807409644127 ], [ 259172.529774024500512, 7034373.048426229506731 ], [ 259177.532964614452794, 7034373.048426229506731 ], [ 259177.532964614452794, 7034368.045235639438033 ], [ 259182.536155204405077, 7034368.045235639438033 ], [ 259182.536155204405077, 7034353.035663870163262 ], [ 259187.539345794328256, 7034353.035663870163262 ], [ 259187.539345794328256, 7034348.032473280094564 ], [ 259192.542536384280538, 7034348.032473280094564 ], [ 259192.542536384280538, 7034343.029282690025866 ], [ 259197.545726974232821, 7034343.029282690025866 ], [ 259197.545726974232821, 7034338.026092099957168 ], [ 259202.548917564185103, 7034338.026092099957168 ], [ 259202.548917564185103, 7034333.02290150988847 ], [ 259207.552108154137386, 7034333.02290150988847 ], [ 259207.552108154137386, 7034323.838902328163385 ], [ 259206.822993572073756, 7034322.785534872673452 ], [ 259187.775228908518329, 7034300.337108193896711 ], [ 259172.529774024500512, 7034285.583865462802351 ], [ 259172.529774024500512, 7034287.994186200201511 ] ] ] } },
{ "type": "Feature", "properties": { "slope": 1 }, "geometry": { "type": "Polygon", "coordinates": [ [ [ 259137.507439894863637, 7034498.128190978430212 ], [ 259137.507439894863637, 7034473.112238029018044 ], [ 259132.504249304911355, 7034473.112238029018044 ], [ 259132.504249304911355, 7034498.128190978430212 ], [ 259137.507439894863637, 7034498.128190978430212 ] ] ] } },
{ "type": "Feature", "properties": { "slope": 1 }, "geometry": { "type": "Polygon", "coordinates": [ [ [ 259152.517011664720485, 7034523.144143927842379 ], [ 259152.517011664720485, 7034488.121809798292816 ], [ 259147.513821074768202, 7034488.121809798292816 ], [ 259147.513821074768202, 7034498.128190978430212 ], [ 259137.507439894863637, 7034498.128190978430212 ], [ 259137.507439894863637, 7034513.137762748636305 ], [ 259142.51063048481592, 7034513.137762748636305 ], [ 259142.51063048481592, 7034523.144143927842379 ], [ 259152.517011664720485, 7034523.144143927842379 ] ] ] } },
{ "type": "Feature", "properties": { "slope": 3 }, "geometry": { "type": "Polygon", "coordinates": [ [ [ 258937.379816297005164, 7036619.481001116335392 ], [ 258932.376625707052881, 7036619.481001116335392 ], [ 258932.376625707052881, 7036624.484191705472767 ], [ 258937.379816297005164, 7036624.484191705472767 ], [ 258937.379816297005164, 7036629.487382295541465 ], [ 258942.383006886928342, 7036629.487382295541465 ], [ 258942.383006886928342, 7036634.490572885610163 ], [ 258952.389388066832907, 7036634.490572885610163 ], [ 258952.389388066832907, 7036639.493763475678861 ], [ 258956.347905647417065, 7036639.493763475678861 ], [ 258946.409222008864162, 7036625.974533340893686 ], [ 258937.379816297005164, 7036615.927520973607898 ], [ 258937.379816297005164, 7036619.481001116335392 ] ] ] } },
{ "type": "Feature", "properties": { "slope": 3 }, "geometry": { "type": "Polygon", "coordinates": [ [ [ 258737.252192699117586, 7036799.595862354151905 ], [ 258737.252192699117586, 7036794.592671764083207 ], [ 258732.249002109165303, 7036794.592671764083207 ], [ 258732.249002109165303, 7036789.589481174014509 ], [ 258702.229858569480712, 7036789.589481174014509 ], [ 258702.229858569480712, 7036794.592671764083207 ], [ 258712.236239749385277, 7036794.592671764083207 ], [ 258712.236239749385277, 7036799.595862354151905 ], [ 258737.252192699117586, 7036799.595862354151905 ] ] ] } },
{ "type": "Feature", "properties": { "slope": 1 }, "geometry": { "type": "Polygon", "coordinates": [ [ [ 258802.293670368439052, 7036799.595862354151905 ], [ 258802.293670368439052, 7036794.592671764083207 ], [ 258777.277717418677639, 7036794.592671764083207 ], [ 258777.277717418677639, 7036799.595862354151905 ], [ 258802.293670368439052, 7036799.595862354151905 ] ] ] } },
{ "type": "Feature", "properties": { "slope": 1 }, "geometry": { "type": "Polygon", "coordinates": [ [ [ 258772.27452682875446, 7036799.595862354151905 ], [ 258772.27452682875446, 7036794.592671764083207 ], [ 258767.271336238802178, 7036794.592671764083207 ], [ 258767.271336238802178, 7036799.595862354151905 ], [ 258772.27452682875446, 7036799.595862354151905 ] ] ] } },
{ "type": "Feature", "properties": { "slope": 1 }, "geometry": { "type": "Polygon", "coordinates": [ [ [ 258807.296860958362231, 7036809.6022435342893 ], [ 258807.296860958362231, 7036799.595862354151905 ], [ 258802.293670368439052, 7036799.595862354151905 ], [ 258802.293670368439052, 7036809.6022435342893 ], [ 258807.296860958362231, 7036809.6022435342893 ] ] ] } },
{ "type": "Feature", "properties": { "slope": 1 }, "geometry": { "type": "Polygon", "coordinates": [ [ [ 258787.284098598582204, 7036809.6022435342893 ], [ 258787.284098598582204, 7036804.599052944220603 ], [ 258777.277717418677639, 7036804.599052944220603 ], [ 258777.277717418677639, 7036809.6022435342893 ], [ 258787.284098598582204, 7036809.6022435342893 ] ] ] } },
{ "type": "Feature", "properties": { "slope": 1 }, "geometry": { "type": "Polygon", "coordinates": [ [ [ 258802.293670368439052, 7036814.605434123426676 ], [ 258802.293670368439052, 7036809.6022435342893 ], [ 258797.29047977848677, 7036809.6022435342893 ], [ 258797.29047977848677, 7036814.605434123426676 ], [ 258802.293670368439052, 7036814.605434123426676 ] ] ] } },
{ "type": "Feature", "properties": { "slope": 1 }, "geometry": { "type": "Polygon", "coordinates": [ [ [ 258772.27452682875446, 7036814.605434123426676 ], [ 258772.27452682875446, 7036809.6022435342893 ], [ 258767.271336238802178, 7036809.6022435342893 ], [ 258767.271336238802178, 7036814.605434123426676 ], [ 258772.27452682875446, 7036814.605434123426676 ] ] ] } },
{ "type": "Feature", "properties": { "slope": 1 }, "geometry": { "type": "Polygon", "coordinates": [ [ [ 258912.363863347272854, 7036839.621387073770165 ], [ 258912.363863347272854, 7036834.618196483701468 ], [ 258902.357482167368289, 7036834.618196483701468 ], [ 258902.357482167368289, 7036829.61500589363277 ], [ 258897.354291577416006, 7036829.61500589363277 ], [ 258897.354291577416006, 7036839.621387073770165 ], [ 258912.363863347272854, 7036839.621387073770165 ] ] ] } },
{ "type": "Feature", "properties": { "slope": 1 }, "geometry": { "type": "Polygon", "coordinates": [ [ [ 258962.395769246737473, 7036859.634149433113635 ], [ 258962.395769246737473, 7036844.624577663838863 ], [ 258952.389388066832907, 7036844.624577663838863 ], [ 258952.389388066832907, 7036839.621387073770165 ], [ 258917.367053937196033, 7036839.621387073770165 ], [ 258917.367053937196033, 7036844.624577663838863 ], [ 258927.373435117100598, 7036844.624577663838863 ], [ 258927.373435117100598, 7036849.627768253907561 ], [ 258947.386197476880625, 7036849.627768253907561 ], [ 258947.386197476880625, 7036854.630958843044937 ], [ 258957.39257865678519, 7036854.630958843044937 ], [ 258957.39257865678519, 7036859.634149433113635 ], [ 258962.395769246737473, 7036859.634149433113635 ] ] ] } },
{ "type": "Feature", "properties": { "slope": 1 }, "geometry": { "type": "Polygon", "coordinates": [ [ [ 258702.229858569480712, 7037049.755391851067543 ], [ 258702.229858569480712, 7037044.752201260998845 ], [ 258707.233049159432994, 7037044.752201260998845 ], [ 258707.233049159432994, 7037039.74901067186147 ], [ 258712.236239749385277, 7037039.74901067186147 ], [ 258712.236239749385277, 7037029.742629491724074 ], [ 258727.245811519213021, 7037029.742629491724074 ], [ 258727.245811519213021, 7037019.736248311586678 ], [ 258732.249002109165303, 7037019.736248311586678 ], [ 258732.249002109165303, 7037004.726676541380584 ], [ 258737.252192699117586, 7037004.726676541380584 ], [ 258737.252192699117586, 7036994.720295362174511 ], [ 258742.255383289069869, 7036994.720295362174511 ], [ 258742.255383289069869, 7036984.713914182037115 ], [ 258747.258573879022151, 7036984.713914182037115 ], [ 258747.258573879022151, 7036974.707533001899719 ], [ 258752.26176446894533, 7036974.707533001899719 ], [ 258752.26176446894533, 7036959.697961232624948 ], [ 258757.264955058897613, 7036959.697961232624948 ], [ 258757.264955058897613, 7036939.685198872350156 ], [ 258752.26176446894533, 7036939.685198872350156 ], [ 258752.26176446894533, 7036924.675627103075385 ], [ 258747.258573879022151, 7036924.675627103075385 ], [ 258747.258573879022151, 7036919.672436513006687 ], [ 258742.255383289069869, 7036919.672436513006687 ], [ 258742.255383289069869, 7036914.669245922937989 ], [ 258737.252192699117586, 7036914.669245922937989 ], [ 258737.252192699117586, 7036909.666055332869291 ], [ 258732.249002109165303, 7036909.666055332869291 ], [ 258732.249002109165303, 7036904.662864742800593 ], [ 258727.245811519213021, 7036904.662864742800593 ], [ 258727.245811519213021, 7036899.659674152731895 ], [ 258722.242620929260738, 7036899.659674152731895 ], [ 258722.242620929260738, 7036894.656483562663198 ], [ 258717.239430339337559, 7036894.656483562663198 ], [ 258717.239430339337559, 7036889.6532929725945 ], [ 258712.236239749385277, 7036889.6532929725945 ], [ 258712.236239749385277, 7036899.659674152731895 ], [ 258717.239430339337559, 7036899.659674152731895 ], [ 258717.239430339337559, 7036909.666055332869291 ], [ 258722.242620929260738, 7036909.666055332869291 ], [ 258722.242620929260738, 7036914.669245922937989 ], [ 258727.245811519213021, 7036914.669245922937989 ], [ 258727.245811519213021, 7036929.67881769221276 ], [ 258732.249002109165303, 7036929.67881769221276 ], [ 258732.249002109165303, 7036969.704342411831021 ], [ 258727.245811519213021, 7036969.704342411831021 ], [ 258727.245811519213021, 7036984.713914182037115 ], [ 258722.242620929260738, 7036984.713914182037115 ], [ 258722.242620929260738, 7036989.717104772105813 ], [ 258717.239430339337559, 7036989.717104772105813 ], [ 258717.239430339337559, 7036994.720295362174511 ], [ 258702.229858569480712, 7036994.720295362174511 ], [ 258702.229858569480712, 7036999.723485952243209 ], [ 258697.226667979528429, 7036999.723485952243209 ], [ 258697.226667979528429, 7037009.729867131449282 ], [ 258692.22347738960525, 7037009.729867131449282 ], [ 258692.22347738960525, 7037019.736248311586678 ], [ 258687.220286799652968, 7037019.736248311586678 ], [ 258687.220286799652968, 7037029.742629491724074 ], [ 258682.217096209700685, 7037029.742629491724074 ], [ 258682.217096209700685, 7037034.745820081792772 ], [ 258672.21071502979612, 7037034.745820081792772 ], [ 258672.21071502979612, 7037039.74901067186147 ], [ 258682.217096209700685, 7037039.74901067186147 ], [ 258682.217096209700685, 7037044.752201260998845 ], [ 258697.226667979528429, 7037044.752201260998845 ], [ 258697.226667979528429, 7037049.755391851067543 ], [ 258702.229858569480712, 7037049.755391851067543 ] ] ] } },
{ "type": "Feature", "properties": { "slope": 3 }, "geometry": { "type": "MultiPolygon", "coordinates": [ [ [ [ 258882.344719807588262, 7037059.761773031204939 ], [ 258882.344719807588262, 7037054.758582441136241 ], [ 258877.34152921763598, 7037054.758582441136241 ], [ 258877.34152921763598, 7037049.755391851067543 ], [ 258872.338338627683697, 7037049.755391851067543 ], [ 258872.338338627683697, 7037044.752201260998845 ], [ 258867.335148037731415, 7037044.752201260998845 ], [ 258867.335148037731415, 7037049.755391851067543 ], [ 258857.328766857855953, 7037049.755391851067543 ], [ 258857.328766857855953, 7037054.758582441136241 ], [ 258847.322385677951388, 7037054.758582441136241 ], [ 258847.322385677951388, 7037059.761773031204939 ], [ 258837.316004498046823, 7037059.761773031204939 ], [ 258837.316004498046823, 7037064.764963621273637 ], [ 258832.31281390809454, 7037064.764963621273637 ], [ 258832.31281390809454, 7037069.768154211342335 ], [ 258822.306432728219079, 7037069.768154211342335 ], [ 258822.306432728219079, 7037074.771344801411033 ], [ 258817.303242138266796, 7037074.771344801411033 ], [ 258817.303242138266796, 7037094.784107160754502 ], [ 258822.178886482870439, 7037094.784107160754502 ], [ 258827.346021988370921, 7037092.959753992035985 ], [ 258854.012718212878099, 7037080.484317668713629 ], [ 258879.32820041346713, 7037065.455160673707724 ], [ 258887.072708699095529, 7037059.761773031204939 ], [ 258882.344719807588262, 7037059.761773031204939 ] ] ], [ [ [ 258922.370244527148316, 7037029.742629491724074 ], [ 258922.370244527148316, 7037030.652420551516116 ], [ 258923.382568297354737, 7037029.742629491724074 ], [ 258922.370244527148316, 7037029.742629491724074 ] ] ], [ [ [ 258937.379816297005164, 7037004.726676541380584 ], [ 258937.379816297005164, 7037009.729867131449282 ], [ 258932.376625707052881, 7037009.729867131449282 ], [ 258932.376625707052881, 7037014.73305772151798 ], [ 258927.373435117100598, 7037014.73305772151798 ], [ 258927.373435117100598, 7037025.681756999343634 ], [ 258944.808347937534563, 7037006.607137355953455 ], [ 258946.215290224732598, 7037004.726676541380584 ], [ 258937.379816297005164, 7037004.726676541380584 ] ] ] ] } },
{ "type": "Feature", "properties": { "slope": 3 }, "geometry": { "type": "Polygon", "coordinates": [ [ [ 258752.26176446894533, 7038220.501989899203181 ], [ 258752.26176446894533, 7038225.505180489271879 ], [ 258732.249002109165303, 7038225.505180489271879 ], [ 258732.249002109165303, 7038235.511561668477952 ], [ 258727.245811519213021, 7038235.511561668477952 ], [ 258727.245811519213021, 7038240.51475225854665 ], [ 258722.242620929260738, 7038240.51475225854665 ], [ 258722.242620929260738, 7038245.517942848615348 ], [ 258717.239430339337559, 7038245.517942848615348 ], [ 258717.239430339337559, 7038250.521133438684046 ], [ 258712.236239749385277, 7038250.521133438684046 ], [ 258712.236239749385277, 7038255.524324028752744 ], [ 258707.233049159432994, 7038255.524324028752744 ], [ 258707.233049159432994, 7038260.527514618821442 ], [ 258702.229858569480712, 7038260.527514618821442 ], [ 258702.229858569480712, 7038265.53070520889014 ], [ 258697.226667979528429, 7038265.53070520889014 ], [ 258697.226667979528429, 7038295.549848748371005 ], [ 258702.229858569480712, 7038295.549848748371005 ], [ 258702.229858569480712, 7038315.562611107714474 ], [ 258697.226667979528429, 7038315.562611107714474 ], [ 258697.226667979528429, 7038330.572182877920568 ], [ 258702.229858569480712, 7038330.572182877920568 ], [ 258702.229858569480712, 7038340.578564058057964 ], [ 258707.233049159432994, 7038340.578564058057964 ], [ 258707.233049159432994, 7038345.581754647195339 ], [ 258712.236239749385277, 7038345.581754647195339 ], [ 258712.236239749385277, 7038350.584945237264037 ], [ 258717.239430339337559, 7038350.584945237264037 ], [ 258717.239430339337559, 7038360.591326417401433 ], [ 258722.242620929260738, 7038360.591326417401433 ], [ 258722.242620929260738, 7038370.597707597538829 ], [ 258727.245811519213021, 7038370.597707597538829 ], [ 258727.245811519213021, 7038385.6072793668136 ], [ 258732.249002109165303, 7038385.6072793668136 ], [ 258732.249002109165303, 7038390.610469956882298 ], [ 258737.252192699117586, 7038390.610469956882298 ], [ 258737.252192699117586, 7038395.613660546950996 ], [ 258742.255383289069869, 7038395.613660546950996 ], [ 258742.255383289069869, 7038415.626422907225788 ], [ 258747.258573879022151, 7038415.626422907225788 ], [ 258747.258573879022151, 7038435.639185266569257 ], [ 258752.26176446894533, 7038435.639185266569257 ], [ 258752.26176446894533, 7038440.642375856637955 ], [ 258792.287289188534487, 7038440.642375856637955 ], [ 258792.287289188534487, 7038445.645566446706653 ], [ 258797.29047977848677, 7038445.645566446706653 ], [ 258797.29047977848677, 7038450.648757036775351 ], [ 258807.296860958362231, 7038450.648757036775351 ], [ 258807.296860958362231, 7038455.651947626844049 ], [ 258832.31281390809454, 7038455.651947626844049 ], [ 258832.31281390809454, 7038450.648757036775351 ], [ 258852.325576267903671, 7038450.648757036775351 ], [ 258852.325576267903671, 7038455.651947626844049 ], [ 258882.344719807588262, 7038455.651947626844049 ], [ 258882.344719807588262, 7038450.648757036775351 ], [ 258897.354291577416006, 7038450.648757036775351 ], [ 258897.354291577416006, 7038445.645566446706653 ], [ 258917.479668432672042, 7038445.645566446706653 ], [ 258914.625045109045459, 7038427.762735986150801 ], [ 258907.156959049840225, 7038399.28508001472801 ], [ 258896.933535464660963, 7038371.676552179269493 ], [ 258884.053231511323247, 7038345.203037696890533 ], [ 258868.64009155795793, 7038320.119490982033312 ], [ 258850.842552568035899, 7038296.667480302974582 ], [ 258830.832014571147738, 7038275.072861341759562 ], [ 258808.80118998704711, 7038255.543602083809674 ], [ 258784.962247699790169, 7038238.267779972404242 ], [ 258759.544769755273592, 7038223.411770617589355 ], [ 258753.212758097215556, 7038220.501989899203181 ], [ 258752.26176446894533, 7038220.501989899203181 ] ], [ [ 258802.293670368439052, 7038405.620041727088392 ], [ 258787.284098598582204, 7038405.620041727088392 ], [ 258787.284098598582204, 7038400.616851137019694 ], [ 258782.280908008629922, 7038400.616851137019694 ], [ 258782.280908008629922, 7038395.613660546950996 ], [ 258772.27452682875446, 7038395.613660546950996 ], [ 258772.27452682875446, 7038390.610469956882298 ], [ 258757.264955058897613, 7038390.610469956882298 ], [ 258757.264955058897613, 7038380.604088777676225 ], [ 258752.26176446894533, 7038380.604088777676225 ], [ 258752.26176446894533, 7038370.597707597538829 ], [ 258747.258573879022151, 7038370.597707597538829 ], [ 258747.258573879022151, 7038360.591326417401433 ], [ 258742.255383289069869, 7038360.591326417401433 ], [ 258742.255383289069869, 7038355.588135827332735 ], [ 258737.252192699117586, 7038355.588135827332735 ], [ 258737.252192699117586, 7038345.581754647195339 ], [ 258732.249002109165303, 7038345.581754647195339 ], [ 258732.249002109165303, 7038330.572182877920568 ], [ 258737.252192699117586, 7038330.572182877920568 ], [ 258737.252192699117586, 7038300.553039338439703 ], [ 258747.258573879022151, 7038300.553039338439703 ], [ 258747.258573879022151, 7038295.549848748371005 ], [ 258772.27452682875446, 7038295.549848748371005 ], [ 258772.27452682875446, 7038290.546658158302307 ], [ 258787.284098598582204, 7038290.546658158302307 ], [ 258787.284098598582204, 7038285.543467568233609 ], [ 258797.29047977848677, 7038285.543467568233609 ], [ 258797.29047977848677, 7038305.556229927577078 ], [ 258802.293670368439052, 7038305.556229927577078 ], [ 258802.293670368439052, 7038300.553039338439703 ], [ 258812.300051548314514, 7038300.553039338439703 ], [ 258812.300051548314514, 7038325.56899228785187 ], [ 258817.303242138266796, 7038325.56899228785187 ], [ 258817.303242138266796, 7038335.575373467989266 ], [ 258822.306432728219079, 7038335.575373467989266 ], [ 258822.306432728219079, 7038340.578564058057964 ], [ 258832.31281390809454, 7038340.578564058057964 ], [ 258832.31281390809454, 7038380.604088777676225 ], [ 258827.309623318171361, 7038380.604088777676225 ], [ 258827.309623318171361, 7038390.610469956882298 ], [ 258822.306432728219079, 7038390.610469956882298 ], [ 258822.306432728219079, 7038395.613660546950996 ], [ 258817.303242138266796, 7038395.613660546950996 ], [ 258817.303242138266796, 7038400.616851137019694 ], [ 258812.300051548314514, 7038400.616851137019694 ], [ 258812.300051548314514, 7038405.620041727088392 ], [ 258807.296860958362231, 7038405.620041727088392 ], [ 258807.296860958362231, 7038410.62323231715709 ], [ 258802.293670368439052, 7038410.62323231715709 ], [ 258802.293670368439052, 7038405.620041727088392 ] ], [ [ 258752.26176446894533, 7038280.540276978164911 ], [ 258757.264955058897613, 7038280.540276978164911 ], [ 258757.264955058897613, 7038290.546658158302307 ], [ 258752.26176446894533, 7038290.546658158302307 ], [ 258752.26176446894533, 7038280.540276978164911 ] ] ] } },
{ "type": "Feature", "properties": { "slope": 2 }, "geometry": { "type": "MultiPolygon", "coordinates": [ [ [ [ 258091.840606595942518, 7041307.470583896152675 ], [ 258086.837416006019339, 7041307.470583896152675 ], [ 258086.837416006019339, 7041312.473774486221373 ], [ 258081.834225416067056, 7041312.473774486221373 ], [ 258081.834225416067056, 7041317.476965076290071 ], [ 258076.831034826114774, 7041317.476965076290071 ], [ 258076.831034826114774, 7041322.480155666358769 ], [ 258071.827844236162491, 7041322.480155666358769 ], [ 258071.827844236162491, 7041327.483346256427467 ], [ 258066.824653646210209, 7041327.483346256427467 ], [ 258066.824653646210209, 7041337.48972743563354 ], [ 258061.821463056257926, 7041337.48972743563354 ], [ 258061.821463056257926, 7041342.492918025702238 ], [ 258056.818272466334747, 7041342.492918025702238 ], [ 258056.818272466334747, 7041347.496108615770936 ], [ 258051.815081876382465, 7041347.496108615770936 ], [ 258051.815081876382465, 7041357.502489795908332 ], [ 258046.811891286430182, 7041357.502489795908332 ], [ 258046.811891286430182, 7041362.50568038597703 ], [ 258036.805510106525617, 7041362.50568038597703 ], [ 258036.805510106525617, 7041367.508870975114405 ], [ 258031.802319516602438, 7041367.508870975114405 ], [ 258031.802319516602438, 7041372.512061565183103 ], [ 258021.795938336697873, 7041372.512061565183103 ], [ 258021.795938336697873, 7041377.515252155251801 ], [ 258016.79274774674559, 7041377.515252155251801 ], [ 258016.79274774674559, 7041407.534395694732666 ], [ 258021.795938336697873, 7041407.534395694732666 ], [ 258021.795938336697873, 7041427.547158055007458 ], [ 258016.79274774674559, 7041427.547158055007458 ], [ 258016.79274774674559, 7041452.563111004419625 ], [ 258021.795938336697873, 7041452.563111004419625 ], [ 258021.795938336697873, 7041457.566301594488323 ], [ 258026.799128926650155, 7041457.566301594488323 ], [ 258026.799128926650155, 7041477.579063954763114 ], [ 258031.802319516602438, 7041477.579063954763114 ], [ 258031.802319516602438, 7041502.595016904175282 ], [ 258026.799128926650155, 7041502.595016904175282 ], [ 258026.799128926650155, 7041507.598207494243979 ], [ 258021.795938336697873, 7041507.598207494243979 ], [ 258021.795938336697873, 7041512.601398084312677 ], [ 258016.79274774674559, 7041512.601398084312677 ], [ 258016.79274774674559, 7041517.604588674381375 ], [ 258011.789557156793308, 7041517.604588674381375 ], [ 258011.789557156793308, 7041522.607779263518751 ], [ 257986.773604207060998, 7041522.607779263518751 ], [ 257986.773604207060998, 7041527.610969853587449 ], [ 257981.770413617108716, 7041527.610969853587449 ], [ 257981.770413617108716, 7041532.614160443656147 ], [ 257976.767223027185537, 7041532.614160443656147 ], [ 257976.767223027185537, 7041552.626922803930938 ], [ 257971.764032437233254, 7041552.626922803930938 ], [ 257971.764032437233254, 7041562.633303983137012 ], [ 257966.760841847280972, 7041562.633303983137012 ], [ 257966.760841847280972, 7041567.636494573205709 ], [ 257961.757651257328689, 7041567.636494573205709 ], [ 257961.757651257328689, 7041577.642875753343105 ], [ 257956.754460667376406, 7041577.642875753343105 ], [ 257956.754460667376406, 7041587.649256933480501 ], [ 257951.751270077424124, 7041587.649256933480501 ], [ 257951.751270077424124, 7041602.658828702755272 ], [ 257946.748079487500945, 7041602.658828702755272 ], [ 257946.748079487500945, 7041637.681162832304835 ], [ 257936.74169830759638, 7041637.681162832304835 ], [ 257936.74169830759638, 7041642.684353422373533 ], [ 257931.738507717644097, 7041642.684353422373533 ], [ 257931.738507717644097, 7041647.687544012442231 ], [ 257941.744888897548662, 7041647.687544012442231 ], [ 257941.744888897548662, 7041652.690734602510929 ], [ 257946.748079487500945, 7041652.690734602510929 ], [ 257946.748079487500945, 7041667.700306372717023 ], [ 257951.751270077424124, 7041667.700306372717023 ], [ 257951.751270077424124, 7041682.709878141991794 ], [ 257956.754460667376406, 7041682.709878141991794 ], [ 257956.754460667376406, 7041692.71625932212919 ], [ 257961.757651257328689, 7041692.71625932212919 ], [ 257961.757651257328689, 7041702.722640502266586 ], [ 257966.760841847280972, 7041702.722640502266586 ], [ 257966.760841847280972, 7041712.729021681472659 ], [ 257971.764032437233254, 7041712.729021681472659 ], [ 257971.764032437233254, 7041717.732212271541357 ], [ 258006.786366566841025, 7041717.732212271541357 ], [ 258006.786366566841025, 7041712.729021681472659 ], [ 258021.795938336697873, 7041712.729021681472659 ], [ 258021.795938336697873, 7041707.725831092335284 ], [ 258036.805510106525617, 7041707.725831092335284 ], [ 258036.805510106525617, 7041712.729021681472659 ], [ 258061.821463056257926, 7041712.729021681472659 ], [ 258061.821463056257926, 7041717.732212271541357 ], [ 258086.837416006019339, 7041717.732212271541357 ], [ 258086.837416006019339, 7041722.735402861610055 ], [ 258116.856559545674827, 7041722.735402861610055 ], [ 258116.856559545674827, 7041727.738593451678753 ], [ 258131.866131315531675, 7041727.738593451678753 ], [ 258131.866131315531675, 7041732.741784041747451 ], [ 258161.885274855216267, 7041732.741784041747451 ], [ 258161.885274855216267, 7041737.744974631816149 ], [ 258179.71667109709233, 7041737.744974631816149 ], [ 258179.877922315819887, 7041737.50016185734421 ], [ 258194.337354342394974, 7041713.112142188474536 ], [ 258206.429935985885095, 7041687.468036684207618 ], [ 258216.047660246986197, 7041660.796890140511096 ], [ 258216.54826024689828, 7041659.171790138818324 ], [ 258224.481221392721636, 7041627.318453575484455 ], [ 258227.820731473708292, 7041602.658828702755272 ], [ 258216.920371344633168, 7041602.658828702755272 ], [ 258216.920371344633168, 7041607.66201929282397 ], [ 258211.917180754680885, 7041607.66201929282397 ], [ 258211.917180754680885, 7041627.674781653098762 ], [ 258206.913990164728602, 7041627.674781653098762 ], [ 258206.913990164728602, 7041637.681162832304835 ], [ 258201.91079957477632, 7041637.681162832304835 ], [ 258201.91079957477632, 7041652.690734602510929 ], [ 258191.904418394900858, 7041652.690734602510929 ], [ 258191.904418394900858, 7041657.693925192579627 ], [ 258181.898037214996293, 7041657.693925192579627 ], [ 258181.898037214996293, 7041652.690734602510929 ], [ 258171.891656035091728, 7041652.690734602510929 ], [ 258171.891656035091728, 7041647.687544012442231 ], [ 258166.888465445168549, 7041647.687544012442231 ], [ 258166.888465445168549, 7041642.684353422373533 ], [ 258161.885274855216267, 7041642.684353422373533 ], [ 258161.885274855216267, 7041622.671591063030064 ], [ 258166.888465445168549, 7041622.671591063030064 ], [ 258166.888465445168549, 7041612.665209882892668 ], [ 258171.891656035091728, 7041612.665209882892668 ], [ 258171.891656035091728, 7041592.652447523549199 ], [ 258176.894846625044011, 7041592.652447523549199 ], [ 258176.894846625044011, 7041557.630113393999636 ], [ 258171.891656035091728, 7041557.630113393999636 ], [ 258171.891656035091728, 7041552.626922803930938 ], [ 258166.888465445168549, 7041552.626922803930938 ], [ 258166.888465445168549, 7041542.620541623793542 ], [ 258171.891656035091728, 7041542.620541623793542 ], [ 258171.891656035091728, 7041527.610969853587449 ], [ 258181.898037214996293, 7041527.610969853587449 ], [ 258181.898037214996293, 7041522.607779263518751 ], [ 258186.901227804948576, 7041522.607779263518751 ], [ 258186.901227804948576, 7041502.595016904175282 ], [ 258191.904418394900858, 7041502.595016904175282 ], [ 258191.904418394900858, 7041487.585445133969188 ], [ 258196.907608984853141, 7041487.585445133969188 ], [ 258196.907608984853141, 7041482.58225454390049 ], [ 258201.91079957477632, 7041482.58225454390049 ], [ 258201.91079957477632, 7041477.579063954763114 ], [ 258211.917180754680885, 7041477.579063954763114 ], [ 258211.917180754680885, 7041472.575873364694417 ], [ 258213.512534126872197, 7041472.575873364694417 ], [ 258213.268461401370587, 7041471.739189467392862 ], [ 258202.525014811719302, 7041444.867673424072564 ], [ 258201.525414811971132, 7041442.67997342441231 ], [ 258189.277929734118516, 7041419.694937963970006 ], [ 258185.847754768503364, 7041412.397631724365056 ], [ 258170.772302665398456, 7041387.109691062942147 ], [ 258153.290791356266709, 7041363.421171451918781 ], [ 258133.571577351394808, 7041341.560206284746528 ], [ 258111.804567461251281, 7041321.737328606657684 ], [ 258091.840606595942518, 7041306.857388332486153 ], [ 258091.840606595942518, 7041307.470583896152675 ] ] ], [ [ [ 258151.878893675311701, 7039356.226253816857934 ], [ 258156.882084265263984, 7039356.226253816857934 ], [ 258156.882084265263984, 7039351.223063226789236 ], [ 258161.885274855216267, 7039351.223063226789236 ], [ 258161.885274855216267, 7039346.219872636720538 ], [ 258166.888465445168549, 7039346.219872636720538 ], [ 258166.888465445168549, 7039321.203919687308371 ], [ 258161.885274855216267, 7039321.203919687308371 ], [ 258161.885274855216267, 7039316.200729097239673 ], [ 258166.888465445168549, 7039316.200729097239673 ], [ 258166.888465445168549, 7039311.197538507170975 ], [ 258161.885274855216267, 7039311.197538507170975 ], [ 258161.885274855216267, 7039301.191157327033579 ], [ 258156.882084265263984, 7039301.191157327033579 ], [ 258156.882084265263984, 7039296.187966737896204 ], [ 258146.875703085359419, 7039296.187966737896204 ], [ 258146.875703085359419, 7039301.191157327033579 ], [ 258141.87251249543624, 7039301.191157327033579 ], [ 258141.87251249543624, 7039306.194347917102277 ], [ 258131.866131315531675, 7039306.194347917102277 ], [ 258131.866131315531675, 7039301.191157327033579 ], [ 258136.869321905483957, 7039301.191157327033579 ], [ 258136.869321905483957, 7039241.152870248071849 ], [ 258141.87251249543624, 7039241.152870248071849 ], [ 258141.87251249543624, 7039231.146489067934453 ], [ 258136.869321905483957, 7039231.146489067934453 ], [ 258136.869321905483957, 7039226.143298477865756 ], [ 258126.862940725579392, 7039226.143298477865756 ], [ 258126.862940725579392, 7039231.146489067934453 ], [ 258116.856559545674827, 7039231.146489067934453 ], [ 258116.856559545674827, 7039226.143298477865756 ], [ 258121.85975013562711, 7039226.143298477865756 ], [ 258121.85975013562711, 7039211.133726708590984 ], [ 258126.862940725579392, 7039211.133726708590984 ], [ 258126.862940725579392, 7039201.127345528453588 ], [ 258131.866131315531675, 7039201.127345528453588 ], [ 258131.866131315531675, 7039196.124154938384891 ], [ 258141.87251249543624, 7039196.124154938384891 ], [ 258141.87251249543624, 7039191.120964348316193 ], [ 258151.878893675311701, 7039191.120964348316193 ], [ 258151.878893675311701, 7039196.124154938384891 ], [ 258161.885274855216267, 7039196.124154938384891 ], [ 258161.885274855216267, 7039201.127345528453588 ], [ 258166.888465445168549, 7039201.127345528453588 ], [ 258166.888465445168549, 7039206.130536118522286 ], [ 258171.891656035091728, 7039206.130536118522286 ], [ 258171.891656035091728, 7039211.133726708590984 ], [ 258176.894846625044011, 7039211.133726708590984 ], [ 258176.894846625044011, 7039221.14010788872838 ], [ 258181.898037214996293, 7039221.14010788872838 ], [ 258181.898037214996293, 7039226.143298477865756 ], [ 258186.901227804948576, 7039226.143298477865756 ], [ 258186.901227804948576, 7039241.152870248071849 ], [ 258181.898037214996293, 7039241.152870248071849 ], [ 258181.898037214996293, 7039246.156060838140547 ], [ 258186.901227804948576, 7039246.156060838140547 ], [ 258186.901227804948576, 7039251.159251428209245 ], [ 258191.904418394900858, 7039251.159251428209245 ], [ 258191.904418394900858, 7039261.165632608346641 ], [ 258201.91079957477632, 7039261.165632608346641 ], [ 258201.91079957477632, 7039266.168823197484016 ], [ 258211.917180754680885, 7039266.168823197484016 ], [ 258211.917180754680885, 7039276.175204377621412 ], [ 258216.920371344633168, 7039276.175204377621412 ], [ 258216.920371344633168, 7039286.181585557758808 ], [ 258221.92356193458545, 7039286.181585557758808 ], [ 258221.92356193458545, 7039291.184776147827506 ], [ 258236.933133704413194, 7039291.184776147827506 ], [ 258236.933133704413194, 7039296.187966737896204 ], [ 258241.936324294365477, 7039296.187966737896204 ], [ 258241.936324294365477, 7039301.191157327033579 ], [ 258246.939514884317759, 7039301.191157327033579 ], [ 258246.939514884317759, 7039316.200729097239673 ], [ 258256.945896064193221, 7039316.200729097239673 ], [ 258256.945896064193221, 7039318.2347213299945 ], [ 258280.8342022082943, 7039301.505804922431707 ], [ 258303.178092030895641, 7039282.335520976223052 ], [ 258323.535373505059397, 7039261.067463002167642 ], [ 258341.709994881704915, 7039237.906454024836421 ], [ 258357.526924621750368, 7039213.075547222979367 ], [ 258370.833837045414839, 7039186.813877802342176 ], [ 258381.502579311694717, 7039159.374359996058047 ], [ 258389.430405600491213, 7039131.021251359954476 ], [ 258394.54096661080257, 7039102.02760782931 ], [ 258394.869166611140827, 7039099.423807830549777 ], [ 258397.100193545193179, 7039070.535052705556154 ], [ 258396.533919322391739, 7039041.565810614265501 ], [ 258393.175626259821001, 7039012.786312328651547 ], [ 258387.056641173898242, 7038984.465018655173481 ], [ 258378.234043157746783, 7038956.86611617449671 ], [ 258366.790131136134733, 7038930.247052865102887 ], [ 258363.542131136462558, 7038923.596952864900231 ], [ 258360.065754256997025, 7038916.705517964437604 ], [ 258358.753554256487405, 7038914.185417963191867 ], [ 258358.494420023343991, 7038913.735956249758601 ], [ 258354.961643516988261, 7038900.237197332084179 ], [ 258344.751978503598366, 7038872.623578602448106 ], [ 258331.884867875865893, 7038846.143649163655937 ], [ 258316.484228943008929, 7038821.052425210364163 ], [ 258298.698378276778385, 7038797.591548946686089 ], [ 258278.698603341850685, 7038775.986961434595287 ], [ 258256.6775129037851, 7038756.446726663038135 ], [ 258232.847182101511862, 7038739.159027774818242 ], [ 258210.058468477538554, 7038725.824239483103156 ], [ 258171.891656035091728, 7038725.824239483103156 ], [ 258171.891656035091728, 7038730.827430073171854 ], [ 258166.888465445168549, 7038730.827430073171854 ], [ 258166.888465445168549, 7038735.830620663240552 ], [ 258161.885274855216267, 7038735.830620663240552 ], [ 258161.885274855216267, 7038740.83381125330925 ], [ 258166.888465445168549, 7038740.83381125330925 ], [ 258166.888465445168549, 7038760.846573613584042 ], [ 258161.885274855216267, 7038760.846573613584042 ], [ 258161.885274855216267, 7038765.849764202721417 ], [ 258156.882084265263984, 7038765.849764202721417 ], [ 258156.882084265263984, 7038770.852954792790115 ], [ 258151.878893675311701, 7038770.852954792790115 ], [ 258151.878893675311701, 7038775.856145382858813 ], [ 258146.875703085359419, 7038775.856145382858813 ], [ 258146.875703085359419, 7038785.862526562996209 ], [ 258151.878893675311701, 7038785.862526562996209 ], [ 258151.878893675311701, 7038790.865717153064907 ], [ 258161.885274855216267, 7038790.865717153064907 ], [ 258161.885274855216267, 7038795.868907743133605 ], [ 258166.888465445168549, 7038795.868907743133605 ], [ 258166.888465445168549, 7038800.872098333202302 ], [ 258201.91079957477632, 7038800.872098333202302 ], [ 258201.91079957477632, 7038805.875288922339678 ], [ 258211.917180754680885, 7038805.875288922339678 ], [ 258211.917180754680885, 7038810.878479512408376 ], [ 258241.936324294365477, 7038810.878479512408376 ], [ 258241.936324294365477, 7038815.881670102477074 ], [ 258256.945896064193221, 7038815.881670102477074 ], [ 258256.945896064193221, 7038820.884860692545772 ], [ 258271.955467834050069, 7038820.884860692545772 ], [ 258271.955467834050069, 7038825.88805128261447 ], [ 258276.958658424002351, 7038825.88805128261447 ], [ 258276.958658424002351, 7038830.891241872683167 ], [ 258286.965039603877813, 7038830.891241872683167 ], [ 258286.965039603877813, 7038835.894432462751865 ], [ 258296.971420783782378, 7038835.894432462751865 ], [ 258296.971420783782378, 7038840.897623051889241 ], [ 258301.97461137373466, 7038840.897623051889241 ], [ 258301.97461137373466, 7038845.900813641957939 ], [ 258306.977801963686943, 7038845.900813641957939 ], [ 258306.977801963686943, 7038855.907194822095335 ], [ 258311.980992553610122, 7038855.907194822095335 ], [ 258311.980992553610122, 7038865.91357600223273 ], [ 258316.984183143562404, 7038865.91357600223273 ], [ 258316.984183143562404, 7038880.923147771507502 ], [ 258311.980992553610122, 7038880.923147771507502 ], [ 258311.980992553610122, 7038890.929528951644897 ], [ 258306.977801963686943, 7038890.929528951644897 ], [ 258306.977801963686943, 7038885.9263383615762 ], [ 258301.97461137373466, 7038885.9263383615762 ], [ 258301.97461137373466, 7038875.919957182370126 ], [ 258296.971420783782378, 7038875.919957182370126 ], [ 258296.971420783782378, 7038870.916766592301428 ], [ 258291.968230193830095, 7038870.916766592301428 ], [ 258291.968230193830095, 7038865.91357600223273 ], [ 258286.965039603877813, 7038865.91357600223273 ], [ 258286.965039603877813, 7038860.910385412164032 ], [ 258276.958658424002351, 7038860.910385412164032 ], [ 258276.958658424002351, 7038855.907194822095335 ], [ 258266.952277244097786, 7038855.907194822095335 ], [ 258266.952277244097786, 7038850.904004232026637 ], [ 258251.942705474270042, 7038850.904004232026637 ], [ 258251.942705474270042, 7038845.900813641957939 ], [ 258231.929943114460912, 7038845.900813641957939 ], [ 258231.929943114460912, 7038840.897623051889241 ], [ 258161.885274855216267, 7038840.897623051889241 ], [ 258161.885274855216267, 7038835.894432462751865 ], [ 258151.878893675311701, 7038835.894432462751865 ], [ 258151.878893675311701, 7038830.891241872683167 ], [ 258121.85975013562711, 7038830.891241872683167 ], [ 258121.85975013562711, 7038835.894432462751865 ], [ 258086.837416006019339, 7038835.894432462751865 ], [ 258086.837416006019339, 7038840.897623051889241 ], [ 258076.831034826114774, 7038840.897623051889241 ], [ 258076.831034826114774, 7038845.900813641957939 ], [ 258066.824653646210209, 7038845.900813641957939 ], [ 258066.824653646210209, 7038865.91357600223273 ], [ 258061.821463056257926, 7038865.91357600223273 ], [ 258061.821463056257926, 7038890.929528951644897 ], [ 258056.818272466334747, 7038890.929528951644897 ], [ 258056.818272466334747, 7038895.932719541713595 ], [ 258051.815081876382465, 7038895.932719541713595 ], [ 258051.815081876382465, 7038900.935910131782293 ], [ 258056.818272466334747, 7038900.935910131782293 ], [ 258056.818272466334747, 7038910.942291311919689 ], [ 258051.815081876382465, 7038910.942291311919689 ], [ 258051.815081876382465, 7038935.958244261331856 ], [ 258046.811891286430182, 7038935.958244261331856 ], [ 258046.811891286430182, 7038945.964625441469252 ], [ 258056.818272466334747, 7038945.964625441469252 ], [ 258056.818272466334747, 7038950.96781603153795 ], [ 258061.821463056257926, 7038950.96781603153795 ], [ 258061.821463056257926, 7038955.971006620675325 ], [ 258066.824653646210209, 7038955.971006620675325 ], [ 258066.824653646210209, 7038960.974197210744023 ], [ 258071.827844236162491, 7038960.974197210744023 ], [ 258071.827844236162491, 7038950.96781603153795 ], [ 258066.824653646210209, 7038950.96781603153795 ], [ 258066.824653646210209, 7038945.964625441469252 ], [ 258061.821463056257926, 7038945.964625441469252 ], [ 258061.821463056257926, 7038935.958244261331856 ], [ 258066.824653646210209, 7038935.958244261331856 ], [ 258066.824653646210209, 7038925.95186308119446 ], [ 258071.827844236162491, 7038925.95186308119446 ], [ 258071.827844236162491, 7038920.948672491125762 ], [ 258076.831034826114774, 7038920.948672491125762 ], [ 258076.831034826114774, 7038915.945481901988387 ], [ 258111.853368955751648, 7038915.945481901988387 ], [ 258111.853368955751648, 7038910.942291311919689 ], [ 258131.866131315531675, 7038910.942291311919689 ], [ 258131.866131315531675, 7038915.945481901988387 ], [ 258151.878893675311701, 7038915.945481901988387 ], [ 258151.878893675311701, 7038920.948672491125762 ], [ 258161.885274855216267, 7038920.948672491125762 ], [ 258161.885274855216267, 7038925.95186308119446 ], [ 258176.894846625044011, 7038925.95186308119446 ], [ 258176.894846625044011, 7038930.955053671263158 ], [ 258181.898037214996293, 7038930.955053671263158 ], [ 258181.898037214996293, 7038940.961434851400554 ], [ 258186.901227804948576, 7038940.961434851400554 ], [ 258186.901227804948576, 7038945.964625441469252 ], [ 258191.904418394900858, 7038945.964625441469252 ], [ 258191.904418394900858, 7038985.990150161087513 ], [ 258186.901227804948576, 7038985.990150161087513 ], [ 258186.901227804948576, 7038995.996531340293586 ], [ 258191.904418394900858, 7038995.996531340293586 ], [ 258191.904418394900858, 7039000.999721930362284 ], [ 258196.907608984853141, 7039000.999721930362284 ], [ 258196.907608984853141, 7039006.002912520430982 ], [ 258201.91079957477632, 7039006.002912520430982 ], [ 258201.91079957477632, 7039011.00610311049968 ], [ 258206.913990164728602, 7039011.00610311049968 ], [ 258206.913990164728602, 7039016.009293700568378 ], [ 258211.917180754680885, 7039016.009293700568378 ], [ 258211.917180754680885, 7039026.015674880705774 ], [ 258216.920371344633168, 7039026.015674880705774 ], [ 258216.920371344633168, 7039036.022056059911847 ], [ 258221.92356193458545, 7039036.022056059911847 ], [ 258221.92356193458545, 7039051.031627830117941 ], [ 258206.913990164728602, 7039051.031627830117941 ], [ 258206.913990164728602, 7039046.028437240049243 ], [ 258186.901227804948576, 7039046.028437240049243 ], [ 258186.901227804948576, 7039041.025246649980545 ], [ 258151.878893675311701, 7039041.025246649980545 ], [ 258151.878893675311701, 7039046.028437240049243 ], [ 258136.869321905483957, 7039046.028437240049243 ], [ 258136.869321905483957, 7039051.031627830117941 ], [ 258106.850178365799366, 7039051.031627830117941 ], [ 258106.850178365799366, 7039056.034818420186639 ], [ 258136.869321905483957, 7039056.034818420186639 ], [ 258136.869321905483957, 7039061.038009010255337 ], [ 258131.866131315531675, 7039061.038009010255337 ], [ 258131.866131315531675, 7039066.041199600324035 ], [ 258126.862940725579392, 7039066.041199600324035 ], [ 258126.862940725579392, 7039071.04439018946141 ], [ 258136.869321905483957, 7039071.04439018946141 ], [ 258136.869321905483957, 7039066.041199600324035 ], [ 258151.878893675311701, 7039066.041199600324035 ], [ 258151.878893675311701, 7039071.04439018946141 ], [ 258166.888465445168549, 7039071.04439018946141 ], [ 258166.888465445168549, 7039076.047580779530108 ], [ 258176.894846625044011, 7039076.047580779530108 ], [ 258176.894846625044011, 7039081.050771369598806 ], [ 258181.898037214996293, 7039081.050771369598806 ], [ 258181.898037214996293, 7039086.053961959667504 ], [ 258186.901227804948576, 7039086.053961959667504 ], [ 258186.901227804948576, 7039096.0603431398049 ], [ 258191.904418394900858, 7039096.0603431398049 ], [ 258191.904418394900858, 7039101.063533729873598 ], [ 258186.901227804948576, 7039101.063533729873598 ], [ 258186.901227804948576, 7039116.073105499148369 ], [ 258166.888465445168549, 7039116.073105499148369 ], [ 258166.888465445168549, 7039111.069914909079671 ], [ 258161.885274855216267, 7039111.069914909079671 ], [ 258161.885274855216267, 7039106.066724319942296 ], [ 258156.882084265263984, 7039106.066724319942296 ], [ 258156.882084265263984, 7039096.0603431398049 ], [ 258151.878893675311701, 7039096.0603431398049 ], [ 258151.878893675311701, 7039091.057152549736202 ], [ 258146.875703085359419, 7039091.057152549736202 ], [ 258146.875703085359419, 7039086.053961959667504 ], [ 258141.87251249543624, 7039086.053961959667504 ], [ 258141.87251249543624, 7039081.050771369598806 ], [ 258131.866131315531675, 7039081.050771369598806 ], [ 258131.866131315531675, 7039076.047580779530108 ], [ 258121.85975013562711, 7039076.047580779530108 ], [ 258121.85975013562711, 7039081.050771369598806 ], [ 258126.862940725579392, 7039081.050771369598806 ], [ 258126.862940725579392, 7039091.057152549736202 ], [ 258131.866131315531675, 7039091.057152549736202 ], [ 258131.866131315531675, 7039096.0603431398049 ], [ 258136.869321905483957, 7039096.0603431398049 ], [ 258136.869321905483957, 7039131.082677269354463 ], [ 258141.87251249543624, 7039131.082677269354463 ], [ 258141.87251249543624, 7039136.085867859423161 ], [ 258151.878893675311701, 7039136.085867859423161 ], [ 258151.878893675311701, 7039141.089058449491858 ], [ 258156.882084265263984, 7039141.089058449491858 ], [ 258156.882084265263984, 7039146.092249039560556 ], [ 258161.885274855216267, 7039146.092249039560556 ], [ 258161.885274855216267, 7039151.095439628697932 ], [ 258166.888465445168549, 7039151.095439628697932 ], [ 258166.888465445168549, 7039156.09863021876663 ], [ 258171.891656035091728, 7039156.09863021876663 ], [ 258171.891656035091728, 7039186.117773758247495 ], [ 258136.869321905483957, 7039186.117773758247495 ], [ 258136.869321905483957, 7039181.114583169110119 ], [ 258131.866131315531675, 7039181.114583169110119 ], [ 258131.866131315531675, 7039171.108201988972723 ], [ 258136.869321905483957, 7039171.108201988972723 ], [ 258136.869321905483957, 7039161.101820808835328 ], [ 258131.866131315531675, 7039161.101820808835328 ], [ 258131.866131315531675, 7039156.09863021876663 ], [ 258126.862940725579392, 7039156.09863021876663 ], [ 258126.862940725579392, 7039146.092249039560556 ], [ 258121.85975013562711, 7039146.092249039560556 ], [ 258121.85975013562711, 7039131.082677269354463 ], [ 258116.856559545674827, 7039131.082677269354463 ], [ 258116.856559545674827, 7039121.076296089217067 ], [ 258111.853368955751648, 7039121.076296089217067 ], [ 258111.853368955751648, 7039111.069914909079671 ], [ 258116.856559545674827, 7039111.069914909079671 ], [ 258116.856559545674827, 7039106.066724319942296 ], [ 258111.853368955751648, 7039106.066724319942296 ], [ 258111.853368955751648, 7039096.0603431398049 ], [ 258096.8437971858948, 7039096.0603431398049 ], [ 258096.8437971858948, 7039101.063533729873598 ], [ 258101.846987775847083, 7039101.063533729873598 ], [ 258101.846987775847083, 7039106.066724319942296 ], [ 258106.850178365799366, 7039106.066724319942296 ], [ 258106.850178365799366, 7039116.073105499148369 ], [ 258101.846987775847083, 7039116.073105499148369 ], [ 258101.846987775847083, 7039126.079486679285765 ], [ 258096.8437971858948, 7039126.079486679285765 ], [ 258096.8437971858948, 7039136.085867859423161 ], [ 258091.840606595942518, 7039136.085867859423161 ], [ 258091.840606595942518, 7039146.092249039560556 ], [ 258096.8437971858948, 7039146.092249039560556 ], [ 258096.8437971858948, 7039161.101820808835328 ], [ 258091.840606595942518, 7039161.101820808835328 ], [ 258091.840606595942518, 7039166.105011398904026 ], [ 258061.821463056257926, 7039166.105011398904026 ], [ 258061.821463056257926, 7039161.101820808835328 ], [ 258051.815081876382465, 7039161.101820808835328 ], [ 258051.815081876382465, 7039156.09863021876663 ], [ 258046.811891286430182, 7039156.09863021876663 ], [ 258046.811891286430182, 7039151.095439628697932 ], [ 258041.808700696477899, 7039151.095439628697932 ], [ 258041.808700696477899, 7039146.092249039560556 ], [ 258036.805510106525617, 7039146.092249039560556 ], [ 258036.805510106525617, 7039141.089058449491858 ], [ 258031.802319516602438, 7039141.089058449491858 ], [ 258031.802319516602438, 7039121.076296089217067 ], [ 258026.799128926650155, 7039121.076296089217067 ], [ 258026.799128926650155, 7039106.066724319942296 ], [ 258031.802319516602438, 7039106.066724319942296 ], [ 258031.802319516602438, 7039096.0603431398049 ], [ 258021.795938336697873, 7039096.0603431398049 ], [ 258021.795938336697873, 7039106.066724319942296 ], [ 258011.789557156793308, 7039106.066724319942296 ], [ 258011.789557156793308, 7039111.069914909079671 ], [ 257996.779985386965564, 7039111.069914909079671 ], [ 257996.779985386965564, 7039106.066724319942296 ], [ 257986.773604207060998, 7039106.066724319942296 ], [ 257986.773604207060998, 7039096.0603431398049 ], [ 257981.770413617108716, 7039096.0603431398049 ], [ 257981.770413617108716, 7039091.057152549736202 ], [ 257976.767223027185537, 7039091.057152549736202 ], [ 257976.767223027185537, 7039081.050771369598806 ], [ 257971.764032437233254, 7039081.050771369598806 ], [ 257971.764032437233254, 7039076.047580779530108 ], [ 257966.760841847280972, 7039076.047580779530108 ], [ 257966.760841847280972, 7039066.041199600324035 ], [ 257961.757651257328689, 7039066.041199600324035 ], [ 257961.757651257328689, 7039056.034818420186639 ], [ 257956.754460667376406, 7039056.034818420186639 ], [ 257956.754460667376406, 7039041.025246649980545 ], [ 257951.751270077424124, 7039041.025246649980545 ], [ 257951.751270077424124, 7038995.996531340293586 ], [ 257956.754460667376406, 7038995.996531340293586 ], [ 257956.754460667376406, 7038980.986959571018815 ], [ 257961.757651257328689, 7038980.986959571018815 ], [ 257961.757651257328689, 7038965.977387800812721 ], [ 257966.760841847280972, 7038965.977387800812721 ], [ 257966.760841847280972, 7038960.974197210744023 ], [ 257971.764032437233254, 7038960.974197210744023 ], [ 257971.764032437233254, 7038955.971006620675325 ], [ 257976.767223027185537, 7038955.971006620675325 ], [ 257976.767223027185537, 7038950.96781603153795 ], [ 257986.773604207060998, 7038950.96781603153795 ], [ 257986.773604207060998, 7038955.971006620675325 ], [ 257991.776794797013281, 7038955.971006620675325 ], [ 257991.776794797013281, 7038960.974197210744023 ], [ 257996.779985386965564, 7038960.974197210744023 ], [ 257996.779985386965564, 7038965.977387800812721 ], [ 258001.783175976917846, 7038965.977387800812721 ], [ 258001.783175976917846, 7038970.980578390881419 ], [ 258011.789557156793308, 7038970.980578390881419 ], [ 258011.789557156793308, 7038975.983768980950117 ], [ 258031.802319516602438, 7038975.983768980950117 ], [ 258031.802319516602438, 7038970.980578390881419 ], [ 258026.799128926650155, 7038970.980578390881419 ], [ 258026.799128926650155, 7038965.977387800812721 ], [ 258021.795938336697873, 7038965.977387800812721 ], [ 258021.795938336697873, 7038955.971006620675325 ], [ 258016.79274774674559, 7038955.971006620675325 ], [ 258016.79274774674559, 7038945.964625441469252 ], [ 258011.789557156793308, 7038945.964625441469252 ], [ 258011.789557156793308, 7038905.939100721850991 ], [ 258006.786366566841025, 7038905.939100721850991 ], [ 258006.786366566841025, 7038890.929528951644897 ], [ 258001.783175976917846, 7038890.929528951644897 ], [ 258001.783175976917846, 7038880.923147771507502 ], [ 257996.779985386965564, 7038880.923147771507502 ], [ 257996.779985386965564, 7038870.916766592301428 ], [ 257991.776794797013281, 7038870.916766592301428 ], [ 257991.776794797013281, 7038865.91357600223273 ], [ 257986.773604207060998, 7038865.91357600223273 ], [ 257986.773604207060998, 7038870.916766592301428 ], [ 257966.760841847280972, 7038870.916766592301428 ], [ 257966.760841847280972, 7038865.91357600223273 ], [ 257956.754460667376406, 7038865.91357600223273 ], [ 257956.754460667376406, 7038860.910385412164032 ], [ 257951.751270077424124, 7038860.910385412164032 ], [ 257951.751270077424124, 7038855.907194822095335 ], [ 257946.748079487500945, 7038855.907194822095335 ], [ 257946.748079487500945, 7038850.904004232026637 ], [ 257941.744888897548662, 7038850.904004232026637 ], [ 257941.744888897548662, 7038845.900813641957939 ], [ 257936.74169830759638, 7038845.900813641957939 ], [ 257936.74169830759638, 7038835.894432462751865 ], [ 257931.738507717644097, 7038835.894432462751865 ], [ 257931.738507717644097, 7038830.891241872683167 ], [ 257921.732126537768636, 7038830.891241872683167 ], [ 257921.732126537768636, 7038835.894432462751865 ], [ 257916.728935947816353, 7038835.894432462751865 ], [ 257916.728935947816353, 7038840.897623051889241 ], [ 257906.722554767911788, 7038840.897623051889241 ], [ 257906.722554767911788, 7038845.900813641957939 ], [ 257901.719364177959505, 7038845.900813641957939 ], [ 257901.719364177959505, 7038850.904004232026637 ], [ 257891.712982998084044, 7038850.904004232026637 ], [ 257891.712982998084044, 7038855.907194822095335 ], [ 257861.693839458399452, 7038855.907194822095335 ], [ 257861.693839458399452, 7038860.910385412164032 ], [ 257846.684267688542604, 7038860.910385412164032 ], [ 257846.684267688542604, 7038865.91357600223273 ], [ 257841.681077098590322, 7038865.91357600223273 ], [ 257841.681077098590322, 7038870.916766592301428 ], [ 257836.677886508667143, 7038870.916766592301428 ], [ 257836.677886508667143, 7038875.919957182370126 ], [ 257826.671505328762578, 7038875.919957182370126 ], [ 257826.671505328762578, 7038885.9263383615762 ], [ 257821.668314738810295, 7038885.9263383615762 ], [ 257821.668314738810295, 7038910.942291311919689 ], [ 257826.671505328762578, 7038910.942291311919689 ], [ 257826.671505328762578, 7038920.948672491125762 ], [ 257831.67469591871486, 7038920.948672491125762 ], [ 257831.67469591871486, 7038925.95186308119446 ], [ 257836.677886508667143, 7038925.95186308119446 ], [ 257836.677886508667143, 7038940.961434851400554 ], [ 257841.681077098590322, 7038940.961434851400554 ], [ 257841.681077098590322, 7038950.96781603153795 ], [ 257826.671505328762578, 7038950.96781603153795 ], [ 257826.671505328762578, 7038945.964625441469252 ], [ 257791.649171199125703, 7038945.964625441469252 ], [ 257791.649171199125703, 7038950.96781603153795 ], [ 257786.645980609173421, 7038950.96781603153795 ], [ 257786.645980609173421, 7038955.971006620675325 ], [ 257781.642790019250242, 7038955.971006620675325 ], [ 257781.642790019250242, 7038960.974197210744023 ], [ 257776.639599429297959, 7038960.974197210744023 ], [ 257776.639599429297959, 7038975.983768980950117 ], [ 257771.636408839345677, 7038975.983768980950117 ], [ 257771.636408839345677, 7039011.00610311049968 ], [ 257776.639599429297959, 7039011.00610311049968 ], [ 257776.639599429297959, 7039041.025246649980545 ], [ 257781.642790019250242, 7039041.025246649980545 ], [ 257781.642790019250242, 7039046.028437240049243 ], [ 257786.645980609173421, 7039046.028437240049243 ], [ 257786.645980609173421, 7039051.031627830117941 ], [ 257791.649171199125703, 7039051.031627830117941 ], [ 257791.649171199125703, 7039061.038009010255337 ], [ 257796.652361789077986, 7039061.038009010255337 ], [ 257796.652361789077986, 7039066.041199600324035 ], [ 257801.655552379030269, 7039066.041199600324035 ], [ 257801.655552379030269, 7039071.04439018946141 ], [ 257806.658742968982551, 7039071.04439018946141 ], [ 257806.658742968982551, 7039076.047580779530108 ], [ 257811.661933558934834, 7039076.047580779530108 ], [ 257811.661933558934834, 7039091.057152549736202 ], [ 257816.665124148858013, 7039091.057152549736202 ], [ 257816.665124148858013, 7039096.0603431398049 ], [ 257821.668314738810295, 7039096.0603431398049 ], [ 257821.668314738810295, 7039101.063533729873598 ], [ 257826.671505328762578, 7039101.063533729873598 ], [ 257826.671505328762578, 7039111.069914909079671 ], [ 257831.67469591871486, 7039111.069914909079671 ], [ 257831.67469591871486, 7039141.089058449491858 ], [ 257836.677886508667143, 7039141.089058449491858 ], [ 257836.677886508667143, 7039156.09863021876663 ], [ 257831.67469591871486, 7039156.09863021876663 ], [ 257831.67469591871486, 7039146.092249039560556 ], [ 257826.671505328762578, 7039146.092249039560556 ], [ 257826.671505328762578, 7039141.089058449491858 ], [ 257821.668314738810295, 7039141.089058449491858 ], [ 257821.668314738810295, 7039111.069914909079671 ], [ 257816.665124148858013, 7039111.069914909079671 ], [ 257816.665124148858013, 7039106.066724319942296 ], [ 257811.661933558934834, 7039106.066724319942296 ], [ 257811.661933558934834, 7039111.069914909079671 ], [ 257801.655552379030269, 7039111.069914909079671 ], [ 257801.655552379030269, 7039091.057152549736202 ], [ 257796.652361789077986, 7039091.057152549736202 ], [ 257796.652361789077986, 7039086.053961959667504 ], [ 257786.645980609173421, 7039086.053961959667504 ], [ 257786.645980609173421, 7039081.050771369598806 ], [ 257781.642790019250242, 7039081.050771369598806 ], [ 257781.642790019250242, 7039076.047580779530108 ], [ 257771.636408839345677, 7039076.047580779530108 ], [ 257771.636408839345677, 7039081.050771369598806 ], [ 257766.633218249393394, 7039081.050771369598806 ], [ 257766.633218249393394, 7039086.053961959667504 ], [ 257763.005716014100472, 7039086.053961959667504 ], [ 257763.349428692745278, 7039087.592850636690855 ], [ 257771.776508621114772, 7039113.770300566218793 ], [ 257773.052508620719891, 7039117.188300567679107 ], [ 257784.309536310378462, 7039143.451464539393783 ], [ 257798.014144522487186, 7039168.52452115342021 ], [ 257802.557876165927155, 7039175.230605453252792 ], [ 257810.576322558306856, 7039189.776719589717686 ], [ 257826.339914582815254, 7039212.954090991057456 ], [ 257844.19787550647743, 7039234.559058249928057 ], [ 257863.99430902529275, 7039254.403014471754432 ], [ 257867.526986958429916, 7039257.337296379730105 ], [ 257879.071079022687627, 7039270.792492030188441 ], [ 257900.339136996713933, 7039291.149773504585028 ], [ 257923.500145973433973, 7039309.324394880793989 ], [ 257948.331052775291028, 7039325.141324620693922 ], [ 257974.592722195840906, 7039338.448237044736743 ], [ 258002.032240002474282, 7039349.116979311220348 ], [ 258030.385348638723372, 7039357.044805600307882 ], [ 258059.37899216907681, 7039362.155366609804332 ], [ 258088.733945956744719, 7039364.399444845505059 ], [ 258118.167505749734119, 7039363.755428606644273 ], [ 258147.396210277249338, 7039360.22952012065798 ], [ 258151.878893675311701, 7039359.235449863597751 ], [ 258151.878893675311701, 7039356.226253816857934 ] ] ], [ [ [ 258462.076710252033081, 7038125.441368689760566 ], [ 258467.079900841985364, 7038125.441368689760566 ], [ 258467.079900841985364, 7038130.444559279829264 ], [ 258472.083091431937646, 7038130.444559279829264 ], [ 258472.083091431937646, 7038135.447749869897962 ], [ 258477.086282021860825, 7038135.447749869897962 ], [ 258477.086282021860825, 7038140.45094045996666 ], [ 258507.105425561545417, 7038140.45094045996666 ], [ 258507.105425561545417, 7038145.454131050035357 ], [ 258522.114997331402265, 7038145.454131050035357 ], [ 258522.114997331402265, 7038140.45094045996666 ], [ 258532.121378511277726, 7038140.45094045996666 ], [ 258532.121378511277726, 7038145.454131050035357 ], [ 258537.124569101230009, 7038145.454131050035357 ], [ 258537.124569101230009, 7038150.457321640104055 ], [ 258542.127759691182291, 7038150.457321640104055 ], [ 258542.127759691182291, 7038170.470083999447525 ], [ 258547.130950281134574, 7038170.470083999447525 ], [ 258547.130950281134574, 7038180.47646517958492 ], [ 258552.134140871086856, 7038180.47646517958492 ], [ 258552.134140871086856, 7038185.479655769653618 ], [ 258557.137331461010035, 7038185.479655769653618 ], [ 258557.137331461010035, 7038190.482846358790994 ], [ 258562.140522050962318, 7038190.482846358790994 ], [ 258562.140522050962318, 7038210.495608719065785 ], [ 258557.137331461010035, 7038210.495608719065785 ], [ 258557.137331461010035, 7038225.505180489271879 ], [ 258562.140522050962318, 7038225.505180489271879 ], [ 258562.140522050962318, 7038235.511561668477952 ], [ 258567.1437126409146, 7038235.511561668477952 ], [ 258567.1437126409146, 7038255.524324028752744 ], [ 258562.140522050962318, 7038255.524324028752744 ], [ 258562.140522050962318, 7038260.527514618821442 ], [ 258557.137331461010035, 7038260.527514618821442 ], [ 258557.137331461010035, 7038285.543467568233609 ], [ 258552.134140871086856, 7038285.543467568233609 ], [ 258552.134140871086856, 7038310.559420517645776 ], [ 258547.130950281134574, 7038310.559420517645776 ], [ 258547.130950281134574, 7038320.565801697783172 ], [ 258542.127759691182291, 7038320.565801697783172 ], [ 258542.127759691182291, 7038330.572182877920568 ], [ 258537.124569101230009, 7038330.572182877920568 ], [ 258537.124569101230009, 7038355.588135827332735 ], [ 258532.121378511277726, 7038355.588135827332735 ], [ 258532.121378511277726, 7038360.591326417401433 ], [ 258527.118187921354547, 7038360.591326417401433 ], [ 258527.118187921354547, 7038365.594517007470131 ], [ 258517.111806741449982, 7038365.594517007470131 ], [ 258517.111806741449982, 7038370.597707597538829 ], [ 258507.105425561545417, 7038370.597707597538829 ], [ 258507.105425561545417, 7038375.600898187607527 ], [ 258502.102234971593134, 7038375.600898187607527 ], [ 258502.102234971593134, 7038360.591326417401433 ], [ 258497.099044381669955, 7038360.591326417401433 ], [ 258497.099044381669955, 7038355.588135827332735 ], [ 258492.095853791717673, 7038355.588135827332735 ], [ 258492.095853791717673, 7038350.584945237264037 ], [ 258487.09266320176539, 7038350.584945237264037 ], [ 258487.09266320176539, 7038345.581754647195339 ], [ 258482.089472611813108, 7038345.581754647195339 ], [ 258482.089472611813108, 7038340.578564058057964 ], [ 258477.086282021860825, 7038340.578564058057964 ], [ 258477.086282021860825, 7038335.575373467989266 ], [ 258472.083091431937646, 7038335.575373467989266 ], [ 258472.083091431937646, 7038340.578564058057964 ], [ 258447.067138482176233, 7038340.578564058057964 ], [ 258447.067138482176233, 7038345.581754647195339 ], [ 258442.063947892253054, 7038345.581754647195339 ], [ 258442.063947892253054, 7038350.584945237264037 ], [ 258437.060757302300772, 7038350.584945237264037 ], [ 258437.060757302300772, 7038365.594517007470131 ], [ 258442.063947892253054, 7038365.594517007470131 ], [ 258442.063947892253054, 7038370.597707597538829 ], [ 258447.067138482176233, 7038370.597707597538829 ], [ 258447.067138482176233, 7038375.600898187607527 ], [ 258472.083091431937646, 7038375.600898187607527 ], [ 258472.083091431937646, 7038385.6072793668136 ], [ 258477.086282021860825, 7038385.6072793668136 ], [ 258477.086282021860825, 7038380.604088777676225 ], [ 258492.095853791717673, 7038380.604088777676225 ], [ 258492.095853791717673, 7038375.600898187607527 ], [ 258497.099044381669955, 7038375.600898187607527 ], [ 258497.099044381669955, 7038395.613660546950996 ], [ 258502.102234971593134, 7038395.613660546950996 ], [ 258502.102234971593134, 7038400.616851137019694 ], [ 258522.114997331402265, 7038400.616851137019694 ], [ 258522.114997331402265, 7038405.620041727088392 ], [ 258527.118187921354547, 7038405.620041727088392 ], [ 258527.118187921354547, 7038410.62323231715709 ], [ 258532.121378511277726, 7038410.62323231715709 ], [ 258532.121378511277726, 7038415.626422907225788 ], [ 258537.124569101230009, 7038415.626422907225788 ], [ 258537.124569101230009, 7038420.629613496363163 ], [ 258542.127759691182291, 7038420.629613496363163 ], [ 258542.127759691182291, 7038425.632804086431861 ], [ 258562.140522050962318, 7038425.632804086431861 ], [ 258562.140522050962318, 7038430.635994676500559 ], [ 258577.150093820819166, 7038430.635994676500559 ], [ 258577.150093820819166, 7038435.639185266569257 ], [ 258582.153284410771448, 7038435.639185266569257 ], [ 258582.153284410771448, 7038465.658328806050122 ], [ 258587.156475000694627, 7038465.658328806050122 ], [ 258587.156475000694627, 7038480.667900576256216 ], [ 258592.15966559064691, 7038480.667900576256216 ], [ 258592.15966559064691, 7038485.671091166324914 ], [ 258597.162856180599192, 7038485.671091166324914 ], [ 258597.162856180599192, 7038490.674281756393611 ], [ 258622.178809130331501, 7038490.674281756393611 ], [ 258622.178809130331501, 7038500.680662935599685 ], [ 258617.175618540379219, 7038500.680662935599685 ], [ 258617.175618540379219, 7038510.687044115737081 ], [ 258612.172427950426936, 7038510.687044115737081 ], [ 258612.172427950426936, 7038515.690234705805779 ], [ 258602.166046770551475, 7038515.690234705805779 ], [ 258602.166046770551475, 7038520.693425295874476 ], [ 258592.15966559064691, 7038520.693425295874476 ], [ 258592.15966559064691, 7038525.696615885943174 ], [ 258572.146903230866883, 7038525.696615885943174 ], [ 258572.146903230866883, 7038520.693425295874476 ], [ 258567.1437126409146, 7038520.693425295874476 ], [ 258567.1437126409146, 7038515.690234705805779 ], [ 258562.140522050962318, 7038515.690234705805779 ], [ 258562.140522050962318, 7038510.687044115737081 ], [ 258557.137331461010035, 7038510.687044115737081 ], [ 258557.137331461010035, 7038505.683853525668383 ], [ 258552.134140871086856, 7038505.683853525668383 ], [ 258552.134140871086856, 7038495.677472346462309 ], [ 258547.130950281134574, 7038495.677472346462309 ], [ 258547.130950281134574, 7038490.674281756393611 ], [ 258537.124569101230009, 7038490.674281756393611 ], [ 258537.124569101230009, 7038485.671091166324914 ], [ 258522.114997331402265, 7038485.671091166324914 ], [ 258522.114997331402265, 7038480.667900576256216 ], [ 258517.111806741449982, 7038480.667900576256216 ], [ 258517.111806741449982, 7038475.664709986187518 ], [ 258507.105425561545417, 7038475.664709986187518 ], [ 258507.105425561545417, 7038455.651947626844049 ], [ 258502.102234971593134, 7038455.651947626844049 ], [ 258502.102234971593134, 7038450.648757036775351 ], [ 258497.099044381669955, 7038450.648757036775351 ], [ 258497.099044381669955, 7038445.645566446706653 ], [ 258482.089472611813108, 7038445.645566446706653 ], [ 258482.089472611813108, 7038440.642375856637955 ], [ 258462.076710252033081, 7038440.642375856637955 ], [ 258462.076710252033081, 7038445.645566446706653 ], [ 258457.073519662080798, 7038445.645566446706653 ], [ 258457.073519662080798, 7038450.648757036775351 ], [ 258447.067138482176233, 7038450.648757036775351 ], [ 258447.067138482176233, 7038470.66151939611882 ], [ 258457.073519662080798, 7038470.66151939611882 ], [ 258457.073519662080798, 7038475.664709986187518 ], [ 258462.076710252033081, 7038475.664709986187518 ], [ 258462.076710252033081, 7038480.667900576256216 ], [ 258472.083091431937646, 7038480.667900576256216 ], [ 258472.083091431937646, 7038485.671091166324914 ], [ 258477.086282021860825, 7038485.671091166324914 ], [ 258477.086282021860825, 7038495.677472346462309 ], [ 258482.089472611813108, 7038495.677472346462309 ], [ 258482.089472611813108, 7038540.706187655217946 ], [ 258477.086282021860825, 7038540.706187655217946 ], [ 258477.086282021860825, 7038545.709378245286644 ], [ 258482.089472611813108, 7038545.709378245286644 ], [ 258482.089472611813108, 7038550.712568835355341 ], [ 258487.09266320176539, 7038550.712568835355341 ], [ 258487.09266320176539, 7038560.718950015492737 ], [ 258492.095853791717673, 7038560.718950015492737 ], [ 258492.095853791717673, 7038565.722140605561435 ], [ 258497.099044381669955, 7038565.722140605561435 ], [ 258497.099044381669955, 7038575.728521784767509 ], [ 258502.102234971593134, 7038575.728521784767509 ], [ 258502.102234971593134, 7038580.731712374836206 ], [ 258507.105425561545417, 7038580.731712374836206 ], [ 258507.105425561545417, 7038585.734902964904904 ], [ 258512.108616151497699, 7038585.734902964904904 ], [ 258512.108616151497699, 7038600.744474735110998 ], [ 258517.111806741449982, 7038600.744474735110998 ], [ 258517.111806741449982, 7038610.750855915248394 ], [ 258522.114997331402265, 7038610.750855915248394 ], [ 258522.114997331402265, 7038620.757237094454467 ], [ 258527.118187921354547, 7038620.757237094454467 ], [ 258527.118187921354547, 7038645.773190044797957 ], [ 258522.114997331402265, 7038645.773190044797957 ], [ 258522.114997331402265, 7038650.776380633935332 ], [ 258462.076710252033081, 7038650.776380633935332 ], [ 258462.076710252033081, 7038655.77957122400403 ], [ 258457.073519662080798, 7038655.77957122400403 ], [ 258457.073519662080798, 7038660.782761814072728 ], [ 258462.076710252033081, 7038660.782761814072728 ], [ 258462.076710252033081, 7038665.785952404141426 ], [ 258457.073519662080798, 7038665.785952404141426 ], [ 258457.073519662080798, 7038670.789142994210124 ], [ 258437.060757302300772, 7038670.789142994210124 ], [ 258437.060757302300772, 7038665.785952404141426 ], [ 258427.054376122396206, 7038665.785952404141426 ], [ 258427.054376122396206, 7038680.79552417434752 ], [ 258417.047994942520745, 7038680.79552417434752 ], [ 258417.047994942520745, 7038690.801905353553593 ], [ 258412.044804352568462, 7038690.801905353553593 ], [ 258412.044804352568462, 7038720.821048893965781 ], [ 258407.04161376261618, 7038720.821048893965781 ], [ 258407.04161376261618, 7038745.837001843377948 ], [ 258412.044804352568462, 7038745.837001843377948 ], [ 258412.044804352568462, 7038751.1957445461303 ], [ 258412.42431737240986, 7038751.464431229047477 ], [ 258428.010990572860464, 7038761.785789876244962 ], [ 258432.823390573030338, 7038764.761089875362813 ], [ 258457.892541146662552, 7038778.650779085233808 ], [ 258484.172700552240713, 7038790.084894635714591 ], [ 258511.424022687919205, 7038798.959082975052297 ], [ 258514.322822687536245, 7038799.752082976512611 ], [ 258539.495731178176356, 7038805.486667320132256 ], [ 258565.068479624489555, 7038809.035655397921801 ], [ 258590.851670347241452, 7038810.372762584127486 ], [ 258595.549270347779384, 7038810.413962584920228 ], [ 258627.407555907877395, 7038808.99838475883007 ], [ 258658.935588343389099, 7038804.209085211157799 ], [ 258661.696188343077665, 7038803.63818521052599 ], [ 258688.615321045101155, 7038796.757363832555711 ], [ 258714.782416261354228, 7038787.415600819513202 ], [ 258739.97302270642831, 7038775.693026222288609 ], [ 258742.971522706182441, 7038774.124826222658157 ], [ 258768.90198105527088, 7038758.860434672795236 ], [ 258773.10468105552718, 7038756.093634671531618 ], [ 258786.781764596118592, 7038746.533853174187243 ], [ 258788.614064596011303, 7038745.175753173418343 ], [ 258815.354064969025785, 7038722.837500550784171 ], [ 258832.31281390809454, 7038704.945962027646601 ], [ 258832.31281390809454, 7038685.798714764416218 ], [ 258827.309623318171361, 7038685.798714764416218 ], [ 258827.309623318171361, 7038660.782761814072728 ], [ 258822.306432728219079, 7038660.782761814072728 ], [ 258822.306432728219079, 7038635.766808864660561 ], [ 258817.303242138266796, 7038635.766808864660561 ], [ 258817.303242138266796, 7038625.760427684523165 ], [ 258812.300051548314514, 7038625.760427684523165 ], [ 258812.300051548314514, 7038615.754046504385769 ], [ 258807.296860958362231, 7038615.754046504385769 ], [ 258807.296860958362231, 7038610.750855915248394 ], [ 258802.293670368439052, 7038610.750855915248394 ], [ 258802.293670368439052, 7038600.744474735110998 ], [ 258797.29047977848677, 7038600.744474735110998 ], [ 258797.29047977848677, 7038590.738093554973602 ], [ 258792.287289188534487, 7038590.738093554973602 ], [ 258792.287289188534487, 7038575.728521784767509 ], [ 258787.284098598582204, 7038575.728521784767509 ], [ 258787.284098598582204, 7038540.706187655217946 ], [ 258792.287289188534487, 7038540.706187655217946 ], [ 258792.287289188534487, 7038535.702997065149248 ], [ 258797.29047977848677, 7038535.702997065149248 ], [ 258797.29047977848677, 7038525.696615885943174 ], [ 258802.293670368439052, 7038525.696615885943174 ], [ 258802.293670368439052, 7038520.693425295874476 ], [ 258807.296860958362231, 7038520.693425295874476 ], [ 258807.296860958362231, 7038510.687044115737081 ], [ 258817.303242138266796, 7038510.687044115737081 ], [ 258817.303242138266796, 7038505.683853525668383 ], [ 258837.316004498046823, 7038505.683853525668383 ], [ 258837.316004498046823, 7038500.680662935599685 ], [ 258857.328766857855953, 7038500.680662935599685 ], [ 258857.328766857855953, 7038505.683853525668383 ], [ 258882.344719807588262, 7038505.683853525668383 ], [ 258882.344719807588262, 7038500.680662935599685 ], [ 258897.354291577416006, 7038500.680662935599685 ], [ 258897.354291577416006, 7038505.683853525668383 ], [ 258902.357482167368289, 7038505.683853525668383 ], [ 258902.357482167368289, 7038510.687044115737081 ], [ 258907.360672757320572, 7038510.687044115737081 ], [ 258907.360672757320572, 7038535.702997065149248 ], [ 258912.363863347272854, 7038535.702997065149248 ], [ 258912.363863347272854, 7038540.706187655217946 ], [ 258916.478838481532875, 7038540.706187655217946 ], [ 258919.914631305204239, 7038515.641970427706838 ], [ 258921.034745697019389, 7038486.22268181014806 ], [ 258919.265871891053393, 7038456.835264698602259 ], [ 258917.479668432672042, 7038445.645566446706653 ], [ 258897.354291577416006, 7038445.645566446706653 ], [ 258897.354291577416006, 7038450.648757036775351 ], [ 258882.344719807588262, 7038450.648757036775351 ], [ 258882.344719807588262, 7038455.651947626844049 ], [ 258852.325576267903671, 7038455.651947626844049 ], [ 258852.325576267903671, 7038450.648757036775351 ], [ 258832.31281390809454, 7038450.648757036775351 ], [ 258832.31281390809454, 7038455.651947626844049 ], [ 258807.296860958362231, 7038455.651947626844049 ], [ 258807.296860958362231, 7038450.648757036775351 ], [ 258797.29047977848677, 7038450.648757036775351 ], [ 258797.29047977848677, 7038445.645566446706653 ], [ 258792.287289188534487, 7038445.645566446706653 ], [ 258792.287289188534487, 7038440.642375856637955 ], [ 258752.26176446894533, 7038440.642375856637955 ], [ 258752.26176446894533, 7038435.639185266569257 ], [ 258747.258573879022151, 7038435.639185266569257 ], [ 258747.258573879022151, 7038415.626422907225788 ], [ 258742.255383289069869, 7038415.626422907225788 ], [ 258742.255383289069869, 7038395.613660546950996 ], [ 258737.252192699117586, 7038395.613660546950996 ], [ 258737.252192699117586, 7038390.610469956882298 ], [ 258732.249002109165303, 7038390.610469956882298 ], [ 258732.249002109165303, 7038385.6072793668136 ], [ 258727.245811519213021, 7038385.6072793668136 ], [ 258727.245811519213021, 7038370.597707597538829 ], [ 258722.242620929260738, 7038370.597707597538829 ], [ 258722.242620929260738, 7038360.591326417401433 ], [ 258717.239430339337559, 7038360.591326417401433 ], [ 258717.239430339337559, 7038350.584945237264037 ], [ 258712.236239749385277, 7038350.584945237264037 ], [ 258712.236239749385277, 7038345.581754647195339 ], [ 258707.233049159432994, 7038345.581754647195339 ], [ 258707.233049159432994, 7038340.578564058057964 ], [ 258702.229858569480712, 7038340.578564058057964 ], [ 258702.229858569480712, 7038330.572182877920568 ], [ 258697.226667979528429, 7038330.572182877920568 ], [ 258697.226667979528429, 7038315.562611107714474 ], [ 258702.229858569480712, 7038315.562611107714474 ], [ 258702.229858569480712, 7038295.549848748371005 ], [ 258697.226667979528429, 7038295.549848748371005 ], [ 258697.226667979528429, 7038265.53070520889014 ], [ 258702.229858569480712, 7038265.53070520889014 ], [ 258702.229858569480712, 7038260.527514618821442 ], [ 258707.233049159432994, 7038260.527514618821442 ], [ 258707.233049159432994, 7038255.524324028752744 ], [ 258712.236239749385277, 7038255.524324028752744 ], [ 258712.236239749385277, 7038250.521133438684046 ], [ 258717.239430339337559, 7038250.521133438684046 ], [ 258717.239430339337559, 7038245.517942848615348 ], [ 258722.242620929260738, 7038245.517942848615348 ], [ 258722.242620929260738, 7038240.51475225854665 ], [ 258727.245811519213021, 7038240.51475225854665 ], [ 258727.245811519213021, 7038235.511561668477952 ], [ 258732.249002109165303, 7038235.511561668477952 ], [ 258732.249002109165303, 7038225.505180489271879 ], [ 258752.26176446894533, 7038225.505180489271879 ], [ 258752.26176446894533, 7038220.501989899203181 ], [ 258753.212758097215556, 7038220.501989899203181 ], [ 258732.793540360697079, 7038211.118645511567593 ], [ 258726.718183975375723, 7038209.020155411213636 ], [ 258717.484031161817256, 7038202.84907554090023 ], [ 258691.520791841030587, 7038188.968895319849253 ], [ 258664.32207704152097, 7038177.700394432060421 ], [ 258636.149825255095493, 7038169.152094701305032 ], [ 258607.275350666983286, 7038163.406320926733315 ], [ 258601.737745028076461, 7038162.860488993115723 ], [ 258599.377894715726143, 7038161.050320758484304 ], [ 258574.374345511809224, 7038145.507742908783257 ], [ 258547.967756197293056, 7038132.490783210843801 ], [ 258520.412436662620166, 7038122.124802102334797 ], [ 258491.973759698157664, 7038114.509629647247493 ], [ 258462.925605309195817, 7038109.71860412042588 ], [ 258462.076710252033081, 7038109.663103001192212 ], [ 258462.076710252033081, 7038125.441368689760566 ] ], [ [ 258687.220286799652968, 7038490.674281756393611 ], [ 258682.217096209700685, 7038490.674281756393611 ], [ 258682.217096209700685, 7038485.671091166324914 ], [ 258677.213905619748402, 7038485.671091166324914 ], [ 258677.213905619748402, 7038480.667900576256216 ], [ 258672.21071502979612, 7038480.667900576256216 ], [ 258672.21071502979612, 7038475.664709986187518 ], [ 258682.217096209700685, 7038475.664709986187518 ], [ 258682.217096209700685, 7038480.667900576256216 ], [ 258692.22347738960525, 7038480.667900576256216 ], [ 258692.22347738960525, 7038485.671091166324914 ], [ 258702.229858569480712, 7038485.671091166324914 ], [ 258702.229858569480712, 7038490.674281756393611 ], [ 258712.236239749385277, 7038490.674281756393611 ], [ 258712.236239749385277, 7038495.677472346462309 ], [ 258687.220286799652968, 7038495.677472346462309 ], [ 258687.220286799652968, 7038490.674281756393611 ] ], [ [ 258657.201143259968376, 7038475.664709986187518 ], [ 258662.204333849920658, 7038475.664709986187518 ], [ 258662.204333849920658, 7038480.667900576256216 ], [ 258657.201143259968376, 7038480.667900576256216 ], [ 258657.201143259968376, 7038475.664709986187518 ] ], [ [ 258592.15966559064691, 7038450.648757036775351 ], [ 258602.166046770551475, 7038450.648757036775351 ], [ 258602.166046770551475, 7038445.645566446706653 ], [ 258607.169237360503757, 7038445.645566446706653 ], [ 258607.169237360503757, 7038440.642375856637955 ], [ 258612.172427950426936, 7038440.642375856637955 ], [ 258612.172427950426936, 7038435.639185266569257 ], [ 258622.178809130331501, 7038435.639185266569257 ], [ 258622.178809130331501, 7038430.635994676500559 ], [ 258627.181999720283784, 7038430.635994676500559 ], [ 258627.181999720283784, 7038445.645566446706653 ], [ 258622.178809130331501, 7038445.645566446706653 ], [ 258622.178809130331501, 7038450.648757036775351 ], [ 258617.175618540379219, 7038450.648757036775351 ], [ 258617.175618540379219, 7038455.651947626844049 ], [ 258607.169237360503757, 7038455.651947626844049 ], [ 258607.169237360503757, 7038460.655138215981424 ], [ 258592.15966559064691, 7038460.655138215981424 ], [ 258592.15966559064691, 7038450.648757036775351 ] ] ], [ [ [ 258772.27452682875446, 7036524.420379906892776 ], [ 258772.27452682875446, 7036529.423570496961474 ], [ 258767.271336238802178, 7036529.423570496961474 ], [ 258767.271336238802178, 7036539.42995167709887 ], [ 258762.268145648849895, 7036539.42995167709887 ], [ 258762.268145648849895, 7036549.436332856304944 ], [ 258757.264955058897613, 7036549.436332856304944 ], [ 258757.264955058897613, 7036554.439523446373641 ], [ 258752.26176446894533, 7036554.439523446373641 ], [ 258752.26176446894533, 7036564.445904626511037 ], [ 258747.258573879022151, 7036564.445904626511037 ], [ 258747.258573879022151, 7036569.449095216579735 ], [ 258742.255383289069869, 7036569.449095216579735 ], [ 258742.255383289069869, 7036574.452285806648433 ], [ 258737.252192699117586, 7036574.452285806648433 ], [ 258737.252192699117586, 7036579.455476396717131 ], [ 258732.249002109165303, 7036579.455476396717131 ], [ 258732.249002109165303, 7036584.458666985854506 ], [ 258727.245811519213021, 7036584.458666985854506 ], [ 258727.245811519213021, 7036594.465048165991902 ], [ 258722.242620929260738, 7036594.465048165991902 ], [ 258722.242620929260738, 7036609.474619936197996 ], [ 258717.239430339337559, 7036609.474619936197996 ], [ 258717.239430339337559, 7036639.493763475678861 ], [ 258712.236239749385277, 7036639.493763475678861 ], [ 258712.236239749385277, 7036659.50652583502233 ], [ 258707.233049159432994, 7036659.50652583502233 ], [ 258707.233049159432994, 7036664.509716425091028 ], [ 258712.236239749385277, 7036664.509716425091028 ], [ 258712.236239749385277, 7036699.532050554640591 ], [ 258707.233049159432994, 7036699.532050554640591 ], [ 258707.233049159432994, 7036704.535241144709289 ], [ 258702.229858569480712, 7036704.535241144709289 ], [ 258702.229858569480712, 7036709.538431734777987 ], [ 258697.226667979528429, 7036709.538431734777987 ], [ 258697.226667979528429, 7036714.541622324846685 ], [ 258692.22347738960525, 7036714.541622324846685 ], [ 258692.22347738960525, 7036719.544812914915383 ], [ 258687.220286799652968, 7036719.544812914915383 ], [ 258687.220286799652968, 7036724.548003504984081 ], [ 258682.217096209700685, 7036724.548003504984081 ], [ 258682.217096209700685, 7036729.551194095052779 ], [ 258677.213905619748402, 7036729.551194095052779 ], [ 258677.213905619748402, 7036734.554384685121477 ], [ 258667.207524439843837, 7036734.554384685121477 ], [ 258667.207524439843837, 7036739.557575274258852 ], [ 258662.204333849920658, 7036739.557575274258852 ], [ 258662.204333849920658, 7036744.56076586432755 ], [ 258657.201143259968376, 7036744.56076586432755 ], [ 258657.201143259968376, 7036754.567147044464946 ], [ 258652.197952670016093, 7036754.567147044464946 ], [ 258652.197952670016093, 7036764.573528224602342 ], [ 258647.194762080063811, 7036764.573528224602342 ], [ 258647.194762080063811, 7036789.589481174014509 ], [ 258652.197952670016093, 7036789.589481174014509 ], [ 258652.197952670016093, 7036794.592671764083207 ], [ 258697.226667979528429, 7036794.592671764083207 ], [ 258697.226667979528429, 7036799.595862354151905 ], [ 258702.229858569480712, 7036799.595862354151905 ], [ 258702.229858569480712, 7036804.599052944220603 ], [ 258757.264955058897613, 7036804.599052944220603 ], [ 258757.264955058897613, 7036799.595862354151905 ], [ 258767.271336238802178, 7036799.595862354151905 ], [ 258767.271336238802178, 7036794.592671764083207 ], [ 258802.293670368439052, 7036794.592671764083207 ], [ 258802.293670368439052, 7036799.595862354151905 ], [ 258807.296860958362231, 7036799.595862354151905 ], [ 258807.296860958362231, 7036809.6022435342893 ], [ 258802.293670368439052, 7036809.6022435342893 ], [ 258802.293670368439052, 7036814.605434123426676 ], [ 258797.29047977848677, 7036814.605434123426676 ], [ 258797.29047977848677, 7036809.6022435342893 ], [ 258772.27452682875446, 7036809.6022435342893 ], [ 258772.27452682875446, 7036814.605434123426676 ], [ 258757.264955058897613, 7036814.605434123426676 ], [ 258757.264955058897613, 7036819.608624713495374 ], [ 258752.26176446894533, 7036819.608624713495374 ], [ 258752.26176446894533, 7036824.611815303564072 ], [ 258747.258573879022151, 7036824.611815303564072 ], [ 258747.258573879022151, 7036829.61500589363277 ], [ 258742.255383289069869, 7036829.61500589363277 ], [ 258742.255383289069869, 7036834.618196483701468 ], [ 258732.249002109165303, 7036834.618196483701468 ], [ 258732.249002109165303, 7036839.621387073770165 ], [ 258727.245811519213021, 7036839.621387073770165 ], [ 258727.245811519213021, 7036844.624577663838863 ], [ 258722.242620929260738, 7036844.624577663838863 ], [ 258722.242620929260738, 7036854.630958843044937 ], [ 258717.239430339337559, 7036854.630958843044937 ], [ 258717.239430339337559, 7036859.634149433113635 ], [ 258712.236239749385277, 7036859.634149433113635 ], [ 258712.236239749385277, 7036889.6532929725945 ], [ 258717.239430339337559, 7036889.6532929725945 ], [ 258717.239430339337559, 7036894.656483562663198 ], [ 258722.242620929260738, 7036894.656483562663198 ], [ 258722.242620929260738, 7036899.659674152731895 ], [ 258727.245811519213021, 7036899.659674152731895 ], [ 258727.245811519213021, 7036904.662864742800593 ], [ 258732.249002109165303, 7036904.662864742800593 ], [ 258732.249002109165303, 7036909.666055332869291 ], [ 258737.252192699117586, 7036909.666055332869291 ], [ 258737.252192699117586, 7036914.669245922937989 ], [ 258742.255383289069869, 7036914.669245922937989 ], [ 258742.255383289069869, 7036919.672436513006687 ], [ 258747.258573879022151, 7036919.672436513006687 ], [ 258747.258573879022151, 7036924.675627103075385 ], [ 258752.26176446894533, 7036924.675627103075385 ], [ 258752.26176446894533, 7036939.685198872350156 ], [ 258757.264955058897613, 7036939.685198872350156 ], [ 258757.264955058897613, 7036959.697961232624948 ], [ 258752.26176446894533, 7036959.697961232624948 ], [ 258752.26176446894533, 7036974.707533001899719 ], [ 258747.258573879022151, 7036974.707533001899719 ], [ 258747.258573879022151, 7036984.713914182037115 ], [ 258742.255383289069869, 7036984.713914182037115 ], [ 258742.255383289069869, 7036994.720295362174511 ], [ 258737.252192699117586, 7036994.720295362174511 ], [ 258737.252192699117586, 7037004.726676541380584 ], [ 258732.249002109165303, 7037004.726676541380584 ], [ 258732.249002109165303, 7037019.736248311586678 ], [ 258727.245811519213021, 7037019.736248311586678 ], [ 258727.245811519213021, 7037029.742629491724074 ], [ 258712.236239749385277, 7037029.742629491724074 ], [ 258712.236239749385277, 7037039.74901067186147 ], [ 258707.233049159432994, 7037039.74901067186147 ], [ 258707.233049159432994, 7037044.752201260998845 ], [ 258702.229858569480712, 7037044.752201260998845 ], [ 258702.229858569480712, 7037049.755391851067543 ], [ 258697.226667979528429, 7037049.755391851067543 ], [ 258697.226667979528429, 7037044.752201260998845 ], [ 258682.217096209700685, 7037044.752201260998845 ], [ 258682.217096209700685, 7037039.74901067186147 ], [ 258672.21071502979612, 7037039.74901067186147 ], [ 258672.21071502979612, 7037044.752201260998845 ], [ 258662.204333849920658, 7037044.752201260998845 ], [ 258662.204333849920658, 7037049.755391851067543 ], [ 258657.201143259968376, 7037049.755391851067543 ], [ 258657.201143259968376, 7037054.758582441136241 ], [ 258652.197952670016093, 7037054.758582441136241 ], [ 258652.197952670016093, 7037059.761773031204939 ], [ 258642.191571490111528, 7037059.761773031204939 ], [ 258642.191571490111528, 7037064.764963621273637 ], [ 258637.188380900188349, 7037064.764963621273637 ], [ 258637.188380900188349, 7037074.771344801411033 ], [ 258632.185190310236067, 7037074.771344801411033 ], [ 258632.185190310236067, 7037089.780916570685804 ], [ 258627.181999720283784, 7037089.780916570685804 ], [ 258627.181999720283784, 7037094.784107160754502 ], [ 258622.178809130331501, 7037094.784107160754502 ], [ 258622.178809130331501, 7037109.793678930960596 ], [ 258627.181999720283784, 7037109.793678930960596 ], [ 258627.181999720283784, 7037114.796869521029294 ], [ 258632.185190310236067, 7037114.796869521029294 ], [ 258632.185190310236067, 7037118.639815255999565 ], [ 258646.585957275528926, 7037120.837905683554709 ], [ 258675.984763699467294, 7037122.40614668931812 ], [ 258705.395721333712572, 7037121.085249251686037 ], [ 258734.535586578567745, 7037116.887934333644807 ], [ 258770.996786578354659, 7037109.7946343338117 ], [ 258799.584926602081396, 7037102.761324374936521 ], [ 258822.178886482870439, 7037094.784107160754502 ], [ 258817.303242138266796, 7037094.784107160754502 ], [ 258817.303242138266796, 7037074.771344801411033 ], [ 258822.306432728219079, 7037074.771344801411033 ], [ 258822.306432728219079, 7037069.768154211342335 ], [ 258832.31281390809454, 7037069.768154211342335 ], [ 258832.31281390809454, 7037064.764963621273637 ], [ 258837.316004498046823, 7037064.764963621273637 ], [ 258837.316004498046823, 7037059.761773031204939 ], [ 258847.322385677951388, 7037059.761773031204939 ], [ 258847.322385677951388, 7037054.758582441136241 ], [ 258857.328766857855953, 7037054.758582441136241 ], [ 258857.328766857855953, 7037049.755391851067543 ], [ 258867.335148037731415, 7037049.755391851067543 ], [ 258867.335148037731415, 7037044.752201260998845 ], [ 258872.338338627683697, 7037044.752201260998845 ], [ 258872.338338627683697, 7037049.755391851067543 ], [ 258877.34152921763598, 7037049.755391851067543 ], [ 258877.34152921763598, 7037054.758582441136241 ], [ 258882.344719807588262, 7037054.758582441136241 ], [ 258882.344719807588262, 7037059.761773031204939 ], [ 258887.072708699095529, 7037059.761773031204939 ], [ 258903.048666657705326, 7037048.017022007144988 ], [ 258922.370244527148316, 7037030.652420551516116 ], [ 258922.370244527148316, 7037029.742629491724074 ], [ 258923.382568297354737, 7037029.742629491724074 ], [ 258924.945675888739061, 7037028.337840476073325 ], [ 258927.373435117100598, 7037025.681756999343634 ], [ 258927.373435117100598, 7037014.73305772151798 ], [ 258932.376625707052881, 7037014.73305772151798 ], [ 258932.376625707052881, 7037009.729867131449282 ], [ 258937.379816297005164, 7037009.729867131449282 ], [ 258937.379816297005164, 7037004.726676541380584 ], [ 258946.215290224732598, 7037004.726676541380584 ], [ 258962.445394414215116, 7036983.0341911977157 ], [ 258977.686960919847479, 7036957.846022359095514 ], [ 258990.386262837069808, 7036931.285206674598157 ], [ 259000.420998946297914, 7036903.607539319433272 ], [ 259007.694529253232758, 7036875.079571359790862 ], [ 259012.136805684916908, 7036845.976042723283172 ], [ 259013.70504669091315, 7036816.577236299403012 ], [ 259012.384149253048236, 7036787.166278664954007 ], [ 259008.186834335734602, 7036758.026413420215249 ], [ 259001.153524376073619, 7036729.438273396342993 ], [ 258991.351953993813368, 7036701.677178010344505 ], [ 258978.87651766979252, 7036675.010481785982847 ], [ 258963.847360675630625, 7036649.694999584928155 ], [ 258956.347905647417065, 7036639.493763475678861 ], [ 258952.389388066832907, 7036639.493763475678861 ], [ 258952.389388066832907, 7036634.490572885610163 ], [ 258942.383006886928342, 7036634.490572885610163 ], [ 258942.383006886928342, 7036629.487382295541465 ], [ 258937.379816297005164, 7036629.487382295541465 ], [ 258937.379816297005164, 7036624.484191705472767 ], [ 258932.376625707052881, 7036624.484191705472767 ], [ 258932.376625707052881, 7036619.481001116335392 ], [ 258937.379816297005164, 7036619.481001116335392 ], [ 258937.379816297005164, 7036615.927520973607898 ], [ 258926.730040477588773, 7036604.077524109743536 ], [ 258904.99933735767263, 7036584.214852061122656 ], [ 258881.426391199347563, 7036566.577805584296584 ], [ 258856.238222360407235, 7036551.336239079013467 ], [ 258829.677406676026294, 7036538.636937161907554 ], [ 258801.999739320861408, 7036528.602201052010059 ], [ 258785.597957157995552, 7036524.420379906892776 ], [ 258772.27452682875446, 7036524.420379906892776 ] ], [ [ 258957.39257865678519, 7036854.630958843044937 ], [ 258947.386197476880625, 7036854.630958843044937 ], [ 258947.386197476880625, 7036849.627768253907561 ], [ 258927.373435117100598, 7036849.627768253907561 ], [ 258927.373435117100598, 7036844.624577663838863 ], [ 258917.367053937196033, 7036844.624577663838863 ], [ 258917.367053937196033, 7036839.621387073770165 ], [ 258952.389388066832907, 7036839.621387073770165 ], [ 258952.389388066832907, 7036844.624577663838863 ], [ 258962.395769246737473, 7036844.624577663838863 ], [ 258962.395769246737473, 7036859.634149433113635 ], [ 258957.39257865678519, 7036859.634149433113635 ], [ 258957.39257865678519, 7036854.630958843044937 ] ], [ [ 258897.354291577416006, 7036829.61500589363277 ], [ 258902.357482167368289, 7036829.61500589363277 ], [ 258902.357482167368289, 7036834.618196483701468 ], [ 258912.363863347272854, 7036834.618196483701468 ], [ 258912.363863347272854, 7036839.621387073770165 ], [ 258897.354291577416006, 7036839.621387073770165 ], [ 258897.354291577416006, 7036829.61500589363277 ] ], [ [ 258712.236239749385277, 7036794.592671764083207 ], [ 258702.229858569480712, 7036794.592671764083207 ], [ 258702.229858569480712, 7036789.589481174014509 ], [ 258732.249002109165303, 7036789.589481174014509 ], [ 258732.249002109165303, 7036794.592671764083207 ], [ 258737.252192699117586, 7036794.592671764083207 ], [ 258737.252192699117586, 7036799.595862354151905 ], [ 258712.236239749385277, 7036799.595862354151905 ], [ 258712.236239749385277, 7036794.592671764083207 ] ] ], [ [ [ 259207.552108154137386, 7034333.02290150988847 ], [ 259202.548917564185103, 7034333.02290150988847 ], [ 259202.548917564185103, 7034338.026092099957168 ], [ 259197.545726974232821, 7034338.026092099957168 ], [ 259197.545726974232821, 7034343.029282690025866 ], [ 259192.542536384280538, 7034343.029282690025866 ], [ 259192.542536384280538, 7034348.032473280094564 ], [ 259187.539345794328256, 7034348.032473280094564 ], [ 259187.539345794328256, 7034353.035663870163262 ], [ 259182.536155204405077, 7034353.035663870163262 ], [ 259182.536155204405077, 7034368.045235639438033 ], [ 259177.532964614452794, 7034368.045235639438033 ], [ 259177.532964614452794, 7034373.048426229506731 ], [ 259172.529774024500512, 7034373.048426229506731 ], [ 259172.529774024500512, 7034383.054807409644127 ], [ 259167.526583434548229, 7034383.054807409644127 ], [ 259167.526583434548229, 7034393.061188589781523 ], [ 259162.523392844595946, 7034393.061188589781523 ], [ 259162.523392844595946, 7034398.064379179850221 ], [ 259157.520202254672768, 7034398.064379179850221 ], [ 259157.520202254672768, 7034408.070760359056294 ], [ 259152.517011664720485, 7034408.070760359056294 ], [ 259152.517011664720485, 7034418.07714153919369 ], [ 259147.513821074768202, 7034418.07714153919369 ], [ 259147.513821074768202, 7034438.089903898537159 ], [ 259152.517011664720485, 7034438.089903898537159 ], [ 259152.517011664720485, 7034448.096285078674555 ], [ 259157.520202254672768, 7034448.096285078674555 ], [ 259157.520202254672768, 7034458.102666258811951 ], [ 259167.526583434548229, 7034458.102666258811951 ], [ 259167.526583434548229, 7034463.105856848880649 ], [ 259177.532964614452794, 7034463.105856848880649 ], [ 259177.532964614452794, 7034468.109047438949347 ], [ 259192.542536384280538, 7034468.109047438949347 ], [ 259192.542536384280538, 7034463.105856848880649 ], [ 259202.548917564185103, 7034463.105856848880649 ], [ 259202.548917564185103, 7034458.102666258811951 ], [ 259217.558489334012847, 7034458.102666258811951 ], [ 259217.558489334012847, 7034463.105856848880649 ], [ 259227.564870513917413, 7034463.105856848880649 ], [ 259227.564870513917413, 7034468.109047438949347 ], [ 259237.571251693821978, 7034468.109047438949347 ], [ 259237.571251693821978, 7034473.112238029018044 ], [ 259242.574442283745157, 7034473.112238029018044 ], [ 259242.574442283745157, 7034478.11542861815542 ], [ 259247.577632873697439, 7034478.11542861815542 ], [ 259247.577632873697439, 7034483.118619208224118 ], [ 259242.574442283745157, 7034483.118619208224118 ], [ 259242.574442283745157, 7034493.125000388361514 ], [ 259237.571251693821978, 7034493.125000388361514 ], [ 259237.571251693821978, 7034498.128190978430212 ], [ 259212.555298744089669, 7034498.128190978430212 ], [ 259212.555298744089669, 7034503.131381568498909 ], [ 259202.548917564185103, 7034503.131381568498909 ], [ 259202.548917564185103, 7034498.128190978430212 ], [ 259192.542536384280538, 7034498.128190978430212 ], [ 259192.542536384280538, 7034493.125000388361514 ], [ 259187.539345794328256, 7034493.125000388361514 ], [ 259187.539345794328256, 7034488.121809798292816 ], [ 259152.517011664720485, 7034488.121809798292816 ], [ 259152.517011664720485, 7034523.144143927842379 ], [ 259142.51063048481592, 7034523.144143927842379 ], [ 259142.51063048481592, 7034513.137762748636305 ], [ 259137.507439894863637, 7034513.137762748636305 ], [ 259137.507439894863637, 7034498.128190978430212 ], [ 259132.504249304911355, 7034498.128190978430212 ], [ 259132.504249304911355, 7034473.112238029018044 ], [ 259127.501058714988176, 7034473.112238029018044 ], [ 259127.501058714988176, 7034468.109047438949347 ], [ 259122.497868125035893, 7034468.109047438949347 ], [ 259122.497868125035893, 7034463.105856848880649 ], [ 259117.494677535083611, 7034463.105856848880649 ], [ 259117.494677535083611, 7034458.102666258811951 ], [ 259112.491486945131328, 7034458.102666258811951 ], [ 259112.491486945131328, 7034453.099475668743253 ], [ 259102.485105765255867, 7034453.099475668743253 ], [ 259102.485105765255867, 7034458.102666258811951 ], [ 259097.481915175303584, 7034458.102666258811951 ], [ 259097.481915175303584, 7034463.105856848880649 ], [ 259092.478724585351301, 7034463.105856848880649 ], [ 259092.478724585351301, 7034458.102666258811951 ], [ 259087.475533995399019, 7034458.102666258811951 ], [ 259087.475533995399019, 7034453.099475668743253 ], [ 259082.472343405446736, 7034453.099475668743253 ], [ 259082.472343405446736, 7034458.102666258811951 ], [ 259072.465962225571275, 7034458.102666258811951 ], [ 259072.465962225571275, 7034463.105856848880649 ], [ 259057.456390455714427, 7034463.105856848880649 ], [ 259057.456390455714427, 7034468.109047438949347 ], [ 259042.446818685886683, 7034468.109047438949347 ], [ 259042.446818685886683, 7034473.112238029018044 ], [ 259032.440437505982118, 7034473.112238029018044 ], [ 259032.440437505982118, 7034478.11542861815542 ], [ 259022.434056326106656, 7034478.11542861815542 ], [ 259022.434056326106656, 7034483.118619208224118 ], [ 259002.421293966297526, 7034483.118619208224118 ], [ 259002.421293966297526, 7034488.121809798292816 ], [ 258997.418103376345243, 7034488.121809798292816 ], [ 258997.418103376345243, 7034508.134572158567607 ], [ 259022.434056326106656, 7034508.134572158567607 ], [ 259022.434056326106656, 7034503.131381568498909 ], [ 259027.437246916029835, 7034503.131381568498909 ], [ 259027.437246916029835, 7034513.137762748636305 ], [ 259032.440437505982118, 7034513.137762748636305 ], [ 259032.440437505982118, 7034533.150525107979774 ], [ 259037.4436280959344, 7034533.150525107979774 ], [ 259037.4436280959344, 7034553.163287467323244 ], [ 259042.446818685886683, 7034553.163287467323244 ], [ 259042.446818685886683, 7034558.166478057391942 ], [ 259057.456390455714427, 7034558.166478057391942 ], [ 259057.456390455714427, 7034563.169668647460639 ], [ 259062.45958104566671, 7034563.169668647460639 ], [ 259062.45958104566671, 7034568.172859237529337 ], [ 259067.462771635618992, 7034568.172859237529337 ], [ 259067.462771635618992, 7034583.182431007735431 ], [ 259052.453199865762144, 7034583.182431007735431 ], [ 259052.453199865762144, 7034573.176049827598035 ], [ 259047.450009275838966, 7034573.176049827598035 ], [ 259047.450009275838966, 7034568.172859237529337 ], [ 259042.446818685886683, 7034568.172859237529337 ], [ 259042.446818685886683, 7034563.169668647460639 ], [ 259022.434056326106656, 7034563.169668647460639 ], [ 259022.434056326106656, 7034558.166478057391942 ], [ 259012.427675146202091, 7034558.166478057391942 ], [ 259012.427675146202091, 7034553.163287467323244 ], [ 258997.418103376345243, 7034553.163287467323244 ], [ 258997.418103376345243, 7034563.169668647460639 ], [ 258992.414912786422065, 7034563.169668647460639 ], [ 258992.414912786422065, 7034573.176049827598035 ], [ 258987.411722196469782, 7034573.176049827598035 ], [ 258987.411722196469782, 7034563.169668647460639 ], [ 258982.408531606517499, 7034563.169668647460639 ], [ 258982.408531606517499, 7034558.166478057391942 ], [ 258977.405341016565217, 7034558.166478057391942 ], [ 258977.405341016565217, 7034553.163287467323244 ], [ 258972.402150426612934, 7034553.163287467323244 ], [ 258972.402150426612934, 7034578.179240417666733 ], [ 258977.405341016565217, 7034578.179240417666733 ], [ 258977.405341016565217, 7034598.192002777010202 ], [ 258982.408531606517499, 7034598.192002777010202 ], [ 258982.408531606517499, 7034608.198383957147598 ], [ 258987.411722196469782, 7034608.198383957147598 ], [ 258987.411722196469782, 7034618.204765137284994 ], [ 258982.408531606517499, 7034618.204765137284994 ], [ 258982.408531606517499, 7034628.21114631742239 ], [ 258977.405341016565217, 7034628.21114631742239 ], [ 258977.405341016565217, 7034653.227099266834557 ], [ 258972.402150426612934, 7034653.227099266834557 ], [ 258972.402150426612934, 7034668.236671036109328 ], [ 258982.408531606517499, 7034668.236671036109328 ], [ 258982.408531606517499, 7034678.243052216246724 ], [ 258977.405341016565217, 7034678.243052216246724 ], [ 258977.405341016565217, 7034698.255814576521516 ], [ 258982.408531606517499, 7034698.255814576521516 ], [ 258982.408531606517499, 7034703.259005166590214 ], [ 258987.411722196469782, 7034703.259005166590214 ], [ 258987.411722196469782, 7034713.265386345796287 ], [ 258992.414912786422065, 7034713.265386345796287 ], [ 258992.414912786422065, 7034723.271767525933683 ], [ 258997.418103376345243, 7034723.271767525933683 ], [ 258997.418103376345243, 7034748.28772047534585 ], [ 259002.421293966297526, 7034748.28772047534585 ], [ 259002.421293966297526, 7034758.294101655483246 ], [ 259007.424484556249809, 7034758.294101655483246 ], [ 259007.424484556249809, 7034763.297292245551944 ], [ 259012.427675146202091, 7034763.297292245551944 ], [ 259012.427675146202091, 7034788.313245194964111 ], [ 259022.434056326106656, 7034788.313245194964111 ], [ 259022.434056326106656, 7034793.316435785032809 ], [ 259037.4436280959344, 7034793.316435785032809 ], [ 259037.4436280959344, 7034788.313245194964111 ], [ 259120.122158183075953, 7034788.313245194964111 ], [ 259134.597899983957177, 7034778.701109315268695 ], [ 259157.409541910805274, 7034760.089871000498533 ], [ 259178.287119189131772, 7034739.332318977452815 ], [ 259197.02956933688256, 7034716.628359818831086 ], [ 259213.456392313470133, 7034692.196645063348114 ], [ 259227.409388833824778, 7034666.272465479560196 ], [ 259238.754183913959423, 7034639.105485087260604 ], [ 259241.328474983776687, 7034630.706424479372799 ], [ 259242.089576395199401, 7034629.224526365287602 ], [ 259252.908267127641011, 7034601.843782586976886 ], [ 259260.991080701962346, 7034573.534467446617782 ], [ 259266.260175204864936, 7034544.569215123541653 ], [ 259268.664806375978515, 7034515.22697683237493 ], [ 259268.181816302560037, 7034485.790334368124604 ], [ 259264.815856443077791, 7034456.54277868848294 ], [ 259258.59934283097391, 7034427.765979743562639 ], [ 259249.592143890651641, 7034399.737073838710785 ], [ 259237.88100387173472, 7034372.725994658656418 ], [ 259223.578707454580581, 7034346.992873662151396 ], [ 259207.552108154137386, 7034323.838902328163385 ], [ 259207.552108154137386, 7034333.02290150988847 ] ] ] ] } },
{ "type": "Feature", "properties": { "slope": 4 }, "geometry": { "type": "Polygon", "coordinates": [ [ [ 258757.264955058897613, 7038290.546658158302307 ], [ 258757.264955058897613, 7038280.540276978164911 ], [ 258752.26176446894533, 7038280.540276978164911 ], [ 258752.26176446894533, 7038290.546658158302307 ], [ 258757.264955058897613, 7038290.546658158302307 ] ] ] } },
{ "type": "Feature", "properties": { "slope": 4 }, "geometry": { "type": "Polygon", "coordinates": [ [ [ 258807.296860958362231, 7038410.62323231715709 ], [ 258807.296860958362231, 7038405.620041727088392 ], [ 258812.300051548314514, 7038405.620041727088392 ], [ 258812.300051548314514, 7038400.616851137019694 ], [ 258817.303242138266796, 7038400.616851137019694 ], [ 258817.303242138266796, 7038395.613660546950996 ], [ 258822.306432728219079, 7038395.613660546950996 ], [ 258822.306432728219079, 7038390.610469956882298 ], [ 258827.309623318171361, 7038390.610469956882298 ], [ 258827.309623318171361, 7038380.604088777676225 ], [ 258832.31281390809454, 7038380.604088777676225 ], [ 258832.31281390809454, 7038340.578564058057964 ], [ 258822.306432728219079, 7038340.578564058057964 ], [ 258822.306432728219079, 7038335.575373467989266 ], [ 258817.303242138266796, 7038335.575373467989266 ], [ 258817.303242138266796, 7038325.56899228785187 ], [ 258812.300051548314514, 7038325.56899228785187 ], [ 258812.300051548314514, 7038300.553039338439703 ], [ 258802.293670368439052, 7038300.553039338439703 ], [ 258802.293670368439052, 7038305.556229927577078 ], [ 258797.29047977848677, 7038305.556229927577078 ], [ 258797.29047977848677, 7038285.543467568233609 ], [ 258787.284098598582204, 7038285.543467568233609 ], [ 258787.284098598582204, 7038290.546658158302307 ], [ 258772.27452682875446, 7038290.546658158302307 ], [ 258772.27452682875446, 7038295.549848748371005 ], [ 258747.258573879022151, 7038295.549848748371005 ], [ 258747.258573879022151, 7038300.553039338439703 ], [ 258737.252192699117586, 7038300.553039338439703 ], [ 258737.252192699117586, 7038330.572182877920568 ], [ 258732.249002109165303, 7038330.572182877920568 ], [ 258732.249002109165303, 7038345.581754647195339 ], [ 258737.252192699117586, 7038345.581754647195339 ], [ 258737.252192699117586, 7038355.588135827332735 ], [ 258742.255383289069869, 7038355.588135827332735 ], [ 258742.255383289069869, 7038360.591326417401433 ], [ 258747.258573879022151, 7038360.591326417401433 ], [ 258747.258573879022151, 7038370.597707597538829 ], [ 258752.26176446894533, 7038370.597707597538829 ], [ 258752.26176446894533, 7038380.604088777676225 ], [ 258757.264955058897613, 7038380.604088777676225 ], [ 258757.264955058897613, 7038390.610469956882298 ], [ 258772.27452682875446, 7038390.610469956882298 ], [ 258772.27452682875446, 7038395.613660546950996 ], [ 258782.280908008629922, 7038395.613660546950996 ], [ 258782.280908008629922, 7038400.616851137019694 ], [ 258787.284098598582204, 7038400.616851137019694 ], [ 258787.284098598582204, 7038405.620041727088392 ], [ 258802.293670368439052, 7038405.620041727088392 ], [ 258802.293670368439052, 7038410.62323231715709 ], [ 258807.296860958362231, 7038410.62323231715709 ] ] ] } },
{ "type": "Feature", "properties": { "slope": 1 }, "geometry": { "type": "Polygon", "coordinates": [ [ [ 256886.071674418722978, 7035478.753546607680619 ], [ 256886.071674418722978, 7035473.750356017611921 ], [ 256881.068483828770695, 7035473.750356017611921 ], [ 256881.068483828770695, 7035478.753546607680619 ], [ 256886.071674418722978, 7035478.753546607680619 ] ] ] } },
{ "type": "Feature", "properties": { "slope": 1 }, "geometry": { "type": "Polygon", "coordinates": [ [ [ 256861.055721468990669, 7035498.76630896795541 ], [ 256861.055721468990669, 7035493.763118377886713 ], [ 256856.052530879038386, 7035493.763118377886713 ], [ 256856.052530879038386, 7035498.76630896795541 ], [ 256861.055721468990669, 7035498.76630896795541 ] ] ] } },
{ "type": "Feature", "properties": { "slope": 1 }, "geometry": { "type": "Polygon", "coordinates": [ [ [ 254809.747579590737587, 7037995.35841335169971 ], [ 254809.747579590737587, 7037990.355222761631012 ], [ 254804.744389000785304, 7037990.355222761631012 ], [ 254804.744389000785304, 7037995.35841335169971 ], [ 254809.747579590737587, 7037995.35841335169971 ] ] ] } },
{ "type": "Feature", "properties": { "slope": 1 }, "geometry": { "type": "Polygon", "coordinates": [ [ [ 254774.725245461100712, 7038010.367985120974481 ], [ 254774.725245461100712, 7038005.364794530905783 ], [ 254789.734817230928456, 7038005.364794530905783 ], [ 254789.734817230928456, 7038000.361603940837085 ], [ 254799.741198410833022, 7038000.361603940837085 ], [ 254799.741198410833022, 7037995.35841335169971 ], [ 254784.731626641005278, 7037995.35841335169971 ], [ 254784.731626641005278, 7038000.361603940837085 ], [ 254769.72205487114843, 7038000.361603940837085 ], [ 254769.72205487114843, 7038005.364794530905783 ], [ 254764.718864281196147, 7038005.364794530905783 ], [ 254764.718864281196147, 7038010.367985120974481 ], [ 254774.725245461100712, 7038010.367985120974481 ] ] ] } },
{ "type": "Feature", "properties": { "slope": 1 }, "geometry": { "type": "Polygon", "coordinates": [ [ [ 254764.718864281196147, 7038015.371175711043179 ], [ 254764.718864281196147, 7038010.367985120974481 ], [ 254754.712483101320686, 7038010.367985120974481 ], [ 254754.712483101320686, 7038015.371175711043179 ], [ 254764.718864281196147, 7038015.371175711043179 ] ] ] } },
{ "type": "Feature", "properties": { "slope": 1 }, "geometry": { "type": "MultiPolygon", "coordinates": [ [ [ [ 255855.414412889658706, 7041332.486536845564842 ], [ 255855.414412889658706, 7041327.483346256427467 ], [ 255845.408031709754141, 7041327.483346256427467 ], [ 255845.408031709754141, 7041322.480155666358769 ], [ 255835.401650529849576, 7041322.480155666358769 ], [ 255835.401650529849576, 7041317.476965076290071 ], [ 255825.395269349974114, 7041317.476965076290071 ], [ 255825.395269349974114, 7041312.473774486221373 ], [ 255810.385697580117267, 7041312.473774486221373 ], [ 255810.385697580117267, 7041307.470583896152675 ], [ 255800.379316400241805, 7041307.470583896152675 ], [ 255800.379316400241805, 7041302.467393306083977 ], [ 255785.369744630384957, 7041302.467393306083977 ], [ 255785.369744630384957, 7041297.464202716015279 ], [ 255780.366554040432675, 7041297.464202716015279 ], [ 255780.366554040432675, 7041282.454630946740508 ], [ 255760.353791680652648, 7041282.454630946740508 ], [ 255760.353791680652648, 7041287.457821536809206 ], [ 255755.350601090700366, 7041287.457821536809206 ], [ 255755.350601090700366, 7041292.461012125946581 ], [ 255700.315504601283465, 7041292.461012125946581 ], [ 255700.315504601283465, 7041297.464202716015279 ], [ 255685.305932831455721, 7041297.464202716015279 ], [ 255685.305932831455721, 7041302.467393306083977 ], [ 255670.296361061598873, 7041302.467393306083977 ], [ 255670.296361061598873, 7041297.464202716015279 ], [ 255665.293170471675694, 7041297.464202716015279 ], [ 255665.293170471675694, 7041302.467393306083977 ], [ 255655.286789291771129, 7041302.467393306083977 ], [ 255655.286789291771129, 7041307.470583896152675 ], [ 255650.283598701818846, 7041307.470583896152675 ], [ 255650.283598701818846, 7041322.480155666358769 ], [ 255645.280408111866564, 7041322.480155666358769 ], [ 255645.280408111866564, 7041317.476965076290071 ], [ 255640.277217521914281, 7041317.476965076290071 ], [ 255640.277217521914281, 7041307.470583896152675 ], [ 255635.274026931991102, 7041307.470583896152675 ], [ 255635.274026931991102, 7041322.480155666358769 ], [ 255640.277217521914281, 7041322.480155666358769 ], [ 255640.277217521914281, 7041327.483346256427467 ], [ 255650.283598701818846, 7041327.483346256427467 ], [ 255650.283598701818846, 7041332.486536845564842 ], [ 255660.289979881723411, 7041332.486536845564842 ], [ 255660.289979881723411, 7041327.483346256427467 ], [ 255675.299551651551155, 7041327.483346256427467 ], [ 255675.299551651551155, 7041312.473774486221373 ], [ 255690.309123421408003, 7041312.473774486221373 ], [ 255690.309123421408003, 7041307.470583896152675 ], [ 255735.337838730920339, 7041307.470583896152675 ], [ 255735.337838730920339, 7041312.473774486221373 ], [ 255750.347410500748083, 7041312.473774486221373 ], [ 255750.347410500748083, 7041307.470583896152675 ], [ 255755.350601090700366, 7041307.470583896152675 ], [ 255755.350601090700366, 7041302.467393306083977 ], [ 255760.353791680652648, 7041302.467393306083977 ], [ 255760.353791680652648, 7041297.464202716015279 ], [ 255770.360172860557213, 7041297.464202716015279 ], [ 255770.360172860557213, 7041317.476965076290071 ], [ 255775.363363450509496, 7041317.476965076290071 ], [ 255775.363363450509496, 7041322.480155666358769 ], [ 255795.376125810289523, 7041322.480155666358769 ], [ 255795.376125810289523, 7041327.483346256427467 ], [ 255800.379316400241805, 7041327.483346256427467 ], [ 255800.379316400241805, 7041332.486536845564842 ], [ 255815.388888170069549, 7041332.486536845564842 ], [ 255815.388888170069549, 7041337.48972743563354 ], [ 255825.395269349974114, 7041337.48972743563354 ], [ 255825.395269349974114, 7041342.492918025702238 ], [ 255835.401650529849576, 7041342.492918025702238 ], [ 255835.401650529849576, 7041347.496108615770936 ], [ 255845.408031709754141, 7041347.496108615770936 ], [ 255845.408031709754141, 7041352.499299205839634 ], [ 255854.712560278130695, 7041352.499299205839634 ], [ 255856.116466526087606, 7041344.218262483365834 ], [ 255856.936215384717798, 7041332.486536845564842 ], [ 255855.414412889658706, 7041332.486536845564842 ] ] ], [ [ [ 255970.487796458415687, 7040171.746319978497922 ], [ 255970.487796458415687, 7040172.534926004707813 ], [ 255971.589780651294859, 7040171.746319978497922 ], [ 255970.487796458415687, 7040171.746319978497922 ] ] ], [ [ [ 255750.347410500748083, 7039561.357068005017936 ], [ 255755.350601090700366, 7039561.357068005017936 ], [ 255755.350601090700366, 7039566.360258595086634 ], [ 255760.353791680652648, 7039566.360258595086634 ], [ 255760.353791680652648, 7039571.36344918422401 ], [ 255765.356982270604931, 7039571.36344918422401 ], [ 255765.356982270604931, 7039581.369830364361405 ], [ 255770.360172860557213, 7039581.369830364361405 ], [ 255770.360172860557213, 7039586.373020954430103 ], [ 255775.363363450509496, 7039586.373020954430103 ], [ 255775.363363450509496, 7039596.379402134567499 ], [ 255780.366554040432675, 7039596.379402134567499 ], [ 255780.366554040432675, 7039601.382592724636197 ], [ 255785.369744630384957, 7039601.382592724636197 ], [ 255785.369744630384957, 7039606.385783313773572 ], [ 255790.37293522033724, 7039606.385783313773572 ], [ 255790.37293522033724, 7039611.38897390384227 ], [ 255795.376125810289523, 7039611.38897390384227 ], [ 255795.376125810289523, 7039616.392164493910968 ], [ 255800.379316400241805, 7039616.392164493910968 ], [ 255800.379316400241805, 7039621.395355083979666 ], [ 255805.382506990164984, 7039621.395355083979666 ], [ 255805.382506990164984, 7039626.398545674048364 ], [ 255810.385697580117267, 7039626.398545674048364 ], [ 255810.385697580117267, 7039631.401736264117062 ], [ 255815.388888170069549, 7039631.401736264117062 ], [ 255815.388888170069549, 7039636.40492685418576 ], [ 255820.392078760021832, 7039636.40492685418576 ], [ 255820.392078760021832, 7039646.411308033391833 ], [ 255825.395269349974114, 7039646.411308033391833 ], [ 255825.395269349974114, 7039651.414498623460531 ], [ 255830.398459939926397, 7039651.414498623460531 ], [ 255830.398459939926397, 7039661.420879803597927 ], [ 255835.401650529849576, 7039661.420879803597927 ], [ 255835.401650529849576, 7039681.433642163872719 ], [ 255840.404841119801858, 7039681.433642163872719 ], [ 255840.404841119801858, 7039696.44321393314749 ], [ 255845.408031709754141, 7039696.44321393314749 ], [ 255845.408031709754141, 7039711.452785703353584 ], [ 255850.411222299706424, 7039711.452785703353584 ], [ 255850.411222299706424, 7039721.459166882559657 ], [ 255855.414412889658706, 7039721.459166882559657 ], [ 255855.414412889658706, 7039731.465548062697053 ], [ 255860.417603479581885, 7039731.465548062697053 ], [ 255860.417603479581885, 7039746.475119832903147 ], [ 255865.420794069534168, 7039746.475119832903147 ], [ 255865.420794069534168, 7039766.487882192246616 ], [ 255870.42398465948645, 7039766.487882192246616 ], [ 255870.42398465948645, 7039771.491072782315314 ], [ 255875.427175249438733, 7039771.491072782315314 ], [ 255875.427175249438733, 7039791.503835142590106 ], [ 255880.430365839391015, 7039791.503835142590106 ], [ 255880.430365839391015, 7039806.513406911864877 ], [ 255885.433556429343298, 7039806.513406911864877 ], [ 255885.433556429343298, 7039821.522978682070971 ], [ 255890.436747019266477, 7039821.522978682070971 ], [ 255890.436747019266477, 7039831.529359862208366 ], [ 255895.439937609218759, 7039831.529359862208366 ], [ 255895.439937609218759, 7039851.542122221551836 ], [ 255900.443128199171042, 7039851.542122221551836 ], [ 255900.443128199171042, 7039861.548503401689231 ], [ 255905.446318789123325, 7039861.548503401689231 ], [ 255905.446318789123325, 7039881.561265761032701 ], [ 255910.449509379075607, 7039881.561265761032701 ], [ 255910.449509379075607, 7039901.574028121307492 ], [ 255915.452699968998786, 7039901.574028121307492 ], [ 255915.452699968998786, 7039921.586790480650961 ], [ 255920.455890558951069, 7039921.586790480650961 ], [ 255920.455890558951069, 7039946.602743430994451 ], [ 255925.459081148903351, 7039946.602743430994451 ], [ 255925.459081148903351, 7039961.612315200269222 ], [ 255930.462271738855634, 7039961.612315200269222 ], [ 255930.462271738855634, 7039971.618696380406618 ], [ 255935.465462328807916, 7039971.618696380406618 ], [ 255935.465462328807916, 7039986.628268150612712 ], [ 255940.468652918760199, 7039986.628268150612712 ], [ 255940.468652918760199, 7040001.637839919887483 ], [ 255945.471843508683378, 7040001.637839919887483 ], [ 255945.471843508683378, 7040041.663364639505744 ], [ 255940.468652918760199, 7040041.663364639505744 ], [ 255940.468652918760199, 7040036.660174049437046 ], [ 255935.465462328807916, 7040036.660174049437046 ], [ 255935.465462328807916, 7040056.672936409711838 ], [ 255940.468652918760199, 7040056.672936409711838 ], [ 255940.468652918760199, 7040066.679317588917911 ], [ 255945.471843508683378, 7040066.679317588917911 ], [ 255945.471843508683378, 7040076.685698769055307 ], [ 255950.47503409863566, 7040076.685698769055307 ], [ 255950.47503409863566, 7040081.688889359124005 ], [ 255960.481415278540226, 7040081.688889359124005 ], [ 255960.481415278540226, 7040091.695270539261401 ], [ 255965.484605868492508, 7040091.695270539261401 ], [ 255965.484605868492508, 7040111.70803289860487 ], [ 255970.487796458415687, 7040111.70803289860487 ], [ 255970.487796458415687, 7040121.714414078742266 ], [ 255965.484605868492508, 7040121.714414078742266 ], [ 255965.484605868492508, 7040141.727176439017057 ], [ 255970.487796458415687, 7040141.727176439017057 ], [ 255970.487796458415687, 7040151.733557618223131 ], [ 255975.49098704836797, 7040151.733557618223131 ], [ 255975.49098704836797, 7040168.954524149186909 ], [ 255994.348161414411152, 7040155.459882903844118 ], [ 256016.495172467752127, 7040136.062483583576977 ], [ 256036.634261998202419, 7040114.587701352313161 ], [ 256054.571479564445326, 7040091.24235010240227 ], [ 256070.134079955896595, 7040066.251258327625692 ], [ 256083.172186823328957, 7040039.855103905312717 ], [ 256093.560236070305109, 7040012.30809623003006 ], [ 256101.198185103858123, 7039983.875528045929968 ], [ 256106.012476299481932, 7039954.831220526248217 ], [ 256107.956745401228545, 7039925.454886229708791 ], [ 256107.012268034741282, 7039896.029435316100717 ], [ 256103.188140033424133, 7039866.838250961154699 ], [ 256096.521189840394072, 7039838.162460228428245 ], [ 256087.075623830518452, 7039810.278226658701897 ], [ 256074.942407967930194, 7039783.454090665094554 ], [ 256060.238391754130134, 7039757.948383338749409 ], [ 256043.10518290323671, 7039734.006738586351275 ], [ 256023.707783582503907, 7039711.859727532602847 ], [ 256022.060083582880907, 7039710.155027532018721 ], [ 255990.406680790241808, 7039681.745009884238243 ], [ 255986.299128358863527, 7039678.553805304691195 ], [ 255979.253746792528545, 7039672.657369596883655 ], [ 255972.473754663718864, 7039666.942665840499103 ], [ 255967.756164516875288, 7039662.714714856818318 ], [ 255953.04712877550628, 7039650.358256427571177 ], [ 255940.582441001606639, 7039640.550403800792992 ], [ 255928.775234066153644, 7039631.228987757116556 ], [ 255918.606822918518446, 7039623.088268857449293 ], [ 255918.516589068225585, 7039623.200978177599609 ], [ 255897.68722363220877, 7039607.714120065793395 ], [ 255872.453341277083382, 7039592.548356640152633 ], [ 255845.854462200688431, 7039579.928973497822881 ], [ 255818.146748148981715, 7039569.977502197958529 ], [ 255789.597039554791991, 7039562.789780849590898 ], [ 255760.480285718833329, 7039558.435031136497855 ], [ 255750.347410500748083, 7039557.925054934807122 ], [ 255750.347410500748083, 7039561.357068005017936 ] ] ], [ [ [ 254269.402995876444038, 7040296.82608472649008 ], [ 254269.402995876444038, 7040306.832465906627476 ], [ 254274.406186466396321, 7040306.832465906627476 ], [ 254274.406186466396321, 7040316.838847086764872 ], [ 254279.409377056348603, 7040316.838847086764872 ], [ 254279.409377056348603, 7040321.84203767683357 ], [ 254284.412567646300886, 7040321.84203767683357 ], [ 254284.412567646300886, 7040326.845228266902268 ], [ 254289.415758236253168, 7040326.845228266902268 ], [ 254289.415758236253168, 7040336.851609446108341 ], [ 254294.418948826176347, 7040336.851609446108341 ], [ 254294.418948826176347, 7040341.854800036177039 ], [ 254299.42213941612863, 7040341.854800036177039 ], [ 254299.42213941612863, 7040346.857990626245737 ], [ 254304.425330006080912, 7040346.857990626245737 ], [ 254304.425330006080912, 7040351.861181216314435 ], [ 254314.431711185985478, 7040351.861181216314435 ], [ 254314.431711185985478, 7040361.867562396451831 ], [ 254319.43490177593776, 7040361.867562396451831 ], [ 254319.43490177593776, 7040371.873943575657904 ], [ 254324.438092365860939, 7040371.873943575657904 ], [ 254324.438092365860939, 7040376.877134165726602 ], [ 254329.441282955813222, 7040376.877134165726602 ], [ 254329.441282955813222, 7040386.883515345863998 ], [ 254334.444473545765504, 7040386.883515345863998 ], [ 254334.444473545765504, 7040391.886705935932696 ], [ 254339.447664135717787, 7040391.886705935932696 ], [ 254339.447664135717787, 7040396.889896526001394 ], [ 254344.450854725670069, 7040396.889896526001394 ], [ 254344.450854725670069, 7040406.89627770613879 ], [ 254349.454045315593248, 7040406.89627770613879 ], [ 254349.454045315593248, 7040411.899468295276165 ], [ 254354.457235905545531, 7040411.899468295276165 ], [ 254354.457235905545531, 7040421.905849475413561 ], [ 254359.460426495497813, 7040421.905849475413561 ], [ 254359.460426495497813, 7040436.915421245619655 ], [ 254364.463617085450096, 7040436.915421245619655 ], [ 254364.463617085450096, 7040446.921802425757051 ], [ 254369.466807675402379, 7040446.921802425757051 ], [ 254369.466807675402379, 7040461.931374195031822 ], [ 254374.469998265354661, 7040461.931374195031822 ], [ 254374.469998265354661, 7040476.940945965237916 ], [ 254379.47318885527784, 7040476.940945965237916 ], [ 254379.47318885527784, 7040481.944136555306613 ], [ 254384.476379445230123, 7040481.944136555306613 ], [ 254384.476379445230123, 7040486.947327144443989 ], [ 254389.479570035182405, 7040486.947327144443989 ], [ 254389.479570035182405, 7040446.921802425757051 ], [ 254384.476379445230123, 7040446.921802425757051 ], [ 254384.476379445230123, 7040441.918611835688353 ], [ 254379.47318885527784, 7040441.918611835688353 ], [ 254379.47318885527784, 7040431.912230655550957 ], [ 254374.469998265354661, 7040431.912230655550957 ], [ 254374.469998265354661, 7040421.905849475413561 ], [ 254369.466807675402379, 7040421.905849475413561 ], [ 254369.466807675402379, 7040401.893087116070092 ], [ 254364.463617085450096, 7040401.893087116070092 ], [ 254364.463617085450096, 7040396.889896526001394 ], [ 254359.460426495497813, 7040396.889896526001394 ], [ 254359.460426495497813, 7040391.886705935932696 ], [ 254354.457235905545531, 7040391.886705935932696 ], [ 254354.457235905545531, 7040381.8803247557953 ], [ 254349.454045315593248, 7040381.8803247557953 ], [ 254349.454045315593248, 7040376.877134165726602 ], [ 254344.450854725670069, 7040376.877134165726602 ], [ 254344.450854725670069, 7040371.873943575657904 ], [ 254339.447664135717787, 7040371.873943575657904 ], [ 254339.447664135717787, 7040366.870752986520529 ], [ 254334.444473545765504, 7040366.870752986520529 ], [ 254334.444473545765504, 7040351.861181216314435 ], [ 254329.441282955813222, 7040351.861181216314435 ], [ 254329.441282955813222, 7040336.851609446108341 ], [ 254324.438092365860939, 7040336.851609446108341 ], [ 254324.438092365860939, 7040331.848418856970966 ], [ 254309.428520596033195, 7040331.848418856970966 ], [ 254309.428520596033195, 7040326.845228266902268 ], [ 254304.425330006080912, 7040326.845228266902268 ], [ 254304.425330006080912, 7040321.84203767683357 ], [ 254299.42213941612863, 7040321.84203767683357 ], [ 254299.42213941612863, 7040311.835656496696174 ], [ 254294.418948826176347, 7040311.835656496696174 ], [ 254294.418948826176347, 7040306.832465906627476 ], [ 254289.415758236253168, 7040306.832465906627476 ], [ 254289.415758236253168, 7040291.822894137352705 ], [ 254284.412567646300886, 7040291.822894137352705 ], [ 254284.412567646300886, 7040287.386710619553924 ], [ 254277.377780666400213, 7040290.627631291747093 ], [ 254266.796059111395152, 7040296.82608472649008 ], [ 254269.402995876444038, 7040296.82608472649008 ] ] ] ] } },
{ "type": "Feature", "properties": { "slope": 2 }, "geometry": { "type": "MultiPolygon", "coordinates": [ [ [ [ 255255.031542095995974, 7041142.365294427610934 ], [ 255255.031542095995974, 7041147.368485017679632 ], [ 255260.034732685948256, 7041147.368485017679632 ], [ 255260.034732685948256, 7041157.374866197817028 ], [ 255265.037923275900539, 7041157.374866197817028 ], [ 255265.037923275900539, 7041162.378056787885725 ], [ 255270.041113865852822, 7041162.378056787885725 ], [ 255270.041113865852822, 7041167.381247377954423 ], [ 255275.044304455805104, 7041167.381247377954423 ], [ 255275.044304455805104, 7041172.384437968023121 ], [ 255280.047495045757387, 7041172.384437968023121 ], [ 255280.047495045757387, 7041177.387628557160497 ], [ 255290.053876225632848, 7041177.387628557160497 ], [ 255290.053876225632848, 7041182.390819147229195 ], [ 255300.060257405537413, 7041182.390819147229195 ], [ 255300.060257405537413, 7041187.394009737297893 ], [ 255305.063447995489696, 7041187.394009737297893 ], [ 255305.063447995489696, 7041197.400390917435288 ], [ 255310.066638585412875, 7041197.400390917435288 ], [ 255310.066638585412875, 7041202.403581507503986 ], [ 255315.069829175365157, 7041202.403581507503986 ], [ 255315.069829175365157, 7041207.406772097572684 ], [ 255320.07301976531744, 7041207.406772097572684 ], [ 255320.07301976531744, 7041222.416343866847456 ], [ 255325.076210355269723, 7041222.416343866847456 ], [ 255325.076210355269723, 7041227.419534456916153 ], [ 255330.079400945222005, 7041227.419534456916153 ], [ 255330.079400945222005, 7041237.425915637053549 ], [ 255335.082591535174288, 7041237.425915637053549 ], [ 255335.082591535174288, 7041247.432296817190945 ], [ 255340.085782125097467, 7041247.432296817190945 ], [ 255340.085782125097467, 7041257.438677996397018 ], [ 255345.088972715049749, 7041257.438677996397018 ], [ 255345.088972715049749, 7041267.445059176534414 ], [ 255350.092163305002032, 7041267.445059176534414 ], [ 255350.092163305002032, 7041272.448249766603112 ], [ 255355.095353894954314, 7041272.448249766603112 ], [ 255355.095353894954314, 7041277.45144035667181 ], [ 255360.098544484906597, 7041277.45144035667181 ], [ 255360.098544484906597, 7041282.454630946740508 ], [ 255370.104925664782058, 7041282.454630946740508 ], [ 255370.104925664782058, 7041287.457821536809206 ], [ 255375.108116254734341, 7041287.457821536809206 ], [ 255375.108116254734341, 7041292.461012125946581 ], [ 255385.114497434638906, 7041292.461012125946581 ], [ 255385.114497434638906, 7041297.464202716015279 ], [ 255390.117688024591189, 7041297.464202716015279 ], [ 255390.117688024591189, 7041302.467393306083977 ], [ 255395.120878614514368, 7041302.467393306083977 ], [ 255395.120878614514368, 7041317.476965076290071 ], [ 255390.117688024591189, 7041317.476965076290071 ], [ 255390.117688024591189, 7041327.483346256427467 ], [ 255395.120878614514368, 7041327.483346256427467 ], [ 255395.120878614514368, 7041337.48972743563354 ], [ 255400.12406920446665, 7041337.48972743563354 ], [ 255400.12406920446665, 7041342.492918025702238 ], [ 255430.143212744151242, 7041342.492918025702238 ], [ 255430.143212744151242, 7041347.496108615770936 ], [ 255460.162356283835834, 7041347.496108615770936 ], [ 255460.162356283835834, 7041337.48972743563354 ], [ 255465.165546873788116, 7041337.48972743563354 ], [ 255465.165546873788116, 7041342.492918025702238 ], [ 255490.181499823520426, 7041342.492918025702238 ], [ 255490.181499823520426, 7041337.48972743563354 ], [ 255510.194262183300452, 7041337.48972743563354 ], [ 255510.194262183300452, 7041327.483346256427467 ], [ 255525.2038339531573, 7041327.483346256427467 ], [ 255525.2038339531573, 7041322.480155666358769 ], [ 255515.197452773252735, 7041322.480155666358769 ], [ 255515.197452773252735, 7041317.476965076290071 ], [ 255485.178309233568143, 7041317.476965076290071 ], [ 255485.178309233568143, 7041312.473774486221373 ], [ 255480.17511864361586, 7041312.473774486221373 ], [ 255480.17511864361586, 7041302.467393306083977 ], [ 255475.171928053663578, 7041302.467393306083977 ], [ 255475.171928053663578, 7041297.464202716015279 ], [ 255470.168737463740399, 7041297.464202716015279 ], [ 255470.168737463740399, 7041292.461012125946581 ], [ 255465.165546873788116, 7041292.461012125946581 ], [ 255465.165546873788116, 7041282.454630946740508 ], [ 255470.168737463740399, 7041282.454630946740508 ], [ 255470.168737463740399, 7041262.441868586465716 ], [ 255475.171928053663578, 7041262.441868586465716 ], [ 255475.171928053663578, 7041247.432296817190945 ], [ 255480.17511864361586, 7041247.432296817190945 ], [ 255480.17511864361586, 7041237.425915637053549 ], [ 255485.178309233568143, 7041237.425915637053549 ], [ 255485.178309233568143, 7041227.419534456916153 ], [ 255490.181499823520426, 7041227.419534456916153 ], [ 255490.181499823520426, 7041222.416343866847456 ], [ 255495.184690413472708, 7041222.416343866847456 ], [ 255495.184690413472708, 7041212.409962687641382 ], [ 255500.187881003424991, 7041212.409962687641382 ], [ 255500.187881003424991, 7041207.406772097572684 ], [ 255495.184690413472708, 7041207.406772097572684 ], [ 255495.184690413472708, 7041202.403581507503986 ], [ 255510.194262183300452, 7041202.403581507503986 ], [ 255510.194262183300452, 7041197.400390917435288 ], [ 255515.197452773252735, 7041197.400390917435288 ], [ 255515.197452773252735, 7041192.39720032736659 ], [ 255520.200643363205018, 7041192.39720032736659 ], [ 255520.200643363205018, 7041187.394009737297893 ], [ 255525.2038339531573, 7041187.394009737297893 ], [ 255525.2038339531573, 7041182.390819147229195 ], [ 255530.207024543080479, 7041182.390819147229195 ], [ 255530.207024543080479, 7041187.394009737297893 ], [ 255535.210215133032762, 7041187.394009737297893 ], [ 255535.210215133032762, 7041192.39720032736659 ], [ 255540.213405722985044, 7041192.39720032736659 ], [ 255540.213405722985044, 7041182.390819147229195 ], [ 255535.210215133032762, 7041182.390819147229195 ], [ 255535.210215133032762, 7041177.387628557160497 ], [ 255550.219786902889609, 7041177.387628557160497 ], [ 255550.219786902889609, 7041172.384437968023121 ], [ 255555.222977492841892, 7041172.384437968023121 ], [ 255555.222977492841892, 7041177.387628557160497 ], [ 255560.226168082765071, 7041177.387628557160497 ], [ 255560.226168082765071, 7041172.384437968023121 ], [ 255570.232549262669636, 7041172.384437968023121 ], [ 255570.232549262669636, 7041167.381247377954423 ], [ 255580.238930442574201, 7041167.381247377954423 ], [ 255580.238930442574201, 7041162.378056787885725 ], [ 255585.24212103249738, 7041162.378056787885725 ], [ 255585.24212103249738, 7041157.374866197817028 ], [ 255580.238930442574201, 7041157.374866197817028 ], [ 255580.238930442574201, 7041147.368485017679632 ], [ 255595.248502212401945, 7041147.368485017679632 ], [ 255595.248502212401945, 7041157.374866197817028 ], [ 255600.251692802354228, 7041157.374866197817028 ], [ 255600.251692802354228, 7041172.384437968023121 ], [ 255595.248502212401945, 7041172.384437968023121 ], [ 255595.248502212401945, 7041182.390819147229195 ], [ 255590.245311622449663, 7041182.390819147229195 ], [ 255590.245311622449663, 7041207.406772097572684 ], [ 255580.238930442574201, 7041207.406772097572684 ], [ 255580.238930442574201, 7041217.413153276778758 ], [ 255585.24212103249738, 7041217.413153276778758 ], [ 255585.24212103249738, 7041227.419534456916153 ], [ 255580.238930442574201, 7041227.419534456916153 ], [ 255580.238930442574201, 7041252.435487406328321 ], [ 255575.235739852621919, 7041252.435487406328321 ], [ 255575.235739852621919, 7041262.441868586465716 ], [ 255565.229358672717353, 7041262.441868586465716 ], [ 255565.229358672717353, 7041252.435487406328321 ], [ 255560.226168082765071, 7041252.435487406328321 ], [ 255560.226168082765071, 7041247.432296817190945 ], [ 255555.222977492841892, 7041247.432296817190945 ], [ 255555.222977492841892, 7041262.441868586465716 ], [ 255550.219786902889609, 7041262.441868586465716 ], [ 255550.219786902889609, 7041272.448249766603112 ], [ 255545.216596312937327, 7041272.448249766603112 ], [ 255545.216596312937327, 7041277.45144035667181 ], [ 255550.219786902889609, 7041277.45144035667181 ], [ 255550.219786902889609, 7041282.454630946740508 ], [ 255560.226168082765071, 7041282.454630946740508 ], [ 255560.226168082765071, 7041277.45144035667181 ], [ 255565.229358672717353, 7041277.45144035667181 ], [ 255565.229358672717353, 7041282.454630946740508 ], [ 255570.232549262669636, 7041282.454630946740508 ], [ 255570.232549262669636, 7041287.457821536809206 ], [ 255590.245311622449663, 7041287.457821536809206 ], [ 255590.245311622449663, 7041292.461012125946581 ], [ 255605.25488339230651, 7041292.461012125946581 ], [ 255605.25488339230651, 7041297.464202716015279 ], [ 255625.267645752086537, 7041297.464202716015279 ], [ 255625.267645752086537, 7041302.467393306083977 ], [ 255635.274026931991102, 7041302.467393306083977 ], [ 255635.274026931991102, 7041307.470583896152675 ], [ 255640.277217521914281, 7041307.470583896152675 ], [ 255640.277217521914281, 7041317.476965076290071 ], [ 255645.280408111866564, 7041317.476965076290071 ], [ 255645.280408111866564, 7041322.480155666358769 ], [ 255650.283598701818846, 7041322.480155666358769 ], [ 255650.283598701818846, 7041307.470583896152675 ], [ 255655.286789291771129, 7041307.470583896152675 ], [ 255655.286789291771129, 7041302.467393306083977 ], [ 255665.293170471675694, 7041302.467393306083977 ], [ 255665.293170471675694, 7041297.464202716015279 ], [ 255670.296361061598873, 7041297.464202716015279 ], [ 255670.296361061598873, 7041302.467393306083977 ], [ 255685.305932831455721, 7041302.467393306083977 ], [ 255685.305932831455721, 7041297.464202716015279 ], [ 255700.315504601283465, 7041297.464202716015279 ], [ 255700.315504601283465, 7041292.461012125946581 ], [ 255755.350601090700366, 7041292.461012125946581 ], [ 255755.350601090700366, 7041287.457821536809206 ], [ 255760.353791680652648, 7041287.457821536809206 ], [ 255760.353791680652648, 7041282.454630946740508 ], [ 255780.366554040432675, 7041282.454630946740508 ], [ 255780.366554040432675, 7041297.464202716015279 ], [ 255785.369744630384957, 7041297.464202716015279 ], [ 255785.369744630384957, 7041302.467393306083977 ], [ 255800.379316400241805, 7041302.467393306083977 ], [ 255800.379316400241805, 7041307.470583896152675 ], [ 255810.385697580117267, 7041307.470583896152675 ], [ 255810.385697580117267, 7041312.473774486221373 ], [ 255825.395269349974114, 7041312.473774486221373 ], [ 255825.395269349974114, 7041317.476965076290071 ], [ 255835.401650529849576, 7041317.476965076290071 ], [ 255835.401650529849576, 7041322.480155666358769 ], [ 255845.408031709754141, 7041322.480155666358769 ], [ 255845.408031709754141, 7041327.483346256427467 ], [ 255855.414412889658706, 7041327.483346256427467 ], [ 255855.414412889658706, 7041332.486536845564842 ], [ 255856.936215384717798, 7041332.486536845564842 ], [ 255858.168611396860797, 7041314.849266919307411 ], [ 255857.332209669664735, 7041285.420545724220574 ], [ 255856.843505787837785, 7041279.12740140222013 ], [ 255854.497787544503808, 7041242.029209487140179 ], [ 255852.102329215034842, 7041218.686741504818201 ], [ 255848.642229214310646, 7041194.376741506159306 ], [ 255841.719108322722604, 7041160.15492171049118 ], [ 255838.37750832279562, 7041147.483021710067987 ], [ 255827.631973673269385, 7041114.56964997574687 ], [ 255813.165792060433887, 7041083.113551307469606 ], [ 255807.122792060836218, 7041071.750751305371523 ], [ 255791.779505138896639, 7041046.075839535333216 ], [ 255773.955856223328738, 7041022.056366450153291 ], [ 255772.88925622284296, 7041020.759466449730098 ], [ 255753.095453071204247, 7040998.966014318168163 ], [ 255731.260830636078026, 7040979.217635597102344 ], [ 255707.595668267604196, 7040961.704517967998981 ], [ 255682.327874416048871, 7040946.595322328619659 ], [ 255655.70079174899729, 7040934.035558491013944 ], [ 255627.970853628357872, 7040924.146183848381042 ], [ 255599.405114516994217, 7040917.022438483312726 ], [ 255570.278678098140517, 7040912.732927958481014 ], [ 255540.872047876648139, 7040911.318962604738772 ], [ 255511.468425776838558, 7040912.79415968246758 ], [ 255482.350984753196826, 7040917.144312235526741 ], [ 255453.800141680025263, 7040924.327525919303298 ], [ 255426.090856783528579, 7040934.274622456170619 ], [ 255399.489985624764813, 7040946.889805871993303 ], [ 255374.253709134471137, 7040962.051585052162409 ], [ 255350.625066450797021, 7040979.613943775184453 ], [ 255328.831614319526125, 7040999.407746926881373 ], [ 255309.083235598198371, 7041021.242369362153113 ], [ 255291.570117969473358, 7041044.907531730830669 ], [ 255276.460922329715686, 7041070.175325581803918 ], [ 255263.901158492517425, 7041096.802408249117434 ], [ 255254.011783849477069, 7041124.532346369698644 ], [ 255249.56458993742126, 7041142.365294427610934 ], [ 255255.031542095995974, 7041142.365294427610934 ] ], [ [ 255420.136831564246677, 7041127.355722658336163 ], [ 255425.140022154198959, 7041127.355722658336163 ], [ 255425.140022154198959, 7041137.362103838473558 ], [ 255420.136831564246677, 7041137.362103838473558 ], [ 255420.136831564246677, 7041127.355722658336163 ] ], [ [ 255570.232549262669636, 7041072.320626168511808 ], [ 255565.229358672717353, 7041072.320626168511808 ], [ 255565.229358672717353, 7041067.31743557844311 ], [ 255570.232549262669636, 7041067.31743557844311 ], [ 255570.232549262669636, 7041057.311054399237037 ], [ 255565.229358672717353, 7041057.311054399237037 ], [ 255565.229358672717353, 7041052.307863809168339 ], [ 255575.235739852621919, 7041052.307863809168339 ], [ 255575.235739852621919, 7041077.323816758580506 ], [ 255570.232549262669636, 7041077.323816758580506 ], [ 255570.232549262669636, 7041072.320626168511808 ] ] ], [ [ [ 254284.412567646300886, 7040291.822894137352705 ], [ 254289.415758236253168, 7040291.822894137352705 ], [ 254289.415758236253168, 7040306.832465906627476 ], [ 254294.418948826176347, 7040306.832465906627476 ], [ 254294.418948826176347, 7040311.835656496696174 ], [ 254299.42213941612863, 7040311.835656496696174 ], [ 254299.42213941612863, 7040321.84203767683357 ], [ 254304.425330006080912, 7040321.84203767683357 ], [ 254304.425330006080912, 7040326.845228266902268 ], [ 254309.428520596033195, 7040326.845228266902268 ], [ 254309.428520596033195, 7040331.848418856970966 ], [ 254324.438092365860939, 7040331.848418856970966 ], [ 254324.438092365860939, 7040336.851609446108341 ], [ 254329.441282955813222, 7040336.851609446108341 ], [ 254329.441282955813222, 7040351.861181216314435 ], [ 254334.444473545765504, 7040351.861181216314435 ], [ 254334.444473545765504, 7040366.870752986520529 ], [ 254339.447664135717787, 7040366.870752986520529 ], [ 254339.447664135717787, 7040371.873943575657904 ], [ 254344.450854725670069, 7040371.873943575657904 ], [ 254344.450854725670069, 7040376.877134165726602 ], [ 254349.454045315593248, 7040376.877134165726602 ], [ 254349.454045315593248, 7040381.8803247557953 ], [ 254354.457235905545531, 7040381.8803247557953 ], [ 254354.457235905545531, 7040391.886705935932696 ], [ 254359.460426495497813, 7040391.886705935932696 ], [ 254359.460426495497813, 7040396.889896526001394 ], [ 254364.463617085450096, 7040396.889896526001394 ], [ 254364.463617085450096, 7040401.893087116070092 ], [ 254369.466807675402379, 7040401.893087116070092 ], [ 254369.466807675402379, 7040421.905849475413561 ], [ 254374.469998265354661, 7040421.905849475413561 ], [ 254374.469998265354661, 7040431.912230655550957 ], [ 254379.47318885527784, 7040431.912230655550957 ], [ 254379.47318885527784, 7040441.918611835688353 ], [ 254384.476379445230123, 7040441.918611835688353 ], [ 254384.476379445230123, 7040446.921802425757051 ], [ 254389.479570035182405, 7040446.921802425757051 ], [ 254389.479570035182405, 7040486.947327144443989 ], [ 254394.482760625134688, 7040486.947327144443989 ], [ 254394.482760625134688, 7040496.953708324581385 ], [ 254399.48595121508697, 7040496.953708324581385 ], [ 254399.48595121508697, 7040501.956898914650083 ], [ 254404.489141805010149, 7040501.956898914650083 ], [ 254404.489141805010149, 7040506.960089504718781 ], [ 254409.492332394962432, 7040506.960089504718781 ], [ 254409.492332394962432, 7040511.963280094787478 ], [ 254414.495522984914714, 7040511.963280094787478 ], [ 254414.495522984914714, 7040516.966470684856176 ], [ 254419.498713574866997, 7040516.966470684856176 ], [ 254419.498713574866997, 7040521.969661274924874 ], [ 254424.50190416481928, 7040521.969661274924874 ], [ 254424.50190416481928, 7040526.97285186406225 ], [ 254429.505094754771562, 7040526.97285186406225 ], [ 254429.505094754771562, 7040531.976042454130948 ], [ 254434.508285344694741, 7040531.976042454130948 ], [ 254434.508285344694741, 7040536.979233044199646 ], [ 254439.511475934647024, 7040536.979233044199646 ], [ 254439.511475934647024, 7040541.982423634268343 ], [ 254444.514666524599306, 7040541.982423634268343 ], [ 254444.514666524599306, 7040546.985614224337041 ], [ 254449.517857114551589, 7040546.985614224337041 ], [ 254449.517857114551589, 7040551.988804814405739 ], [ 254454.521047704503872, 7040551.988804814405739 ], [ 254454.521047704503872, 7040556.991995404474437 ], [ 254459.52423829442705, 7040556.991995404474437 ], [ 254459.52423829442705, 7040561.995185994543135 ], [ 254464.527428884379333, 7040561.995185994543135 ], [ 254464.527428884379333, 7040566.998376583680511 ], [ 254469.530619474331615, 7040566.998376583680511 ], [ 254469.530619474331615, 7040572.001567173749208 ], [ 254474.533810064283898, 7040572.001567173749208 ], [ 254474.533810064283898, 7040577.004757763817906 ], [ 254479.537000654236181, 7040577.004757763817906 ], [ 254479.537000654236181, 7040582.007948353886604 ], [ 254484.540191244188463, 7040582.007948353886604 ], [ 254484.540191244188463, 7040587.011138943955302 ], [ 254489.543381834111642, 7040587.011138943955302 ], [ 254489.543381834111642, 7040592.014329534024 ], [ 254494.546572424063925, 7040592.014329534024 ], [ 254494.546572424063925, 7040602.020710713230073 ], [ 254499.549763014016207, 7040602.020710713230073 ], [ 254499.549763014016207, 7040607.023901303298771 ], [ 254504.55295360396849, 7040607.023901303298771 ], [ 254504.55295360396849, 7040612.027091893367469 ], [ 254509.556144193920773, 7040612.027091893367469 ], [ 254509.556144193920773, 7040617.030282483436167 ], [ 254514.559334783843951, 7040617.030282483436167 ], [ 254514.559334783843951, 7040622.033473073504865 ], [ 254519.562525373796234, 7040622.033473073504865 ], [ 254519.562525373796234, 7040627.036663663573563 ], [ 254524.565715963748517, 7040627.036663663573563 ], [ 254524.565715963748517, 7040632.039854253642261 ], [ 254529.568906553700799, 7040632.039854253642261 ], [ 254529.568906553700799, 7040642.046235432848334 ], [ 254534.572097143653082, 7040642.046235432848334 ], [ 254534.572097143653082, 7040647.049426022917032 ], [ 254539.575287733605364, 7040647.049426022917032 ], [ 254539.575287733605364, 7040657.055807203054428 ], [ 254544.578478323528543, 7040657.055807203054428 ], [ 254544.578478323528543, 7040682.071760152466595 ], [ 254549.581668913480826, 7040682.071760152466595 ], [ 254549.581668913480826, 7040677.06856956332922 ], [ 254559.588050093385391, 7040677.06856956332922 ], [ 254559.588050093385391, 7040682.071760152466595 ], [ 254564.591240683337674, 7040682.071760152466595 ], [ 254564.591240683337674, 7040692.078141332603991 ], [ 254569.594431273260852, 7040692.078141332603991 ], [ 254569.594431273260852, 7040702.084522512741387 ], [ 254574.597621863213135, 7040702.084522512741387 ], [ 254574.597621863213135, 7040712.090903692878783 ], [ 254579.600812453165418, 7040712.090903692878783 ], [ 254579.600812453165418, 7040717.094094282016158 ], [ 254584.6040030431177, 7040717.094094282016158 ], [ 254584.6040030431177, 7040722.097284872084856 ], [ 254589.607193633069983, 7040722.097284872084856 ], [ 254589.607193633069983, 7040727.100475462153554 ], [ 254599.613574812945444, 7040727.100475462153554 ], [ 254599.613574812945444, 7040732.103666052222252 ], [ 254619.626337172754575, 7040732.103666052222252 ], [ 254619.626337172754575, 7040737.10685664229095 ], [ 254634.635908942582319, 7040737.10685664229095 ], [ 254634.635908942582319, 7040742.110047232359648 ], [ 254644.642290122486884, 7040742.110047232359648 ], [ 254644.642290122486884, 7040747.113237822428346 ], [ 254659.651861892314628, 7040747.113237822428346 ], [ 254659.651861892314628, 7040752.116428412497044 ], [ 254669.658243072219193, 7040752.116428412497044 ], [ 254669.658243072219193, 7040757.119619001634419 ], [ 254684.667814842046937, 7040757.119619001634419 ], [ 254684.667814842046937, 7040762.122809591703117 ], [ 254689.67100543199922, 7040762.122809591703117 ], [ 254689.67100543199922, 7040767.126000181771815 ], [ 254699.677386611903785, 7040767.126000181771815 ], [ 254699.677386611903785, 7040772.129190771840513 ], [ 254704.680577201856067, 7040772.129190771840513 ], [ 254704.680577201856067, 7040777.132381361909211 ], [ 254709.683767791779246, 7040777.132381361909211 ], [ 254709.683767791779246, 7040782.135571951977909 ], [ 254714.686958381731529, 7040782.135571951977909 ], [ 254714.686958381731529, 7040787.138762542046607 ], [ 254719.690148971683811, 7040787.138762542046607 ], [ 254719.690148971683811, 7040792.141953132115304 ], [ 254729.696530151588377, 7040792.141953132115304 ], [ 254729.696530151588377, 7040797.14514372125268 ], [ 254732.463098081905628, 7040797.14514372125268 ], [ 254738.989488795545185, 7040787.771717187948525 ], [ 254753.362755429785466, 7040762.078169257380068 ], [ 254765.148402763472404, 7040735.099516289308667 ], [ 254774.232928570127115, 7040707.095577461645007 ], [ 254780.528843900072388, 7040678.336046013049781 ], [ 254783.975515647034626, 7040649.097891951911151 ], [ 254784.110686822794378, 7040642.046235432848334 ], [ 254769.72205487114843, 7040642.046235432848334 ], [ 254769.72205487114843, 7040637.043044843710959 ], [ 254759.715673691243865, 7040637.043044843710959 ], [ 254759.715673691243865, 7040632.039854253642261 ], [ 254749.709292511368403, 7040632.039854253642261 ], [ 254749.709292511368403, 7040622.033473073504865 ], [ 254744.706101921416121, 7040622.033473073504865 ], [ 254744.706101921416121, 7040617.030282483436167 ], [ 254739.702911331463838, 7040617.030282483436167 ], [ 254739.702911331463838, 7040607.023901303298771 ], [ 254734.699720741511555, 7040607.023901303298771 ], [ 254734.699720741511555, 7040602.020710713230073 ], [ 254729.696530151588377, 7040602.020710713230073 ], [ 254729.696530151588377, 7040597.017520124092698 ], [ 254714.686958381731529, 7040597.017520124092698 ], [ 254714.686958381731529, 7040592.014329534024 ], [ 254709.683767791779246, 7040592.014329534024 ], [ 254709.683767791779246, 7040587.011138943955302 ], [ 254659.651861892314628, 7040587.011138943955302 ], [ 254659.651861892314628, 7040592.014329534024 ], [ 254644.642290122486884, 7040592.014329534024 ], [ 254644.642290122486884, 7040597.017520124092698 ], [ 254589.607193633069983, 7040597.017520124092698 ], [ 254589.607193633069983, 7040602.020710713230073 ], [ 254559.588050093385391, 7040602.020710713230073 ], [ 254559.588050093385391, 7040597.017520124092698 ], [ 254549.581668913480826, 7040597.017520124092698 ], [ 254549.581668913480826, 7040592.014329534024 ], [ 254544.578478323528543, 7040592.014329534024 ], [ 254544.578478323528543, 7040582.007948353886604 ], [ 254539.575287733605364, 7040582.007948353886604 ], [ 254539.575287733605364, 7040572.001567173749208 ], [ 254544.578478323528543, 7040572.001567173749208 ], [ 254544.578478323528543, 7040556.991995404474437 ], [ 254549.581668913480826, 7040556.991995404474437 ], [ 254549.581668913480826, 7040546.985614224337041 ], [ 254554.584859503433108, 7040546.985614224337041 ], [ 254554.584859503433108, 7040536.979233044199646 ], [ 254549.581668913480826, 7040536.979233044199646 ], [ 254549.581668913480826, 7040516.966470684856176 ], [ 254554.584859503433108, 7040516.966470684856176 ], [ 254554.584859503433108, 7040511.963280094787478 ], [ 254559.588050093385391, 7040511.963280094787478 ], [ 254559.588050093385391, 7040501.956898914650083 ], [ 254554.584859503433108, 7040501.956898914650083 ], [ 254554.584859503433108, 7040496.953708324581385 ], [ 254534.572097143653082, 7040496.953708324581385 ], [ 254534.572097143653082, 7040501.956898914650083 ], [ 254529.568906553700799, 7040501.956898914650083 ], [ 254529.568906553700799, 7040481.944136555306613 ], [ 254524.565715963748517, 7040481.944136555306613 ], [ 254524.565715963748517, 7040476.940945965237916 ], [ 254514.559334783843951, 7040476.940945965237916 ], [ 254514.559334783843951, 7040466.93456478510052 ], [ 254509.556144193920773, 7040466.93456478510052 ], [ 254509.556144193920773, 7040456.928183604963124 ], [ 254499.549763014016207, 7040456.928183604963124 ], [ 254499.549763014016207, 7040441.918611835688353 ], [ 254494.546572424063925, 7040441.918611835688353 ], [ 254494.546572424063925, 7040436.915421245619655 ], [ 254509.556144193920773, 7040436.915421245619655 ], [ 254509.556144193920773, 7040431.912230655550957 ], [ 254504.55295360396849, 7040431.912230655550957 ], [ 254504.55295360396849, 7040426.909040065482259 ], [ 254509.556144193920773, 7040426.909040065482259 ], [ 254509.556144193920773, 7040421.905849475413561 ], [ 254514.559334783843951, 7040421.905849475413561 ], [ 254514.559334783843951, 7040416.902658885344863 ], [ 254544.578478323528543, 7040416.902658885344863 ], [ 254544.578478323528543, 7040411.899468295276165 ], [ 254539.575287733605364, 7040411.899468295276165 ], [ 254539.575287733605364, 7040406.89627770613879 ], [ 254534.572097143653082, 7040406.89627770613879 ], [ 254534.572097143653082, 7040401.893087116070092 ], [ 254529.568906553700799, 7040401.893087116070092 ], [ 254529.568906553700799, 7040391.886705935932696 ], [ 254524.565715963748517, 7040391.886705935932696 ], [ 254524.565715963748517, 7040371.873943575657904 ], [ 254544.578478323528543, 7040371.873943575657904 ], [ 254544.578478323528543, 7040366.870752986520529 ], [ 254569.594431273260852, 7040366.870752986520529 ], [ 254569.594431273260852, 7040351.861181216314435 ], [ 254559.588050093385391, 7040351.861181216314435 ], [ 254559.588050093385391, 7040346.857990626245737 ], [ 254554.584859503433108, 7040346.857990626245737 ], [ 254554.584859503433108, 7040341.854800036177039 ], [ 254549.581668913480826, 7040341.854800036177039 ], [ 254549.581668913480826, 7040336.851609446108341 ], [ 254534.572097143653082, 7040336.851609446108341 ], [ 254534.572097143653082, 7040341.854800036177039 ], [ 254539.575287733605364, 7040341.854800036177039 ], [ 254539.575287733605364, 7040351.861181216314435 ], [ 254529.568906553700799, 7040351.861181216314435 ], [ 254529.568906553700799, 7040346.857990626245737 ], [ 254524.565715963748517, 7040346.857990626245737 ], [ 254524.565715963748517, 7040341.854800036177039 ], [ 254519.562525373796234, 7040341.854800036177039 ], [ 254519.562525373796234, 7040346.857990626245737 ], [ 254509.556144193920773, 7040346.857990626245737 ], [ 254509.556144193920773, 7040336.851609446108341 ], [ 254524.565715963748517, 7040336.851609446108341 ], [ 254524.565715963748517, 7040331.848418856970966 ], [ 254519.562525373796234, 7040331.848418856970966 ], [ 254519.562525373796234, 7040326.845228266902268 ], [ 254514.559334783843951, 7040326.845228266902268 ], [ 254514.559334783843951, 7040321.84203767683357 ], [ 254509.556144193920773, 7040321.84203767683357 ], [ 254509.556144193920773, 7040316.838847086764872 ], [ 254504.55295360396849, 7040316.838847086764872 ], [ 254504.55295360396849, 7040306.832465906627476 ], [ 254499.549763014016207, 7040306.832465906627476 ], [ 254499.549763014016207, 7040296.82608472649008 ], [ 254504.55295360396849, 7040296.82608472649008 ], [ 254504.55295360396849, 7040270.020833968184888 ], [ 254477.612445864127949, 7040262.983513511717319 ], [ 254448.53547157527646, 7040258.370622312650084 ], [ 254419.146368461253587, 7040256.629985314793885 ], [ 254389.728169650712516, 7040257.778365804813802 ], [ 254360.564188479853328, 7040261.804704248905182 ], [ 254331.935290030000033, 7040268.670224809087813 ], [ 254304.117186243383912, 7040278.308808767236769 ], [ 254284.412567646300886, 7040287.386710619553924 ], [ 254284.412567646300886, 7040291.822894137352705 ] ] ], [ [ [ 255975.49098704836797, 7040151.733557618223131 ], [ 255970.487796458415687, 7040151.733557618223131 ], [ 255970.487796458415687, 7040141.727176439017057 ], [ 255965.484605868492508, 7040141.727176439017057 ], [ 255965.484605868492508, 7040121.714414078742266 ], [ 255970.487796458415687, 7040121.714414078742266 ], [ 255970.487796458415687, 7040111.70803289860487 ], [ 255965.484605868492508, 7040111.70803289860487 ], [ 255965.484605868492508, 7040091.695270539261401 ], [ 255960.481415278540226, 7040091.695270539261401 ], [ 255960.481415278540226, 7040081.688889359124005 ], [ 255950.47503409863566, 7040081.688889359124005 ], [ 255950.47503409863566, 7040076.685698769055307 ], [ 255945.471843508683378, 7040076.685698769055307 ], [ 255945.471843508683378, 7040066.679317588917911 ], [ 255940.468652918760199, 7040066.679317588917911 ], [ 255940.468652918760199, 7040056.672936409711838 ], [ 255935.465462328807916, 7040056.672936409711838 ], [ 255935.465462328807916, 7040036.660174049437046 ], [ 255940.468652918760199, 7040036.660174049437046 ], [ 255940.468652918760199, 7040041.663364639505744 ], [ 255945.471843508683378, 7040041.663364639505744 ], [ 255945.471843508683378, 7040001.637839919887483 ], [ 255940.468652918760199, 7040001.637839919887483 ], [ 255940.468652918760199, 7039986.628268150612712 ], [ 255935.465462328807916, 7039986.628268150612712 ], [ 255935.465462328807916, 7039971.618696380406618 ], [ 255930.462271738855634, 7039971.618696380406618 ], [ 255930.462271738855634, 7039961.612315200269222 ], [ 255925.459081148903351, 7039961.612315200269222 ], [ 255925.459081148903351, 7039946.602743430994451 ], [ 255920.455890558951069, 7039946.602743430994451 ], [ 255920.455890558951069, 7039921.586790480650961 ], [ 255915.452699968998786, 7039921.586790480650961 ], [ 255915.452699968998786, 7039901.574028121307492 ], [ 255910.449509379075607, 7039901.574028121307492 ], [ 255910.449509379075607, 7039881.561265761032701 ], [ 255905.446318789123325, 7039881.561265761032701 ], [ 255905.446318789123325, 7039861.548503401689231 ], [ 255900.443128199171042, 7039861.548503401689231 ], [ 255900.443128199171042, 7039851.542122221551836 ], [ 255895.439937609218759, 7039851.542122221551836 ], [ 255895.439937609218759, 7039831.529359862208366 ], [ 255890.436747019266477, 7039831.529359862208366 ], [ 255890.436747019266477, 7039821.522978682070971 ], [ 255885.433556429343298, 7039821.522978682070971 ], [ 255885.433556429343298, 7039806.513406911864877 ], [ 255880.430365839391015, 7039806.513406911864877 ], [ 255880.430365839391015, 7039791.503835142590106 ], [ 255875.427175249438733, 7039791.503835142590106 ], [ 255875.427175249438733, 7039771.491072782315314 ], [ 255870.42398465948645, 7039771.491072782315314 ], [ 255870.42398465948645, 7039766.487882192246616 ], [ 255865.420794069534168, 7039766.487882192246616 ], [ 255865.420794069534168, 7039746.475119832903147 ], [ 255860.417603479581885, 7039746.475119832903147 ], [ 255860.417603479581885, 7039731.465548062697053 ], [ 255855.414412889658706, 7039731.465548062697053 ], [ 255855.414412889658706, 7039721.459166882559657 ], [ 255850.411222299706424, 7039721.459166882559657 ], [ 255850.411222299706424, 7039711.452785703353584 ], [ 255845.408031709754141, 7039711.452785703353584 ], [ 255845.408031709754141, 7039696.44321393314749 ], [ 255840.404841119801858, 7039696.44321393314749 ], [ 255840.404841119801858, 7039681.433642163872719 ], [ 255835.401650529849576, 7039681.433642163872719 ], [ 255835.401650529849576, 7039661.420879803597927 ], [ 255830.398459939926397, 7039661.420879803597927 ], [ 255830.398459939926397, 7039651.414498623460531 ], [ 255825.395269349974114, 7039651.414498623460531 ], [ 255825.395269349974114, 7039646.411308033391833 ], [ 255820.392078760021832, 7039646.411308033391833 ], [ 255820.392078760021832, 7039636.40492685418576 ], [ 255815.388888170069549, 7039636.40492685418576 ], [ 255815.388888170069549, 7039631.401736264117062 ], [ 255810.385697580117267, 7039631.401736264117062 ], [ 255810.385697580117267, 7039626.398545674048364 ], [ 255805.382506990164984, 7039626.398545674048364 ], [ 255805.382506990164984, 7039621.395355083979666 ], [ 255800.379316400241805, 7039621.395355083979666 ], [ 255800.379316400241805, 7039616.392164493910968 ], [ 255795.376125810289523, 7039616.392164493910968 ], [ 255795.376125810289523, 7039611.38897390384227 ], [ 255790.37293522033724, 7039611.38897390384227 ], [ 255790.37293522033724, 7039606.385783313773572 ], [ 255785.369744630384957, 7039606.385783313773572 ], [ 255785.369744630384957, 7039601.382592724636197 ], [ 255780.366554040432675, 7039601.382592724636197 ], [ 255780.366554040432675, 7039596.379402134567499 ], [ 255775.363363450509496, 7039596.379402134567499 ], [ 255775.363363450509496, 7039586.373020954430103 ], [ 255770.360172860557213, 7039586.373020954430103 ], [ 255770.360172860557213, 7039581.369830364361405 ], [ 255765.356982270604931, 7039581.369830364361405 ], [ 255765.356982270604931, 7039571.36344918422401 ], [ 255760.353791680652648, 7039571.36344918422401 ], [ 255760.353791680652648, 7039566.360258595086634 ], [ 255755.350601090700366, 7039566.360258595086634 ], [ 255755.350601090700366, 7039561.357068005017936 ], [ 255750.347410500748083, 7039561.357068005017936 ], [ 255750.347410500748083, 7039557.925054934807122 ], [ 255731.076896897313418, 7039556.955191681161523 ], [ 255701.670043798105326, 7039558.364514145068824 ], [ 255672.542930492025334, 7039562.649425982497633 ], [ 255643.976067002688069, 7039569.768661151640117 ], [ 255616.244567841727985, 7039579.653657523915172 ], [ 255589.615502505650511, 7039592.20921718236059 ], [ 255564.345323450543219, 7039607.314423223026097 ], [ 255540.677396314829821, 7039624.823804254643619 ], [ 255518.839656175026903, 7039644.568735365755856 ], [ 255499.042412406386575, 7039666.359062076546252 ], [ 255481.476323288690764, 7039689.984931629151106 ], [ 255466.31055986272986, 7039715.218813984654844 ], [ 255453.691176720749354, 7039741.817693060263991 ], [ 255443.739705420855898, 7039769.525407112203538 ], [ 255436.551984071702464, 7039798.075115706771612 ], [ 255432.197234359104186, 7039827.191869542934 ], [ 255430.717394903331297, 7039856.595258364453912 ], [ 255432.126717367296806, 7039886.002111462876201 ], [ 255436.411629205278587, 7039915.129224769771099 ], [ 255443.530864373868098, 7039943.696088259108365 ], [ 255453.415860746667022, 7039971.427587419748306 ], [ 255465.971420404879609, 7039998.056652755476534 ], [ 255481.076626445457805, 7040023.326831811107695 ], [ 255498.5860074768716, 7040046.994758946821094 ], [ 255518.330938588187564, 7040068.832499085925519 ], [ 255540.121265299123479, 7040088.629742855206132 ], [ 255540.518286056903889, 7040088.956366834230721 ], [ 255543.62157708092127, 7040091.474931139498949 ], [ 255554.587877081357874, 7040100.254431139677763 ], [ 255556.187988829915412, 7040101.526541817001998 ], [ 255568.987488829647191, 7040111.63134181778878 ], [ 255569.367871224530973, 7040111.931143572553992 ], [ 255574.470441911078524, 7040115.946106660179794 ], [ 255575.424435483670095, 7040116.801085142418742 ], [ 255582.301234463229775, 7040122.778342109173536 ], [ 255592.965534462593496, 7040131.767042111605406 ], [ 255593.767748391343048, 7040132.440817992202938 ], [ 255605.396548391407123, 7040142.173217992298305 ], [ 255613.272185272333445, 7040148.524737562052906 ], [ 255613.767198648623889, 7040148.988961999304593 ], [ 255620.948861954297172, 7040154.506936684250832 ], [ 255622.298119210172445, 7040155.555190116167068 ], [ 255622.303744243399706, 7040155.547949866391718 ], [ 255637.112549898622092, 7040166.926179565489292 ], [ 255662.103641672700178, 7040182.4887799564749 ], [ 255688.499796095624333, 7040195.526886824518442 ], [ 255716.046803770615952, 7040205.914936071261764 ], [ 255744.479371955094393, 7040213.552885104902089 ], [ 255773.523679474630626, 7040218.36717630084604 ], [ 255802.900013770529767, 7040220.311445401981473 ], [ 255832.32546468480723, 7040219.366968035697937 ], [ 255861.516649039578624, 7040215.54284003470093 ], [ 255890.192439771955833, 7040208.875889841467142 ], [ 255918.07667334144935, 7040199.430323831737041 ], [ 255944.900809335696977, 7040187.297107968479395 ], [ 255970.406516661460046, 7040172.5930917551741 ], [ 255970.487796458415687, 7040172.534926004707813 ], [ 255970.487796458415687, 7040171.746319978497922 ], [ 255971.589780651294859, 7040171.746319978497922 ], [ 255975.49098704836797, 7040168.954524149186909 ], [ 255975.49098704836797, 7040151.733557618223131 ] ] ] ] } },
{ "type": "Feature", "properties": { "slope": 3 }, "geometry": { "type": "Polygon", "coordinates": [ [ [ 254504.55295360396849, 7040296.82608472649008 ], [ 254499.549763014016207, 7040296.82608472649008 ], [ 254499.549763014016207, 7040306.832465906627476 ], [ 254504.55295360396849, 7040306.832465906627476 ], [ 254504.55295360396849, 7040316.838847086764872 ], [ 254509.556144193920773, 7040316.838847086764872 ], [ 254509.556144193920773, 7040321.84203767683357 ], [ 254514.559334783843951, 7040321.84203767683357 ], [ 254514.559334783843951, 7040326.845228266902268 ], [ 254519.562525373796234, 7040326.845228266902268 ], [ 254519.562525373796234, 7040331.848418856970966 ], [ 254524.565715963748517, 7040331.848418856970966 ], [ 254524.565715963748517, 7040336.851609446108341 ], [ 254509.556144193920773, 7040336.851609446108341 ], [ 254509.556144193920773, 7040346.857990626245737 ], [ 254519.562525373796234, 7040346.857990626245737 ], [ 254519.562525373796234, 7040341.854800036177039 ], [ 254524.565715963748517, 7040341.854800036177039 ], [ 254524.565715963748517, 7040346.857990626245737 ], [ 254529.568906553700799, 7040346.857990626245737 ], [ 254529.568906553700799, 7040351.861181216314435 ], [ 254539.575287733605364, 7040351.861181216314435 ], [ 254539.575287733605364, 7040341.854800036177039 ], [ 254534.572097143653082, 7040341.854800036177039 ], [ 254534.572097143653082, 7040336.851609446108341 ], [ 254549.581668913480826, 7040336.851609446108341 ], [ 254549.581668913480826, 7040341.854800036177039 ], [ 254554.584859503433108, 7040341.854800036177039 ], [ 254554.584859503433108, 7040346.857990626245737 ], [ 254559.588050093385391, 7040346.857990626245737 ], [ 254559.588050093385391, 7040351.861181216314435 ], [ 254569.594431273260852, 7040351.861181216314435 ], [ 254569.594431273260852, 7040366.870752986520529 ], [ 254544.578478323528543, 7040366.870752986520529 ], [ 254544.578478323528543, 7040371.873943575657904 ], [ 254524.565715963748517, 7040371.873943575657904 ], [ 254524.565715963748517, 7040391.886705935932696 ], [ 254529.568906553700799, 7040391.886705935932696 ], [ 254529.568906553700799, 7040401.893087116070092 ], [ 254534.572097143653082, 7040401.893087116070092 ], [ 254534.572097143653082, 7040406.89627770613879 ], [ 254539.575287733605364, 7040406.89627770613879 ], [ 254539.575287733605364, 7040411.899468295276165 ], [ 254544.578478323528543, 7040411.899468295276165 ], [ 254544.578478323528543, 7040416.902658885344863 ], [ 254514.559334783843951, 7040416.902658885344863 ], [ 254514.559334783843951, 7040421.905849475413561 ], [ 254509.556144193920773, 7040421.905849475413561 ], [ 254509.556144193920773, 7040426.909040065482259 ], [ 254504.55295360396849, 7040426.909040065482259 ], [ 254504.55295360396849, 7040431.912230655550957 ], [ 254509.556144193920773, 7040431.912230655550957 ], [ 254509.556144193920773, 7040436.915421245619655 ], [ 254494.546572424063925, 7040436.915421245619655 ], [ 254494.546572424063925, 7040441.918611835688353 ], [ 254499.549763014016207, 7040441.918611835688353 ], [ 254499.549763014016207, 7040456.928183604963124 ], [ 254509.556144193920773, 7040456.928183604963124 ], [ 254509.556144193920773, 7040466.93456478510052 ], [ 254514.559334783843951, 7040466.93456478510052 ], [ 254514.559334783843951, 7040476.940945965237916 ], [ 254524.565715963748517, 7040476.940945965237916 ], [ 254524.565715963748517, 7040481.944136555306613 ], [ 254529.568906553700799, 7040481.944136555306613 ], [ 254529.568906553700799, 7040501.956898914650083 ], [ 254534.572097143653082, 7040501.956898914650083 ], [ 254534.572097143653082, 7040496.953708324581385 ], [ 254554.584859503433108, 7040496.953708324581385 ], [ 254554.584859503433108, 7040501.956898914650083 ], [ 254559.588050093385391, 7040501.956898914650083 ], [ 254559.588050093385391, 7040511.963280094787478 ], [ 254554.584859503433108, 7040511.963280094787478 ], [ 254554.584859503433108, 7040516.966470684856176 ], [ 254549.581668913480826, 7040516.966470684856176 ], [ 254549.581668913480826, 7040536.979233044199646 ], [ 254554.584859503433108, 7040536.979233044199646 ], [ 254554.584859503433108, 7040546.985614224337041 ], [ 254549.581668913480826, 7040546.985614224337041 ], [ 254549.581668913480826, 7040556.991995404474437 ], [ 254544.578478323528543, 7040556.991995404474437 ], [ 254544.578478323528543, 7040572.001567173749208 ], [ 254539.575287733605364, 7040572.001567173749208 ], [ 254539.575287733605364, 7040582.007948353886604 ], [ 254544.578478323528543, 7040582.007948353886604 ], [ 254544.578478323528543, 7040592.014329534024 ], [ 254549.581668913480826, 7040592.014329534024 ], [ 254549.581668913480826, 7040597.017520124092698 ], [ 254559.588050093385391, 7040597.017520124092698 ], [ 254559.588050093385391, 7040602.020710713230073 ], [ 254589.607193633069983, 7040602.020710713230073 ], [ 254589.607193633069983, 7040597.017520124092698 ], [ 254644.642290122486884, 7040597.017520124092698 ], [ 254644.642290122486884, 7040592.014329534024 ], [ 254659.651861892314628, 7040592.014329534024 ], [ 254659.651861892314628, 7040587.011138943955302 ], [ 254709.683767791779246, 7040587.011138943955302 ], [ 254709.683767791779246, 7040592.014329534024 ], [ 254714.686958381731529, 7040592.014329534024 ], [ 254714.686958381731529, 7040597.017520124092698 ], [ 254729.696530151588377, 7040597.017520124092698 ], [ 254729.696530151588377, 7040602.020710713230073 ], [ 254734.699720741511555, 7040602.020710713230073 ], [ 254734.699720741511555, 7040607.023901303298771 ], [ 254739.702911331463838, 7040607.023901303298771 ], [ 254739.702911331463838, 7040617.030282483436167 ], [ 254744.706101921416121, 7040617.030282483436167 ], [ 254744.706101921416121, 7040622.033473073504865 ], [ 254749.709292511368403, 7040622.033473073504865 ], [ 254749.709292511368403, 7040632.039854253642261 ], [ 254759.715673691243865, 7040632.039854253642261 ], [ 254759.715673691243865, 7040637.043044843710959 ], [ 254769.72205487114843, 7040637.043044843710959 ], [ 254769.72205487114843, 7040642.046235432848334 ], [ 254784.110686822794378, 7040642.046235432848334 ], [ 254784.539750477910275, 7040619.662694687023759 ], [ 254782.216114502865821, 7040590.313931256532669 ], [ 254777.026985606556991, 7040561.33424629829824 ], [ 254769.022337936883559, 7040533.00273001845926 ], [ 254758.279260626761243, 7040505.592230408452451 ], [ 254744.901215383404633, 7040479.366725561209023 ], [ 254730.990330219297903, 7040457.658186208456755 ], [ 254731.047869910253212, 7040457.618361960165203 ], [ 254730.571069909958169, 7040456.929461958818138 ], [ 254730.311915265920106, 7040456.59949026349932 ], [ 254729.017040095699485, 7040454.578781425952911 ], [ 254710.779708054848015, 7040431.467119456268847 ], [ 254709.657648046122631, 7040430.301201863214374 ], [ 254708.21952224971028, 7040428.470091296359897 ], [ 254700.04827536814264, 7040420.316230845637619 ], [ 254690.364854737941641, 7040410.254317589104176 ], [ 254690.059124162391527, 7040409.966356186196208 ], [ 254689.873660075245425, 7040410.163264665752649 ], [ 254682.603933417471126, 7040402.909006223082542 ], [ 254681.94623341714032, 7040402.327506225556135 ], [ 254677.953426829946693, 7040398.85952231567353 ], [ 254674.79138993966626, 7040396.161637629382312 ], [ 254672.055952222028282, 7040393.77866773493588 ], [ 254671.391531878121896, 7040393.272381209768355 ], [ 254669.058915471250657, 7040390.8612843407318 ], [ 254661.302724394976394, 7040380.196587801910937 ], [ 254643.128542418620782, 7040359.501760034821928 ], [ 254640.199342418491142, 7040356.460060033015907 ], [ 254635.183399389294209, 7040351.565113420598209 ], [ 254632.673379979503807, 7040348.96702572517097 ], [ 254630.382759973668726, 7040346.629798022098839 ], [ 254608.768924472940853, 7040326.640017784200609 ], [ 254585.299824403075036, 7040308.865020149387419 ], [ 254560.201480027288198, 7040293.4759880611673 ], [ 254533.715602122072596, 7040280.621126311831176 ], [ 254506.097264170268318, 7040270.424234246835113 ], [ 254504.55295360396849, 7040270.020833968184888 ], [ 254504.55295360396849, 7040296.82608472649008 ] ] ] } },
{ "type": "Feature", "properties": { "slope": 1 }, "geometry": { "type": "Polygon", "coordinates": [ [ [ 254394.482760625134688, 7040491.950517734512687 ], [ 254394.482760625134688, 7040486.947327144443989 ], [ 254389.479570035182405, 7040486.947327144443989 ], [ 254389.479570035182405, 7040491.950517734512687 ], [ 254394.482760625134688, 7040491.950517734512687 ] ] ] } },
{ "type": "Feature", "properties": { "slope": 1 }, "geometry": { "type": "Polygon", "coordinates": [ [ [ 254539.575287733605364, 7040652.05261661298573 ], [ 254539.575287733605364, 7040647.049426022917032 ], [ 254534.572097143653082, 7040647.049426022917032 ], [ 254534.572097143653082, 7040652.05261661298573 ], [ 254539.575287733605364, 7040652.05261661298573 ] ] ] } },
{ "type": "Feature", "properties": { "slope": 1 }, "geometry": { "type": "Polygon", "coordinates": [ [ [ 254544.578478323528543, 7040677.06856956332922 ], [ 254544.578478323528543, 7040657.055807203054428 ], [ 254539.575287733605364, 7040657.055807203054428 ], [ 254539.575287733605364, 7040677.06856956332922 ], [ 254544.578478323528543, 7040677.06856956332922 ] ] ] } },
{ "type": "Feature", "properties": { "slope": 2 }, "geometry": { "type": "Polygon", "coordinates": [ [ [ 254564.591240683337674, 7040742.110047232359648 ], [ 254564.591240683337674, 7040737.10685664229095 ], [ 254569.594431273260852, 7040737.10685664229095 ], [ 254569.594431273260852, 7040727.100475462153554 ], [ 254559.588050093385391, 7040727.100475462153554 ], [ 254559.588050093385391, 7040742.110047232359648 ], [ 254564.591240683337674, 7040742.110047232359648 ] ] ] } },
{ "type": "Feature", "properties": { "slope": 1 }, "geometry": { "type": "MultiPolygon", "coordinates": [ [ [ [ 255245.025160916120512, 7041212.409962687641382 ], [ 255245.025160916120512, 7041222.416343866847456 ], [ 255250.028351506072795, 7041222.416343866847456 ], [ 255250.028351506072795, 7041227.419534456916153 ], [ 255255.031542095995974, 7041227.419534456916153 ], [ 255255.031542095995974, 7041232.422725046984851 ], [ 255265.037923275900539, 7041232.422725046984851 ], [ 255265.037923275900539, 7041237.425915637053549 ], [ 255270.041113865852822, 7041237.425915637053549 ], [ 255270.041113865852822, 7041232.422725046984851 ], [ 255275.044304455805104, 7041232.422725046984851 ], [ 255275.044304455805104, 7041237.425915637053549 ], [ 255280.047495045757387, 7041237.425915637053549 ], [ 255280.047495045757387, 7041232.422725046984851 ], [ 255285.050685635680566, 7041232.422725046984851 ], [ 255285.050685635680566, 7041237.425915637053549 ], [ 255290.053876225632848, 7041237.425915637053549 ], [ 255290.053876225632848, 7041242.429106227122247 ], [ 255295.057066815585131, 7041242.429106227122247 ], [ 255295.057066815585131, 7041247.432296817190945 ], [ 255300.060257405537413, 7041247.432296817190945 ], [ 255300.060257405537413, 7041257.438677996397018 ], [ 255305.063447995489696, 7041257.438677996397018 ], [ 255305.063447995489696, 7041277.45144035667181 ], [ 255310.066638585412875, 7041277.45144035667181 ], [ 255310.066638585412875, 7041282.454630946740508 ], [ 255325.076210355269723, 7041282.454630946740508 ], [ 255325.076210355269723, 7041287.457821536809206 ], [ 255335.082591535174288, 7041287.457821536809206 ], [ 255335.082591535174288, 7041292.461012125946581 ], [ 255340.085782125097467, 7041292.461012125946581 ], [ 255340.085782125097467, 7041297.464202716015279 ], [ 255350.092163305002032, 7041297.464202716015279 ], [ 255350.092163305002032, 7041302.467393306083977 ], [ 255360.098544484906597, 7041302.467393306083977 ], [ 255360.098544484906597, 7041307.470583896152675 ], [ 255365.101735074829776, 7041307.470583896152675 ], [ 255365.101735074829776, 7041312.473774486221373 ], [ 255370.104925664782058, 7041312.473774486221373 ], [ 255370.104925664782058, 7041317.476965076290071 ], [ 255375.108116254734341, 7041317.476965076290071 ], [ 255375.108116254734341, 7041327.483346256427467 ], [ 255380.111306844686624, 7041327.483346256427467 ], [ 255380.111306844686624, 7041332.486536845564842 ], [ 255385.114497434638906, 7041332.486536845564842 ], [ 255385.114497434638906, 7041337.48972743563354 ], [ 255390.117688024591189, 7041337.48972743563354 ], [ 255390.117688024591189, 7041342.492918025702238 ], [ 255395.120878614514368, 7041342.492918025702238 ], [ 255395.120878614514368, 7041347.496108615770936 ], [ 255425.140022154198959, 7041347.496108615770936 ], [ 255425.140022154198959, 7041352.499299205839634 ], [ 255460.162356283835834, 7041352.499299205839634 ], [ 255460.162356283835834, 7041347.496108615770936 ], [ 255430.143212744151242, 7041347.496108615770936 ], [ 255430.143212744151242, 7041342.492918025702238 ], [ 255400.12406920446665, 7041342.492918025702238 ], [ 255400.12406920446665, 7041337.48972743563354 ], [ 255395.120878614514368, 7041337.48972743563354 ], [ 255395.120878614514368, 7041327.483346256427467 ], [ 255390.117688024591189, 7041327.483346256427467 ], [ 255390.117688024591189, 7041317.476965076290071 ], [ 255395.120878614514368, 7041317.476965076290071 ], [ 255395.120878614514368, 7041302.467393306083977 ], [ 255390.117688024591189, 7041302.467393306083977 ], [ 255390.117688024591189, 7041297.464202716015279 ], [ 255385.114497434638906, 7041297.464202716015279 ], [ 255385.114497434638906, 7041292.461012125946581 ], [ 255375.108116254734341, 7041292.461012125946581 ], [ 255375.108116254734341, 7041287.457821536809206 ], [ 255370.104925664782058, 7041287.457821536809206 ], [ 255370.104925664782058, 7041282.454630946740508 ], [ 255360.098544484906597, 7041282.454630946740508 ], [ 255360.098544484906597, 7041277.45144035667181 ], [ 255355.095353894954314, 7041277.45144035667181 ], [ 255355.095353894954314, 7041272.448249766603112 ], [ 255350.092163305002032, 7041272.448249766603112 ], [ 255350.092163305002032, 7041267.445059176534414 ], [ 255345.088972715049749, 7041267.445059176534414 ], [ 255345.088972715049749, 7041257.438677996397018 ], [ 255340.085782125097467, 7041257.438677996397018 ], [ 255340.085782125097467, 7041247.432296817190945 ], [ 255335.082591535174288, 7041247.432296817190945 ], [ 255335.082591535174288, 7041237.425915637053549 ], [ 255330.079400945222005, 7041237.425915637053549 ], [ 255330.079400945222005, 7041227.419534456916153 ], [ 255325.076210355269723, 7041227.419534456916153 ], [ 255325.076210355269723, 7041222.416343866847456 ], [ 255320.07301976531744, 7041222.416343866847456 ], [ 255320.07301976531744, 7041207.406772097572684 ], [ 255315.069829175365157, 7041207.406772097572684 ], [ 255315.069829175365157, 7041202.403581507503986 ], [ 255310.066638585412875, 7041202.403581507503986 ], [ 255310.066638585412875, 7041197.400390917435288 ], [ 255305.063447995489696, 7041197.400390917435288 ], [ 255305.063447995489696, 7041187.394009737297893 ], [ 255300.060257405537413, 7041187.394009737297893 ], [ 255300.060257405537413, 7041182.390819147229195 ], [ 255290.053876225632848, 7041182.390819147229195 ], [ 255290.053876225632848, 7041177.387628557160497 ], [ 255280.047495045757387, 7041177.387628557160497 ], [ 255280.047495045757387, 7041172.384437968023121 ], [ 255275.044304455805104, 7041172.384437968023121 ], [ 255275.044304455805104, 7041167.381247377954423 ], [ 255270.041113865852822, 7041167.381247377954423 ], [ 255270.041113865852822, 7041162.378056787885725 ], [ 255265.037923275900539, 7041162.378056787885725 ], [ 255265.037923275900539, 7041157.374866197817028 ], [ 255260.034732685948256, 7041157.374866197817028 ], [ 255260.034732685948256, 7041147.368485017679632 ], [ 255255.031542095995974, 7041147.368485017679632 ], [ 255255.031542095995974, 7041142.365294427610934 ], [ 255249.56458993742126, 7041142.365294427610934 ], [ 255246.888038484466961, 7041153.098085481673479 ], [ 255242.598527959606145, 7041182.224521900527179 ], [ 255241.184562606125837, 7041211.631152121350169 ], [ 255241.223635991947958, 7041212.409962687641382 ], [ 255245.025160916120512, 7041212.409962687641382 ] ] ], [ [ [ 254729.696530151588377, 7040797.14514372125268 ], [ 254729.696530151588377, 7040792.141953132115304 ], [ 254719.690148971683811, 7040792.141953132115304 ], [ 254719.690148971683811, 7040787.138762542046607 ], [ 254714.686958381731529, 7040787.138762542046607 ], [ 254714.686958381731529, 7040782.135571951977909 ], [ 254709.683767791779246, 7040782.135571951977909 ], [ 254709.683767791779246, 7040777.132381361909211 ], [ 254704.680577201856067, 7040777.132381361909211 ], [ 254704.680577201856067, 7040772.129190771840513 ], [ 254699.677386611903785, 7040772.129190771840513 ], [ 254699.677386611903785, 7040767.126000181771815 ], [ 254689.67100543199922, 7040767.126000181771815 ], [ 254689.67100543199922, 7040762.122809591703117 ], [ 254684.667814842046937, 7040762.122809591703117 ], [ 254684.667814842046937, 7040757.119619001634419 ], [ 254669.658243072219193, 7040757.119619001634419 ], [ 254669.658243072219193, 7040752.116428412497044 ], [ 254659.651861892314628, 7040752.116428412497044 ], [ 254659.651861892314628, 7040747.113237822428346 ], [ 254644.642290122486884, 7040747.113237822428346 ], [ 254644.642290122486884, 7040742.110047232359648 ], [ 254634.635908942582319, 7040742.110047232359648 ], [ 254634.635908942582319, 7040737.10685664229095 ], [ 254619.626337172754575, 7040737.10685664229095 ], [ 254619.626337172754575, 7040732.103666052222252 ], [ 254599.613574812945444, 7040732.103666052222252 ], [ 254599.613574812945444, 7040727.100475462153554 ], [ 254589.607193633069983, 7040727.100475462153554 ], [ 254589.607193633069983, 7040722.097284872084856 ], [ 254584.6040030431177, 7040722.097284872084856 ], [ 254584.6040030431177, 7040717.094094282016158 ], [ 254579.600812453165418, 7040717.094094282016158 ], [ 254579.600812453165418, 7040712.090903692878783 ], [ 254574.597621863213135, 7040712.090903692878783 ], [ 254574.597621863213135, 7040702.084522512741387 ], [ 254569.594431273260852, 7040702.084522512741387 ], [ 254569.594431273260852, 7040692.078141332603991 ], [ 254564.591240683337674, 7040692.078141332603991 ], [ 254564.591240683337674, 7040682.071760152466595 ], [ 254559.588050093385391, 7040682.071760152466595 ], [ 254559.588050093385391, 7040677.06856956332922 ], [ 254549.581668913480826, 7040677.06856956332922 ], [ 254549.581668913480826, 7040682.071760152466595 ], [ 254544.578478323528543, 7040682.071760152466595 ], [ 254544.578478323528543, 7040687.074950742535293 ], [ 254549.581668913480826, 7040687.074950742535293 ], [ 254549.581668913480826, 7040707.087713102810085 ], [ 254544.578478323528543, 7040707.087713102810085 ], [ 254544.578478323528543, 7040737.10685664229095 ], [ 254549.581668913480826, 7040737.10685664229095 ], [ 254549.581668913480826, 7040742.110047232359648 ], [ 254554.584859503433108, 7040742.110047232359648 ], [ 254554.584859503433108, 7040747.113237822428346 ], [ 254564.591240683337674, 7040747.113237822428346 ], [ 254564.591240683337674, 7040752.116428412497044 ], [ 254584.6040030431177, 7040752.116428412497044 ], [ 254584.6040030431177, 7040747.113237822428346 ], [ 254604.616765402897727, 7040747.113237822428346 ], [ 254604.616765402897727, 7040752.116428412497044 ], [ 254609.619955992850009, 7040752.116428412497044 ], [ 254609.619955992850009, 7040757.119619001634419 ], [ 254634.635908942582319, 7040757.119619001634419 ], [ 254634.635908942582319, 7040762.122809591703117 ], [ 254644.642290122486884, 7040762.122809591703117 ], [ 254644.642290122486884, 7040767.126000181771815 ], [ 254654.648671302362345, 7040767.126000181771815 ], [ 254654.648671302362345, 7040772.129190771840513 ], [ 254669.658243072219193, 7040772.129190771840513 ], [ 254669.658243072219193, 7040777.132381361909211 ], [ 254674.661433662171476, 7040777.132381361909211 ], [ 254674.661433662171476, 7040782.135571951977909 ], [ 254684.667814842046937, 7040782.135571951977909 ], [ 254684.667814842046937, 7040787.138762542046607 ], [ 254694.674196021951502, 7040787.138762542046607 ], [ 254694.674196021951502, 7040792.141953132115304 ], [ 254699.677386611903785, 7040792.141953132115304 ], [ 254699.677386611903785, 7040802.148334311321378 ], [ 254709.683767791779246, 7040802.148334311321378 ], [ 254709.683767791779246, 7040807.151524901390076 ], [ 254714.686958381731529, 7040807.151524901390076 ], [ 254714.686958381731529, 7040812.154715491458774 ], [ 254719.690148971683811, 7040812.154715491458774 ], [ 254719.690148971683811, 7040814.835519966669381 ], [ 254722.167025275703054, 7040811.932717169634998 ], [ 254732.463098081905628, 7040797.14514372125268 ], [ 254729.696530151588377, 7040797.14514372125268 ] ], [ [ 254559.588050093385391, 7040727.100475462153554 ], [ 254569.594431273260852, 7040727.100475462153554 ], [ 254569.594431273260852, 7040737.10685664229095 ], [ 254564.591240683337674, 7040737.10685664229095 ], [ 254564.591240683337674, 7040742.110047232359648 ], [ 254559.588050093385391, 7040742.110047232359648 ], [ 254559.588050093385391, 7040727.100475462153554 ] ] ] ] } },
{ "type": "Feature", "properties": { "slope": 3 }, "geometry": { "type": "Polygon", "coordinates": [ [ [ 255575.235739852621919, 7041077.323816758580506 ], [ 255575.235739852621919, 7041052.307863809168339 ], [ 255565.229358672717353, 7041052.307863809168339 ], [ 255565.229358672717353, 7041057.311054399237037 ], [ 255570.232549262669636, 7041057.311054399237037 ], [ 255570.232549262669636, 7041067.31743557844311 ], [ 255565.229358672717353, 7041067.31743557844311 ], [ 255565.229358672717353, 7041072.320626168511808 ], [ 255570.232549262669636, 7041072.320626168511808 ], [ 255570.232549262669636, 7041077.323816758580506 ], [ 255575.235739852621919, 7041077.323816758580506 ] ] ] } },
{ "type": "Feature", "properties": { "slope": 3 }, "geometry": { "type": "Polygon", "coordinates": [ [ [ 255425.140022154198959, 7041137.362103838473558 ], [ 255425.140022154198959, 7041127.355722658336163 ], [ 255420.136831564246677, 7041127.355722658336163 ], [ 255420.136831564246677, 7041137.362103838473558 ], [ 255425.140022154198959, 7041137.362103838473558 ] ] ] } },
{ "type": "Feature", "properties": { "slope": 2 }, "geometry": { "type": "Polygon", "coordinates": [ [ [ 255555.222977492841892, 7041222.416343866847456 ], [ 255555.222977492841892, 7041212.409962687641382 ], [ 255550.219786902889609, 7041212.409962687641382 ], [ 255550.219786902889609, 7041222.416343866847456 ], [ 255555.222977492841892, 7041222.416343866847456 ] ] ] } },
{ "type": "Feature", "properties": { "slope": 3 }, "geometry": { "type": "Polygon", "coordinates": [ [ [ 255525.2038339531573, 7041322.480155666358769 ], [ 255525.2038339531573, 7041317.476965076290071 ], [ 255530.207024543080479, 7041317.476965076290071 ], [ 255530.207024543080479, 7041302.467393306083977 ], [ 255535.210215133032762, 7041302.467393306083977 ], [ 255535.210215133032762, 7041297.464202716015279 ], [ 255540.213405722985044, 7041297.464202716015279 ], [ 255540.213405722985044, 7041292.461012125946581 ], [ 255545.216596312937327, 7041292.461012125946581 ], [ 255545.216596312937327, 7041287.457821536809206 ], [ 255550.219786902889609, 7041287.457821536809206 ], [ 255550.219786902889609, 7041277.45144035667181 ], [ 255545.216596312937327, 7041277.45144035667181 ], [ 255545.216596312937327, 7041272.448249766603112 ], [ 255550.219786902889609, 7041272.448249766603112 ], [ 255550.219786902889609, 7041262.441868586465716 ], [ 255555.222977492841892, 7041262.441868586465716 ], [ 255555.222977492841892, 7041247.432296817190945 ], [ 255560.226168082765071, 7041247.432296817190945 ], [ 255560.226168082765071, 7041252.435487406328321 ], [ 255565.229358672717353, 7041252.435487406328321 ], [ 255565.229358672717353, 7041262.441868586465716 ], [ 255575.235739852621919, 7041262.441868586465716 ], [ 255575.235739852621919, 7041252.435487406328321 ], [ 255580.238930442574201, 7041252.435487406328321 ], [ 255580.238930442574201, 7041227.419534456916153 ], [ 255585.24212103249738, 7041227.419534456916153 ], [ 255585.24212103249738, 7041217.413153276778758 ], [ 255580.238930442574201, 7041217.413153276778758 ], [ 255580.238930442574201, 7041207.406772097572684 ], [ 255590.245311622449663, 7041207.406772097572684 ], [ 255590.245311622449663, 7041182.390819147229195 ], [ 255595.248502212401945, 7041182.390819147229195 ], [ 255595.248502212401945, 7041172.384437968023121 ], [ 255600.251692802354228, 7041172.384437968023121 ], [ 255600.251692802354228, 7041157.374866197817028 ], [ 255595.248502212401945, 7041157.374866197817028 ], [ 255595.248502212401945, 7041147.368485017679632 ], [ 255580.238930442574201, 7041147.368485017679632 ], [ 255580.238930442574201, 7041157.374866197817028 ], [ 255585.24212103249738, 7041157.374866197817028 ], [ 255585.24212103249738, 7041162.378056787885725 ], [ 255580.238930442574201, 7041162.378056787885725 ], [ 255580.238930442574201, 7041167.381247377954423 ], [ 255570.232549262669636, 7041167.381247377954423 ], [ 255570.232549262669636, 7041172.384437968023121 ], [ 255560.226168082765071, 7041172.384437968023121 ], [ 255560.226168082765071, 7041177.387628557160497 ], [ 255555.222977492841892, 7041177.387628557160497 ], [ 255555.222977492841892, 7041172.384437968023121 ], [ 255550.219786902889609, 7041172.384437968023121 ], [ 255550.219786902889609, 7041177.387628557160497 ], [ 255535.210215133032762, 7041177.387628557160497 ], [ 255535.210215133032762, 7041182.390819147229195 ], [ 255540.213405722985044, 7041182.390819147229195 ], [ 255540.213405722985044, 7041192.39720032736659 ], [ 255535.210215133032762, 7041192.39720032736659 ], [ 255535.210215133032762, 7041187.394009737297893 ], [ 255530.207024543080479, 7041187.394009737297893 ], [ 255530.207024543080479, 7041182.390819147229195 ], [ 255525.2038339531573, 7041182.390819147229195 ], [ 255525.2038339531573, 7041187.394009737297893 ], [ 255520.200643363205018, 7041187.394009737297893 ], [ 255520.200643363205018, 7041192.39720032736659 ], [ 255515.197452773252735, 7041192.39720032736659 ], [ 255515.197452773252735, 7041197.400390917435288 ], [ 255510.194262183300452, 7041197.400390917435288 ], [ 255510.194262183300452, 7041202.403581507503986 ], [ 255495.184690413472708, 7041202.403581507503986 ], [ 255495.184690413472708, 7041207.406772097572684 ], [ 255500.187881003424991, 7041207.406772097572684 ], [ 255500.187881003424991, 7041212.409962687641382 ], [ 255495.184690413472708, 7041212.409962687641382 ], [ 255495.184690413472708, 7041222.416343866847456 ], [ 255490.181499823520426, 7041222.416343866847456 ], [ 255490.181499823520426, 7041227.419534456916153 ], [ 255485.178309233568143, 7041227.419534456916153 ], [ 255485.178309233568143, 7041237.425915637053549 ], [ 255480.17511864361586, 7041237.425915637053549 ], [ 255480.17511864361586, 7041247.432296817190945 ], [ 255475.171928053663578, 7041247.432296817190945 ], [ 255475.171928053663578, 7041262.441868586465716 ], [ 255470.168737463740399, 7041262.441868586465716 ], [ 255470.168737463740399, 7041282.454630946740508 ], [ 255465.165546873788116, 7041282.454630946740508 ], [ 255465.165546873788116, 7041292.461012125946581 ], [ 255470.168737463740399, 7041292.461012125946581 ], [ 255470.168737463740399, 7041297.464202716015279 ], [ 255475.171928053663578, 7041297.464202716015279 ], [ 255475.171928053663578, 7041302.467393306083977 ], [ 255480.17511864361586, 7041302.467393306083977 ], [ 255480.17511864361586, 7041312.473774486221373 ], [ 255485.178309233568143, 7041312.473774486221373 ], [ 255485.178309233568143, 7041317.476965076290071 ], [ 255515.197452773252735, 7041317.476965076290071 ], [ 255515.197452773252735, 7041322.480155666358769 ], [ 255525.2038339531573, 7041322.480155666358769 ] ], [ [ 255500.187881003424991, 7041282.454630946740508 ], [ 255510.194262183300452, 7041282.454630946740508 ], [ 255510.194262183300452, 7041297.464202716015279 ], [ 255500.187881003424991, 7041297.464202716015279 ], [ 255500.187881003424991, 7041282.454630946740508 ] ], [ [ 255530.207024543080479, 7041287.457821536809206 ], [ 255530.207024543080479, 7041297.464202716015279 ], [ 255525.2038339531573, 7041297.464202716015279 ], [ 255525.2038339531573, 7041287.457821536809206 ], [ 255530.207024543080479, 7041287.457821536809206 ] ], [ [ 255520.200643363205018, 7041287.457821536809206 ], [ 255520.200643363205018, 7041282.454630946740508 ], [ 255515.197452773252735, 7041282.454630946740508 ], [ 255515.197452773252735, 7041277.45144035667181 ], [ 255510.194262183300452, 7041277.45144035667181 ], [ 255510.194262183300452, 7041272.448249766603112 ], [ 255515.197452773252735, 7041272.448249766603112 ], [ 255515.197452773252735, 7041267.445059176534414 ], [ 255525.2038339531573, 7041267.445059176534414 ], [ 255525.2038339531573, 7041272.448249766603112 ], [ 255530.207024543080479, 7041272.448249766603112 ], [ 255530.207024543080479, 7041277.45144035667181 ], [ 255525.2038339531573, 7041277.45144035667181 ], [ 255525.2038339531573, 7041287.457821536809206 ], [ 255520.200643363205018, 7041287.457821536809206 ] ], [ [ 255550.219786902889609, 7041212.409962687641382 ], [ 255555.222977492841892, 7041212.409962687641382 ], [ 255555.222977492841892, 7041222.416343866847456 ], [ 255550.219786902889609, 7041222.416343866847456 ], [ 255550.219786902889609, 7041212.409962687641382 ] ] ] } },
{ "type": "Feature", "properties": { "slope": 4 }, "geometry": { "type": "Polygon", "coordinates": [ [ [ 255525.2038339531573, 7041287.457821536809206 ], [ 255525.2038339531573, 7041277.45144035667181 ], [ 255530.207024543080479, 7041277.45144035667181 ], [ 255530.207024543080479, 7041272.448249766603112 ], [ 255525.2038339531573, 7041272.448249766603112 ], [ 255525.2038339531573, 7041267.445059176534414 ], [ 255515.197452773252735, 7041267.445059176534414 ], [ 255515.197452773252735, 7041272.448249766603112 ], [ 255510.194262183300452, 7041272.448249766603112 ], [ 255510.194262183300452, 7041277.45144035667181 ], [ 255515.197452773252735, 7041277.45144035667181 ], [ 255515.197452773252735, 7041282.454630946740508 ], [ 255520.200643363205018, 7041282.454630946740508 ], [ 255520.200643363205018, 7041287.457821536809206 ], [ 255525.2038339531573, 7041287.457821536809206 ] ] ] } },
{ "type": "Feature", "properties": { "slope": 4 }, "geometry": { "type": "Polygon", "coordinates": [ [ [ 255510.194262183300452, 7041297.464202716015279 ], [ 255510.194262183300452, 7041282.454630946740508 ], [ 255500.187881003424991, 7041282.454630946740508 ], [ 255500.187881003424991, 7041297.464202716015279 ], [ 255510.194262183300452, 7041297.464202716015279 ] ] ] } },
{ "type": "Feature", "properties": { "slope": 4 }, "geometry": { "type": "Polygon", "coordinates": [ [ [ 255530.207024543080479, 7041297.464202716015279 ], [ 255530.207024543080479, 7041287.457821536809206 ], [ 255525.2038339531573, 7041287.457821536809206 ], [ 255525.2038339531573, 7041297.464202716015279 ], [ 255530.207024543080479, 7041297.464202716015279 ] ] ] } },
{ "type": "Feature", "properties": { "slope": 2 }, "geometry": { "type": "Polygon", "coordinates": [ [ [ 255535.210215133032762, 7041307.470583896152675 ], [ 255535.210215133032762, 7041302.467393306083977 ], [ 255530.207024543080479, 7041302.467393306083977 ], [ 255530.207024543080479, 7041307.470583896152675 ], [ 255535.210215133032762, 7041307.470583896152675 ] ] ] } },
{ "type": "Feature", "properties": { "slope": 2 }, "geometry": { "type": "Polygon", "coordinates": [ [ [ 255530.207024543080479, 7041322.480155666358769 ], [ 255530.207024543080479, 7041317.476965076290071 ], [ 255525.2038339531573, 7041317.476965076290071 ], [ 255525.2038339531573, 7041322.480155666358769 ], [ 255530.207024543080479, 7041322.480155666358769 ] ] ] } },
{ "type": "Feature", "properties": { "slope": 1 }, "geometry": { "type": "Polygon", "coordinates": [ [ [ 255465.165546873788116, 7041347.496108615770936 ], [ 255465.165546873788116, 7041337.48972743563354 ], [ 255460.162356283835834, 7041337.48972743563354 ], [ 255460.162356283835834, 7041347.496108615770936 ], [ 255465.165546873788116, 7041347.496108615770936 ] ] ] } },
{ "type": "Feature", "properties": { "slope": 1 }, "geometry": { "type": "Polygon", "coordinates": [ [ [ 255480.17511864361586, 7041347.496108615770936 ], [ 255480.17511864361586, 7041342.492918025702238 ], [ 255475.171928053663578, 7041342.492918025702238 ], [ 255475.171928053663578, 7041347.496108615770936 ], [ 255480.17511864361586, 7041347.496108615770936 ] ] ] } },
{ "type": "Feature", "properties": { "slope": 1 }, "geometry": { "type": "MultiPolygon", "coordinates": [ [ [ [ 257386.39073341342737, 7037374.962780198082328 ], [ 257386.39073341342737, 7037375.714388372376561 ], [ 257410.078593402256956, 7037388.456958007998765 ], [ 257437.24809404372354, 7037399.79571604821831 ], [ 257465.398158751399023, 7037408.416798111982644 ], [ 257494.257687013829127, 7037414.237178467214108 ], [ 257523.548745797568699, 7037417.200803668238223 ], [ 257552.989246194396401, 7037417.279132384806871 ], [ 257576.511975831410382, 7037415.025520308874547 ], [ 257576.511975831410382, 7037414.988304917700589 ], [ 257571.508785241458099, 7037414.988304917700589 ], [ 257571.508785241458099, 7037399.978733147494495 ], [ 257566.505594651505817, 7037399.978733147494495 ], [ 257566.505594651505817, 7037394.975542557425797 ], [ 257561.502404061582638, 7037394.975542557425797 ], [ 257561.502404061582638, 7037389.972351967357099 ], [ 257551.496022881678073, 7037389.972351967357099 ], [ 257551.496022881678073, 7037384.969161378219724 ], [ 257536.486451111850329, 7037384.969161378219724 ], [ 257536.486451111850329, 7037374.962780198082328 ], [ 257531.483260521898046, 7037374.962780198082328 ], [ 257531.483260521898046, 7037369.95958960801363 ], [ 257521.476879341993481, 7037369.95958960801363 ], [ 257521.476879341993481, 7037364.956399017944932 ], [ 257506.467307572165737, 7037364.956399017944932 ], [ 257506.467307572165737, 7037359.953208427876234 ], [ 257486.454545212356606, 7037359.953208427876234 ], [ 257486.454545212356606, 7037354.950017837807536 ], [ 257476.448164032481145, 7037354.950017837807536 ], [ 257476.448164032481145, 7037349.946827247738838 ], [ 257471.444973442528863, 7037349.946827247738838 ], [ 257471.444973442528863, 7037344.943636658601463 ], [ 257461.438592262624297, 7037344.943636658601463 ], [ 257461.438592262624297, 7037339.940446068532765 ], [ 257451.432211082748836, 7037339.940446068532765 ], [ 257451.432211082748836, 7037334.937255478464067 ], [ 257446.429020492796553, 7037334.937255478464067 ], [ 257446.429020492796553, 7037329.934064888395369 ], [ 257436.422639312891988, 7037329.934064888395369 ], [ 257436.422639312891988, 7037324.930874298326671 ], [ 257431.419448722939705, 7037324.930874298326671 ], [ 257431.419448722939705, 7037319.927683708257973 ], [ 257426.416258133016527, 7037319.927683708257973 ], [ 257426.416258133016527, 7037314.924493118189275 ], [ 257421.413067543064244, 7037314.924493118189275 ], [ 257421.413067543064244, 7037309.921302528120577 ], [ 257416.409876953111961, 7037309.921302528120577 ], [ 257416.409876953111961, 7037304.918111938983202 ], [ 257406.403495773207396, 7037304.918111938983202 ], [ 257406.403495773207396, 7037294.911730758845806 ], [ 257401.400305183255114, 7037294.911730758845806 ], [ 257401.400305183255114, 7037289.908540168777108 ], [ 257396.397114593331935, 7037289.908540168777108 ], [ 257396.397114593331935, 7037284.90534957870841 ], [ 257391.393924003379652, 7037284.90534957870841 ], [ 257391.393924003379652, 7037279.902158988639712 ], [ 257381.387542823475087, 7037279.902158988639712 ], [ 257381.387542823475087, 7037274.898968398571014 ], [ 257376.384352233522804, 7037274.898968398571014 ], [ 257376.384352233522804, 7037269.895777809433639 ], [ 257371.381161643599626, 7037269.895777809433639 ], [ 257371.381161643599626, 7037259.889396629296243 ], [ 257366.377971053647343, 7037259.889396629296243 ], [ 257366.377971053647343, 7037239.876634269021451 ], [ 257371.381161643599626, 7037239.876634269021451 ], [ 257371.381161643599626, 7037214.860681319609284 ], [ 257366.377971053647343, 7037214.860681319609284 ], [ 257366.377971053647343, 7037204.854300139471889 ], [ 257361.37478046369506, 7037204.854300139471889 ], [ 257361.37478046369506, 7037189.844728370197117 ], [ 257356.371589873742778, 7037189.844728370197117 ], [ 257356.371589873742778, 7037184.841537780128419 ], [ 257351.368399283790495, 7037184.841537780128419 ], [ 257351.368399283790495, 7037179.838347190059721 ], [ 257346.365208693838213, 7037179.838347190059721 ], [ 257346.365208693838213, 7037174.835156599991024 ], [ 257341.362018103915034, 7037174.835156599991024 ], [ 257341.362018103915034, 7037169.831966009922326 ], [ 257336.358827513962751, 7037169.831966009922326 ], [ 257336.358827513962751, 7037164.828775419853628 ], [ 257331.355636924010469, 7037164.828775419853628 ], [ 257331.355636924010469, 7037159.82558482978493 ], [ 257326.352446334058186, 7037159.82558482978493 ], [ 257326.352446334058186, 7037154.822394240647554 ], [ 257321.349255744105903, 7037154.822394240647554 ], [ 257321.349255744105903, 7037134.809631880372763 ], [ 257331.355636924010469, 7037134.809631880372763 ], [ 257331.355636924010469, 7037129.806441290304065 ], [ 257346.365208693838213, 7037129.806441290304065 ], [ 257346.365208693838213, 7037124.803250700235367 ], [ 257351.368399283790495, 7037124.803250700235367 ], [ 257351.368399283790495, 7037119.800060110166669 ], [ 257356.371589873742778, 7037119.800060110166669 ], [ 257356.371589873742778, 7037114.796869521029294 ], [ 257361.37478046369506, 7037114.796869521029294 ], [ 257361.37478046369506, 7037109.793678930960596 ], [ 257371.381161643599626, 7037109.793678930960596 ], [ 257371.381161643599626, 7037104.790488340891898 ], [ 257391.393924003379652, 7037104.790488340891898 ], [ 257391.393924003379652, 7037109.793678930960596 ], [ 257401.400305183255114, 7037109.793678930960596 ], [ 257401.400305183255114, 7037104.790488340891898 ], [ 257441.425829902844271, 7037104.790488340891898 ], [ 257441.425829902844271, 7037099.7872977508232 ], [ 257431.419448722939705, 7037099.7872977508232 ], [ 257431.419448722939705, 7037094.784107160754502 ], [ 257411.406686363159679, 7037094.784107160754502 ], [ 257411.406686363159679, 7037089.780916570685804 ], [ 257401.400305183255114, 7037089.780916570685804 ], [ 257401.400305183255114, 7037084.777725980617106 ], [ 257391.393924003379652, 7037084.777725980617106 ], [ 257391.393924003379652, 7037079.774535390548408 ], [ 257346.365208693838213, 7037079.774535390548408 ], [ 257346.365208693838213, 7037074.771344801411033 ], [ 257326.352446334058186, 7037074.771344801411033 ], [ 257326.352446334058186, 7037079.774535390548408 ], [ 257321.349255744105903, 7037079.774535390548408 ], [ 257321.349255744105903, 7037089.780916570685804 ], [ 257316.346065154182725, 7037089.780916570685804 ], [ 257316.346065154182725, 7037094.784107160754502 ], [ 257311.342874564230442, 7037094.784107160754502 ], [ 257311.342874564230442, 7037104.790488340891898 ], [ 257306.339683974278159, 7037104.790488340891898 ], [ 257306.339683974278159, 7037109.793678930960596 ], [ 257301.336493384325877, 7037109.793678930960596 ], [ 257301.336493384325877, 7037114.796869521029294 ], [ 257296.333302794373594, 7037114.796869521029294 ], [ 257296.333302794373594, 7037124.803250700235367 ], [ 257291.330112204421312, 7037124.803250700235367 ], [ 257291.330112204421312, 7037129.806441290304065 ], [ 257286.326921614498133, 7037129.806441290304065 ], [ 257286.326921614498133, 7037134.809631880372763 ], [ 257281.32373102454585, 7037134.809631880372763 ], [ 257281.32373102454585, 7037154.822394240647554 ], [ 257286.326921614498133, 7037154.822394240647554 ], [ 257286.326921614498133, 7037159.82558482978493 ], [ 257301.336493384325877, 7037159.82558482978493 ], [ 257301.336493384325877, 7037164.828775419853628 ], [ 257306.339683974278159, 7037164.828775419853628 ], [ 257306.339683974278159, 7037169.831966009922326 ], [ 257316.346065154182725, 7037169.831966009922326 ], [ 257316.346065154182725, 7037174.835156599991024 ], [ 257321.349255744105903, 7037174.835156599991024 ], [ 257321.349255744105903, 7037179.838347190059721 ], [ 257326.352446334058186, 7037179.838347190059721 ], [ 257326.352446334058186, 7037184.841537780128419 ], [ 257331.355636924010469, 7037184.841537780128419 ], [ 257331.355636924010469, 7037194.847918959334493 ], [ 257336.358827513962751, 7037194.847918959334493 ], [ 257336.358827513962751, 7037219.863871909677982 ], [ 257341.362018103915034, 7037219.863871909677982 ], [ 257341.362018103915034, 7037234.873443678952754 ], [ 257336.358827513962751, 7037234.873443678952754 ], [ 257336.358827513962751, 7037239.876634269021451 ], [ 257331.355636924010469, 7037239.876634269021451 ], [ 257331.355636924010469, 7037249.883015449158847 ], [ 257326.352446334058186, 7037249.883015449158847 ], [ 257326.352446334058186, 7037279.902158988639712 ], [ 257331.355636924010469, 7037279.902158988639712 ], [ 257331.355636924010469, 7037284.90534957870841 ], [ 257336.358827513962751, 7037284.90534957870841 ], [ 257336.358827513962751, 7037289.908540168777108 ], [ 257341.362018103915034, 7037289.908540168777108 ], [ 257341.362018103915034, 7037309.921302528120577 ], [ 257346.365208693838213, 7037309.921302528120577 ], [ 257346.365208693838213, 7037329.934064888395369 ], [ 257351.368399283790495, 7037329.934064888395369 ], [ 257351.368399283790495, 7037334.937255478464067 ], [ 257356.371589873742778, 7037334.937255478464067 ], [ 257356.371589873742778, 7037344.943636658601463 ], [ 257361.37478046369506, 7037344.943636658601463 ], [ 257361.37478046369506, 7037349.946827247738838 ], [ 257366.377971053647343, 7037349.946827247738838 ], [ 257366.377971053647343, 7037359.953208427876234 ], [ 257371.381161643599626, 7037359.953208427876234 ], [ 257371.381161643599626, 7037364.956399017944932 ], [ 257381.387542823475087, 7037364.956399017944932 ], [ 257381.387542823475087, 7037372.652374479919672 ], [ 257384.151313970563933, 7037374.509722429327667 ], [ 257384.993527848942904, 7037374.962780198082328 ], [ 257386.39073341342737, 7037374.962780198082328 ] ] ], [ [ [ 257841.681077098590322, 7037304.918111938983202 ], [ 257841.681077098590322, 7037309.921302528120577 ], [ 257831.67469591871486, 7037309.921302528120577 ], [ 257831.67469591871486, 7037304.918111938983202 ], [ 257826.671505328762578, 7037304.918111938983202 ], [ 257826.671505328762578, 7037294.911730758845806 ], [ 257821.668314738810295, 7037294.911730758845806 ], [ 257821.668314738810295, 7037284.90534957870841 ], [ 257816.665124148858013, 7037284.90534957870841 ], [ 257816.665124148858013, 7037279.902158988639712 ], [ 257811.661933558934834, 7037279.902158988639712 ], [ 257811.661933558934834, 7037274.898968398571014 ], [ 257806.658742968982551, 7037274.898968398571014 ], [ 257806.658742968982551, 7037264.892587219364941 ], [ 257801.655552379030269, 7037264.892587219364941 ], [ 257801.655552379030269, 7037254.886206039227545 ], [ 257796.652361789077986, 7037254.886206039227545 ], [ 257796.652361789077986, 7037249.883015449158847 ], [ 257791.649171199125703, 7037249.883015449158847 ], [ 257791.649171199125703, 7037239.876634269021451 ], [ 257786.645980609173421, 7037239.876634269021451 ], [ 257786.645980609173421, 7037234.873443678952754 ], [ 257781.642790019250242, 7037234.873443678952754 ], [ 257781.642790019250242, 7037229.870253089815378 ], [ 257776.639599429297959, 7037229.870253089815378 ], [ 257776.639599429297959, 7037224.86706249974668 ], [ 257766.633218249393394, 7037224.86706249974668 ], [ 257766.633218249393394, 7037219.863871909677982 ], [ 257761.630027659441112, 7037219.863871909677982 ], [ 257761.630027659441112, 7037204.854300139471889 ], [ 257766.633218249393394, 7037204.854300139471889 ], [ 257766.633218249393394, 7037194.847918959334493 ], [ 257771.636408839345677, 7037194.847918959334493 ], [ 257771.636408839345677, 7037174.835156599991024 ], [ 257766.633218249393394, 7037174.835156599991024 ], [ 257766.633218249393394, 7037179.838347190059721 ], [ 257761.630027659441112, 7037179.838347190059721 ], [ 257761.630027659441112, 7037184.841537780128419 ], [ 257756.626837069517933, 7037184.841537780128419 ], [ 257756.626837069517933, 7037189.844728370197117 ], [ 257751.62364647956565, 7037189.844728370197117 ], [ 257751.62364647956565, 7037194.847918959334493 ], [ 257746.620455889613368, 7037194.847918959334493 ], [ 257746.620455889613368, 7037204.854300139471889 ], [ 257741.617265299661085, 7037204.854300139471889 ], [ 257741.617265299661085, 7037219.863871909677982 ], [ 257746.620455889613368, 7037219.863871909677982 ], [ 257746.620455889613368, 7037234.873443678952754 ], [ 257741.617265299661085, 7037234.873443678952754 ], [ 257741.617265299661085, 7037239.876634269021451 ], [ 257736.614074709708802, 7037239.876634269021451 ], [ 257736.614074709708802, 7037249.883015449158847 ], [ 257731.61088411975652, 7037249.883015449158847 ], [ 257731.61088411975652, 7037264.892587219364941 ], [ 257741.617265299661085, 7037264.892587219364941 ], [ 257741.617265299661085, 7037259.889396629296243 ], [ 257756.626837069517933, 7037259.889396629296243 ], [ 257756.626837069517933, 7037254.886206039227545 ], [ 257761.630027659441112, 7037254.886206039227545 ], [ 257761.630027659441112, 7037259.889396629296243 ], [ 257771.636408839345677, 7037259.889396629296243 ], [ 257771.636408839345677, 7037264.892587219364941 ], [ 257776.639599429297959, 7037264.892587219364941 ], [ 257776.639599429297959, 7037274.898968398571014 ], [ 257781.642790019250242, 7037274.898968398571014 ], [ 257781.642790019250242, 7037294.911730758845806 ], [ 257786.645980609173421, 7037294.911730758845806 ], [ 257786.645980609173421, 7037304.918111938983202 ], [ 257781.642790019250242, 7037304.918111938983202 ], [ 257781.642790019250242, 7037314.924493118189275 ], [ 257786.645980609173421, 7037314.924493118189275 ], [ 257786.645980609173421, 7037319.927683708257973 ], [ 257781.642790019250242, 7037319.927683708257973 ], [ 257781.642790019250242, 7037324.930874298326671 ], [ 257776.639599429297959, 7037324.930874298326671 ], [ 257776.639599429297959, 7037329.934064888395369 ], [ 257771.636408839345677, 7037329.934064888395369 ], [ 257771.636408839345677, 7037334.937255478464067 ], [ 257766.633218249393394, 7037334.937255478464067 ], [ 257766.633218249393394, 7037339.940446068532765 ], [ 257761.630027659441112, 7037339.940446068532765 ], [ 257761.630027659441112, 7037344.943636658601463 ], [ 257756.626837069517933, 7037344.943636658601463 ], [ 257756.626837069517933, 7037349.946827247738838 ], [ 257751.62364647956565, 7037349.946827247738838 ], [ 257751.62364647956565, 7037377.098983499221504 ], [ 257769.675520328251878, 7037368.007332673296332 ], [ 257794.544968750065891, 7037352.251072513870895 ], [ 257817.75028041715268, 7037334.13305083848536 ], [ 257839.067975492827827, 7037313.827754098922014 ], [ 257846.749983319343301, 7037304.918111938983202 ], [ 257841.681077098590322, 7037304.918111938983202 ] ] ] ] } },
{ "type": "Feature", "properties": { "slope": 2 }, "geometry": { "type": "Polygon", "coordinates": [ [ [ 257821.668314738810295, 7041272.448249766603112 ], [ 257826.671505328762578, 7041272.448249766603112 ], [ 257826.671505328762578, 7041282.454630946740508 ], [ 257821.668314738810295, 7041282.454630946740508 ], [ 257821.668314738810295, 7041287.457821536809206 ], [ 257811.661933558934834, 7041287.457821536809206 ], [ 257811.661933558934834, 7041292.461012125946581 ], [ 257806.658742968982551, 7041292.461012125946581 ], [ 257806.658742968982551, 7041307.470583896152675 ], [ 257811.661933558934834, 7041307.470583896152675 ], [ 257811.661933558934834, 7041312.473774486221373 ], [ 257816.665124148858013, 7041312.473774486221373 ], [ 257816.665124148858013, 7041322.480155666358769 ], [ 257821.668314738810295, 7041322.480155666358769 ], [ 257821.668314738810295, 7041332.486536845564842 ], [ 257826.671505328762578, 7041332.486536845564842 ], [ 257826.671505328762578, 7041352.499299205839634 ], [ 257821.668314738810295, 7041352.499299205839634 ], [ 257821.668314738810295, 7041362.50568038597703 ], [ 257816.665124148858013, 7041362.50568038597703 ], [ 257816.665124148858013, 7041377.515252155251801 ], [ 257811.661933558934834, 7041377.515252155251801 ], [ 257811.661933558934834, 7041382.518442745320499 ], [ 257816.665124148858013, 7041382.518442745320499 ], [ 257816.665124148858013, 7041387.521633335389197 ], [ 257821.668314738810295, 7041387.521633335389197 ], [ 257821.668314738810295, 7041392.524823925457895 ], [ 257781.642790019250242, 7041392.524823925457895 ], [ 257781.642790019250242, 7041397.528014515526593 ], [ 257776.639599429297959, 7041397.528014515526593 ], [ 257776.639599429297959, 7041402.531205105595291 ], [ 257771.636408839345677, 7041402.531205105595291 ], [ 257771.636408839345677, 7041407.534395694732666 ], [ 257766.633218249393394, 7041407.534395694732666 ], [ 257766.633218249393394, 7041412.537586284801364 ], [ 257761.630027659441112, 7041412.537586284801364 ], [ 257761.630027659441112, 7041417.540776874870062 ], [ 257756.626837069517933, 7041417.540776874870062 ], [ 257756.626837069517933, 7041427.547158055007458 ], [ 257751.62364647956565, 7041427.547158055007458 ], [ 257751.62364647956565, 7041432.550348645076156 ], [ 257746.620455889613368, 7041432.550348645076156 ], [ 257746.620455889613368, 7041442.556729825213552 ], [ 257741.617265299661085, 7041442.556729825213552 ], [ 257741.617265299661085, 7041447.559920414350927 ], [ 257736.614074709708802, 7041447.559920414350927 ], [ 257736.614074709708802, 7041457.566301594488323 ], [ 257731.61088411975652, 7041457.566301594488323 ], [ 257731.61088411975652, 7041462.569492184557021 ], [ 257726.607693529833341, 7041462.569492184557021 ], [ 257726.607693529833341, 7041467.572682774625719 ], [ 257716.601312349928776, 7041467.572682774625719 ], [ 257716.601312349928776, 7041472.575873364694417 ], [ 257711.598121759976493, 7041472.575873364694417 ], [ 257711.598121759976493, 7041477.579063954763114 ], [ 257716.601312349928776, 7041477.579063954763114 ], [ 257716.601312349928776, 7041482.58225454390049 ], [ 257731.61088411975652, 7041482.58225454390049 ], [ 257731.61088411975652, 7041502.595016904175282 ], [ 257736.614074709708802, 7041502.595016904175282 ], [ 257736.614074709708802, 7041532.614160443656147 ], [ 257741.617265299661085, 7041532.614160443656147 ], [ 257741.617265299661085, 7041537.617351033724844 ], [ 257746.620455889613368, 7041537.617351033724844 ], [ 257746.620455889613368, 7041542.620541623793542 ], [ 257756.626837069517933, 7041542.620541623793542 ], [ 257756.626837069517933, 7041547.62373221386224 ], [ 257761.630027659441112, 7041547.62373221386224 ], [ 257761.630027659441112, 7041552.626922803930938 ], [ 257771.636408839345677, 7041552.626922803930938 ], [ 257771.636408839345677, 7041562.633303983137012 ], [ 257766.633218249393394, 7041562.633303983137012 ], [ 257766.633218249393394, 7041567.636494573205709 ], [ 257761.630027659441112, 7041567.636494573205709 ], [ 257761.630027659441112, 7041572.639685163274407 ], [ 257756.626837069517933, 7041572.639685163274407 ], [ 257756.626837069517933, 7041577.642875753343105 ], [ 257761.630027659441112, 7041577.642875753343105 ], [ 257761.630027659441112, 7041587.649256933480501 ], [ 257766.633218249393394, 7041587.649256933480501 ], [ 257766.633218249393394, 7041592.652447523549199 ], [ 257771.636408839345677, 7041592.652447523549199 ], [ 257771.636408839345677, 7041602.658828702755272 ], [ 257786.645980609173421, 7041602.658828702755272 ], [ 257786.645980609173421, 7041607.66201929282397 ], [ 257816.665124148858013, 7041607.66201929282397 ], [ 257816.665124148858013, 7041612.665209882892668 ], [ 257826.671505328762578, 7041612.665209882892668 ], [ 257826.671505328762578, 7041622.671591063030064 ], [ 257846.684267688542604, 7041622.671591063030064 ], [ 257846.684267688542604, 7041617.668400472961366 ], [ 257851.687458278494887, 7041617.668400472961366 ], [ 257851.687458278494887, 7041607.66201929282397 ], [ 257856.69064886844717, 7041607.66201929282397 ], [ 257856.69064886844717, 7041602.658828702755272 ], [ 257861.693839458399452, 7041602.658828702755272 ], [ 257861.693839458399452, 7041597.655638112686574 ], [ 257866.697030048351735, 7041597.655638112686574 ], [ 257866.697030048351735, 7041592.652447523549199 ], [ 257861.693839458399452, 7041592.652447523549199 ], [ 257861.693839458399452, 7041587.649256933480501 ], [ 257856.69064886844717, 7041587.649256933480501 ], [ 257856.69064886844717, 7041582.646066343411803 ], [ 257851.687458278494887, 7041582.646066343411803 ], [ 257851.687458278494887, 7041577.642875753343105 ], [ 257846.684267688542604, 7041577.642875753343105 ], [ 257846.684267688542604, 7041557.630113393999636 ], [ 257851.687458278494887, 7041557.630113393999636 ], [ 257851.687458278494887, 7041537.617351033724844 ], [ 257856.69064886844717, 7041537.617351033724844 ], [ 257856.69064886844717, 7041542.620541623793542 ], [ 257861.693839458399452, 7041542.620541623793542 ], [ 257861.693839458399452, 7041572.639685163274407 ], [ 257866.697030048351735, 7041572.639685163274407 ], [ 257866.697030048351735, 7041582.646066343411803 ], [ 257876.703411228227196, 7041582.646066343411803 ], [ 257876.703411228227196, 7041587.649256933480501 ], [ 257886.709792408131761, 7041587.649256933480501 ], [ 257886.709792408131761, 7041592.652447523549199 ], [ 257891.712982998084044, 7041592.652447523549199 ], [ 257891.712982998084044, 7041587.649256933480501 ], [ 257896.716173588007223, 7041587.649256933480501 ], [ 257896.716173588007223, 7041582.646066343411803 ], [ 257901.719364177959505, 7041582.646066343411803 ], [ 257901.719364177959505, 7041572.639685163274407 ], [ 257891.712982998084044, 7041572.639685163274407 ], [ 257891.712982998084044, 7041567.636494573205709 ], [ 257886.709792408131761, 7041567.636494573205709 ], [ 257886.709792408131761, 7041557.630113393999636 ], [ 257881.706601818179479, 7041557.630113393999636 ], [ 257881.706601818179479, 7041547.62373221386224 ], [ 257876.703411228227196, 7041547.62373221386224 ], [ 257876.703411228227196, 7041542.620541623793542 ], [ 257881.706601818179479, 7041542.620541623793542 ], [ 257881.706601818179479, 7041537.617351033724844 ], [ 257871.700220638274914, 7041537.617351033724844 ], [ 257871.700220638274914, 7041527.610969853587449 ], [ 257876.703411228227196, 7041527.610969853587449 ], [ 257876.703411228227196, 7041522.607779263518751 ], [ 257881.706601818179479, 7041522.607779263518751 ], [ 257881.706601818179479, 7041517.604588674381375 ], [ 257886.709792408131761, 7041517.604588674381375 ], [ 257886.709792408131761, 7041512.601398084312677 ], [ 257896.716173588007223, 7041512.601398084312677 ], [ 257896.716173588007223, 7041507.598207494243979 ], [ 257906.722554767911788, 7041507.598207494243979 ], [ 257906.722554767911788, 7041522.607779263518751 ], [ 257911.725745357864071, 7041522.607779263518751 ], [ 257911.725745357864071, 7041527.610969853587449 ], [ 257916.728935947816353, 7041527.610969853587449 ], [ 257916.728935947816353, 7041522.607779263518751 ], [ 257921.732126537768636, 7041522.607779263518751 ], [ 257921.732126537768636, 7041517.604588674381375 ], [ 257926.735317127691815, 7041517.604588674381375 ], [ 257926.735317127691815, 7041507.598207494243979 ], [ 257931.738507717644097, 7041507.598207494243979 ], [ 257931.738507717644097, 7041502.595016904175282 ], [ 257936.74169830759638, 7041502.595016904175282 ], [ 257936.74169830759638, 7041497.591826314106584 ], [ 257941.744888897548662, 7041497.591826314106584 ], [ 257941.744888897548662, 7041492.588635724037886 ], [ 257951.751270077424124, 7041492.588635724037886 ], [ 257951.751270077424124, 7041487.585445133969188 ], [ 257956.754460667376406, 7041487.585445133969188 ], [ 257956.754460667376406, 7041482.58225454390049 ], [ 257961.757651257328689, 7041482.58225454390049 ], [ 257961.757651257328689, 7041472.575873364694417 ], [ 257956.754460667376406, 7041472.575873364694417 ], [ 257956.754460667376406, 7041437.553539235144854 ], [ 257961.757651257328689, 7041437.553539235144854 ], [ 257961.757651257328689, 7041432.550348645076156 ], [ 257966.760841847280972, 7041432.550348645076156 ], [ 257966.760841847280972, 7041422.54396746493876 ], [ 257971.764032437233254, 7041422.54396746493876 ], [ 257971.764032437233254, 7041407.534395694732666 ], [ 257976.767223027185537, 7041407.534395694732666 ], [ 257976.767223027185537, 7041402.531205105595291 ], [ 257971.764032437233254, 7041402.531205105595291 ], [ 257971.764032437233254, 7041392.524823925457895 ], [ 257966.760841847280972, 7041392.524823925457895 ], [ 257966.760841847280972, 7041387.521633335389197 ], [ 257961.757651257328689, 7041387.521633335389197 ], [ 257961.757651257328689, 7041362.50568038597703 ], [ 257956.754460667376406, 7041362.50568038597703 ], [ 257956.754460667376406, 7041302.467393306083977 ], [ 257961.757651257328689, 7041302.467393306083977 ], [ 257961.757651257328689, 7041282.454630946740508 ], [ 257951.751270077424124, 7041282.454630946740508 ], [ 257951.751270077424124, 7041277.45144035667181 ], [ 257946.748079487500945, 7041277.45144035667181 ], [ 257946.748079487500945, 7041272.448249766603112 ], [ 257936.74169830759638, 7041272.448249766603112 ], [ 257936.74169830759638, 7041267.445059176534414 ], [ 257931.738507717644097, 7041267.445059176534414 ], [ 257931.738507717644097, 7041257.438677996397018 ], [ 257926.735317127691815, 7041257.438677996397018 ], [ 257926.735317127691815, 7041253.45044167060405 ], [ 257921.648922773892991, 7041253.188446863554418 ], [ 257892.240431245503714, 7041254.563155934214592 ], [ 257863.108294693869539, 7041258.813781646080315 ], [ 257834.533071519195801, 7041265.899388149380684 ], [ 257821.668314738810295, 7041270.468019862659276 ], [ 257821.668314738810295, 7041272.448249766603112 ] ], [ [ 257761.630027659441112, 7041447.559920414350927 ], [ 257756.626837069517933, 7041447.559920414350927 ], [ 257756.626837069517933, 7041442.556729825213552 ], [ 257761.630027659441112, 7041442.556729825213552 ], [ 257761.630027659441112, 7041437.553539235144854 ], [ 257766.633218249393394, 7041437.553539235144854 ], [ 257766.633218249393394, 7041432.550348645076156 ], [ 257776.639599429297959, 7041432.550348645076156 ], [ 257776.639599429297959, 7041427.547158055007458 ], [ 257781.642790019250242, 7041427.547158055007458 ], [ 257781.642790019250242, 7041432.550348645076156 ], [ 257786.645980609173421, 7041432.550348645076156 ], [ 257786.645980609173421, 7041437.553539235144854 ], [ 257781.642790019250242, 7041437.553539235144854 ], [ 257781.642790019250242, 7041442.556729825213552 ], [ 257776.639599429297959, 7041442.556729825213552 ], [ 257776.639599429297959, 7041447.559920414350927 ], [ 257771.636408839345677, 7041447.559920414350927 ], [ 257771.636408839345677, 7041452.563111004419625 ], [ 257761.630027659441112, 7041452.563111004419625 ], [ 257761.630027659441112, 7041447.559920414350927 ] ] ] } },
{ "type": "Feature", "properties": { "slope": 2 }, "geometry": { "type": "Polygon", "coordinates": [ [ [ 257636.550262910779566, 7041622.671591063030064 ], [ 257636.550262910779566, 7041617.668400472961366 ], [ 257646.556644090684131, 7041617.668400472961366 ], [ 257646.556644090684131, 7041612.665209882892668 ], [ 257721.604502939881058, 7041612.665209882892668 ], [ 257721.604502939881058, 7041607.66201929282397 ], [ 257731.61088411975652, 7041607.66201929282397 ], [ 257731.61088411975652, 7041592.652447523549199 ], [ 257726.607693529833341, 7041592.652447523549199 ], [ 257726.607693529833341, 7041587.649256933480501 ], [ 257721.604502939881058, 7041587.649256933480501 ], [ 257721.604502939881058, 7041582.646066343411803 ], [ 257716.601312349928776, 7041582.646066343411803 ], [ 257716.601312349928776, 7041577.642875753343105 ], [ 257706.594931170024211, 7041577.642875753343105 ], [ 257706.594931170024211, 7041572.639685163274407 ], [ 257701.591740580101032, 7041572.639685163274407 ], [ 257701.591740580101032, 7041562.633303983137012 ], [ 257696.588549990148749, 7041562.633303983137012 ], [ 257696.588549990148749, 7041557.630113393999636 ], [ 257691.585359400196467, 7041557.630113393999636 ], [ 257691.585359400196467, 7041547.62373221386224 ], [ 257686.582168810244184, 7041547.62373221386224 ], [ 257686.582168810244184, 7041542.620541623793542 ], [ 257681.578978220291901, 7041542.620541623793542 ], [ 257681.578978220291901, 7041537.617351033724844 ], [ 257676.575787630339619, 7041537.617351033724844 ], [ 257676.575787630339619, 7041532.614160443656147 ], [ 257661.566215860511875, 7041532.614160443656147 ], [ 257661.566215860511875, 7041527.610969853587449 ], [ 257646.556644090684131, 7041527.610969853587449 ], [ 257646.556644090684131, 7041522.607779263518751 ], [ 257636.550262910779566, 7041522.607779263518751 ], [ 257636.550262910779566, 7041517.604588674381375 ], [ 257631.547072320827283, 7041517.604588674381375 ], [ 257631.547072320827283, 7041512.601398084312677 ], [ 257626.543881730875, 7041512.601398084312677 ], [ 257626.543881730875, 7041502.595016904175282 ], [ 257625.093242661503609, 7041502.595016904175282 ], [ 257624.833034891809803, 7041503.686608484946191 ], [ 257624.520534891809803, 7041505.495008486323059 ], [ 257620.693308297224576, 7041538.354099254123867 ], [ 257620.507235644123284, 7041571.434801883995533 ], [ 257623.964579508872703, 7041604.334866973571479 ], [ 257624.229579508537427, 7041605.978366973809898 ], [ 257627.739036240498535, 7041622.671591063030064 ], [ 257636.550262910779566, 7041622.671591063030064 ] ] ] } },
{ "type": "Feature", "properties": { "slope": 1 }, "geometry": { "type": "Polygon", "coordinates": [ [ [ 258176.894846625044011, 7039221.14010788872838 ], [ 258176.894846625044011, 7039211.133726708590984 ], [ 258171.891656035091728, 7039211.133726708590984 ], [ 258171.891656035091728, 7039206.130536118522286 ], [ 258166.888465445168549, 7039206.130536118522286 ], [ 258166.888465445168549, 7039201.127345528453588 ], [ 258161.885274855216267, 7039201.127345528453588 ], [ 258161.885274855216267, 7039196.124154938384891 ], [ 258151.878893675311701, 7039196.124154938384891 ], [ 258151.878893675311701, 7039201.127345528453588 ], [ 258156.882084265263984, 7039201.127345528453588 ], [ 258156.882084265263984, 7039206.130536118522286 ], [ 258161.885274855216267, 7039206.130536118522286 ], [ 258161.885274855216267, 7039211.133726708590984 ], [ 258166.888465445168549, 7039211.133726708590984 ], [ 258166.888465445168549, 7039216.136917298659682 ], [ 258171.891656035091728, 7039216.136917298659682 ], [ 258171.891656035091728, 7039221.14010788872838 ], [ 258176.894846625044011, 7039221.14010788872838 ] ] ] } },
{ "type": "Feature", "properties": { "slope": 1 }, "geometry": { "type": "Polygon", "coordinates": [ [ [ 258126.862940725579392, 7039231.146489067934453 ], [ 258126.862940725579392, 7039226.143298477865756 ], [ 258136.869321905483957, 7039226.143298477865756 ], [ 258136.869321905483957, 7039221.14010788872838 ], [ 258126.862940725579392, 7039221.14010788872838 ], [ 258126.862940725579392, 7039216.136917298659682 ], [ 258131.866131315531675, 7039216.136917298659682 ], [ 258131.866131315531675, 7039206.130536118522286 ], [ 258136.869321905483957, 7039206.130536118522286 ], [ 258136.869321905483957, 7039201.127345528453588 ], [ 258141.87251249543624, 7039201.127345528453588 ], [ 258141.87251249543624, 7039196.124154938384891 ], [ 258131.866131315531675, 7039196.124154938384891 ], [ 258131.866131315531675, 7039201.127345528453588 ], [ 258126.862940725579392, 7039201.127345528453588 ], [ 258126.862940725579392, 7039211.133726708590984 ], [ 258121.85975013562711, 7039211.133726708590984 ], [ 258121.85975013562711, 7039226.143298477865756 ], [ 258116.856559545674827, 7039226.143298477865756 ], [ 258116.856559545674827, 7039231.146489067934453 ], [ 258126.862940725579392, 7039231.146489067934453 ] ] ] } },
{ "type": "Feature", "properties": { "slope": 1 }, "geometry": { "type": "Polygon", "coordinates": [ [ [ 258146.875703085359419, 7039241.152870248071849 ], [ 258146.875703085359419, 7039226.143298477865756 ], [ 258136.869321905483957, 7039226.143298477865756 ], [ 258136.869321905483957, 7039231.146489067934453 ], [ 258141.87251249543624, 7039231.146489067934453 ], [ 258141.87251249543624, 7039241.152870248071849 ], [ 258146.875703085359419, 7039241.152870248071849 ] ] ] } },
{ "type": "Feature", "properties": { "slope": 3 }, "geometry": { "type": "Polygon", "coordinates": [ [ [ 258211.917180754680885, 7041472.575873364694417 ], [ 258211.917180754680885, 7041477.579063954763114 ], [ 258201.91079957477632, 7041477.579063954763114 ], [ 258201.91079957477632, 7041482.58225454390049 ], [ 258196.907608984853141, 7041482.58225454390049 ], [ 258196.907608984853141, 7041487.585445133969188 ], [ 258191.904418394900858, 7041487.585445133969188 ], [ 258191.904418394900858, 7041502.595016904175282 ], [ 258186.901227804948576, 7041502.595016904175282 ], [ 258186.901227804948576, 7041522.607779263518751 ], [ 258181.898037214996293, 7041522.607779263518751 ], [ 258181.898037214996293, 7041527.610969853587449 ], [ 258171.891656035091728, 7041527.610969853587449 ], [ 258171.891656035091728, 7041542.620541623793542 ], [ 258166.888465445168549, 7041542.620541623793542 ], [ 258166.888465445168549, 7041552.626922803930938 ], [ 258171.891656035091728, 7041552.626922803930938 ], [ 258171.891656035091728, 7041557.630113393999636 ], [ 258176.894846625044011, 7041557.630113393999636 ], [ 258176.894846625044011, 7041592.652447523549199 ], [ 258171.891656035091728, 7041592.652447523549199 ], [ 258171.891656035091728, 7041612.665209882892668 ], [ 258166.888465445168549, 7041612.665209882892668 ], [ 258166.888465445168549, 7041622.671591063030064 ], [ 258161.885274855216267, 7041622.671591063030064 ], [ 258161.885274855216267, 7041642.684353422373533 ], [ 258166.888465445168549, 7041642.684353422373533 ], [ 258166.888465445168549, 7041647.687544012442231 ], [ 258171.891656035091728, 7041647.687544012442231 ], [ 258171.891656035091728, 7041652.690734602510929 ], [ 258181.898037214996293, 7041652.690734602510929 ], [ 258181.898037214996293, 7041657.693925192579627 ], [ 258191.904418394900858, 7041657.693925192579627 ], [ 258191.904418394900858, 7041652.690734602510929 ], [ 258201.91079957477632, 7041652.690734602510929 ], [ 258201.91079957477632, 7041637.681162832304835 ], [ 258206.913990164728602, 7041637.681162832304835 ], [ 258206.913990164728602, 7041627.674781653098762 ], [ 258211.917180754680885, 7041627.674781653098762 ], [ 258211.917180754680885, 7041607.66201929282397 ], [ 258216.920371344633168, 7041607.66201929282397 ], [ 258216.920371344633168, 7041602.658828702755272 ], [ 258227.820731473708292, 7041602.658828702755272 ], [ 258228.886486793402582, 7041594.789073633030057 ], [ 258229.711312356957933, 7041561.973123462870717 ], [ 258226.945822475099703, 7041529.263507316820323 ], [ 258226.762522475415608, 7041527.954107317142189 ], [ 258221.372768984729191, 7041499.520842003636062 ], [ 258213.512534126872197, 7041472.575873364694417 ], [ 258211.917180754680885, 7041472.575873364694417 ] ] ] } },
{ "type": "Feature", "properties": { "slope": 1 }, "geometry": { "type": "MultiPolygon", "coordinates": [ [ [ [ 258256.945896064193221, 7039316.200729097239673 ], [ 258246.939514884317759, 7039316.200729097239673 ], [ 258246.939514884317759, 7039301.191157327033579 ], [ 258241.936324294365477, 7039301.191157327033579 ], [ 258241.936324294365477, 7039296.187966737896204 ], [ 258236.933133704413194, 7039296.187966737896204 ], [ 258236.933133704413194, 7039291.184776147827506 ], [ 258221.92356193458545, 7039291.184776147827506 ], [ 258221.92356193458545, 7039286.181585557758808 ], [ 258216.920371344633168, 7039286.181585557758808 ], [ 258216.920371344633168, 7039276.175204377621412 ], [ 258211.917180754680885, 7039276.175204377621412 ], [ 258211.917180754680885, 7039266.168823197484016 ], [ 258201.91079957477632, 7039266.168823197484016 ], [ 258201.91079957477632, 7039261.165632608346641 ], [ 258191.904418394900858, 7039261.165632608346641 ], [ 258191.904418394900858, 7039251.159251428209245 ], [ 258186.901227804948576, 7039251.159251428209245 ], [ 258186.901227804948576, 7039246.156060838140547 ], [ 258181.898037214996293, 7039246.156060838140547 ], [ 258181.898037214996293, 7039241.152870248071849 ], [ 258186.901227804948576, 7039241.152870248071849 ], [ 258186.901227804948576, 7039226.143298477865756 ], [ 258181.898037214996293, 7039226.143298477865756 ], [ 258181.898037214996293, 7039221.14010788872838 ], [ 258176.894846625044011, 7039221.14010788872838 ], [ 258176.894846625044011, 7039251.159251428209245 ], [ 258181.898037214996293, 7039251.159251428209245 ], [ 258181.898037214996293, 7039256.162442018277943 ], [ 258186.901227804948576, 7039256.162442018277943 ], [ 258186.901227804948576, 7039266.168823197484016 ], [ 258191.904418394900858, 7039266.168823197484016 ], [ 258191.904418394900858, 7039271.172013787552714 ], [ 258196.907608984853141, 7039271.172013787552714 ], [ 258196.907608984853141, 7039276.175204377621412 ], [ 258201.91079957477632, 7039276.175204377621412 ], [ 258201.91079957477632, 7039281.17839496769011 ], [ 258206.913990164728602, 7039281.17839496769011 ], [ 258206.913990164728602, 7039286.181585557758808 ], [ 258211.917180754680885, 7039286.181585557758808 ], [ 258211.917180754680885, 7039296.187966737896204 ], [ 258216.920371344633168, 7039296.187966737896204 ], [ 258216.920371344633168, 7039301.191157327033579 ], [ 258231.929943114460912, 7039301.191157327033579 ], [ 258231.929943114460912, 7039306.194347917102277 ], [ 258236.933133704413194, 7039306.194347917102277 ], [ 258236.933133704413194, 7039321.203919687308371 ], [ 258241.936324294365477, 7039321.203919687308371 ], [ 258241.936324294365477, 7039326.207110277377069 ], [ 258242.840106529998593, 7039326.207110277377069 ], [ 258256.718887910625199, 7039318.393694528378546 ], [ 258256.945896064193221, 7039318.2347213299945 ], [ 258256.945896064193221, 7039316.200729097239673 ] ] ], [ [ [ 258071.827844236162491, 7041297.464202716015279 ], [ 258066.824653646210209, 7041297.464202716015279 ], [ 258066.824653646210209, 7041307.470583896152675 ], [ 258061.821463056257926, 7041307.470583896152675 ], [ 258061.821463056257926, 7041317.476965076290071 ], [ 258056.818272466334747, 7041317.476965076290071 ], [ 258056.818272466334747, 7041322.480155666358769 ], [ 258051.815081876382465, 7041322.480155666358769 ], [ 258051.815081876382465, 7041327.483346256427467 ], [ 258046.811891286430182, 7041327.483346256427467 ], [ 258046.811891286430182, 7041332.486536845564842 ], [ 258041.808700696477899, 7041332.486536845564842 ], [ 258041.808700696477899, 7041342.492918025702238 ], [ 258031.802319516602438, 7041342.492918025702238 ], [ 258031.802319516602438, 7041347.496108615770936 ], [ 258026.799128926650155, 7041347.496108615770936 ], [ 258026.799128926650155, 7041352.499299205839634 ], [ 258016.79274774674559, 7041352.499299205839634 ], [ 258016.79274774674559, 7041357.502489795908332 ], [ 258011.789557156793308, 7041357.502489795908332 ], [ 258011.789557156793308, 7041362.50568038597703 ], [ 258001.783175976917846, 7041362.50568038597703 ], [ 258001.783175976917846, 7041367.508870975114405 ], [ 257996.779985386965564, 7041367.508870975114405 ], [ 257996.779985386965564, 7041382.518442745320499 ], [ 258001.783175976917846, 7041382.518442745320499 ], [ 258001.783175976917846, 7041397.528014515526593 ], [ 258006.786366566841025, 7041397.528014515526593 ], [ 258006.786366566841025, 7041427.547158055007458 ], [ 258001.783175976917846, 7041427.547158055007458 ], [ 258001.783175976917846, 7041432.550348645076156 ], [ 257996.779985386965564, 7041432.550348645076156 ], [ 257996.779985386965564, 7041437.553539235144854 ], [ 257991.776794797013281, 7041437.553539235144854 ], [ 257991.776794797013281, 7041447.559920414350927 ], [ 257986.773604207060998, 7041447.559920414350927 ], [ 257986.773604207060998, 7041452.563111004419625 ], [ 257991.776794797013281, 7041452.563111004419625 ], [ 257991.776794797013281, 7041457.566301594488323 ], [ 257996.779985386965564, 7041457.566301594488323 ], [ 257996.779985386965564, 7041462.569492184557021 ], [ 258006.786366566841025, 7041462.569492184557021 ], [ 258006.786366566841025, 7041467.572682774625719 ], [ 258011.789557156793308, 7041467.572682774625719 ], [ 258011.789557156793308, 7041477.579063954763114 ], [ 258016.79274774674559, 7041477.579063954763114 ], [ 258016.79274774674559, 7041502.595016904175282 ], [ 258011.789557156793308, 7041502.595016904175282 ], [ 258011.789557156793308, 7041507.598207494243979 ], [ 258006.786366566841025, 7041507.598207494243979 ], [ 258006.786366566841025, 7041517.604588674381375 ], [ 257996.779985386965564, 7041517.604588674381375 ], [ 257996.779985386965564, 7041522.607779263518751 ], [ 258011.789557156793308, 7041522.607779263518751 ], [ 258011.789557156793308, 7041517.604588674381375 ], [ 258016.79274774674559, 7041517.604588674381375 ], [ 258016.79274774674559, 7041512.601398084312677 ], [ 258021.795938336697873, 7041512.601398084312677 ], [ 258021.795938336697873, 7041507.598207494243979 ], [ 258026.799128926650155, 7041507.598207494243979 ], [ 258026.799128926650155, 7041502.595016904175282 ], [ 258031.802319516602438, 7041502.595016904175282 ], [ 258031.802319516602438, 7041477.579063954763114 ], [ 258026.799128926650155, 7041477.579063954763114 ], [ 258026.799128926650155, 7041457.566301594488323 ], [ 258021.795938336697873, 7041457.566301594488323 ], [ 258021.795938336697873, 7041452.563111004419625 ], [ 258016.79274774674559, 7041452.563111004419625 ], [ 258016.79274774674559, 7041427.547158055007458 ], [ 258021.795938336697873, 7041427.547158055007458 ], [ 258021.795938336697873, 7041407.534395694732666 ], [ 258016.79274774674559, 7041407.534395694732666 ], [ 258016.79274774674559, 7041377.515252155251801 ], [ 258021.795938336697873, 7041377.515252155251801 ], [ 258021.795938336697873, 7041372.512061565183103 ], [ 258031.802319516602438, 7041372.512061565183103 ], [ 258031.802319516602438, 7041367.508870975114405 ], [ 258036.805510106525617, 7041367.508870975114405 ], [ 258036.805510106525617, 7041362.50568038597703 ], [ 258046.811891286430182, 7041362.50568038597703 ], [ 258046.811891286430182, 7041357.502489795908332 ], [ 258051.815081876382465, 7041357.502489795908332 ], [ 258051.815081876382465, 7041347.496108615770936 ], [ 258056.818272466334747, 7041347.496108615770936 ], [ 258056.818272466334747, 7041342.492918025702238 ], [ 258061.821463056257926, 7041342.492918025702238 ], [ 258061.821463056257926, 7041337.48972743563354 ], [ 258066.824653646210209, 7041337.48972743563354 ], [ 258066.824653646210209, 7041327.483346256427467 ], [ 258071.827844236162491, 7041327.483346256427467 ], [ 258071.827844236162491, 7041322.480155666358769 ], [ 258076.831034826114774, 7041322.480155666358769 ], [ 258076.831034826114774, 7041317.476965076290071 ], [ 258081.834225416067056, 7041317.476965076290071 ], [ 258081.834225416067056, 7041312.473774486221373 ], [ 258086.837416006019339, 7041312.473774486221373 ], [ 258086.837416006019339, 7041307.470583896152675 ], [ 258091.840606595942518, 7041307.470583896152675 ], [ 258091.840606595942518, 7041306.857388332486153 ], [ 258088.199389890098246, 7041304.143443565815687 ], [ 258071.827844236162491, 7041294.277766194194555 ], [ 258071.827844236162491, 7041297.464202716015279 ] ] ], [ [ [ 257926.735317127691815, 7041257.438677996397018 ], [ 257931.738507717644097, 7041257.438677996397018 ], [ 257931.738507717644097, 7041267.445059176534414 ], [ 257936.74169830759638, 7041267.445059176534414 ], [ 257936.74169830759638, 7041272.448249766603112 ], [ 257946.748079487500945, 7041272.448249766603112 ], [ 257946.748079487500945, 7041277.45144035667181 ], [ 257951.751270077424124, 7041277.45144035667181 ], [ 257951.751270077424124, 7041282.454630946740508 ], [ 257961.757651257328689, 7041282.454630946740508 ], [ 257961.757651257328689, 7041302.467393306083977 ], [ 257956.754460667376406, 7041302.467393306083977 ], [ 257956.754460667376406, 7041362.50568038597703 ], [ 257961.757651257328689, 7041362.50568038597703 ], [ 257961.757651257328689, 7041387.521633335389197 ], [ 257966.760841847280972, 7041387.521633335389197 ], [ 257966.760841847280972, 7041392.524823925457895 ], [ 257971.764032437233254, 7041392.524823925457895 ], [ 257971.764032437233254, 7041382.518442745320499 ], [ 257966.760841847280972, 7041382.518442745320499 ], [ 257966.760841847280972, 7041357.502489795908332 ], [ 257961.757651257328689, 7041357.502489795908332 ], [ 257961.757651257328689, 7041342.492918025702238 ], [ 257966.760841847280972, 7041342.492918025702238 ], [ 257966.760841847280972, 7041332.486536845564842 ], [ 257976.767223027185537, 7041332.486536845564842 ], [ 257976.767223027185537, 7041337.48972743563354 ], [ 257991.776794797013281, 7041337.48972743563354 ], [ 257991.776794797013281, 7041332.486536845564842 ], [ 257996.779985386965564, 7041332.486536845564842 ], [ 257996.779985386965564, 7041327.483346256427467 ], [ 258001.783175976917846, 7041327.483346256427467 ], [ 258001.783175976917846, 7041322.480155666358769 ], [ 258016.79274774674559, 7041322.480155666358769 ], [ 258016.79274774674559, 7041317.476965076290071 ], [ 258021.795938336697873, 7041317.476965076290071 ], [ 258021.795938336697873, 7041312.473774486221373 ], [ 258026.799128926650155, 7041312.473774486221373 ], [ 258026.799128926650155, 7041307.470583896152675 ], [ 258031.802319516602438, 7041307.470583896152675 ], [ 258031.802319516602438, 7041302.467393306083977 ], [ 258036.805510106525617, 7041302.467393306083977 ], [ 258036.805510106525617, 7041292.461012125946581 ], [ 258041.808700696477899, 7041292.461012125946581 ], [ 258041.808700696477899, 7041287.457821536809206 ], [ 258046.811891286430182, 7041287.457821536809206 ], [ 258046.811891286430182, 7041282.454630946740508 ], [ 258049.338300356059335, 7041282.454630946740508 ], [ 258036.39936800065334, 7041276.297308112494648 ], [ 258008.703386209905148, 7041266.313231207430363 ], [ 257980.162157474493142, 7041259.09191129449755 ], [ 257951.050549429317471, 7041254.702893633395433 ], [ 257926.735317127691815, 7041253.45044167060405 ], [ 257926.735317127691815, 7041257.438677996397018 ] ] ], [ [ [ 257661.566215860511875, 7041707.725831092335284 ], [ 257666.569406450464157, 7041707.725831092335284 ], [ 257666.569406450464157, 7041702.722640502266586 ], [ 257671.57259704041644, 7041702.722640502266586 ], [ 257671.57259704041644, 7041697.719449912197888 ], [ 257676.575787630339619, 7041697.719449912197888 ], [ 257676.575787630339619, 7041682.709878141991794 ], [ 257681.578978220291901, 7041682.709878141991794 ], [ 257681.578978220291901, 7041672.703496962785721 ], [ 257691.585359400196467, 7041672.703496962785721 ], [ 257691.585359400196467, 7041667.700306372717023 ], [ 257771.636408839345677, 7041667.700306372717023 ], [ 257771.636408839345677, 7041672.703496962785721 ], [ 257776.639599429297959, 7041672.703496962785721 ], [ 257776.639599429297959, 7041677.706687551923096 ], [ 257786.645980609173421, 7041677.706687551923096 ], [ 257786.645980609173421, 7041682.709878141991794 ], [ 257796.652361789077986, 7041682.709878141991794 ], [ 257796.652361789077986, 7041672.703496962785721 ], [ 257801.655552379030269, 7041672.703496962785721 ], [ 257801.655552379030269, 7041677.706687551923096 ], [ 257806.658742968982551, 7041677.706687551923096 ], [ 257806.658742968982551, 7041672.703496962785721 ], [ 257811.661933558934834, 7041672.703496962785721 ], [ 257811.661933558934834, 7041667.700306372717023 ], [ 257816.665124148858013, 7041667.700306372717023 ], [ 257816.665124148858013, 7041662.697115782648325 ], [ 257811.661933558934834, 7041662.697115782648325 ], [ 257811.661933558934834, 7041657.693925192579627 ], [ 257801.655552379030269, 7041657.693925192579627 ], [ 257801.655552379030269, 7041662.697115782648325 ], [ 257786.645980609173421, 7041662.697115782648325 ], [ 257786.645980609173421, 7041657.693925192579627 ], [ 257781.642790019250242, 7041657.693925192579627 ], [ 257781.642790019250242, 7041652.690734602510929 ], [ 257786.645980609173421, 7041652.690734602510929 ], [ 257786.645980609173421, 7041647.687544012442231 ], [ 257781.642790019250242, 7041647.687544012442231 ], [ 257781.642790019250242, 7041637.681162832304835 ], [ 257786.645980609173421, 7041637.681162832304835 ], [ 257786.645980609173421, 7041632.67797224316746 ], [ 257791.649171199125703, 7041632.67797224316746 ], [ 257791.649171199125703, 7041627.674781653098762 ], [ 257796.652361789077986, 7041627.674781653098762 ], [ 257796.652361789077986, 7041622.671591063030064 ], [ 257821.668314738810295, 7041622.671591063030064 ], [ 257821.668314738810295, 7041627.674781653098762 ], [ 257826.671505328762578, 7041627.674781653098762 ], [ 257826.671505328762578, 7041637.681162832304835 ], [ 257836.677886508667143, 7041637.681162832304835 ], [ 257836.677886508667143, 7041632.67797224316746 ], [ 257841.681077098590322, 7041632.67797224316746 ], [ 257841.681077098590322, 7041627.674781653098762 ], [ 257846.684267688542604, 7041627.674781653098762 ], [ 257846.684267688542604, 7041622.671591063030064 ], [ 257826.671505328762578, 7041622.671591063030064 ], [ 257826.671505328762578, 7041612.665209882892668 ], [ 257816.665124148858013, 7041612.665209882892668 ], [ 257816.665124148858013, 7041607.66201929282397 ], [ 257786.645980609173421, 7041607.66201929282397 ], [ 257786.645980609173421, 7041602.658828702755272 ], [ 257771.636408839345677, 7041602.658828702755272 ], [ 257771.636408839345677, 7041592.652447523549199 ], [ 257766.633218249393394, 7041592.652447523549199 ], [ 257766.633218249393394, 7041587.649256933480501 ], [ 257761.630027659441112, 7041587.649256933480501 ], [ 257761.630027659441112, 7041577.642875753343105 ], [ 257756.626837069517933, 7041577.642875753343105 ], [ 257756.626837069517933, 7041572.639685163274407 ], [ 257761.630027659441112, 7041572.639685163274407 ], [ 257761.630027659441112, 7041567.636494573205709 ], [ 257766.633218249393394, 7041567.636494573205709 ], [ 257766.633218249393394, 7041562.633303983137012 ], [ 257771.636408839345677, 7041562.633303983137012 ], [ 257771.636408839345677, 7041552.626922803930938 ], [ 257761.630027659441112, 7041552.626922803930938 ], [ 257761.630027659441112, 7041547.62373221386224 ], [ 257756.626837069517933, 7041547.62373221386224 ], [ 257756.626837069517933, 7041542.620541623793542 ], [ 257746.620455889613368, 7041542.620541623793542 ], [ 257746.620455889613368, 7041537.617351033724844 ], [ 257741.617265299661085, 7041537.617351033724844 ], [ 257741.617265299661085, 7041532.614160443656147 ], [ 257736.614074709708802, 7041532.614160443656147 ], [ 257736.614074709708802, 7041502.595016904175282 ], [ 257731.61088411975652, 7041502.595016904175282 ], [ 257731.61088411975652, 7041482.58225454390049 ], [ 257716.601312349928776, 7041482.58225454390049 ], [ 257716.601312349928776, 7041477.579063954763114 ], [ 257711.598121759976493, 7041477.579063954763114 ], [ 257711.598121759976493, 7041472.575873364694417 ], [ 257716.601312349928776, 7041472.575873364694417 ], [ 257716.601312349928776, 7041467.572682774625719 ], [ 257726.607693529833341, 7041467.572682774625719 ], [ 257726.607693529833341, 7041462.569492184557021 ], [ 257731.61088411975652, 7041462.569492184557021 ], [ 257731.61088411975652, 7041457.566301594488323 ], [ 257736.614074709708802, 7041457.566301594488323 ], [ 257736.614074709708802, 7041447.559920414350927 ], [ 257741.617265299661085, 7041447.559920414350927 ], [ 257741.617265299661085, 7041442.556729825213552 ], [ 257746.620455889613368, 7041442.556729825213552 ], [ 257746.620455889613368, 7041432.550348645076156 ], [ 257751.62364647956565, 7041432.550348645076156 ], [ 257751.62364647956565, 7041427.547158055007458 ], [ 257756.626837069517933, 7041427.547158055007458 ], [ 257756.626837069517933, 7041417.540776874870062 ], [ 257761.630027659441112, 7041417.540776874870062 ], [ 257761.630027659441112, 7041412.537586284801364 ], [ 257766.633218249393394, 7041412.537586284801364 ], [ 257766.633218249393394, 7041407.534395694732666 ], [ 257771.636408839345677, 7041407.534395694732666 ], [ 257771.636408839345677, 7041402.531205105595291 ], [ 257776.639599429297959, 7041402.531205105595291 ], [ 257776.639599429297959, 7041397.528014515526593 ], [ 257781.642790019250242, 7041397.528014515526593 ], [ 257781.642790019250242, 7041392.524823925457895 ], [ 257821.668314738810295, 7041392.524823925457895 ], [ 257821.668314738810295, 7041387.521633335389197 ], [ 257816.665124148858013, 7041387.521633335389197 ], [ 257816.665124148858013, 7041382.518442745320499 ], [ 257811.661933558934834, 7041382.518442745320499 ], [ 257811.661933558934834, 7041377.515252155251801 ], [ 257816.665124148858013, 7041377.515252155251801 ], [ 257816.665124148858013, 7041362.50568038597703 ], [ 257821.668314738810295, 7041362.50568038597703 ], [ 257821.668314738810295, 7041352.499299205839634 ], [ 257826.671505328762578, 7041352.499299205839634 ], [ 257826.671505328762578, 7041332.486536845564842 ], [ 257821.668314738810295, 7041332.486536845564842 ], [ 257821.668314738810295, 7041322.480155666358769 ], [ 257816.665124148858013, 7041322.480155666358769 ], [ 257816.665124148858013, 7041312.473774486221373 ], [ 257811.661933558934834, 7041312.473774486221373 ], [ 257811.661933558934834, 7041307.470583896152675 ], [ 257806.658742968982551, 7041307.470583896152675 ], [ 257806.658742968982551, 7041292.461012125946581 ], [ 257811.661933558934834, 7041292.461012125946581 ], [ 257811.661933558934834, 7041287.457821536809206 ], [ 257821.668314738810295, 7041287.457821536809206 ], [ 257821.668314738810295, 7041282.454630946740508 ], [ 257826.671505328762578, 7041282.454630946740508 ], [ 257826.671505328762578, 7041272.448249766603112 ], [ 257821.668314738810295, 7041272.448249766603112 ], [ 257821.668314738810295, 7041270.468019862659276 ], [ 257806.789956741500646, 7041275.751737180165946 ], [ 257780.146131722023711, 7041288.275945233181119 ], [ 257754.85819106065901, 7041303.351397335529327 ], [ 257741.617265299661085, 7041313.122856137342751 ], [ 257741.617265299661085, 7041317.476965076290071 ], [ 257746.620455889613368, 7041317.476965076290071 ], [ 257746.620455889613368, 7041327.483346256427467 ], [ 257751.62364647956565, 7041327.483346256427467 ], [ 257751.62364647956565, 7041332.486536845564842 ], [ 257756.626837069517933, 7041332.486536845564842 ], [ 257756.626837069517933, 7041342.492918025702238 ], [ 257746.620455889613368, 7041342.492918025702238 ], [ 257746.620455889613368, 7041347.496108615770936 ], [ 257741.617265299661085, 7041347.496108615770936 ], [ 257741.617265299661085, 7041342.492918025702238 ], [ 257736.614074709708802, 7041342.492918025702238 ], [ 257736.614074709708802, 7041337.48972743563354 ], [ 257731.61088411975652, 7041337.48972743563354 ], [ 257731.61088411975652, 7041332.486536845564842 ], [ 257726.607693529833341, 7041332.486536845564842 ], [ 257726.607693529833341, 7041327.483346256427467 ], [ 257723.796913847501855, 7041327.483346256427467 ], [ 257721.604502939881058, 7041329.460963417775929 ], [ 257721.604502939881058, 7041332.486536845564842 ], [ 257718.250314719945891, 7041332.486536845564842 ], [ 257709.308706282783533, 7041340.552122649736702 ], [ 257689.48582860454917, 7041362.319132540374994 ], [ 257671.891943563416135, 7041385.924310111440718 ], [ 257656.69648989016423, 7041411.14032459910959 ], [ 257653.650670508475741, 7041417.540776874870062 ], [ 257656.563025270559592, 7041417.540776874870062 ], [ 257656.563025270559592, 7041412.537586284801364 ], [ 257671.57259704041644, 7041412.537586284801364 ], [ 257671.57259704041644, 7041407.534395694732666 ], [ 257681.578978220291901, 7041407.534395694732666 ], [ 257681.578978220291901, 7041412.537586284801364 ], [ 257676.575787630339619, 7041412.537586284801364 ], [ 257676.575787630339619, 7041417.540776874870062 ], [ 257671.57259704041644, 7041417.540776874870062 ], [ 257671.57259704041644, 7041427.547158055007458 ], [ 257666.569406450464157, 7041427.547158055007458 ], [ 257666.569406450464157, 7041437.553539235144854 ], [ 257661.566215860511875, 7041437.553539235144854 ], [ 257661.566215860511875, 7041442.556729825213552 ], [ 257656.563025270559592, 7041442.556729825213552 ], [ 257656.563025270559592, 7041437.553539235144854 ], [ 257651.55983468060731, 7041437.553539235144854 ], [ 257651.55983468060731, 7041421.934436923824251 ], [ 257644.045808110327926, 7041437.724332001060247 ], [ 257634.06173120503081, 7041465.420313791371882 ], [ 257633.57733120553894, 7041467.003613789565861 ], [ 257625.093242661503609, 7041502.595016904175282 ], [ 257626.543881730875, 7041502.595016904175282 ], [ 257626.543881730875, 7041512.601398084312677 ], [ 257631.547072320827283, 7041512.601398084312677 ], [ 257631.547072320827283, 7041517.604588674381375 ], [ 257636.550262910779566, 7041517.604588674381375 ], [ 257636.550262910779566, 7041522.607779263518751 ], [ 257646.556644090684131, 7041522.607779263518751 ], [ 257646.556644090684131, 7041527.610969853587449 ], [ 257661.566215860511875, 7041527.610969853587449 ], [ 257661.566215860511875, 7041532.614160443656147 ], [ 257676.575787630339619, 7041532.614160443656147 ], [ 257676.575787630339619, 7041537.617351033724844 ], [ 257681.578978220291901, 7041537.617351033724844 ], [ 257681.578978220291901, 7041542.620541623793542 ], [ 257686.582168810244184, 7041542.620541623793542 ], [ 257686.582168810244184, 7041547.62373221386224 ], [ 257691.585359400196467, 7041547.62373221386224 ], [ 257691.585359400196467, 7041557.630113393999636 ], [ 257696.588549990148749, 7041557.630113393999636 ], [ 257696.588549990148749, 7041562.633303983137012 ], [ 257701.591740580101032, 7041562.633303983137012 ], [ 257701.591740580101032, 7041572.639685163274407 ], [ 257706.594931170024211, 7041572.639685163274407 ], [ 257706.594931170024211, 7041577.642875753343105 ], [ 257716.601312349928776, 7041577.642875753343105 ], [ 257716.601312349928776, 7041582.646066343411803 ], [ 257721.604502939881058, 7041582.646066343411803 ], [ 257721.604502939881058, 7041587.649256933480501 ], [ 257726.607693529833341, 7041587.649256933480501 ], [ 257726.607693529833341, 7041592.652447523549199 ], [ 257731.61088411975652, 7041592.652447523549199 ], [ 257731.61088411975652, 7041607.66201929282397 ], [ 257721.604502939881058, 7041607.66201929282397 ], [ 257721.604502939881058, 7041612.665209882892668 ], [ 257646.556644090684131, 7041612.665209882892668 ], [ 257646.556644090684131, 7041617.668400472961366 ], [ 257636.550262910779566, 7041617.668400472961366 ], [ 257636.550262910779566, 7041622.671591063030064 ], [ 257627.739036240498535, 7041622.671591063030064 ], [ 257630.072264635091415, 7041633.769919783808291 ], [ 257638.516670291428454, 7041660.884480266831815 ], [ 257649.487124527979176, 7041687.079069611616433 ], [ 257652.622674762882525, 7041692.939098932780325 ], [ 257654.935212571028387, 7041698.749740836210549 ], [ 257661.566215860511875, 7041711.582384845241904 ], [ 257661.566215860511875, 7041707.725831092335284 ] ], [ [ 257806.658742968982551, 7041352.499299205839634 ], [ 257801.655552379030269, 7041352.499299205839634 ], [ 257801.655552379030269, 7041342.492918025702238 ], [ 257811.661933558934834, 7041342.492918025702238 ], [ 257811.661933558934834, 7041347.496108615770936 ], [ 257816.665124148858013, 7041347.496108615770936 ], [ 257816.665124148858013, 7041357.502489795908332 ], [ 257806.658742968982551, 7041357.502489795908332 ], [ 257806.658742968982551, 7041352.499299205839634 ] ] ] ] } },
{ "type": "Feature", "properties": { "slope": 2 }, "geometry": { "type": "Polygon", "coordinates": [ [ [ 257816.665124148858013, 7041357.502489795908332 ], [ 257816.665124148858013, 7041347.496108615770936 ], [ 257811.661933558934834, 7041347.496108615770936 ], [ 257811.661933558934834, 7041342.492918025702238 ], [ 257801.655552379030269, 7041342.492918025702238 ], [ 257801.655552379030269, 7041352.499299205839634 ], [ 257806.658742968982551, 7041352.499299205839634 ], [ 257806.658742968982551, 7041357.502489795908332 ], [ 257816.665124148858013, 7041357.502489795908332 ] ] ] } },
{ "type": "Feature", "properties": { "slope": 1 }, "geometry": { "type": "Polygon", "coordinates": [ [ [ 257976.767223027185537, 7041402.531205105595291 ], [ 257976.767223027185537, 7041392.524823925457895 ], [ 257971.764032437233254, 7041392.524823925457895 ], [ 257971.764032437233254, 7041402.531205105595291 ], [ 257976.767223027185537, 7041402.531205105595291 ] ] ] } },
{ "type": "Feature", "properties": { "slope": 1 }, "geometry": { "type": "Polygon", "coordinates": [ [ [ 257976.767223027185537, 7041422.54396746493876 ], [ 257976.767223027185537, 7041407.534395694732666 ], [ 257971.764032437233254, 7041407.534395694732666 ], [ 257971.764032437233254, 7041422.54396746493876 ], [ 257976.767223027185537, 7041422.54396746493876 ] ] ] } },
{ "type": "Feature", "properties": { "slope": 1 }, "geometry": { "type": "Polygon", "coordinates": [ [ [ 257971.764032437233254, 7041437.553539235144854 ], [ 257971.764032437233254, 7041422.54396746493876 ], [ 257966.760841847280972, 7041422.54396746493876 ], [ 257966.760841847280972, 7041432.550348645076156 ], [ 257961.757651257328689, 7041432.550348645076156 ], [ 257961.757651257328689, 7041437.553539235144854 ], [ 257971.764032437233254, 7041437.553539235144854 ] ] ] } },
{ "type": "Feature", "properties": { "slope": 1 }, "geometry": { "type": "Polygon", "coordinates": [ [ [ 257771.636408839345677, 7041452.563111004419625 ], [ 257771.636408839345677, 7041447.559920414350927 ], [ 257776.639599429297959, 7041447.559920414350927 ], [ 257776.639599429297959, 7041442.556729825213552 ], [ 257781.642790019250242, 7041442.556729825213552 ], [ 257781.642790019250242, 7041437.553539235144854 ], [ 257786.645980609173421, 7041437.553539235144854 ], [ 257786.645980609173421, 7041432.550348645076156 ], [ 257781.642790019250242, 7041432.550348645076156 ], [ 257781.642790019250242, 7041427.547158055007458 ], [ 257776.639599429297959, 7041427.547158055007458 ], [ 257776.639599429297959, 7041432.550348645076156 ], [ 257766.633218249393394, 7041432.550348645076156 ], [ 257766.633218249393394, 7041437.553539235144854 ], [ 257761.630027659441112, 7041437.553539235144854 ], [ 257761.630027659441112, 7041442.556729825213552 ], [ 257756.626837069517933, 7041442.556729825213552 ], [ 257756.626837069517933, 7041447.559920414350927 ], [ 257761.630027659441112, 7041447.559920414350927 ], [ 257761.630027659441112, 7041452.563111004419625 ], [ 257771.636408839345677, 7041452.563111004419625 ] ] ] } },
{ "type": "Feature", "properties": { "slope": 1 }, "geometry": { "type": "Polygon", "coordinates": [ [ [ 257961.757651257328689, 7041472.575873364694417 ], [ 257961.757651257328689, 7041437.553539235144854 ], [ 257956.754460667376406, 7041437.553539235144854 ], [ 257956.754460667376406, 7041472.575873364694417 ], [ 257961.757651257328689, 7041472.575873364694417 ] ] ] } },
{ "type": "Feature", "properties": { "slope": 1 }, "geometry": { "type": "Polygon", "coordinates": [ [ [ 257966.760841847280972, 7041482.58225454390049 ], [ 257966.760841847280972, 7041472.575873364694417 ], [ 257961.757651257328689, 7041472.575873364694417 ], [ 257961.757651257328689, 7041482.58225454390049 ], [ 257966.760841847280972, 7041482.58225454390049 ] ] ] } },
{ "type": "Feature", "properties": { "slope": 3 }, "geometry": { "type": "Polygon", "coordinates": [ [ [ 257901.719364177959505, 7041572.639685163274407 ], [ 257901.719364177959505, 7041542.620541623793542 ], [ 257906.722554767911788, 7041542.620541623793542 ], [ 257906.722554767911788, 7041532.614160443656147 ], [ 257911.725745357864071, 7041532.614160443656147 ], [ 257911.725745357864071, 7041522.607779263518751 ], [ 257906.722554767911788, 7041522.607779263518751 ], [ 257906.722554767911788, 7041507.598207494243979 ], [ 257896.716173588007223, 7041507.598207494243979 ], [ 257896.716173588007223, 7041512.601398084312677 ], [ 257886.709792408131761, 7041512.601398084312677 ], [ 257886.709792408131761, 7041517.604588674381375 ], [ 257881.706601818179479, 7041517.604588674381375 ], [ 257881.706601818179479, 7041522.607779263518751 ], [ 257876.703411228227196, 7041522.607779263518751 ], [ 257876.703411228227196, 7041527.610969853587449 ], [ 257871.700220638274914, 7041527.610969853587449 ], [ 257871.700220638274914, 7041537.617351033724844 ], [ 257881.706601818179479, 7041537.617351033724844 ], [ 257881.706601818179479, 7041542.620541623793542 ], [ 257876.703411228227196, 7041542.620541623793542 ], [ 257876.703411228227196, 7041547.62373221386224 ], [ 257881.706601818179479, 7041547.62373221386224 ], [ 257881.706601818179479, 7041557.630113393999636 ], [ 257886.709792408131761, 7041557.630113393999636 ], [ 257886.709792408131761, 7041567.636494573205709 ], [ 257891.712982998084044, 7041567.636494573205709 ], [ 257891.712982998084044, 7041572.639685163274407 ], [ 257901.719364177959505, 7041572.639685163274407 ] ] ] } },
{ "type": "Feature", "properties": { "slope": 1 }, "geometry": { "type": "Polygon", "coordinates": [ [ [ 257856.69064886844717, 7041612.665209882892668 ], [ 257856.69064886844717, 7041607.66201929282397 ], [ 257851.687458278494887, 7041607.66201929282397 ], [ 257851.687458278494887, 7041612.665209882892668 ], [ 257856.69064886844717, 7041612.665209882892668 ] ] ] } },
{ "type": "Feature", "properties": { "slope": 1 }, "geometry": { "type": "Polygon", "coordinates": [ [ [ 257851.687458278494887, 7041622.671591063030064 ], [ 257851.687458278494887, 7041617.668400472961366 ], [ 257846.684267688542604, 7041617.668400472961366 ], [ 257846.684267688542604, 7041622.671591063030064 ], [ 257851.687458278494887, 7041622.671591063030064 ] ] ] } },
{ "type": "Feature", "properties": { "slope": 2 }, "geometry": { "type": "Polygon", "coordinates": [ [ [ 257881.706601818179479, 7041627.674781653098762 ], [ 257881.706601818179479, 7041617.668400472961366 ], [ 257876.703411228227196, 7041617.668400472961366 ], [ 257876.703411228227196, 7041627.674781653098762 ], [ 257881.706601818179479, 7041627.674781653098762 ] ] ] } },
{ "type": "Feature", "properties": { "slope": 1 }, "geometry": { "type": "Polygon", "coordinates": [ [ [ 257881.706601818179479, 7041637.681162832304835 ], [ 257881.706601818179479, 7041627.674781653098762 ], [ 257876.703411228227196, 7041627.674781653098762 ], [ 257876.703411228227196, 7041637.681162832304835 ], [ 257881.706601818179479, 7041637.681162832304835 ] ] ] } },
{ "type": "Feature", "properties": { "slope": 3 }, "geometry": { "type": "Polygon", "coordinates": [ [ [ 258106.850178365799366, 7039051.031627830117941 ], [ 258106.850178365799366, 7039046.028437240049243 ], [ 258101.846987775847083, 7039046.028437240049243 ], [ 258101.846987775847083, 7039051.031627830117941 ], [ 258106.850178365799366, 7039051.031627830117941 ] ] ] } },
{ "type": "Feature", "properties": { "slope": 1 }, "geometry": { "type": "Polygon", "coordinates": [ [ [ 258131.866131315531675, 7039066.041199600324035 ], [ 258131.866131315531675, 7039061.038009010255337 ], [ 258136.869321905483957, 7039061.038009010255337 ], [ 258136.869321905483957, 7039056.034818420186639 ], [ 258121.85975013562711, 7039056.034818420186639 ], [ 258121.85975013562711, 7039066.041199600324035 ], [ 258131.866131315531675, 7039066.041199600324035 ] ] ] } },
{ "type": "Feature", "properties": { "slope": 1 }, "geometry": { "type": "Polygon", "coordinates": [ [ [ 258116.856559545674827, 7039076.047580779530108 ], [ 258116.856559545674827, 7039071.04439018946141 ], [ 258111.853368955751648, 7039071.04439018946141 ], [ 258111.853368955751648, 7039076.047580779530108 ], [ 258116.856559545674827, 7039076.047580779530108 ] ] ] } },
{ "type": "Feature", "properties": { "slope": 1 }, "geometry": { "type": "Polygon", "coordinates": [ [ [ 258121.85975013562711, 7039081.050771369598806 ], [ 258121.85975013562711, 7039076.047580779530108 ], [ 258116.856559545674827, 7039076.047580779530108 ], [ 258116.856559545674827, 7039081.050771369598806 ], [ 258121.85975013562711, 7039081.050771369598806 ] ] ] } },
{ "type": "Feature", "properties": { "slope": 1 }, "geometry": { "type": "Polygon", "coordinates": [ [ [ 258126.862940725579392, 7039086.053961959667504 ], [ 258126.862940725579392, 7039081.050771369598806 ], [ 258121.85975013562711, 7039081.050771369598806 ], [ 258121.85975013562711, 7039086.053961959667504 ], [ 258126.862940725579392, 7039086.053961959667504 ] ] ] } },
{ "type": "Feature", "properties": { "slope": 1 }, "geometry": { "type": "Polygon", "coordinates": [ [ [ 258106.850178365799366, 7039096.0603431398049 ], [ 258106.850178365799366, 7039091.057152549736202 ], [ 258101.846987775847083, 7039091.057152549736202 ], [ 258101.846987775847083, 7039086.053961959667504 ], [ 258096.8437971858948, 7039086.053961959667504 ], [ 258096.8437971858948, 7039096.0603431398049 ], [ 258106.850178365799366, 7039096.0603431398049 ] ] ] } },
{ "type": "Feature", "properties": { "slope": 3 }, "geometry": { "type": "Polygon", "coordinates": [ [ [ 258186.901227804948576, 7039116.073105499148369 ], [ 258186.901227804948576, 7039101.063533729873598 ], [ 258191.904418394900858, 7039101.063533729873598 ], [ 258191.904418394900858, 7039096.0603431398049 ], [ 258186.901227804948576, 7039096.0603431398049 ], [ 258186.901227804948576, 7039086.053961959667504 ], [ 258181.898037214996293, 7039086.053961959667504 ], [ 258181.898037214996293, 7039081.050771369598806 ], [ 258176.894846625044011, 7039081.050771369598806 ], [ 258176.894846625044011, 7039076.047580779530108 ], [ 258166.888465445168549, 7039076.047580779530108 ], [ 258166.888465445168549, 7039071.04439018946141 ], [ 258151.878893675311701, 7039071.04439018946141 ], [ 258151.878893675311701, 7039066.041199600324035 ], [ 258136.869321905483957, 7039066.041199600324035 ], [ 258136.869321905483957, 7039071.04439018946141 ], [ 258126.862940725579392, 7039071.04439018946141 ], [ 258126.862940725579392, 7039066.041199600324035 ], [ 258116.856559545674827, 7039066.041199600324035 ], [ 258116.856559545674827, 7039076.047580779530108 ], [ 258131.866131315531675, 7039076.047580779530108 ], [ 258131.866131315531675, 7039081.050771369598806 ], [ 258141.87251249543624, 7039081.050771369598806 ], [ 258141.87251249543624, 7039086.053961959667504 ], [ 258146.875703085359419, 7039086.053961959667504 ], [ 258146.875703085359419, 7039091.057152549736202 ], [ 258151.878893675311701, 7039091.057152549736202 ], [ 258151.878893675311701, 7039096.0603431398049 ], [ 258156.882084265263984, 7039096.0603431398049 ], [ 258156.882084265263984, 7039106.066724319942296 ], [ 258161.885274855216267, 7039106.066724319942296 ], [ 258161.885274855216267, 7039111.069914909079671 ], [ 258166.888465445168549, 7039111.069914909079671 ], [ 258166.888465445168549, 7039116.073105499148369 ], [ 258186.901227804948576, 7039116.073105499148369 ] ] ] } },
{ "type": "Feature", "properties": { "slope": 1 }, "geometry": { "type": "Polygon", "coordinates": [ [ [ 258136.869321905483957, 7039101.063533729873598 ], [ 258136.869321905483957, 7039096.0603431398049 ], [ 258131.866131315531675, 7039096.0603431398049 ], [ 258131.866131315531675, 7039101.063533729873598 ], [ 258136.869321905483957, 7039101.063533729873598 ] ] ] } },
{ "type": "Feature", "properties": { "slope": 1 }, "geometry": { "type": "Polygon", "coordinates": [ [ [ 258116.856559545674827, 7039121.076296089217067 ], [ 258116.856559545674827, 7039111.069914909079671 ], [ 258111.853368955751648, 7039111.069914909079671 ], [ 258111.853368955751648, 7039121.076296089217067 ], [ 258116.856559545674827, 7039121.076296089217067 ] ] ] } },
{ "type": "Feature", "properties": { "slope": 3 }, "geometry": { "type": "Polygon", "coordinates": [ [ [ 258912.363863347272854, 7038540.706187655217946 ], [ 258912.363863347272854, 7038535.702997065149248 ], [ 258907.360672757320572, 7038535.702997065149248 ], [ 258907.360672757320572, 7038510.687044115737081 ], [ 258902.357482167368289, 7038510.687044115737081 ], [ 258902.357482167368289, 7038505.683853525668383 ], [ 258897.354291577416006, 7038505.683853525668383 ], [ 258897.354291577416006, 7038500.680662935599685 ], [ 258882.344719807588262, 7038500.680662935599685 ], [ 258882.344719807588262, 7038505.683853525668383 ], [ 258857.328766857855953, 7038505.683853525668383 ], [ 258857.328766857855953, 7038500.680662935599685 ], [ 258837.316004498046823, 7038500.680662935599685 ], [ 258837.316004498046823, 7038505.683853525668383 ], [ 258817.303242138266796, 7038505.683853525668383 ], [ 258817.303242138266796, 7038510.687044115737081 ], [ 258807.296860958362231, 7038510.687044115737081 ], [ 258807.296860958362231, 7038520.693425295874476 ], [ 258802.293670368439052, 7038520.693425295874476 ], [ 258802.293670368439052, 7038525.696615885943174 ], [ 258797.29047977848677, 7038525.696615885943174 ], [ 258797.29047977848677, 7038535.702997065149248 ], [ 258792.287289188534487, 7038535.702997065149248 ], [ 258792.287289188534487, 7038540.706187655217946 ], [ 258787.284098598582204, 7038540.706187655217946 ], [ 258787.284098598582204, 7038575.728521784767509 ], [ 258792.287289188534487, 7038575.728521784767509 ], [ 258792.287289188534487, 7038590.738093554973602 ], [ 258797.29047977848677, 7038590.738093554973602 ], [ 258797.29047977848677, 7038600.744474735110998 ], [ 258802.293670368439052, 7038600.744474735110998 ], [ 258802.293670368439052, 7038610.750855915248394 ], [ 258807.296860958362231, 7038610.750855915248394 ], [ 258807.296860958362231, 7038615.754046504385769 ], [ 258812.300051548314514, 7038615.754046504385769 ], [ 258812.300051548314514, 7038625.760427684523165 ], [ 258817.303242138266796, 7038625.760427684523165 ], [ 258817.303242138266796, 7038635.766808864660561 ], [ 258822.306432728219079, 7038635.766808864660561 ], [ 258822.306432728219079, 7038660.782761814072728 ], [ 258827.309623318171361, 7038660.782761814072728 ], [ 258827.309623318171361, 7038685.798714764416218 ], [ 258832.31281390809454, 7038685.798714764416218 ], [ 258832.31281390809454, 7038704.945962027646601 ], [ 258839.323664468800416, 7038697.549490545876324 ], [ 258840.354564469394973, 7038696.326890547759831 ], [ 258854.088353635423118, 7038678.355525568127632 ], [ 258855.041497915692162, 7038677.280289986170828 ], [ 258857.452151696168585, 7038673.953823900781572 ], [ 258857.836960763728712, 7038673.450281570665538 ], [ 258857.957635357684921, 7038673.256305961869657 ], [ 258872.317320027214009, 7038653.441347698681056 ], [ 258887.173329381854273, 7038628.023869754746556 ], [ 258899.466454488341697, 7038601.272640359587967 ], [ 258909.078305831848411, 7038573.445288478396833 ], [ 258915.916316029557493, 7038544.80980671942234 ], [ 258916.478838481532875, 7038540.706187655217946 ], [ 258912.363863347272854, 7038540.706187655217946 ] ] ] } },
{ "type": "Feature", "properties": { "slope": 1 }, "geometry": { "type": "Polygon", "coordinates": [ [ [ 258161.885274855216267, 7041737.744974631816149 ], [ 258161.885274855216267, 7041732.741784041747451 ], [ 258131.866131315531675, 7041732.741784041747451 ], [ 258131.866131315531675, 7041727.738593451678753 ], [ 258116.856559545674827, 7041727.738593451678753 ], [ 258116.856559545674827, 7041722.735402861610055 ], [ 258086.837416006019339, 7041722.735402861610055 ], [ 258086.837416006019339, 7041717.732212271541357 ], [ 258061.821463056257926, 7041717.732212271541357 ], [ 258061.821463056257926, 7041712.729021681472659 ], [ 258036.805510106525617, 7041712.729021681472659 ], [ 258036.805510106525617, 7041707.725831092335284 ], [ 258021.795938336697873, 7041707.725831092335284 ], [ 258021.795938336697873, 7041712.729021681472659 ], [ 258006.786366566841025, 7041712.729021681472659 ], [ 258006.786366566841025, 7041717.732212271541357 ], [ 257971.764032437233254, 7041717.732212271541357 ], [ 257971.764032437233254, 7041712.729021681472659 ], [ 257966.760841847280972, 7041712.729021681472659 ], [ 257966.760841847280972, 7041702.722640502266586 ], [ 257961.757651257328689, 7041702.722640502266586 ], [ 257961.757651257328689, 7041692.71625932212919 ], [ 257956.754460667376406, 7041692.71625932212919 ], [ 257956.754460667376406, 7041682.709878141991794 ], [ 257951.751270077424124, 7041682.709878141991794 ], [ 257951.751270077424124, 7041667.700306372717023 ], [ 257946.748079487500945, 7041667.700306372717023 ], [ 257946.748079487500945, 7041652.690734602510929 ], [ 257941.744888897548662, 7041652.690734602510929 ], [ 257941.744888897548662, 7041647.687544012442231 ], [ 257931.738507717644097, 7041647.687544012442231 ], [ 257931.738507717644097, 7041652.690734602510929 ], [ 257936.74169830759638, 7041652.690734602510929 ], [ 257936.74169830759638, 7041657.693925192579627 ], [ 257941.744888897548662, 7041657.693925192579627 ], [ 257941.744888897548662, 7041687.713068732060492 ], [ 257946.748079487500945, 7041687.713068732060492 ], [ 257946.748079487500945, 7041697.719449912197888 ], [ 257951.751270077424124, 7041697.719449912197888 ], [ 257951.751270077424124, 7041707.725831092335284 ], [ 257956.754460667376406, 7041707.725831092335284 ], [ 257956.754460667376406, 7041717.732212271541357 ], [ 257961.757651257328689, 7041717.732212271541357 ], [ 257961.757651257328689, 7041722.735402861610055 ], [ 257971.764032437233254, 7041722.735402861610055 ], [ 257971.764032437233254, 7041727.738593451678753 ], [ 258011.789557156793308, 7041727.738593451678753 ], [ 258011.789557156793308, 7041722.735402861610055 ], [ 258031.802319516602438, 7041722.735402861610055 ], [ 258031.802319516602438, 7041727.738593451678753 ], [ 258046.811891286430182, 7041727.738593451678753 ], [ 258046.811891286430182, 7041732.741784041747451 ], [ 258061.821463056257926, 7041732.741784041747451 ], [ 258061.821463056257926, 7041737.744974631816149 ], [ 258091.840606595942518, 7041737.744974631816149 ], [ 258091.840606595942518, 7041742.748165221884847 ], [ 258116.856559545674827, 7041742.748165221884847 ], [ 258116.856559545674827, 7041747.751355811953545 ], [ 258151.878893675311701, 7041747.751355811953545 ], [ 258151.878893675311701, 7041752.75454640109092 ], [ 258168.84855662487098, 7041752.75454640109092 ], [ 258179.271022315806476, 7041738.421561856754124 ], [ 258179.71667109709233, 7041737.744974631816149 ], [ 258161.885274855216267, 7041737.744974631816149 ] ] ] } }
]
}
